"","text"
"1","pemesanan go food memuaskansistem kupon terpakai otomatis menyulitkan saldo pesanan minimum mencukupi kupon terpakai lokasi pengiriman makanan gps pilih cancel dikenakan charge tambahan driver tujuan pengantaran berbeda kecewa kebijakan "
"2","sistem upgrade plus yg buruk cuma bagusup transfer sejenisnya ktp foto persyaratan berkali ditolak dibandingkan aplikasi dana ovo aplikasi gojek cocok order ojek service "
"3","aplikasi tokai makin makin menurun performanya biaya layanan aja digedein tpi aplikasi makin anjlok biaya layanan buat tiba ngecancel pas udah menunggu dimuat ulang berulang gak smpe restart hp coba pesan tetep gak bisaaaa maunyaa apaaa anjerrr otw uninstall"
"4"," voucher yg diskon pesanan minimal ordersangat berbeda grab yg pilih diskonnya gocarnya estimasi yg km tiba tiba kmjadinya memenunggu driver "
"5"," aplikasi gojek tampilan nya kenapa tampilan saldo lihat riwayat transaksi aja kocak aplikasi pas pilih bantuan laporan notifikasi nya server padat merayap hadeh "
"6","berulang walau update aplikasi menghubungkan pembayaran sinyal oke pake wifi berulang direfresh kalo amu bukti foto nya kasih gimana gak klaim pengguna kecewa"
"7","tolong perbaiki gofood reguler hemat enggak bedanya pakai voucher diskon ongkir hemat harga nggak berubah layanan sediakan estimasi buat bedakan hitung cuma beda reguler hemat aja nggak perbedaan y terimakasih "
"8","aplikasi membagong kanmenunggu driver driver gocar nya jebak macetaneh driver terdekat nya kmyang tadi nya cepat malah telatdah pindah aplikasi gojek kayak nya bangkrut"
"9","kenapa pesan go ride pemesanan pesan cuman bersamaanbahkan lokasi titik jemput yg pesanan titik jemput nya jakarta surabaya memesanan pencet fitur one tap go ride kok titik jemput nya fitur one tap bekerja mohon diperbaikiðÿ "
"10","aplikasinya aneh bagus up saldo gojek via bank transfer buat bayar tagihan pbb cek totalin pas segitu bayar tagihan kok malah bagus up minumum ewallet segitu biaya admin barulah tertulis caskback rb rb gak kok saldonya transaksi kutotalin iya bener lah kok bagus up rb sisa saldo harusnya rb dong rb "
"11","bersiap siaplah menyusul jd id goto jiwa kompetisi kompetitor bermunculan berkembang inovasi monoton cuma situ cuma menaikan keuangan berlipat dalih biaya berpikir dampak lihatlah pelanggan berpindah aplikasi sebelah report kajian soal begini "
"12"," aplikasinya gimana kemarin gk fitur tarik tunai habis update fiturnya tpi gk kode transaksi nya gk udah mencoba berulang tetep gk kode transaksinya tolong dong diperbaiki "
"13"," buruk harga mahal grab motor driver aplikasi helm penumpang jelek bau tali helm rusak ga kaca eror tiba maps ga kebaca pasang titik manual sinyal lancar aplikasi ter update "
"14","barusan orderan gofood apk pembayaran kartu kredit parahnya orderan meng klik order sehari beli jadinya orderan dikeranjang kenapa klik order tiba meng order sendirinya dirugikan "
"15","tolong perbaiki interface pembayaran lah dibuat halaman dimana pilihan pembayaran nampak minimal per kategori dibuat bertahap halaman bikin bingung terbiasa ui gojek pake jebakan betmen pesan segala nyebelin tau "
"16","tampilan versi membingungkan go send alamat kontak yg disimpan letaknya membingungkan harap rubah tampilannya semula"
"17"," bayar samsat gopay gagal kira sinyal coba aps yg bagus up gopay kenapa giliran transfer gopay yg sulit diinformasikan update gopay plus alur update gopay plus diklik mohon perbaiki aplikasinya "
"18"," aplikasi gojek mohon utk mapnya disamakan dgn gmaps asli membingungkan penumpang utk tujuan ketik jln misal munculnya malah jakarta byk yg beda dibhilang daerah yg berbeda kesamaan titik tujuan mohon ditangani keluhan "
"19","tolong diperbaiki kenapa eror aplikasi versi terbaru internet eror berbeda klik pesan loading henti app merespon tiba tiba notifikasi pemesanan navigasi maps memilih alamat kunjungi tiap terdeteksi alamat kunjungi "
"20"," order dgn perubahan sistem yg diterapkan sulit dgn ketidak stabilan sistem yg sprti prioritas skema yg terbaru aplikator persaingan online bertambah tp gojek msh bs merubah pola antar driver pesaing aplikator on line bnyk sdh driver berusaha hasilnya sangt tdk memuaskan beralih aplikator dlm arti bnyk yg meninggalkan "
"21"," perubahan bukannya makin bagus malah makin gak contoh perubahan tampilan gosend tujuan pengiriman yg favoritkan yg pakai malah hilang malah gk pakai buat tujuan pengiriman"
"22"," sulit mengubah email dibhilang menyulitkan nomor daftarkan email terisi nggak pakai email buruk nya emailnya anggap ngisi gojek nyaman efektif"
"23","aplikasi yg menguntungkan makanya ku gunakan sekian gofood keseringan pesan akibatnya promo resto dihilangkan malas pesan makanan semoga semula "
"24"," aplikasi nya gimana klik gojek nggak arah coba log out coba login ngga memasukkan no hp coba login tetap ngga update aplikasinya maksa nya tetep ngga klik bantuan nya banget sinyal nya bagus tolong perbaiki login pake no hp tolong sarannya"
"25","skrng biaya aplikasi membengkak makin aja biaua aplikasinya cantumkan total pesanan pembayaran paylater menurutku mempermalukan karna kenapa pesan pakai paylater struk pembeliannya gopaylater seharusnya driver resto "
"26"," apk gak kendala kenapa skrng sy buka gak load trs kecewa pdhl langganan bgt pakai gofood nya udh ku coba uninstall trs install lg eh sm aja pke wifi pke data sinyal g sm aja"
"27","pengguna aplikasi gojek perkembangannya mengikuti beri pakai fitur gofood dikala mager diskon worth it but bea aplikasi ditambahkan makanan gofood aja udah naik harganya it s okay lah diskon berupa sih dimenunggu semoga diperbanyak goride gocar dipake event mudik or perjalanan vacation harganya keep it up n improve "
"28","smoga dibaca dibalesðÿ  kenapa fitur gomart nya sekrang gak dipake order order lokasi berbeda boleh kosongkan kerangjang lokasinya titik market kenapa gak pilih marketnya tolong penjelasan nya yaðÿ "
"29","btw report bug dimana bug order pembayaran makanan offer error seakan diskon terjebak disitu ga pesan diklik ok hapus diskon tetap offer error menerus gofood terimakasi solusinya restart aplikasi "
"30","tolong ditambah fitur laporan driver membatalkan sepihak pemberitahuan membaca maps kala urgent tiba dibatalkan stress untung driver pengganti waktunya mepet karna driver kelamaan gak sampe tolong gojek tambah fiturnya maklum drivernya baca maps mapsnya pakai banget lho maaf disini karna apknya gak komplain terima kasih "
"31"," mengedit ulasan lambat bangettt update gaada perubahan transaksi lambat muter loading beli pake internet ngulang belasan parah gopay maintenance app nya tolong gojek keluarkan app "
"32","harga sesudah voucher bedanya gunanya voucher harganya berubah rb disitu tertera berapa besaran diskon potongan voucher kenapa kesini nyaman aplikasi gojek berharap semoga menjadikan tambahan evaluasi supaya kedepannya"
"33"," lambat gk tau malam banget map driver deket gk yg nerima coba berkali tetep gk pilih yg sumpah kesal banget kalo alesan pastikan internet matamu internet w g kuota makin aneh nih gojek menyesal w pakek ni apk gk guna w ganti grab nyatanya w dapet drivernya tuh emang pelayanna apk nya makin makin jelek "
"34","upgrade go pay gagal foto pake fitur hp yg canggih foto tlg tim it nya d sesuaikan hp macam merk dberikan informasi upload dri foto yg biar "
"35"," yg ungkapkan real lapangan pengguna aplikasi jd jgn menaikkan tarif perjalanan menjauhkan kilometer perjalanan nya tp tolong perbaiki kinerja aplikasi driver nya aplikasi penumpang nya jgn alasan gangguan internet lach lach lach tolong dong perbaiki segala aspek yg ad pengguna mudah penggunaannya yg gadang dr karya anak bangsa tp nyata nya nol "
"36","biaya layanan jasa aplikasinya mencekik order tambah rb yg diorder memuaskan tolonglah dikurangi biaya jasanya dikali jutaan pengguna aplikasi untung brpa banyakk cobak"
"37","kenapa dibuka disuruh menunggu kode via sms kode didapat malah dibhilang memasukkan kode daftar ulang dibhilang no hp n email terdaftar tolong diperbaiki kinerjanya gojek "
"38","fitur gojek aneh komunikasi dg cs pesan yg dikirim otomatis misal kendala order gak sengaja malah ngak dibatalin ngak peyelesaian diskusi lagian kenpa ngak menu yg membatalkan orderan klo ngak sengaja dipencet "
"39","tolong bikin permudah akuratnya titik jemput akurat titik jemput nya pesan go ride pas pesan go food akurat titik antarnya "
"40"," kecewa kesal karna harga ongkir mahal tolong diturunkan lah harganya akal malas liat harga ongkir ga akal promo banget memberi ongkir akal lah"
"41","tolong min kenapa bagus up apapun memakai pin pin dilayar kenapa mengganti profil jaringan bagus kendala tp kenapa ulang berkali tp perubahan tolong dong gopay nya"
"42","pembayaran gopay sih oke gitu kelipatan bagus up kalo bagus up alfamart admin kukira mempermudah malah njelimet fleksibel baiknya perbaiki kedepannya "
"43","kapan fitur tarik tunai rekening normal kemarin tarik saldo eh fiturnya hilang fitur pas gunakan fitur malah hilang "
"44","kode bayar bhilang internet mati sinyal bagus kuota gara gara terpaksa bayar pake tunai untung bawa uang cash coba klo gak yg tolong diperbaiki "
"45","apaan sih makin kesini makin menyebalkan aplikasi bagus up pake nyalahin akun bermasalah mesen ga transfer upgrd payplus udah up tetep ga ga iklan iklan beredar "
"46","tolong bug maps diperbaiki karna mengganggu pelanggan pilih alamat tiba berubah alamat sendirinya driver lo tolong diperbaiki bug nya terimakasih"
"47","kok ga transfer bank tolong solusinya soalnya sinyal udh bagus udh diperbarui tpi ttp transfer bank tulisannya perbaikan sistem bank nya nih tolong buat yg pengiriman uang bank gitu diperbaiki dong "
"48","puas pelayanan drivernya fiturnya terupgrade aplikasinya lancar cepat tarif agak bikin sedih naik drastis semoga kenyamanan keamanan driver customer tim gojek terimakasih banyakkk pelayanannyaaa"
"49","kalo pesan gocar bandara dipaksa cancel bokingan karyawan pakai yg murah alasan mobilnya habis malam alasannya disuruh boking tarif mahal mobilnya gk upgrade kek odong odong ramah "
"50","malas bgt mahal makanan sm ongkir mahal ongkir levelku udh juragan tp promo ongkir mlh jarang yg malah dinaekin nya udah hrga makananx up smpe rb ongkir mahal masi ketambahan biaya jasa bla bla bla aplikasi cap ðÿ ž sorry uninstal "
"51","tambahkan gotix magelang login menulis no hp notifikasiikasi sepertinya akun terdaftar lengkapi data no hp notifikasi sepertinya n yaudah ngisi no hp klil notifikasi mencoba menunggu menit tolong perbaiki login aplikasi nya"
"52","biaya layanan tambah biaya langganan makin aneh tambah mahal malah terbatas restonya gofood gocar go ride mahal kompetitor goclub udah sultan promo akunnya malah hilang ðÿ nggak istimewanya tuh sultan wkwk reward naikin goclub skrg cuma voucher sampah ga didouble total diskonnya cuma nutup biaya layanan "
"53"," eror pembayaran notifikasiikasi tersambung internet sinyal kencang rubah "
"54","gk tau knapa buat ato dafatr kok susah akun cuman no hp ku ganti pkai akun gogle seharus nya berkali coba login gk apl sebelah biarpun ganti no hp berkali login pakai akun gogle verifikasih no hp sesimple terpaksa uninstal apl gojek daripada bikin pusing "
"55","gofood nya kacaw dah beli dipake resto diminatin udah harga naek malah rumit berasa scam beli gofood rugi mending gw nyamperin tempatnya pake delivery dr restonya kecewa dah aja gw subscribe thanks"
"56"," armada terdeteksi map customer dilihat driver terdekat pick up tolong diperbaiki "
"57","kok makin rumit skrg apliksi sinyal udah bagus ehh pas order gosend drivernya an double pas dicancel gak bgt error kayak gini meresahkan makin maju harusnya pelayanan fleksibel gak oper sana sini kecewa bgt"
"58"," jangka gojek mengapa terkahir gojek enak mengisi gopay nomor telepon alhasil uang terbuang percuma pesanan cancel pesanan mengapa tiba tiba drive malah driver seenaknya pesanan dicancel sananya error driver"
"59","aplikasinya error promo diapply pindah pesan grab aja deh update bugsnya dibenerin dong tiap siang error voucher applied halaman pembayaran berubah update update bugsnya dibenerin nich ga error "
"60"," pengguna pake x uninstall kendaraan menjemput plat nomor kendaraan masak dijemput motor smash yg kotor layak fisik mesin pake motor ga papa sih layak ajah pake kecewa ðÿ "
"61"," suka pakai gopay memudahkan gak usah uang scan selesai kendala nya scan qr udah rumit banget pake wifi kalo gak pake bhilang gak sinyal sinyal g jujur kecewa perkembangan nya aneh aplikasi nya "
"62"," pengguna gosend aktivitas kirim mohon kiranya aplikasi gojek permudah fiturnya riwayat pesanan yg selesai terkirim pesan mengetik ulang alamat menu favorit cepat simple alamat favorit menyimpan alamat pengguna alamat yg kirim mohon perbaiki "
"63","rute penjemputan rute pengantaran rute alternatif driver suka njemput mengikuti rute aplikasi rute teraebut tidakbisa efektif driver samapai menjemput pengorder kadang malah melewati rute yg diakses driver puterbalik rute orderan gofood masak gabungan pantes banget sampeknya "
"64"," suka pakai gojek fitur didalamnya gopay algorithma pembayaran va bukti pembayaran perjalanan sebagus bukti pembayarannya menyerupai etiket pembelian tiket pesawat saking bagusnya mengapresiasi lembar tp entah mengapa kesini jd alakadarnya "
"65"," versi error nya error order goride diemin kasian driver yg menunggu pdhl cancel sejam yg trz fitur error aneh tolong diperbaiki tambah "
"66"," anak sultan gak beli paket diskon ongkir lg help paket tersedia beli paket diskon ongkir perpanjang makin aneh "
"67","aplikasi mahalbiaya tambahan pesan food malam hujan ongkos mahal biaya nydriver plat motor atribut jarang pakai driver ugal ugalan membahayakan penumpang"
"68","kenapa update terbaru memesan jarak kesusahan ortu nggak memakai app online madiun ibu solo pesan jarak kecewa abang gojeknya ramah "
"69","driver nya membatalkan pesanan yg parah nya driver sengaja melewati mendiamkan chat jemput pesanan kabar apapun seharusnya driver yg beri pengurangan poin"
"70","awalnya aja pakai go ride aplikasi menunggu menit tp udah menit ga driver jugaa gak berubah"
"71","tolong dong atur sistem nya sudah bagus up saldo transaksi saldo go pay nya gak upgrade go pay plus tnya pusat bantuan jawaban nya "
"72","layanan bantuan dijawab bot keluhan bolak balik email dibalas nomor telepon tampilkan hapus data pertanggung jawaban privacy pengguna kalah ovo data yg dikumpulkan diminta data pengguna malah dijual data ktp perusahaan indonesia data pengguna indonesia diobral murah sampah "
"73"," driver pesan antar gofood driver cek aktif map memenunggu tiba status pesanan berubah driver tambah memenunggu pesanan tiba parahnya status berubah driver sibuk "
"74","tolong dong yg adil go food customer cancel driver seenaknya cancel parah menunggu driver yg ngambil cuma go food goride jg bener makin parah driver suka cancel seenaknya udah menunggu bgd cepat eh malah buang peforma nya makin menurun"
"75"," bug update gojek pas pembayaran merchant notifikasi internet mati pembayaran terproses scan terbayar alami "
"76","gopaylater bekukan pd nya bs jarang pakai tiba bekukan apapun lapor chat nya tdk memenuhi kriteria yg tingkatkan transaksi cek transaksi kah "
"77","berkali pesan gocar udah deket jaraknya gak kabar driver sampe menit tiba pas diliat map nya malah menjauh lokasi penjemputan gak ngerti deh giliran ditanya diambil engga malah sensi aplikasi driver kebanyakan kaya gitu maaf nih pindah aplikasi sebelah aja "
"78","tolong pelayanannya diperbaiki tiap transaksi order layanan loading ulang tetap habis diupdate jaringan sinyal pindah layanan sebelah "
"79"," turun kan bintang lambat pakai pembayaran scan app dana lancar"
"80"," saran buat gojek tolong perbaiki ui or frontend web mobile login mobile pop up descrollaron gojek mengakses no hp cust login sign up thx"
"81"," gmna sya kok aplikasinya gak diupdate versi terbarutetep gak tolong diberikan penjelasan knapa tolong berikan solusinya"
"82"," notip utk ajukan pay later pas ajuin eh tolakngapain nawarin bikin lelah ketak ketik sjini notip suruh aktipkan gopay later cicil as buka eh d aplikasi tertulis mohon maaf fasilitas tersedia sj mempermainkan konsumensaya pakai apks karya anak negerisekarang apks sy jd pake apks lgtetep ksh bintang "
"83"," upgrade gopay plus kenapa persulit berulang coba ga tolong bantu donk"
"84"," mahal susah utk order kendaraan nya driver nya jg gak jemput klu jarak tujuan nya tlg kasih tau driver nya"
"85","mohon diperjelaskn lg total biaya digopaylater krna dirugikan dalm pembelian pulsa gak dicamtumkn biaya admin y y detail tiba pembayaran coba cek tiba biaya gopaylater nya y gk ket nya maaf kasih bintang krna melyani mohon diteliti lg "
"86","awalnya cuma loading updata perubahan uninstall download malah masukan nomor loading sinyal bagus terbuka apk nya"
"87","sistemnya jelek menit ngebatin design ui ux gojek emang ga duanya ehhh pesan makanan malah server perbaiki fyi koneksi internet ku bagus pakai wifi ga kendala nyalahin costumer perbaiki aja server mu "
"88","makin makin gk aja aplikasi yg terdekat driver pas pesan goride malah yg banget yg nyantol sampe dibatalin drivernya ðÿ žðÿ žðÿ žðÿ žðÿ ž"
"89","aplikasi aneh ku promo diskon mirip grab ku download taraaa ku test beli resto jreng jreng nya cuma promo gratis ongkir potongan harga max rb aneh nya ku bedaiin promo ku total nya ku guyss v beli paket promo apaun alias murni ojek beda nya pengguna pengguna kalo iya aplikasi agak si "
"90","percuma dibuat menu pilihan orderan kalo disuruh bawa orderan inginkan contoh nya main layanan food menu gosend nya gak dimatiin layanan malah bikin performanya ancur gimana ngejar bonus"
"91"," transfer rekening bank kenapa statusnya pusat bantuan chat cs jawaban tolong jek uang transfer bank membutuhkan mending hilangkan sekalian transfer bank setidaknya pilihan membatalkan transaksinya menunggu aplikasi sebelah bank tujuan tolong perbaiki "
"92"," kesal gojek pesan drivernya bgt keseringan cancel drivernya mohon cari driver customer biar cepat nggak buang "
"93","pesan gocar harga berubah bagus up gopay pas transaksi biaya berubah seketika not recomended ngga standar yg ukuran jarak patokanya ramai sepi "
"94","permisi memberi tau update terbaru menemukan bug force close mengakses layanan insiden force close mempersulit user mengakses layanan harap bug perbaiki"
"95","aplikasi nya gak pakai loading nya banget login ulang gak loading aplikasi lancar "
"96","pengalaman buruk gocar driver order mengantar memenunggu menit kok tau driver membatalkan sepihak rugi menit biaya terlambat "
"97","tolong sistemnya perbaiki pake wifi pakai data kirim saldo keterangannya koneksi"
"98","aplikasinya kadang eror min udah dpt driver udh dichat berubah pesan dr dpt driver yg berbeda tolong min seringnya tiap hujan susah bngt cari driver udh berkali coba ttp driver sibuk tp tiap cuaca cepat dpt driver "
"99","aplikasi biasaa semangat upgrade pembaruan aplikasi ðÿ ðÿ ðÿ ðÿ  terimakasih aplikasi gojek aplikasi ter aman sih ðÿ ðÿ ðÿ ðÿ ðÿ "
"100","hallo gojek habis pembayaran bagusup my telkomsel saldo gopay x pembayaran keterangannya aps gojek bhilang tida koneksi internet coba transaksi terkirim terkirim permasalahnnya telkomsel menyedot pulsa dalamnya paket internet habis sangan menguntungkan koneksi internet "
"101","aplikasinya dibikin sok simple ambigu buat pesanan rame ga kepake ikon ikonnya sulit dmengerti dibedakan pesan ikonnya bulat panah fak yuh doang alamat pengirim penerima mondar mandir isi alamat layout nya balik aja si kan gojek ngelag ditambah iklan tokped yg otomatis klik sekalian aja pop up judi slot "
"102","aplikasi bagus bagus up game pesan makanan minuman coba aplikasi nya coba terbiasa kok walaupun awalâ sempat ragu buat pake gofood taku alamat pas coba gojek aplikasi mudah memesan transaksi apapun "
"103","kenapa cuma hp ku aja yg makai voucher smacamnya ga opsi kayak gitu hp ku yg tp hp udah nyoba hapus aplikasi gojek ã tetep ga dipencet voucher nya tp ga opsi nya "
"104","aplikasi menyebalkan masak wifi gak gk internet mulu tulisannya pesan susah gofood banget jadinya internet aktif kok disemua aplikasi gojek eror mulu"
"105","tolong sistem double order gofood hapus kan karna mbuat cs mmenunggu makanan dingin mementingkan keuntungan driver cuma ongkir order yg memenunggu antri buat mati kelaparan "
"106"," transaksi janggal ilegal gopay tibaâ nonaktifkan blokir alasan transaksi janggal aneh laporan tetap kekeh pernyatan sndri tau kecewa pakai gopay ewallet klo tau begini sistem nya"
"107","sangan mengecewakan berbulan make aplikasi lihat promo kesalahan mohon cobalagi relog update aplikasi sprti mohon bantuannya"
"108","kronologi pesan gocar trus batalkan karna driver bawa penumpang lah udah gitu banget oke batalkan pas pesan harga auto naik hahahaha titik jemput tujuan oh gitu lu mencari uang j ng "
"109","mohon bantuannya jd sy beli font galaxy font checkout gopay knp tdk notifikasinya transaksi sdh kadaluwarsa transaksi sdh terjd dlm bln mohon penjelasannya"
"110","ongkir mahal biaya aplikasi mahal promo nya kek t i belanja tp potongan dikit gak ngotak pesan makan gk driver trus stelah dipesan ulang biaya mencari driver nya wkwk kan aplikasimya yg gk dpat driver kok jd customer yg byar buat mencari driver nya"
"111"," pesan gocar hendak airport dr pesan gocar dr aplikasi drivernya lokasi driver tdk mengerti titik penjemputan baca maps akibatnya ketinggalan pesawat "
"112","makin menurun kualitas gojek memakai lokasi dijemput gojek alasan kamu gak dijemput titik udah ditempat dikit yg ngga tau sih entah krn peraturan driver cuman buruk bgt gaada kayak gini "
"113","tolong jelaskan kenapa saldo gopay terpotong bagus up game higs domino x tgl mei pkl rp tgl mei rp menonaktifkn layanan pembayaran playstore gojek memain kan game tiba tiba notifikasiikasi saldo terpotong tolong respon minta bantuan apk nyatidak live chat admin nya nyesek saldo lenyap uang segitu lumayan "
"114"," cerita aplikasi transfer bank verifikasinya nyoba bank ehh keterangannya verifikasi gak verifikasi makannya verifikasi menurun qualitasnya gak kaya kemarin yg pentingkan gojek aneh transfer aja susah"
"115","parah banget jangka pemesanan lamaa entah notifikasinya enggak aplikasi driver gapernah dibales sampe dibatalin karna tolong diperbaikin"
"116","hapus fitur driver rangkap orderan go food anter pesanan se arah bikin driver suka kasih makanan nya ketuker pesanan rangkapan nya"
"117","aplikasi petipu pesan go ride pake voucher gak alesan titik jemput udah geser titik penjemputan giliran pake hp gak pake voucher lancar klo gak niat kasih voucher gak usah dibikin rumit "
"118","kalo lg promo driver mobil nya malas malasan alasan yg jauhlah yg malem lah inilah itulah usahakan perekrutan driver benarâ yg jd konsumen gak kesulitan kalo mencari driver dlm kapanpun "
"119","gajelas banget tiba tiba notifikasi akun terblokir nggak penyebabnya lapor cs ditolak banding saldo lumayan malah kaya gini tolong dong sistem keamanan nya diperbaiki"
"120","kalo gocar penumpang tol tetep paksa tol driver tol yg bayar driver yg aplikasi nya driver bodong tolong perbaiki buat gofood nya biaya nya mahal yg berikan costumer pengguna"
"121","promo go food nya yg asalasalan udah dipilih pakai promo syarat dab ketentuan tetap aja asalasalan gak mohon goto cek kenapa sistem asalasalan yg terkecoh promo promo yg gak bikin kesal doang udah dikomplain cs malah dibenerin sistem nya malah voucher lumayan masak sy musti tiap order komplain voucher hadeeehhh cs no solution "
"122"," fitur gomart memilih toko keinginan customer alfamidi ditentukan gomart segala kosong barangnya kaya udah bangkrut aja kembalikan fitur memilih toko "
"123","kayak gimanasih daftar pake akun emailnya terdaftar padalan gak login pilih lupa nomor hp dipulihin gimana sih kok makin gak bagus gini"
"124","ditingkatkan dong penulisan alamat ditambahin nomor telepon penerima berkali pesan buat org blg chat penerima"
"125","kok aplikasi lambat cari resto cari makan bayar aja susah muter mulu kaya gak koneksi buka youtube jaringan lancar"
"126"," mengecewakan aplikasi memudahkan cepat biayanya mahal kenapa makin sini makin mahal ongkir cuma k kâ tempatnya ditambah biaya jasa aplikasi k beli makanan awalnya k membayar k ongkir biaya jasa aplikasi begini aplikasi kehilangan penggunanya "
"127","dibandingkan layanan serupa aplikasi gojek user friendly sayang ongkir gofood mahal banget promo diskonnya reward goclub diskon promonya anak sultan ngapain dipertahankan levelnya ye kan rewardnya konsumen cashback bentuknya coins nggak layanan nggak keburu habis buat bayar ongkir mahal "
"128"," dibhilang sistem rapelan merugikan terpaksa memenunggu pembeli susah dihubungi driver menit menunggu pembeli ketemu nganter pesanan harusnya sistem mengirim pembeli selanjutnya pembeli kendala case krn td nanya driver dy gk ngirim krn maps gk kebuka sblm terkirim yg standby pesan "
"129","jngan transfer penarikan saldo pakek dana narik uang aja kayak pinjol aja menunggu uang bagus up pas penarikan kayak pinjol aja menunggu aplikasi mempersulit mempermudah"
"130"," beli langganan gofood plus paket ongkir gofood g saldo terpotong mengajukan complain cuma ditanyain screenshot cuma telat menit pertanyaan customer servicenya kirim foto nya seharian udah ngga aja jawaban sampe gk dipake pdhl uangku betulan kepotong ratingnya bakal kuperbaiki seandainya rugi bgt "
"131","senang sih aplikasinya gopaynya gak usah pusing pusing emoney transaksi harian migrasi gopay bayar bensin pertamina pakai gopay shell senang banget gopaynya terintegrasi buat bayar parkir belanja indomaret bayar hotel beli tiket bioskop beli tiket pesawat even bs beli saham bagus dah "
"132","biaya layanan mahal drivernya makin nyaman makin ajar tarif dimainkan driverâ dgn sengaja sulit pencarian driver mengarahkan peningkatan pencarian otomatis biaya mahal "
"133","ni aplikasi maki kok makin gk dah pas bayar scan qris kode dikenali udah gua coba nya gua bagusan aplikasi dana gojek bug error masukin kode qr mulu udh bener tu anj"
"134","mapsnya ga update alamat pengantaran dipilih tp memesan malah berubah alamat yg update aplikasi seharusnya diskon malah jd biaya"
"135"," stasiun terminal mudah drivernya sayangnya desa kesulitan jarak desa km an driver nya mesti pesan dg driver yg sy "
"136"," gojek bagus promo go ride nya diskonnya kasihan pengguna go ride promo menarik andaikan promo goride potongan tiap pengguna go ride memesannya "
"137"," pesan gocar tp drivernya tiba cancel sy dpt info dr driver algoritma orderan jd acak karenakan aplikator tdk bonus driver yg main jarak pendek jdnya bbrp x dpt kasus yg sy alami bbrp x hrsnya dr aplikator situasi driver yg main jarak pendek orderan history driver tsb benahi customer tdk memenunggu "
"138","sistem bagus kebanyakan utak atik nadim yg pegang ancur promo aplikasi suka eror beban biaya pelanggan dll utak atik aja perubahan biaya lainâ aplikasi yakin bobrok fix"
"139"," menit pesan makanan gofood driver menghilang peta walau detik coba chat cs sana pilihan masalahnya menemukan pilihan sana pemesanan lihat driver peta chat ketik manual cs katakan masalahnya selesai "
"140","aplikasi kebijakan bermutu tanggapan keluhan ditangani bot laporan terselesaikan promo pelayanan buruk semoga bertahan uninstall"
"141"," berkali transfer dr gopay rek bank tp knpa skrg ga ktnya gopay plus bermasalah payah biaya layanan bgt tiap pesan gofood beli paket hemat ongkir yg utk utk x pemesanan skrg disuruh beli yg rb eh malah yg ber tag gofoodplus doang lah sy resto favorit ga tag nya jd percuma aja beli paket itukrna resto favorit sy buka gofood plus rugi menyesal "
"142"," bagus up istilah saldo blm ketahan sampe d balikin itupun laporan berkali berkali tetep aja penangananya lambat bagus up ga bukti sukses bagus up udah d kirim tetep aja menunggu gmn ceritanya uang nyangkut gtu penangananya ampun ampun kapok kapok kalow gangguan minimal harusnya d kasih pemberitahuan sampe uang pending nyangkut"
"143","harganya gila an minim promo promo yg diinginkan diestimasi biayanya pengguna sungguh kecewa menguntungkan mitranya "
"144"," beli langganan paket buat gratis ongkir gofood ekh pas yg langganan iming imingi langganan harga k an paket nya gak guna toko x favorit apaan gak yg gw favoritin menyesal perpanjang paket langganan yg gak berguna "
"145","entah udh brp x stiap pesan tuh final alamatnya jd gg pdhal udh setting alamat tp pas pesan malah jd alamat malah chat drivernya gg baca kalo titik mapnya ujungnya sy marahin abis an sumpah harga sy terluka banget gg ngomong pelan kecewa sy harap drivernya tolong liat chat dlu percaya titik lokasinya map beda bgt yg sebelah drivernya chat duluan udah titik "
"146","udah abis nih uang investor ngerasain goclub anak sultan cuma benefit tiba tiba aja nghilang tiap cashback rb turun rb ga tau hilang aja benefit langganan gofood plus dihapus udah ga faedahnya pake gojek aplikasi ramah rumahnya pusat gofood plus meringankan ongkir hilang langganan yaudah bye "
"147"," gak ngerti sm gojek make sehari tp sy batalkan pesanan saldo jg ikutan d potong mksdnya gmn pencurian ap gmn kok begini gk recomend lg sih kecewa ditambah lg promo sdh gk bener d tarif yg mahal gk akal "
"148"," mula ga kenapaâ eh kok tibaâ buka apk nya muterâ mulu sampeâ order transaksi muterâ mulu cek play store tulisannya update yaudah tekan update siapa tau normal ehhhh kok aja malah makin kuota cekga tolong diperbaiki kalao engga tetep bintang bakalan uninstall apk apk "
"149","makin parah aplikasinya driver gocar ngecancel susah dapet aplikasi sebelah dpt order jarang banget cancel rekor banget x cancel orderan gamau "
"150"," complain mudah rumit customer complain cs siti hasidah main tutup klick pesan tanggapan resto tiba tiba restonya tutup malam profesional melayani customer baiknya jualan off line pelayanan buruk "
"151","sepanjang performa nya bagus dapet pengalaman buruk dri driver mohon merekrut driver perhatikan pekerjakan melayani penumpang terminal pesan gojek malah katain trus cancel driver agak kesesat terminal kalo driver ga menunggu cancel aja ga katain aja semoga nya ðÿ "
"152","apk bgt yapdhl uda updatesinyal stabilmau ntah order gofood gocarsusahhp cm layar putih doangmakin ksini makin bad ga kyk dlu malem order makanan sampe resto tutuphadehapk ga guna kmrin gtu plg naik kreta pesan gocarapk lambattlong perbaiki order aja menunggu stengah bru bsapdhl buat buka apk lancar"
"153"," bank gopay bukannya malah mencekik transfer diluar gopay pajak bagus up uang dikenakan pajak transfer dana "
"154","astaga daftar aja persulit verifikasi linknya gk pas udah klik link pesan malah error disuruh menunggu menit diperbaiki lah kecewa "
"155","tolong biaya nya normal aja pake biaya layanan tambah biaya nya ongkir jarak deket aja mahal banget udah gila nih apk gojek "
"156","tolonglah gojek upgrade gopay plus pakai kartu pelajar biar mudah pelajar e ktpðÿ  supaya mudah transfer keluarga pembayaran transportasi ðÿ "
"157","kocak aplikasinya pesan ulang notifikasi disuruh hapus isi keranjang udah dihapus ga hilang hilang isi keranjang kek pesan menu meng sedih "
"158","kalo mesan gocar lokasinya memenunggu menit an efektif go car terdekat malah tolong dong diperbaiki sistemnya "
"159","kenapa akun tiba kirim gopay sesama aplikasi gojek nya aman aja dinonkatifkan fitur alasan aktifitas wajar kan gak akal transaksi harusnya kan gak merugikan gojek kenapa malah dikira aktransferitas mencurigakan luucu ni emang aplikasi "
"160","susah banget dapet driver deket sampe menunggu sejam ga nyangkut nyangkut deket eh cancel drivernya deket ga ngambil tujuan deket niat ga hadeh"
"161","kecewa sistem gofood plus rupiah bakal dapet diskon makanan cuma diskon gratis ongkir bedanya gofood plus k rupiah"
"162","aplikasi bagus cuma komunikasi restonya kendala driver kunjung tancap gas resto antrian driver kendala chat resto biar dibatalin pakai menunggu â diganti driver buat jemput makanannya makasihðÿ "
"163","maaf banget nih gojek tolong banget kasih tau driver kalo bawa motor tuh liat kanan kiri liat situasi bawa motor pengalaman ketabrak pas naik gojek tuh bikin trauma naik motor takut keulang kalo wilayah jakarta hatiâ banget truk kontainer maaf terimakasih "
"164","balikin fitur bida voc dong ga guna banget sumpah biaya layanan makin tp voc kadang ga kepake pdhal min terpenuhi tolong perbaikin layanan reguler hematnya"
"165","dear gojek akun gojek device berbeda syarat transfer beralih gopay plus gopay plus foto ektp ektp nomor satunyaaaa gak tuh setting supaya ekpt buat akunnn bingung jadinya transfer pake device satunya gak paspor "
"166","makin sini aplikasi ni makin ga jaringan lancar malah koneksi error loding biaya operasionalnya naikan kualitasnya ga perhatikan buat costumernya"
"167"," habis orderan apl error uninstall m install rempong tambah go pay ga ðÿ ðÿ ðÿ ðÿ "
"168","tambah buruk tambah mahal untung order malah menaikan biaya aplikasi tambah beban diluar ongkos food makan ditempat murah mobilitas ud ga efektif tarifnya"
"169"," bagus up roblox nah rp otomatis gopay berkurang dong nah aplikasi roblox dihapus nah pesan bhilang gojek gini transaksi gagal nah hirau kan dong soal nya dah dibayar yakan nah bagus up gopay nah tibaâ sisa kaget dong ter nyata aplikasi roblox transaksi berhasil dah gak game nya aneh hemat uang tolong nih bug "
"170","tolong benerin rek bagus up kontak temen malah tulisannya update udah update malah gada update play store nya"
"171","gopay mengesalkan transaksi kendala transaksi memenunggu jangka merugikan "
"172","aplikasi karya anak bangsa bagus walau boros kantong tp disaat dibutuhkan "
"173","pembayaran bagus up e money payah bagus up e money tp tetep ga berhasil notifikasiikasi pembayaran sukses saldo gopay berkurang saldo e money bertambah "
"174"," x pesan via go shop goshop nya ngak uang kontan dibatalin pesan lg yg satunya lg yg batalin kenapa aplikasi go shop disini yg ngak berfungsi alasan pencet kesalahan nya nya soalnya pesan bayarnya lo kenapa kesalterpaksa la jemput "
"175","ga nih gopay bagus up rb alfamart isi kuota mytelkomsel malah pembayaran ga berhasil mulu ulang ulang ga pembayaran batalkan gopay udh ganti pin berhasil pas ulang menu ganti pin malah ga ni apk"
"176"," lambat banget aplikasi nya muter ganti menu pembayaran pas gopay nya habis harusnya ganti tunai tambah kok tambah g praktis"
"177","akun gojek bertahun juragan anak sultan fitur gopay pinjam ga notifikasiikasi sip kamu terdaftar terdaftar doang kecewa pake aplikasi segalanya murah "
"178"," update bug pembayaran jaringan jaringan normal barcode pembayaran eror transfer seri g bengong ampe kirim x ngga notifikasi headee"
"179","tolong permudah pencarian riwayat transaksi gopay prank selesai transaksi bukti transaksi diproses cari article menu cari sub menu ga eksplore gimana sih "
"180","update bug min go food memesan minuman promo pesan minuman pasang promo tambah pesanan minumanya lgi disana promonya tetap terpasang gak promo harga minimal tertentu "
"181","gomart sedot saldo pesanan kosong tp tetap bayar tp saldo hilang etalase toko stok aplikasi tp saldo menghilang ga lapor kok silahkan cek komplain dr aplikasi cm dijwb tim closed jdi sy ga pilihan cm kasih rate hapus aplikasi masukin media konsumen sih "
"182"," daerah ku banjarnegara jawa pesan makanan alasan lokasi restoran aplikasi grab makanan daerah sini poin gunanya beli pulsa aja ngga hadeh pelit amat memberi cashback ngga gunakan"
"183","kok gk ngehubungin gopay dgn tiktok shop menghubungkan kan masukin no telp trus buat pin nah kode otp kok gk sms klik kirim ulang malah your pin is already set up maksudnya gimana ngatasinnya gk menghubungkan ni"
"184"," aplikasi banget pengen beli sesuatu suruh jaga toko bapakku pengen ngemil ni aplikasi solusinya walaupun ga beli aksesoris elektronik earphone sih jos dah nih aplikasi tolong tambahin fitur beli aksesoris elektronik donk min "
"185"," feature pilihan gofood cepat pilih yg hemat sampainya banget dapet cuan nggak usah begini naikin aja harganya menunggu kaya begini "
"186","ko ga transfer sih skrg yg aplikasi gunakan udh update versi terbaru tetep ga deposit udh minta bantuan operator gopay malah g jawaban gimana aplikasi saldo transfer malah ga parah ni aplikasi gopay"
"187"," batalkan pesanan batalkan minuman gelas makanannya tetap dipesan tp tdk difasilitasi fleksibel menunggu dpt driver iya engga mesti kelaparan nggu dpt driver engga pesanan malah ga dibatalkan statusnya menggantung banget engga banget aplikasi "
"188","hadeh kenapa aplikasinyaaa order goride error detail order gk diakses gopay udah kepotong sejam diakses driver chat telepon gk respon cancel orderan server sibuk gimana gilak sejam kebuang buat ngurusin aplikasi "
"189"," tiba aplikasinya dibuka fitur loading goride gocar gofood dsb yg klik clear cache uninstall install lg malah login loading mohon diperbaiki terimakasih"
"190","halo gojek komplain pemasangan promo pakai ny kadang ga refresh trus kadang opsi milih kek nge freeze ga ditekan ga check out gofud nya trus kadang aplikasi nya loading tolong semoga kedepannya plisss makasiiih tetep with bangtan wkwk"
"191"," titik lokasi kadang akurat lengkap coba kalo app nya terhubung google map lbh memudahkan krn google map update trus"
"192"," kesini aplikasi gojek kok buruk biaya layananbiaya aplikasi yg naikin makin jelek klo order gomart pilih tokonya gak pilihmau beli rokok gak mending pindah pake aplikasi lainya yg makin berbenah bagus "
"193","aplikasi oke komunikasi dgn driver resto harga ongkos kirim naik skrg ditambah biaya yg harganya dgn ongkir pesan makanan harga rb terasa mubazir krn biaya antar biaya dgn harga makannya semoga kedepannya lg "
"194","tolong tambahin fitur layanan gofood donk biar pesan makanan skligus beda soalnya kadang rumit order beda restoran kadang yg berpartner malah lokasi nya hehe "
"195"," gojek kayaknya lgi bermasalah pemilihan driver memenunggu driver map akurat driver nyata driver tolong diperbaiki "
"196"," aplikasi prioritas sll dikecewakan probolinggo urgent sll eror aplikasi tdk tersedia aja driver sll nda cepat potongan harganya gojek nga tau gimana perhitungannya kadang kadang nga scan qris suka aja bermasalah makasih gojek sukses "
"197"," kenapa sih kalo apknya errorampe terusudah update sampe instal ulang tetep aja gabisajadi tolong perbaiki dehjadi menyesal udah ngisi gopay gak kepake"
"198","gak ne aplikasi order mulu menunggu menit keatas udah d menungguin drivernya diem aja giliran cancel suspen udah bikin akun penyebab yg d blokir maunya gimana aplikasi tolong pengertian nya "
"199","nga log in log out aplikasi perbarui malah disuruh log in ulang sampeâ udah nga diakun jaringan bagus paket internet kode otp log in "
"200","dear gojek banget cancel pembayaran cash gopay pakai voucher promo udah menunggu bikin telat kerjaan pengambilan goride gocar titik driver nya suka titik penjemputan disekitar titik penjemputan driver yg thank u semoga "
"201"," ku apk nya bagus banget kar na yg gofood gocar dll ramah banget mempermudah membeli pergii kalo yg loading nya sih kuota "
"202"," driver susah minta ampun sekalinya dapet jarak nya banget titik pengambilan beda kabupaten driver pas area ngumpul nya permudah sistem perlambat ngotak dikit napa"
"203","udah pengajuan pengembalian dana udah gak telepon gak email gak menyebalkan aplikasi tolong pelayanan harap tingkatkan percuma iklan bagus kalo pelayanan terima kasih "
"204"," level menipis voucher yg berikan akun layanan gofood hemat berulang laporin penjelasan yg konkret gak banget aplikasi nya"
"205"," bug membutuhkan nya gojek lag jaringan bagus bsering bug n lag bug hilangnya saldo gopay seperyi mengisi gopay besoknya cek gopay tolong fix eror memesan mengakibatkan terlambat"
"206","mohon dong sy upgrade gopay plus gak tolong sistem nya bagusin susah amat upgrade gopay plus udah coba gagal gak verifikasi e ktp kamu mohon pastiin data e ktp kamu data e ktp sy ad kesalahan foto tolong dong nih gopay bagusin plis upgrade gopay plus rumit gk bisaâ "
"207","awalnya aplikasinya bagus tpi setelh upgrade k gopay plus aduh verifikasinya terlallu lambat pelayanannya menunggu x malah x jm msh dlm sedangkn buat transfer k sesama pengguna goopay jgn persulit donk d acc balikin normal serperti soalnya transfer udh telat harusnya transfer kmren aduh klo gini caranya kapok"
"208","tolong d perbaiki aplikasi gofood pesanan ubah setidaknya pilihan metofe pembayaran karna kadang suka pilih metode pembaran udh terpesan tp cancel pas susah klo pas lg g megang tunai tp terklik tunai batalkan mohon d buat pilihan ubah pembayaran pesanan siapkan terimakasih"
"209","aplikasi yg trlalu fitur enak yg mudah praktis skrng sya customer memberi bintang driver aja susah rumit"
"210","sebetulnya fiturnya ga tarik tunai transaksi terkirim x status transaksi memenunggu jaringan internet bagus tolong semoga diperbaiki biar bagus kedepannya terima kasih"
"211"," pembayaran transaksi kasih pin sidik jari dong ui nya ga ga sengaja kepencet tiba tiba saldo berkurang rb buat voucher pack purchase ga banget aplikasi "
"212","hi admin gojek kenapa akhirâ aplikasi musti install ulang memakai aplikasinya mohon diperhatikan peningkatan pelayanan nya udah memakai layanan gojek kok kinerja aplikasi buruk "
"213","mohon gojek pilih pilih soal driver nya soalnya driver dianterin udah diatur nya aplikasi drivernya suka sinis makasih"
"214","kenapa sorong layanan buka usaha go food disan ditolak krn tdk tersedia layanan apaupn gojekðÿ ðÿ â â ï  dpt notifikasi tdk aktif lg gajeknya gmn aktif sy jawa aplikasinya hilang pdhl sy dengar aplikasi sdh negeri tp negeri sj blm terjangkau tolonglah pak tdk negeri negeri sj blm terjangkau semuanya"
"215","aplikasi gk praktis simpan alamat dipilih genting bagus up bayar gopay kecewa"
"216"," pesan go food puluhan mengecewakan menit aja tingkatkan aplikasi gojek supaya makin berkembang belum coba bagus up indomaret gocar gobike belum coba terima kasih gojek ðÿ ðÿ "
"217","aplikasi gojek gak kelewat mahal pesan gofood segen order harganya udah mark up ongkir mahal dr ditambah tarif jasa layanan buat pajangan aja udah menu aplikasi hp bakal gue hapus aplikasi gak guna "
"218"," ga gunakan meskipun uninstal login sulit berulang tolong bantu login tetap habis update aplikasi stak sdh uninstal login susah kecewa gojek tolong bantu login aja menarik dana gopay thanks"
"219"," kenapa gojek aksespas dibuka malah loading mulu uninstall instal ulangtapi pas log in malah loading pake aplikasinya saldo gopaynya lumayan lagimau transfer "
"220","makin kesini makin aneh gak akun dipake tiba diskon resto gak diskon ongkir chat telepon cs sampe tekor pulsa jawabannya cuman akun gak solusi buat cs wooyy abis in pulsa "
"221"," udah bagus promo nya akal murah muraheh malah dapet vocer diskon membagong kan ku kira bug makanya ku lihat playstore update ku update tulisanya berubah waw vocer diskon familyfrenly diskon max rp murah hatitapi minimal pembeliannya gak rp kocak saran aja sih ga niat kasih vocer mending ga usah kasih sekalian aja "
"222"," disaat malas bergerak aplikasi skrang mahal biayanya mahal tp pendapatan driver jg naik gak tp aplikasi sdh mahal tp driver pendapatan aja malah potongan "
"223","aneh gojek khususnya gofood tiap gofood makanan udah klik pesan gitu dipantau pesanan harga berubah gak taunya ongkir nya berubah rb rb kok gitu aneh kadang ongkir gak akal mahal ongkir harga makanan jarak gak kenapa klo pesan gofood gk pake promo ongkir rb gitu promo dipake ongkir rb jatuh harganya aja niat gk sih kasih promo "
"224","saran perbaikan aplikasi depannya segi jaringan tolong diperbaiki supaya pengguna gojek lancar bertransaksi apapun aplikasi semoga kedepannya gojek berbenah apapunsekian "
"225","kecewa banget gojek siang pesan goride gada nyangkut buru infonya pesanan ga yg motor mobil taksi layanannya perbaiki kalo gitu tiap telat "
"226","kronologi buka akun april bagusup gopay berniat membeli menu buka puasa memesan menu gojek pesan kesalahan diakunmu laporan bhilang banding ditolak memesan transaksi riwayat transaksi tanyakan penjelasan penyelesaian kecewa gopay bersisa dita"
"227","kecewa aplikasi gojek makin kesini makin kekurangannya penarikan tunai lancar malah nonaktifkan sebulan tolong perbaiki customer nyaman gojek"
"228","tolong hapus biaya layanan kan bayar ongkir segala macam pakai aplikasi makan kuota kenapa biaya layanan walau cuma seribu perak seharian pakai berkali jatuhnya makanan yg dibeli tambah mahal "
"229","tolong diperbaiki pelayanan nya kehilangan gara gara pesan goride lokasi alamat coba tetap buru buru bikin kecewa "
"230","dikarenakan setuju kebijakan goto profil yg mewajibkan identitas platransferorm goto pertukaran data costumer gojek aplikasi yg dibawah naungan goto wajib sepertujuan customer menutup akun terima kasih "
"231","mudahan ad yg baca selaku driver yg aplikasi gojek custmer tolong pengguna aplikasi gojek pelajari aplikasinya pesan layanan gojek karna titik jemput ordernya double orderan pesan hubungi sistem gojek mohon beri kemudahan pengguna mempelajari aplikasi merugikan driver "
"232","aplikasi kenapa transaksi koneksi jaringan kuota signal penuh "
"233","awas hati aplikasi petipuan transfer bank nyangkut saldo batalkan kan aneh alasannya memenunggu bank putarkan uang nya biar profit hati hati aplikasi "
"234","bingung aplikasi go jek smlm beli kartu ubah nomor telepon malah nomormu terdaftar nomor gunakan digojek minta bantuan disuruh screenshot my profile uda dikirim x minta respon customer service aplikasi respon cepat "
"235","pesan makanan oke lah tekankan transfer aplikasi uang ðÿ  aplikasi delay bahaya banget sarankan dana aja bri link kalo panding reffund otomatis udah enek menunggu transfer komplain gak sistem chat nya bot hati hati pengalaman pribadi "
"236","engga tau gojek ni sistemnya gimana yg skrg jelek banget ga kaya naik promo diskon udah ga driverpun susah orderan mending aplikasi sebelah ajadeh harusnya goto memperbaiki kelamaan bangkrut ni perusahaan karna ga yg pakai aplikasinya ðÿ "
"237","aplikasi sdh lumayan bagus ditingkatkan lg fitur fitur didalamnya supaya memudahkan pengguna pembayaran tertentu lbh dipermudah"
"238","parah aplikasi redmi x udh perbaruiko pas tampilan paylater malah putih doang tampilannya sinyal bagus gimana bayar tagihan bentar udh denda nya lumayan stiap hadeehhhhhh "
"239","harusnya kasih bintang kenapa ku ditingkatkan soal rekrut sepeda motornya dimana dapet orderan jarak maulun motornya ga banget yaallah kek ga bikin nyaman wajib banget soalnya kan penumpang kenyamanan segi keamanan cuman tergantung kelayakan motornya gimana kalo motornya udah ga kaca sepion motor ngangkut jerami aja masii dipake ngojekðÿ "
"240"," kenapa si malah makin kesini malah makin kesana skrng go jek bnyk bug nya aja pemulihan akun malah bug menunggu tgl sampe skrng tgl beres udh berapa tuh dikira ganti dara login hp blm ganti data login hp "
"241","sebenernya bagus sih cuma tadi pesan makanan ngga alasannya gofood ramai ramainya oke lah buat sampe sejam an loh ngga kek gini"
"242","aplikasi rumit membingungkan masak bagus up nomor tadinya udah upgrade pake nomor nomor lha trs knp nomor akunnya udab diupgrade membingungkan pelanggan"
"243","bug nih bayar pakai gopay alfamart indomaret mwngharuskan pakai barcode aplikasi masukin pin nya barcode timer barcode nya cuma detik doang jadinya hangus kode nya du uninstal instal tetep aja ga bayar pake barcode scan barcode misl bayar mcd "
"244"," kesini susah aja order kadang ditolak truss biaya dah bertambah aja biaya aplikasi biaya bungkus biaya layanan trus vocher nya pakai pay later disuruh ngutang yak trus harga makanan nya jauhh naiknya aplikasi mending beli deh pakai gofood rumit biaya tambah vocher pakai"
"245","aplikasi nya bagus aplikasi sebelah error nggak menyediakan bayar tunai aplikasi bayar online nya seringan error malas uninstall soalnya biar nggak keblablasan boros instal kok thankyouu"
"246","tolong aplikasi nya banget kalo sekira nya udh gak berfungsi hapus indonesia aja percuma kalo gak saldo gopay gw disitu "
"247"," berlangganan go food setiao heri pesan go food bareng temen tementapi kenapa malah promo dihilangkan promo sekua resto aplikasi gofood tolong lahsaya member go club level anak sultan makin pesan go food kenapa promo dihilangkan "
"248","gosen naik dihari naik xlipat order promo ga naik kalo order alesan driver kalo dinaikan driver kan aneh driver tembak gitu "
"249","gak kaya aplikator sebelah kok cari keyword makanan kucing cuma seharusnya keyword pelanggan cari rada susah diinginkan"
"250"," mitra yg over order gue menunggu pas cancel malah app auto mencari driver gimana sih rumit banget cancel ngejelasin malah ketemu botnya doang case cepat tutup problem teratasi gue khawatir malah drivernya yg sp dianggep gak becus restorannya yg rada rada gojek jelek banget skr"
"251","balikin sistem yg sistem gagal order gofood oke prioritaskan driver disekitar resto driver digagalkan alihkanke driver yg agak dikit tiap ganti sistem tp makin rumit aja "
"252","tolong perbarui petanya kalo jalannya perbaikan carikan driver yg jlnnya buntu drivernya cancel cari yg biar gk jln yg malah akun yg blokir tolong lah pembaruannya cek lagii klo gini yg rugi siapa customer "
"253"," meganti nomor gopay dikarenakan nomor aktif email terivikasi bikin penganduan email jawabnya cuma email terivikasi mohon pelayanan secepatnya menunggu nya nggk "
"254"," promo ga walaupun persyaratan terpenuhi seolah olah dijebak untu memakai promo tertulis promo pakai gopay paylater paylater aja x ditolak gopay isi ulang "
"255"," kesalahan sistem gojek aplikasi mendeteksi nomor hp mengakibatkan bagus up gopay akun nomornya mirip komplain berkali solusi malah diarahkan login nomor mirip nomor mohon solusinya gojek karna kesulitan bagus up fyi nomor xxx terdeteksi sistem xxx"
"256"," ketidakadilan bandara soetta diantrian didahulukan antrian yg menuju jakarta alasan nopol ganjil genap komplain tanggapan terpaksa sy kasih bintang "
"257","aplikasi tokai update aplikasi nya turun performa nya gak pesan gojek alamat bener drag apke map tetep gk otw uninstal"
"258","kecewa aplikasi ga dipake muter trs loading ga habis sdh updatettp uninstalinstal ulang ttp mohon diperbaiki "
"259"," mohon ditambah fitur chat resto warung makan go food menanyakan perihal menu makanan yg mohon diberikan label halal non halal mohon mitra go food diberikan fitur mencantumkan bahan bumbu mohon ditampilkan kendaraan pesanan gocar goride mohon ditambah fitur filter pencarian gofood operasional "
"260","aplikasi yg jelek cancel driver berkali ujung nya ga driver pake aplikasi sebelah "
"261","tolong sayasaya kan pake go ridetolong kasih diskon dongkan gua pake go ridedikasih dong diskon berapa ributerutama pake aplikasinyajadi pake tuh kayak kasih promo gitu lahpulang sekolah gua banget gunain go rideini saran terimakasih ðÿ ðÿ "
"262","makin sini gojek kategorikan menguras kantong pengguna karenakan biaya ongkir pesannnya mahal walaupun potong diskon ditambah biaya layanan biaya pengemasan memesan aja biaya biayanya melebihi harga beli jd katakan lipat harga belinya gofood gomart ojek motor mobilnya bhilang lah harganya sgtu emang standar "
"263","terimakasih mgkn ketepatan armada ditingkatkan kadang aplikasi menit driver menit for all good "
"264","tolong benerin fitu gosend multi alamat biar ga selisih paham driver gojek coba deh pengembang pengguna aplikasi pembuat pengembang pemakai biar tau kelemahan tuh aplikasi"
"265"," nanya nih niat ga si kasi voucher dipake ko malah g order goride ga order pake aplikasi hejo hemat irit biaya lhoðÿ "
"266","tolong sistem perbaiki adminmasak iya ramadhan tetap sistem anyeptolong beri layanan order adil sistem perbaiki lagiuntuk sistem bntk bugnyamã af sistem kasih bintang "
"267","menunya sulit komunikasi penjual pesanan kacau contoh pesan kecap manis tetap pakai kecap manis driver bantu cek penilaian driver"
"268"," kesini layanannya jelek pesan gofood udah pake promo bayar pake gopay eh tiba pesanannya berubah promo dipake jadinya bayar mahal saldo gopay ditarik gitu aja udah lapor gaada penyelesaian gojek trus udah bagus up saldonya gak udah lapor tp responnya aja "
"269","kenapa apk gojek gak aja isi saldo pas cek aplikasinya gak koading nya udah instal ulang pas verivikasi no hp loading "
"270"," akun gopay diblokir cuma habis transaksis dilanjutkan cuma balas laporan ditutup tolong kejelasan blokir permanen seandainya kapan kalo permanen uninstall aja deh percuma saldo ga kaya dicuri ja saldonya"
"271","gopaylater nonaktifkan sepihak batasan denda tgl tiap bulannya pembayaran gopaylaternya bekukan tolong buat ketentuan yg mengecewakan"
"272","aplikasi bermasalah error coba uninstall install ulang login tetap bermasalah login buffering "
"273"," kecewa menjengkelkan gojek banget pesan gocar posisinya berubah ubah aplikasi awalnya menit dimenunggu tau menit lah lah itulah bgt driver yg posisinha dsitu titik driver manfaatnya bintang sampe sultan percuma lu gojek"
"274","percuma promo utk motor mobil tdk bs kepake error quadrat pake tdk pake promonya kecewa dgn pelayanannya ðÿ ƒðÿ ƒðÿ ƒ"
"275","kasih bintang ajadulu vocher gak adatarifnya mahallebih pindah apk sebelah aja deh pengembangan kedepanya kok malah burukapa dimusim hujan gini cari driver susah banget gak driver "
"276"," ojol tinggalku sistem bayar uang digitalnya nomor hp gopayplus upgradenya foto ektp disaat kamera hpku rusak ktpku dibawa mandor proyek makin rumittt aja "
"277","fitur go food notifikasiikasi aktikan lokasi diaktifkan malah halaman dgn notifikasiikasi aktifkan lokasi sdh diupdate clear cache tetap sdgkan difitur lokasi terdeteksi "
"278","biaya aplikasi mahal era ekonomi yg sulit selisih harga mahal jarak pengantaran yg relatif tambah nya estimasi order driver pengantaran yg "
"279"," performa menurun segi kualitas aplikasi lambat lokasi amat sulit jakarta pusat jkt transaksi loading "
"280"," buka aplikasi loading teroooss kukira apknya error gofood jg susah stuck layar putih buka apk lancar lancar aja "
"281","saldo gopaylater k beli makan k gak saldo gopaylater coba astaga pengen beli makan online biar gak rumit malah dirumitin abis gue buat ngecek ngecek isi aplikasi ama gopaylater tiap transaksi disuruh bayar biaya pengembangan aplikasi aplikasinya kayak gini astaga"
"282","kenapa coba ganti pin berkali dicoba pin berhasil kamu berulang memasukkan pin silahkan cobalagi update"
"283","cuma cerita pesan gofood dg pickup gerimis mendung order neh cabang kirana persis outlet pas pembayaran tibaâ lag koneksi pembayaran terproses malah diarahkan cabang kirana duh muterâ jadinya hujan korban pickup pakai poin ðÿ ðÿ ðÿ tau ga struk yg pengambilan cabang kirana jadinya order jd bayar kocak kan "
"284","harga gofood udah nggak akal biaya layanan naik biaya ongkos kirim naik klu total sm makanan harga x lipat harga makanannya kesini nggak pake gofood beli pedagangnya "
"285","dear gojek mohon perbaiki layanan gojek point instant stasiun pasar turi surabaya cust diantar urutan didahului org antrian memenunggu menit terkesan pilih pilih tarif terlebih dahulu urutan regular kaki sejauh km stasiun"
"286"," bagus kok gojek cuma gatau aja apk gojek ku buat order goride gocar gofood masang alamat buffering aja sinyal ku udah bagus udah coba hapus pasang apknya hasilnya tetap tolong gojek diperbaiki terima kasih"
"287","halo admin gojek mengapa tarik tunai aplikasi gojek tarik tunai pengguna gopay plus kok tarik tunai tolong perbaiki secepatnya terimakasih"
"288","min tolong lah kalo ga mencari maps minimal teks offline udah coba coba mencari alamat ga lokasi temukan"
"289","tolong admin training supir goride nya kekecewaan supir hati hati macet nyalip pake perhitungan kaki kebentur tiang telepon kenalpot motor supir ngeyel yg malah pergi tiba tiba bicara"
"290","tolong dibantu n respon cepat tdi transfer saldo go pay tiba minta upgrade indikasi perbedaan dgn ktp n akun gojek g bermasalah tpi tiba update jdi go pay plus "
"291"," hemat pake promo malah diarahanin cuma pasang voucher pack purchase asli ga niat pasang beginian ngikutin arahan bukannya hemat malah kepotong rb cuma buat pasang paket begituan bukannya hemat malah nombok pasang paket ga chat customer batalkan transaksi ngikutin arahan aplikasi ngerasa kejebak ga kepake tiap dikarenakan penjelasan nya go food plus trauma saldo go pay raib gara arahan ðÿ ðÿ ª"
"292","mohon pengantaran double ordernya dihilangkan merugikan customer pengantaran pesanan makin makin troubelnya bagus nih aplikasi"
"293","tolong diperbaiki sistemnya ketepatan area titik jemput tujuan tgl maret sy pesan goride gocar wilayah kok pindah negri pdhal sy coba gofood bs restart indonesia kok gocar mahal sekaliiii walaupun hujan rame masak tembalang pudakpayung rb cuman goride kalaupun jalanan rame hujan naiknya gag lipat gitu murah layanan tolong dikaji kebijakannya terimakasih"
"294","sejauh bagushanya tolong tambhkan fitur hapus riwayat pesanan gojek dll menuh in memori ðÿ tlg tambhkan fitur ganti alamat lokasi pesan go food ketik alamat dri apk nya ga cancel pesanan rumit sih sbnrnya ga bsa cancel pesanan minimal ganti alamat wlpun pesanan gbsa d cancel ðÿ yg paham mksd "
"295","gojek mengapa error dikarenakan cek internet sinyal lancar aplikasi lancar mohon diperbaiki bug "
"296"," pengguna go food gatau kenapa malam tadi akun promo restoran bener ga diskon makanan yg restoran kecewa"
"297"," gimana sih map nya mo pesan ditutup gak yg ditutup benerin dong map nya tadi berangkat lancar kok udah bbrp gini "
"298","kenapa fitur tarik tunai kartu hilangkan membatu pulihkan makin upgrade malah fitur berguna hilangkan hadeh"
"299","go jek promonya kenapa kenapa coba pakai promo gocar hadehuntuk masukan depannya promo coba berlakunya dilamain sedikitmau event lebaran gak berkontribusi ngadain promo gitu kekbelajar aplikasi grab minyang ngadain promo berlakunya semoga masukan kritikan dijadikan evaluasi masukan perusahaan sekian terimakasih "
"300"," membeli makanan via go food via aplikasi yg aplikasi gojek riwayat pembelian go food tsb mengakibatkan turun lah peringkat aplikasi go jek lbh jt per bln belanja go food sdng pertimbangkan lbh hapus go jek sekalian beralih sebelah masalahnya yg tangkap sini aplikasi go jek pakai findaya pakai atom"
"301","awas pembobolan gopay taransaksi yg gak pemberitahuan transaksi ak gak tansaksi hati hati klo gak keperluan mending aplikasi biar aman sing out "
"302"," boleh saran tolonglah biaya ditiadakan menarik daya beli customer susahnya menerapkan untung lancar daripada untung banget semoga bahan pertimbangan menguntungkan sesama driver perusahaan terima kasih"
"303","kenapa aplikasi go jek skrg nggk nggk pemesanan apapun bagus up saldo gopay nya aplikasi sy coba instal ulang malah nggk msuk akun sya tolong tanggapannya thnks"
"304","udah ganti pinterus coba malah pin nya salahterus coba berkali tetap ga bisaudah ganti pin nya puluhan ga tolong perbaiki "
"305","respon cepat realisasi penggantian uang gak kepastian uang yg hilang desember minta endtask entask uang gak barangkali yg beneran dapet nya stengah matikeringat udah kering gak dibalikin uang moga balik"
"306","parah bug nya neduh hujan bawa anak balita mobil pedahal aplikasi driver yg standby ga dapet x coba ga dapet buat gocar kecewa "
"307","tolong min kenapa abis bagus up gopay voucher nye hangus bagus up giliran pas voucher malah nentuin titik jemput alesan nya area tutup klo voucher nya lepas makin gajelas"
"308","tolong dong nomor tlf disamarkankasian kadang drivernya ga tau alamat hubungi customer susahdan rumit driver hubungi penerima chat pengirim duluterkadang pengirim pegang hp ankadang org jg sibuk makin bukannya makin memudahkanmalah makin merumitkan ni aplikasi"
"309","tolong aplikasi mengembalikan go mart memilih toko soal toko yng lengkap mohon pertimbangan aplikasi go mart "
"310","makin parahpakai mode hemat gak dapet driperkasih sangsi tegas aja orderan mode hemat payah aplikasi inigiliran pesan makanan pas hujanga driver ngambil orderantolol"
"311","kenapa skrg order titik penjemputannya tujuannya gang susah banget ngepasin alamatnya buru jdi susah mencari alamat yg tepat gak jkarta tinggalnya komplek mewah jek"
"312"," membayar gopay loading instal ulang login ga loading saldo gopay "
"313","biaya tambahan pesan gofood keterlaluan sih biaya bungkusbiaya aplikasi biaya nya yakin kalian gak tumbang hapus biaya yg gak guna "
"314","transfer malam pending banget kapok transfer dr gopay rekening bank yg xnya respon yg cepat "
"315"," binggung it gojek suka mengubah aplikasi driver aplikasi penumpang dampak menpengaruh driver kalo aplikasi udah bagus gak usah ubah sih saran terima kasih"
"316","kecewa pakek udah bagus bagus eh malah kek php in apk nih driver kosong deket loh gak udah menunggu dapet driver sampe gak dapet dapet kasih tau sibuk pesanan lah driver menunggu pesanan sebelah ku gak gak sistem nya gimana dahlah pindah aja malas nih apk"
"317","rada kecewa pembaruan yg beli gofood uang koin dipake buat pembayaran misal uang koin k gopay total gofood k dipake duanya srkarang kok aaaaaa kecewaa"
"318"," aplikasi go car yg mahal tarif nya kok aplikasi yg gak sampe kemahalan bgtu makin uninstal ni aplikasi "
"319","fitur tarik tunainya kenapa kok sebulanan ga hisa buat tarik tunai atm perbarui malah fiturnya dihunakan "
"320","tolong fitur one tap diperhatikan soalnya mencek harga gataunya gocar yg terpesan terima kasih"
"321","fitur kirim uang kadang menunggu trus saldo dah potong uang blm rek penerima tolong d perbaiki mengecewakan fitur kirim uangnya kasi bintang aja karna layanan mengeceewakan "
"322","sistem yg pakai transfer gangguan malam kalah aplikasi dana menyesal pakai gopay buat transaksi "
"323","aprovall gopay plus banget udah acc x notifikasiikasi chat update kaga mohon pelayanannya diperbaiki thx"
"324"," driver disekitar godrive harga jg sdh naik krn rame tp ttp satupun driver yg driver ðÿ ðÿ ðÿ "
"325","kenapa nih aplikasi gojek kok nggak mendeteksi alamat pick up mesan ojek gara gara map mendeteksi alamat pick up loh tolong diperbaiki"
"326"," an pakai paylater aja udah gk belum udah gak niat gak sih kok gk profesional banget gitu kinerjanya emang gak rekomendasi ni gojek cuma bikin kesal ama kecewa aja udah daftar e tau nya gak gak niat banget layanan customer service aja gak emang gak mending aplikasi sebelah pd apaan"
"327","pelayanan buruk pake go send kirim percaya buat kirim terima penerima sukses in nya dagangan hilang ngga "
"328"," download aplikasi mendaftar email pribadi solusi email yg pakai bertahun yg daftar kan disemua akun tolong ditindak lanjutðÿ ðÿ "
"329","rawan sibuk server down nya order ojek orderannya berhasil kenyataannya orderan driver sekian terimakasih"
"330","kenapa promonya berubah min lumayan buat ladang cari rezeki disini kalo berubah berubah min ganti kartu berkali supaya dpt promo lumayan eh gituin "
"331","heloo gosend driver udh menit ga dicancel trs buat pilihan cancel ga dicancel kan aneh"
"332","aplikasi mudah diakses perjalanan jarak menengah tarif terjangkau kemananan terjamin "
"333"," sistem nya perbaiki error maintenance weekdays ngehambat bngt yg lgi make fitur gopay pembayaran tiket krl "
"334","tambah tambah update kok tambah applikasinya bagus ringan hmmm kemarin yaaah update agak lumayan laah kemarin "
"335"," ketemu driver yg on time panik mepet jalur padat komunikasi nyambung sdh nyampe terlambat alhamdulillah "
"336","aplikasinya kanp daftar gopay plus tolak tulisannya gini gak berhasil upgrade gopay plus kamu mencoba pendaftaranmu gak ketentuan silakan coba kartu id selfie valid kan ktp ama wajah "
"337","pdhl srg pakai gojek tp x kecewa saldo go pay hilang gt aj tiba liat riwayat pembayaran voucher hotel jkt pdhl batam pesan gofood batalkan resto tp go pay terpotong tdk udh komplain gojek blg nya dlm dana saldo terpotong tp udh jg kesal "
"338","driver ramah sakit minta diantar kerumah sakit malah dibentak gunakan aplikasi rekomendasi kan aplikasi kolega keluarga terima kasih berperilaku buruk "
"339","loading berbulan gopay tertahan rb qris gojek gofood gunakan loading komplain instagram tanggapi tolong solusinya terima kasih "
"340"," berapa jarak terdekat kalo pake go ride minimal k tambahan biaya aplikasi beda jarak terdekat k kualitas naikin biaya tambahan"
"341","gopay gopaylater suka eror bayar tagihan pesan gofood malah koneksi pilih menu dll percuma promoâ makanan ga malas pakai gopay gopaylater"
"342","percuma pembaruan bukannya meningkat malah tambah ancur pendapatannya profeder dibuat mainan operator off dilihat diakun castamer hitungan sekor driver dibunuh pelan yg dipake ilmu politik castamer dilindungi aset operator anak emas alasan sistem kalo mentok menyalakan driver driver mesin pencari uang"
"343","hallo gojek please tolong udah pulang memasukkan alamat aja gps on udah update versi terbaru alamat aja ðÿ pleasee udah ketergantungan banget gojek buat mobilitas sampe pulang pleaseeðÿ "
"344","sistem payleternya makin gak aja pakai rb udah suruh bayar secepatnya denda perbayaran kok bru pakai bayar pakai payleternya ðÿ žðÿ žðÿ gojek makin gak "
"345","kenapa saldo gojek gopay tb hilang pas cek riwayat yg pesan google play youngjoy pake saldo beli kek begituan tolong dong bantuannya gojek uang terkuras "
"346","performanya makin anjlok drivernya lambat gak buru buru "
"347"," bayar pake gopay via kode gagal alasannya koneksi internet hilang internet kuota sinyal bagus ulang tetap ga tolong perbaiki"
"348","aplikasi kacau suruh menunggu gofood berjam antrian resto kelewat cancel siapapun customer ga cancel driver resto ga cancel "
"349","kenapa aplikasi nge bug daftar gopay plus akun tolong respon nya dong developer kecewa nih saldo gopay hilang karna permasalah sistem aplikasi "
"350"," pesan aplikasinya muterrrrr teros lambat kok malah nyalahin sinyal gua sinyal lancar nonton youtube lancar buka aplikasi lancar emang aplikasi lu aneh malah nyalahin sinyal blokkkkkkkk"
"351","ga ngerti gojek dimarahin driver malah customernya tolong lah benerin sistemnya titik jemputan maps gada bener nya gaada sinkron nya gegara gojek error malah dimarahin driver gegara titik jemputan udah udah dijemput titik aplikasi gaada bener nya heran auto uninstall gojek"
"352","payah gak bantu costumer gak cuman gara gara keseringan bagus up pulsa malah no nya blok udah coba bantuan berkali tetep nihil"
"353","mohon kejelasan bantuannya bagus up go pay aplikasi bank kemarin saldo bertambah "
"354"," update bukanny makin bagus malah bikin rumit tiap panggil gobox pakai no aktif jadinya kerjaan tiap pnggil ulang hrus dicatat nomor "
"355"," kecewa pesan malah susah buat binggung ngak dreiver gmn sih apk nya ngak kayak dl dl enak biarpun hujan dreiver niru sebelah kebanyakn seponsor jadinya binggung gunakan gojek susah beneran susah "
"356"," mahal ongkir jarang promo terpasang otomatis sekrang klik rumithrus pke saldo susah kalo pke bayar gk diskon "
"357","buruk banget transfer pembelian layanan digital nya lambat banget masuknya aplikasi bodoh diandalkan cepat"
"358"," suka fitur dobel order layanan gofood makan dingin ga enak kayak ga driver aja gojej pengen nya untung alias rakus"
"359","hati hati jebakan gojeksetiap kasi tips driverselalu tertulis internet mati klik lagijadilah x kasi tips teliti merugikan sadar "
"360"," update aplikasi jadinya gofood mode hemat ongkir malah gak dpt promo sedih bgt abis pakai paket ongkir gofood plusðÿ "
"361"," lg knp y sdh x loh mesen utk go send error yg prtma driver tdk jlnâ sdh memenunggu tdk bs d cancel smpi telepon cs menghabiskan pulsa yg lumayan skrg driver trs tdk bs d cancel klik cancel driver minta cancel driver aja blm dpt tp udh driver mnt cancel udh gt ga bs d cancel "
"362"," transfer rekening bankkatanya upgrade gopay pluspadahal udah account gopay plus transfer rekening banktapi kenapa "
"363","baiaya mahal biaya aplikasi biaya kasian driver cuma ampasnya aja soal pelayanan pelayanan yg nglayani driver harusnya driver yg reward aplikasi malah tambahan biaya asuransi bisnis masukan asuransi "
"364","aplikasi bagus tolong masukin opsi voucher potong ongkir resto gak resto mark keluarga doyan "
"365","udah mengirim laporan diselesaikan kenapa aplikasi udah bagus up transaksi "
"366"," pesan go food mahal banget ongkir mahal harga makanan naik harusnya mmpermudah blm lg biaya parah emg ðÿ ž"
"367","makin kayak eror ongkir mahal makanan dipesan harganya beda beli minta tolong diperbaiki "
"368"," buruk layanannya lambat bagus saldo gopay diindomaret saldonya mintak bantuan malah ditanggapi respon lambat layanannya masak iya butuhnya saldo dananya diprose lambat gojek bekerjanya masak menunggu nomor akun lainya yg diakun kokbuktinya aplikasi gojek elit bagus up gopay sulit"
"369","kalo gini bakal kalah ama grab kalo ga ketemukan pdhal grab kan ga jaringan gps dll tp karna dev yg "
"370","layanan yg kendala cuma kalo pesan goride or gocar dgn promo driver gk niat kasih tips kok tolong tingkatkan pelayanannya beri costumer penilaian diantar ganti driver"
"371","pemesanan go car efisien drivet penumpang penumpang fan utuk keterengan akurat aplikasi menit prakteknha memit memgecewakan"
"372","biaya naik bukannya pelayanan bagus aplikasi malah error gk mending pakai aplikasi grab indriver yg bagus sistemnya error kayak gojek"
"373"," gojek murah g skrng malah mahal huhu sedih udah gitu promonya cuma diskonnya cuma perak ðÿ beralih g deh jdinya krna msh murah promo diskonnya lbh ðÿ "
"374","mesenin goride adeku pembayaran tertulis apk jago kirain pake qris nyedot saldo soalnya bayar jago nah makanya nanya chat abangnya pake qris gak soalnya pesanin adeku pake hpku sampe lah adeku dirumah nyedot saldo adeku bayar tunai saldo udah kesedot pengen chat abangnya gimana karna kan apk tujuan chatnya punberakhir yaudh iklasin "
"375","kok rumit ngisi nomor telepon buat pengambilan tujuan otomatis kalo orderan nya udah "
"376","aplikasi cocok pesan makanan discontnya gofood bagus "
"377","dear gojek yakin programmernya ilmu manajemen sistem mohon perbaiki alamat favorit coba kembalikan fungsinya semula mempermudah memilih tujuan aplikasinya update tetap diperbaiki harusnya klik alamat memilih tujuan titik jemput malah cuma menampilkan informasi alamat menjengkelkan memilih alamat peta tolong perbaiki"
"378"," pesan gocar pengemudi chat kasih tau pas klik kirim malah terpesan jd ga enak sma pengemudi nya bingung kok bs gtu "
"379","jek email aq terdaftar no hp aq lenyap hpnya login registrasi ga email terdaftar minta solusinya "
"380"," status go club udh anak sultan tetep aja susah banget dapet driver kalo pas ujan go ride smpe go bluebird g yg sekalinya dapet cancel drivernya"
"381"," diupdate malah bug ga chat driver bug parah sih berasa kecewa upgrade yg "
"382","tolong tolong bgt aplikasi suda update segala macem nyangkut driver tolong mengecewakan "
"383","maaf gojek maumemberi tau kalo riwayat alamat dipencarian ko hilang ðÿ kalo biarin kesimpen aja riwayat alamat tujuannya lelah kalo ngetik nyocokin lokasi ulang ðÿ ðÿ soalnya kepake banget aplikasi sukses terusðÿ ªðÿ ª"
"384","benerâ kecewa akun anak sultan tibaâ voucher akun hilang pelanggaran gak banget akun harta karun gunakan udah berhasil gunain malah gak dapet cashback ny parah nya customer komplain menutup chat aplikasi "
"385","kenapa upgrade sih akun terkoneksi foto ktp selfie no terkoneksi akun driver percuma isi saldo kirim uang bank "
"386"," update yg ga driver ga cancel driver cepat cancel ganti aplikasi ga cancel kan kesal"
"387","gajelas kirim kode cuman detik kekirim nya kode pesan detik isi gak kode suda kadaluwarsa gajelas "
"388","kenapa ngambil orderannya sampe kilo jek nganternya ga sampe kilo kalo ngambil orderan agak gimana gitu ngambilnya doang argo ga akal "
"389"," bagusup gopay kecewa apk cs nya membantudan kalian download apk cs nya email nya gk direspon intinya bagusup masukhatiâ klo download apk bisaâ saldo kalian kuras"
"390"," pemakai jasa gojeg sdh dibhilang langganan yg keluhan keberatan sy knp biaya jasa aplikasi transaksi mesti minta biaya jasa aplikasi go shop yg skrg jasa aplikasi per transaksi blm ditambah ongkos driver misal byk msh mending sy maklum tlg dipikirkan lg kadang skrg order gojeg mikir "
"391","sehabis update animasi pembelian berhasil pembelian tiket kereta go transit gk tau tiket masukan minor animasi memperlambat antrian taping tiket stasiun dipercepat animasinya dihilangkan ðÿ œ"
"392","kenapa aplikasi nya aneh dah mesan goride malah driver mesan aja mohon perbaiki aplikasinya bug error "
"393","terima kasih salam aspal ðÿ ðÿ ðÿ menghimbau pengguna applikasi tolong buat order hendaknya memakai layanan diteliti order dibuat hindari pembatalan order perbedaan harga harga perak aja cari murah en nak tekan tombol cancel selesai efeknya buat driver perbuatan menyusahkan tolong kesadarannya terima kasih "
"394"," kasih bintang aplikasinya suka error maps yg nggak driver tarif yg tibaâ berubah mahal pemilihan rute yg tiap lokasi yg dituju semoga perbaikan tambahin kalo aplikasi membaik terima kasih "
"395","udah transfer teruss menunggu balik tingkatkan laah ampe menunggu kalo gagal balikin aja kalo sejam si okee menunggu ampe "
"396","aplikasi error sesudah memesan malah gk pesanannya detail menghilang keadaanya aktif drivernya dihubungi "
"397"," buka aplikasinya eror gajelaspadahal sinyal kenapa ga yahmohon diperbaiki dong ðÿ ðÿ "
"398"," apdet nomor kontak gopay gak kelihatan historynya rumit klau transfer sesama gopay rek masukin nomornya bad bad bad tolong kembalikan tampilan yg sudh terhubung gopay "
"399"," kecewa aplikator pandai balik suksesan mitra driver mitra kucilkna rendahkan manusiawi memperlakukan mitra tolong kembalikan sistem bonusnya kasihan narik gelap pulang gelap kalian apresiasi jerih payah "
"400","upgrade wallet biar transferdi apk x pas udah ga berubah statusnyamana pas bgt kont "
"401"," update pas order suka error gak driver yg harga berkali naik driver yg tolong diperbaiki"
"402","isi pulsa sini sukses nmer seri tp cek gk pulsanya kalian bhilang kalok emang tipu gk usah gini caranya dong walaupun cuma rb uang "
"403","kecewa bgt gopay ngadain gopaypinjam pas bayar alfatapi udh alfa bilng gak bayar va atm bca nya acount blm perkenankan pengen pke gopay blom trsedia pembayaran dgn gopay trus bayar gak kan kan tiap bunga nya trus brtambah gimana nih bingung nya ðÿ ðÿ "
"404"," mesen aplikasi harga diskon tiba tiba harganya berubah harga normal petipuan transaksi tiket awalnya cashback coin refund transaksi cashback coin hilang"
"405"," pelanggan gojek koq reward makin yaaa yg menghilang cash yg ditukar dah ga dialfa mart sungguh disayangkan paylater yg ga bertambah pembayaran tepat krn dg gojek ttp kasih bintang bersahabat manjakanlah pelanggan mu berpaling app"
"406","buat aplikasi nya bagus sih bermanfaat iklan gojek galeri banget risih tolong dong buat benerin iklan apk nya gpp galeri menuhin memori"
"407","minus pemesanan info dr apk konfirm dibuatkan menunggu driver tiba tiba pesanan auto cancel rugi menunggu buat yg gajelas "
"408","tolong tanggapi laporan aplikasi transaksi pulsa pin lupa pin ganti tetap limit urgensi"
"409"," pengguna layanan gofood gosend tp kecewa skrg gofood jd x pengantaran karna fitur antar driver hrga beda resto ongkir lg skrg voucher nya gk lg makin peforma nya makin turun sdgkan biaya nya makin mahal"
"410"," kasih go car nya tepat lokasi bagus ramah sopir nya tuk pusat go jek go car detil lgi arah map nya biar yng jemput nya gk berputar putar saran sanya tetap perbaiki biar konsumen puas semangat pake aplikasi "
"411"," aplikasinya bagus voucher goride gofood pembayaran tunai mohon ditambahkan voucherðÿ ðÿ ðÿ ðÿ terima kasihðÿ "
"412","saran tolong tambahkan aplikasi fitur memilih memilih go car dipaksa tol drivernya tol terima kasih semoga cepat respon"
"413"," driver nolak pake go pay bbrapa yg nerima tp tumpangi kendaraannya sungguh gak mengenakan berasa naik kendaraannya gak byr pdhl kan naiknya byr tp mmg pake promo paham sieh promo d kasi dr gojek murah tp jgn lah penumpang tolak dikasi tdk mengenakan agak kecewa "
"414","knpa update gopay gak gunakan buat transaksi sma buat transfer udah pke finger masukin pin pas udah masukin pin mlah pin pinnya udah benerðÿ œ stelah bberapa make gopay trnyata skrng mlah gini bisaâ beralih apk klo gini trus gak ad penyelesaianðÿ "
"415","kenapa kasih bintang kasih bagus bintang pembayaran disuruh banding laporan hasilnya ditolak kejelasan alasan kenapa diblok fitur pembayaran kesalahan penyalahgunaan gopay"
"416","kenapa ongkir go food mahal sekale harga ayam yg beli ongkir sm biaya nya jarak tempuh km malas jadinya order go food lagiðÿ gak ngotak ongkir sm biaya "
"417","admin goto driver ngeluh ga ditanggapi malah aplikasi customer didenger ditanggapi tolong diperbaiki sistemnya tanggapi driver "
"418","gajelas aplikasi tiba tiba diblokir berbuat sesuatu aneh aneh pesan berjuta jutaan trus anak sultan goclub malah diblokir kecewa dah aplikasi gak "
"419","tolong diperbaikiakun gk bisaâ nomor aktif link buat login buka tp gk hasilnya update knp butut"
"420"," aplikasi kenapa sih susah transfer gk sinyal sinyal klo mw transfer bank malah ng loading "
"421"," kecewa driver gocar sdh menit tiba cancel pemberitahuan ðÿ darurat buru buru "
"422","ngeselin banget sumpaaaah komplain ga tanggepin pas tanggepin ga notifikasiikasi buka aplikasi saldo e money ga isi pake nomor kartu ga update otomatis ampooon kalah gitu sediain isi pake kartu dong kesal "
"423"," make dlu promo nya puas make lv udh promo nya malah berkurang nya kan makin lv makin promo ni malah makin dikit ðÿ ðÿ dlu deh"
"424","gojek apknya makin lambat beli pulsatagihan bukanya lambat banget koneksi internet tolong perbaiki apknya lancar "
"425"," trasnfer uang kenapa menunggu yg sya transfer uang sendiripadahal x transfer beda menit yg nominalnya diatas jt yg masuknya satunya cuma lgs aneh kenapa berbeda menunggu menunggu "
"426","aplikasi nya bagus apabila makan yg heran perjalanan yg murah perjalanan yg harga nya harga perjalanan "
"427","rute naiknya tarif siginifikan muternya mahall mending pakai app sebelah"
"428"," pesan nasi goreng saking loadingny nasgornya tutup sampe sampe pas pindah tetangga sebelah si ijo gercep bat kirain sinyalku yg susah ternya app nya eror sistem app segede loading kok agak kecewa sih"
"429","yakin parah sy transfer uang aplikasi parah banget tdk kejelasan cepat uangnya malah berhenti tdk kejelasanjangan sampe kirim uang aplikasi "
"430"," bagus nya lg ni aplikasi kasih bintang aja massa apdret trus foto ktp lah foto wajah lah bikin rumit klu ktp nya lg brurr tau gak trus gak bs nya makin gak ni aplikasi jelek bgt"
"431"," rubah ratingnya gunakan bayar pinnya ganti sandi barunya lihat tetap "
"432","gojek bayar rekening aja upgrade gopay plus buat gk menu aplikasi upgrade nya mohon bantuan nya pakay gopay plus transaksi terimakasih"
"433","pesanan gi food indak dibatalkan mengubah alamat pengantaran fee pengantaran terasa mahal uninstall"
"434","aplikasi berguna trutama utk food restoran buka tap tdk temukan berguna"
"435","bug text area chat driver naik keyboard mengetik diketik tertutup keyboard aplikasi normal android "
"436","susah banget driver tolong perbaiki aplikasi nya versi terbaru kenapa susah banget driver nya pengen order aja jaringan koneksi ðÿ ðÿ ðÿ ðÿ "
"437"," bayar pbb isi saldo tagihan isi saldo tiba tagihan error jngn gitu seolah saldo ditahan duluu "
"438","tolong perbaiki berkali pakai gojek tetep loadingnya trnsaksi belum dlm tindak lanjuti mohon kecewakan pengguna"
"439","halo gojek kenapa status pesanan gosend siang malam kelanjutan nya aplikasi info nya driver coba cancel siang tadi cancel orderan tolong dibantu dong gojek"
"440","selamat siang kkkenapa saldo gopay berkurang karna pembayaran gogle playstoresedangkan transaksi apapunterima kasih tolong respon nya"
"441","tolong hilangkan biaya layanan please ayo kayak biaya layanan terimakasih semoga umur sehat yg buat aplikasi semoga yg dikomentari pelanggan gojek ðÿ ðÿ ðÿ "
"442","mosok order gocar akun kan suwe auto uninstall mending pake sebelah aplikasi stabil normal "
"443","terimakasih gojek aplilasi order gofood gocar goride sayangnya gopay hilang notifikasiikasi ktp berbeda dukcapil perbarui dukcapil mencoba upload tetap ditolak pas pembaruan ulang ðÿ ðÿ "
"444","kenapa tiba tiba suruh upgrade gopay plus up gopay plus transaksi pemgiriman anehâ "
"445","aneh error muluu pdhal jaringan oke udh coba segala buat ga error tetap instal ulang malah pas masukin nomor hp eror"
"446","gak aplikasinya ganti nomor aja susah x udah peringatan mencoba suruh menunggu mnit dah menunggu sampek sejam aja gak guna"
"447","aplikasi gojek kacau alamat favorit history pengiriman hilang sendirinya pekerjaan tambah rumit mohon permudah pelayanan fiturnya pelanggan setianya gak kabur mohon pembenahan secepatnya aplikasinya "
"448","ganti hp trs akun ga kok akun malah disuruh daftar gmn daftar emailnya aja gw cuma ga boleh make email dibhilang udah terdaftar ogah banget buat akun email kan emng udh daftar knp suruh buat akun muluuu gw mencet daftar "
"449","pesan ganposisi hujan tetep aja ngeloading driver yg kejar klo kaya gini plih unistal aplikasi"
"450","aplikasi jelekkkktulisnya aja carikan driver terdekat nyatanya dpt driver yg alhasil smpe telat gereja krna menunggu driver lokasinya udah bego kdng yg deket aja bnyk tpi dicariin yg "
"451","gomart dibatalkan kesalahan klik rawan opsi bantuan customer service lambat respon kecewa"
"452","apaan pay laternya gajelas blasss order maret kok temponya maret paylater apanya sehari setelahnya udah tempo aja bayar biaya admin perbulannya galagi dah pake paylater tipu nih aplikasi bedanya bayar pake rekening kalo ceritanya sumpah hapus aja aplikasi dipake dah"
"453"," versi update yg terbaru gimana sih nih addduuhhh bikin riweeehh aja jaringan internet stabil"
"454","tolong sistemnya dirubah harusnya pengemudi yg terdekat yg dpt orderan sisi cust cepat sisi driver bensin ðÿ žðÿ žðÿ ž"
"455","go club menjamin prioritas pesanan layanan aplikasi bagus bandung bandung go ride berfungsi subuh macet hujan gunakan grab maxim disaat "
"456","bagus optimalisasi toko makanan tutup diperbaiki karna sesekali memesan makanan malah diterima toko makanan toko nya tutup"
"457","bintang kelima staf keduanya cerah profesional wajib memesan proposal fusinya bagus bahan bakunya berkualitas manajer santai ramah terima bagus merekomendasikannya"
"458"," gojek aneh udh anak sultan clubnya malahan promonya dihilangin flashsalenya jdi ga aneh bener org pake aplikasi reward malahan dikurangin udahlah ga jdi langganan gojek lapor bingung hmm"
"459","edan sih buat paylater nya feb dah lunas maret kepake k an maret dah jatuh tempo makin kecewa tu sistemnya gimana sih bukannya memudahkan malah persulit"
"460"," komplain udh blm bales loading trs transaksi g hapus dowload lg malah loading trs pas verif nomor internet bagus udh pake data jaringan wifi tp loading knp trs email g respon"
"461","upgrade gopay plus susah berkali mengajukan gagal alasan spesifik copas template menghubungi cs dibalas bot penyelesaian"
"462","aplikasi nya bagus bagus biaya layanan kalo pesan gofood makin makin mahal belum ongkir nya mikir mikir kalo beli"
"463","makanan dingin seharus nya makanan cepat driver antar pesanan laen pelayanan tambah bagus malah buruk pakai gojek karna duku cepat tepat malah ikutin aplikasi sebelah oderan double buat driver dimana antar pesanan"
"464","aplikasi terburuk yg gw dwonload nih hrganya skrang nggk akal klo pngen cpet kaya nggk bgitu cranya prforma lo aja jlek bnget lambat lgi aplikasi gojek sma gobiz jlek smua sma lambat kek grabe dong mudah nggk rumit auto uninstal nih aplikasi nggk guna "
"465"," ã menunggu transferan rekening status aplikasi selesai kirim bantuan via aplikasi ditanggapi gimana "
"466","jelek login aja suruh cek sms trus klik link gakada sms nomorku nomor telepon nyusahin aja"
"467","sy kasih bintang karna sy masukkan email jawabnya email terdaftar gk menu selanjutnya harusnya terdaftar dong makin kesini makin gak "
"468"," bertahun pakai gopay plus tiba dihapus gopay ketentuan ketentuan kenapa bertahun malah minta upload ektp curiga sepertinya kalian hobinya mengumpulkan data pribadi pengguna dimana data data kalian minta ulang gak kasi tinggalkan pakai gojek kalian aja layanan "
"469"," bukti samapai bikin video ss perdetik buat buktikan klik pakai voucher tetep terpotong jawaban cs malah templete pastikan klik pakai voucher payah"
"470"," kasih bintang karna kecewa gopay tarik atm suruh upgredsedangkan upgrad pas foto ktp tetap gak uang gak pakai tolong dong perbaiki"
"471","dear gojeksaya bayar cicilan gopaypinjam halaman menu gopaypinjam tdk loading teruspdhl jaringan bagustolong solusi nya donk gimanasaya udah dm twitter ga follow up nyaudah ngadu email balasan jugatolong solusi nyatetimakasih"
"472","driver entah dimana orderan terima alhasil pelanggan rugikan memenunggu pesan via gojek tujuan cepat malah "
"473"," transfer dana gopay shopeepay tpi rekeningnya brmlasah trus sya transfer dana tpi pembertihuan lah bgaimana sya cuma transfer doang rumit banget"
"474"," daftar diblokir blm dipake tuh akun udh menyalahi aturan gojek tanya pusat bantuan malah terhitung banding aneh aplikasi gak "
"475","restaurant belum menu terima pesanan aplikasi nya ga cancel bikin menunggu kantor tuh nya merugikan"
"476","otw pesan makanan harga rb jasa layanan rb ongkir rb jarak cuma km dah porsi"
"477","makin makin gaasik gua rider gojek gua nongkrong sma dibikin go instant kantor udah kaya sales nanya dipaksa pake go instant pesan akun terbiasa order sistem parahnya ga ngehargain udah nongkrong dibase campnya gaada basa basi "
"478","history alamat kesimpan agak rumit mencari alamat dahulu stiap transaksi alamat nya "
"479","dear gojek makin update makin map driver bergerak pas cancel didepan driver nya sisanya sih gpp terimakasih"
"480"," customer kecewa driver khususnya driver go carnya kala mudik pergi terminal telat bus pesanan cancel drivernyasangat sulit driversedangkan mudik istri bawaan berupa buah tas kopersebelum cancel tanyakan chat customer berapa penumpangnyajangan batalin pesanan ajah"
"481"," layanan gocar n gojek andalkan tp utk layanan gofood sangattdk diandalkan biaya udha biaya nya ongkir nya mahal banget skrg ketambahan biaya aplikasi nya beban kn yg order makanan sayangkan skli pdhal dlu gk yg nya biaya aplikasi nya ongkir nya terjangkau skrang order sm biaya ongkir n apl nya mahal ktimbang order gofood nya yg buat mikir klu order ðÿ ž perbaiki dong sistim nya gofoodðÿ ž"
"482","pesanan double menunggu pake mode hemat tolong aplikator untung sendir mengorbankan pelanggan"
"483","kenapa gak tarik tunai transfer bank sistem perbaikan lg udah update aplikasinya ayo dong perbaiki "
"484","ga pakai gocar jeraa jeraa muahaalllll bangettttt tarifnya drivernya aja aplikasi sebelah mending pakai aplikasi satunya murah pilihan professional "
"485"," jujur pelanggan driver aplikasi pelanggan ongkos potongan jasa yg seolah driver upah kenyataanya aplikasi gopartner driver upah potongan "
"486","app bagus parah sih udah diskon nya driver nya ramahâ gimana marah ah parah sih app nya"
"487"," loading gak pakai aplikasi dihapus instal ulang loading muter trusðÿ "
"488","tolonglag gojeekkk walaupun raya costumer tumpangan pulang gimna sih pemerataan drivernya ga jalanin mending aplikasi sebelah walu pelayanan nya harga terjangkau engga udahlah mahal nya hapus aja nih aplikasi"
"489"," bug gopay disitu foto ktp malah gagal forceclose trs ketrgn aplikasi gojek bug hapus memori dll gitu sy lupa tolong diperbaiki min dftr jdi susah gini ni uang gopay ga in pliss benahi"
"490"," fitur tukar pakai gocoins gunakan tukar coin transaksi tolong jawab kembalikan dlu tolong perbaikin "
"491"," gofood jelek banget udah ga kupon diskongratis ongkir hilang mahal banget biaya embel nya uda harga makanan dinaikin biaya embel ongkir makann rb rb lbh bye gofood"
"492"," transaksi bagus up gopay lancar aman metode isi ulang saldo muali min k tambahan biaya kðÿ š"
"493"," sejauh bagus sih cuma fitur gofood tolong tambahkan metode pembayaran tunai pickup order ðÿ ðÿ "
"494","parah udah berlangganan gojek udah menggisi pulsa token tpi tdk kluar nmr token pulsa nggak masukâ klau bgni nya bakal bnyak cs yng pindah aplikasi tolong perhatikan kan bakal rugi klau gni nya"
"495","pelayanan ny cepat aplikasi ny makin makin kacau gangguan suruh menunggu aduh"
"496"," suka gojekkarna mudah pesanditambah fitur yg canggihtolong kembangkan maju berkembang gojek indonesia "
"497","halo selamat siang gagal order gocar x saldo terpotong lapor bantuan belum diproses malah ditutup walahi kenapa makin kualitas aplikasinya turun terimakasih"
"498","pembelian paket gratis ongkir gofood klik menjebak transaksi konfirmasi pin "
"499","aplikasi eror gak bayar playlater cicilan dpt bunga keterlambatan bayar tagihan cicilan nasabah "
"500","driver gojek meresahkan kalo tiap hujan nya dpt cancel berkali pesan cancel krn jemput nya nah trafik map gojek nya foto motor yg deket area tp sayang nya driver ora sudi buat orderan klo emg gak orderan akun driver nya mending offin donk pesan dri ampe dpt kan kebangetan anak tutup gerbang nya tolong perhatikan kecewa bgt"
"501"," kasih karna saldo trx ngirim uang dana saldo sayang kan fitur bantuan cs lambat mohon kembalikan saldo "
"502"," order gocar n bayar pake gopay driver malah mengantar penumpang aplikasi infonya kok menuju perjalanan dirumahsaya chat driver utk dicancel aja tp direspon alhasil gopayku tetap kepotong"
"503","kenapa memilih lokasi titik jemput tujuan dipeta update aja mohon diperbaiki secepatnya"
"504"," bagus up gopay sejam yg liat mutasi rekening berhasil saldo terpotong kenapa gopay bertambah "
"505","respon server lambat sinyal bagus kendala mesen gojek jadinya delay jadinya cancel uang terpakai "
"506","aplikasi buruk banget gw dibikin puasa seharian gara gara sistem pembayar gopaynya gak tolong perhatiin buat sistem pembayaran gopay beli kado temenskincare makan gak "
"507","tarif tibaâ berubah ramai jarak voucher tarif mahal ðÿ ðÿ "
"508"," pesan makanan driver buat malas pakai gojek mending pakai aplikasi sebelah praktis cepat"
"509","rencananya bintang malah lokasi penjemputan terblokir alasannya gak makin aneh aja nih aplikasi udah gak niat tutup aja bantuan aplikasi gak haduh"
"510","aplikasi bukamuter ga aplikasi gojek sdh cek kuota msh bnyaksdh hapus instal ulang tetap ga buka"
"511","kenapa susah cri driver gofod sdh berjam d pesan driver tdk menanggapi lokasi d jaringan stabil"
"512","go pay rumit tau hp hilang emailnya ganti kirim otp email yg hilang kaya yg dong hp hilang gampang tingal verifikasi wajah beres rumit rumit super rumit "
"513","kecewa bngt go ride skian banyaknya driver lalang skli gk yg nyangkut aplikasi pdhal kntor herannya pesan driver yg dptnya pdhal driver yg deket kebnykn oknum curang"
"514","kenapa lambat banget setepah update jaringan aman bandwith kenceng mohon perbaiki "
"515"," nanya nih kemarin habis update kok tombol tarik saldo nya hilang sih gerangan kok hilangakan "
"516"," aplikasi sungguh terbantu aktifitas lelahk memikirkan mobilisasi sehari "
"517","pelayanan bagus cuma boleh perbaiki pencarian drivernya lokasi nya yg mudahan yg gocar "
"518","go foodnya ngelag terusudah pake wifi g sinyal g tetap ngelagterus biaya pengiriman makin mahalterus bug lokasitolong perbaikikalau gak perbaiki gw pindah grab"
"519","signal bagus stabil mengklik menu bantuan loading trss udah jatuh tempo gofaylater mohon bantuannya secepatnya"
"520","ongkir mahal ditambah biaya ditambah klo order menunggu karna ngirim yg orderan kecewa sih"
"521","tolong dong mengubah pin berkaliâ gak laporan pin berhasil diubah coba gak sistem nya gimana tolong respon gojek"
"522","kecewa banget aman mesen gosend aplikasi harga aplikasi driver malah bhilang kejauhan ngak mengantarkan k loh cek maxim cuma k beralih maxim aja driver ramah gua lebihin k bayar maxim cuma fitur aja contoh foto bukti terima teruntuk gojek bhilangi mitra kalian baca map nya"
"523"," kadang tiba tiba perlukan ojek dll memakai gopay membayar ataupun bagus up game apapun "
"524","tiba tiba dibekukan transfer terima saldo penjelasan auto uninstal bodoh mendengarkan konsumen "
"525","semoga pertumbuhan ekonomi rakyat indonesia maju sejahtera bangsanya terkecualibiarpun lebihnya tips"
"526"," history transaksi yg tunai knpa adapadahal transaksi tunai repeat order search "
"527","mesen gocar x dicancell giliran mesen pake aplikasi rivallangsung dapet kadang kalo suka nongkrong warkop kebetulan driver gocarngeluh orderan gak adagak uang what jokeðÿ ðÿ ðÿ ðÿ "
"528","parah skali ni aplikasi driver nga sumpah nyesal pake aplikasi suda memenunggu m driver nya sj sedih"
"529","mohon maaf bukannya menjelekkan gojek order motor gerimis gak hujan kenapa yg ngambil udah berapa coba tetap aja gak yg beda yg kuning cepat ngambil orderan otw gak peduli gerimis aja memberi tolong gojek yg suka milih orderan tegur layanan sakit tolong perbaiki driver yg suka milih makasih"
"530","akun gopay plus kenapa jdin upgrade ktp agak rusak gagal upgrade "
"531","direting penyelesean order turun kasih order palinag cuma order kenpa order turun ga ga order gimana kalo saldo go pay isi byak hilang jg "
"532","mnding laku ga biaya bulanan gopay parah banget biaya bulanan dobel biayanyakan udah bunga malah tambah biaya bulanan perasaan payleter ga biaya bulanan dah"
"533","kesal banget apk inierrorhabisin buat menunggu driver nya garaâ bug liat drivernya udh sampe manamobon diteliti kesalahan apk "
"534","aplikasi makin kesini makin kenapa sih lambat banget klik pemesanan gofood pencarian driver nya banget "
"535","gopaylater bug tangan persetujuan otp stuck sana tolong diperbaiki secepatnya "
"536","kebanyakan gangguan isi pulsa gk token gak transfer gk benerin dong biar kayak malah jelek bgt"
"537","sekian gunain apknya amanâ aja akhirâ malah driver nya kaya gak niat orderan jarak jemput deket gak nyampeâ sampe begtu"
"538","terdapat bug riwayat transaksi gopay memfilter data april datepicker "
"539","saran bayar tagih paylater lansung via virtual account mbanking pengalaman buruk sana mutasi berhasil tpi tetep tagihan komplan email chat center tetep gk respon malah chat bot yg terima sunguh mengejengkelkan custumer service nya merespon bener pelayanan sungguh menyenangkan rate penilaiannya rugi bayar bukti poto kirimkan via email ataupun via bantuan app nya"
"540","kalo semisal perjalanan jemput rewel bawa aja toh nggak jalur thilang lagian perjalanan nya cuman sampe km barangkali kejar deadline kan bhilangin driver mohon pengertian nya kalo semisal jalurnya aman pilih pesan terimakasih"
"541","abis d update kok malah error masak pesanan pantau driver pesananya hilang cancel engak "
"542"," pembayaran gopay promo terpasang otomatis diklik menyusahkan terbiasa sistem lupa mengklik promo update payah pantas saham goto anjlok mempermainkan pelanggan"
"543"," selaku pengguna aplikasi gojek keberatan pesan gojek berpergian pemberlakuan biaya aplikasi enggak kenapa mesti pembiayaan aplikasi tarif udah mahal tambah biaya aplikasi "
"544","rusak rusak uda update ga cek saldo ga terhubung pembayaran nya"
"545","jaringan sinyal hp bagus kuota knp loading bgt gk bs dpake bagus up sialan "
"546","kalo iklan sewajarnya aja lah tiap aplikasi iklan terganggu iklan kalian "
"547"," aplikasi gocar tolong dong titik klu order ditiadakan soalnya klu sinyalnya jelek malah tu jemput penumpang efektif"
"548","mengecewakannn bgt laporan transaksi batal perkara kesalahan aplikasi dijelaskan ditolak saldo terpotong nominal terbhilang tp pas kendala laporan ditolak bayangkan aja kalo pemesanan nominal harap diperbaiki bot chat csnya biar pelanggan dirugikan apabila saldo terpotong dikembalikan dikecawakan layanan gojekðÿ "
"549"," tersedia live chat konfirmasi keluhan contoh pendaftaran gopay plus ktp digital "
"550","tolong eror apknya kasian driver customer orderan ga terima customer ngechat si driver driver kemasukan customer pesan driver tsbtjadi driver kebingungan gitu tolong dipastikan eror kasian driver customer nya makasihðÿ ðÿ "
"551","aplikasi dating seru abis komunitas dll nya aktransfer tambah seruuntuk tampilan menu nya bagus banget"
"552","klo buka aplikasi customer gofood kok daftar menu diresto hilang patesan kok anyep banget sdh telepon cs disuruh update aplikasi sdh update gobiz gojek tp tetep daftar menu diresto ngga "
"553","parah klo buat transfer peding peberitahuan aplikasi gak cs nya transfer klo malem pending tololl"
"554"," habis lebaran akun gonek driver sulit mendpatkan orderan sehati terimakasih semuanya hanyau berhutang bayar"
"555","hallo admin gopay tolong persulit transaksi bayar fitur kecewa paketku dikirim tolong tindak lanjuti"
"556","mohon bantuannya mengapa mengubah no hp pembayaran google merubah kenapa susah agak nyaman mohon bantuannya pengguna gojek"
"557","kekecewaan melahirkan bintang app gojek tdk sebaik yg iklankantransaksi isi saldo yg tentukan kunjung "
"558","kekurangan rincian transfer yg riwayat selebihnya bagus jd pertimbangan terima kasih"
"559"," dlu aja fromo goclub g promo poin sudah g digabunginn promo goreed hemat g jd gojek sudah mahal biaya lainya kalo bersaing yg coba kurangin biaya yg g seharusnya "
"560","go mart susah cari yg dibeli pilih toko beda kalo pilih belanja dimana kalo ga mencari toko enggak kesal bngt"
"561"," bagus skrng biaya layanan go food nya mahal banget mnurut orng yg pas pasan hehe"
"562","aplikasi ngebug udah sejam gak cancel order gak lihat driver tolong diperbaiki "
"563","maaf buat kasih bintang kemahalan dibanding aplikasi anak dibawa motong buat gak nyaman gak layak gang sempit pesan makanan mahal banget mending beli resto payah"
"564"," upgrade gopay plus kelanjutan tolong gojek berkas dibaca tolak kan mengajuka berkas kualitas bagus terima kasih "
"565","driver gonta ganti berkali alhasil jarak km menunggu berjam sakit maksudnya klo gakbisa optimal mending tolak pesananannya alihkan utk berbelanja lagsung manual"
"566","aplikasi gojek penumpang driver geogle map nya suport ga kenyata an yg contoh pesan jemput antar gang nusa indah jln urip sumoharjo masjid agung alonâ tp gugel map nya arahkan bandar kidul barusan sy kantor lurah kaliombo jln tembusan kamliombo tp kok malah arahkan dandangan tolong benahin dong ðÿ ðÿ ðÿ œ"
"567","kok skrg pakai gojek pesan makanan promo tdk bs tdk iklas promo nya percuma ad promo klu tdk bs "
"568","aplikasi yg bagus akurat penjemputan promo nya yg aneh pengguna aktif go ride diskon go car ðÿ "
"569"," gocar driver sopan santun ramah komunikasi cepat nyaman dlm berkendaraan ðÿ ðÿ "
"570"," bagus fitur nya lengkapi iklan apk nya buat hp ram gb serinng tutup sebenernya bagus apk kurangan bya tadi"
"571","tolong dong kalo update apk wajib kan update lah pake voucher ga karna abang gojek nya ga update apk versi terbaru nya voucher nya ga pake"
"572","kok saldo hilang hapus apknya karna pemberitahuan wifi mati tersambung kaya pas cek saldo nya akunnya "
"573","mohon coustamer apabila titipan belanja aplikasi menjajikan via tips karna penghasilan driver seberpa coustamer titip aplikasi coustamer nakal menganganti blajaaan aplikasi biaya parkir karna resto kadang ad yaang jaga juru parkir rb rupiah coustamer berharaga driver apabila cuma janjikan via tips kenyataanya coustamer bayar "
"574","saran order resto order diselesaikan orderanya harusnya order kecuali resto yg menghindari double order "
"575","jelek penyelesaian permasalahan cust nya email telp aplikasi enggak clear nya log in pakai nomor hp pakai kenapa kode otp enggak "
"576","maaf kenapa gopay februari tarik tunai atm transfer rekening tolong developer diperbaiki sistem nya ðÿ ðÿ "
"577"," naik gocardari duren sawit taman duta cisalak bayar pake gopaytrus tol yg bayar driver nyatrus bhilang kedrivernya uang tolnya suda ganti paket aplikasi tips driver nya iyain dah tautru pesan gocar lg ga alasan belum bayar tol driver bayar tips kedrivernya skrang kalo pesan gocar ga bisaini yg siapa "
"578","gopaylaternya gojek kayak penagih pinjol meneror via telepon mengatasnamakan telkom lah kantor pos lah berkali sehari nya ramah penagihan sistem spam telepon yg berulah yg pakai jutaan yg cuma dapt limit rb kenak dampaknya"
"579","overall bagus segi interface design semoga berkembang perbanyak promo hahaha"
"580","makin makin buruk aplikasinya kemarin pesan goride pesan loadingnya driver detail rute detail pesanannya ga gopay udah berkurang untung dibatalin tolong ditindaklanjuti dong "
"581","biaya aplikasi performa pengantaran kualitas pelayanan buruk biaya naik ongkir mahal "
"582","kalo padat merayap aplikasi overload mohon down kan membuka aplikasi sebel banget rasanya berkata kasar udah tau cepat eh malah gangguan eror kalo gangguan aja otomatis cancel "
"583"," bgm aplikasi nya kok susah loading menu gofood nya begini customer sinyal internet tp aplikasi nya "
"584","makin bukannya makin bagus upgrade malah tambah jelek aplikasinya ga transaksi buat upgrade gojek mengecewakan"
"585","bintang harap pengecekan ulang sistem bagus up nya yg membuka konten yg dikirim keluarga bagus up gopay "
"586"," erordobel orderan mitra ongkos jarak tempuh orderan nya ga kadang sehari penuh orderan kevin pesannya sejahterakan gojek castamermitra persaingan optimal berkembang bagus ga kyk awur an pesan gofoood nya"
"587","tolong go good resto nya bener cek foto kenyataan beda basak an kaya memberi binatang nyesek beli makan laper beneran ga mikir harga resto mengecewakan"
"588","gk memadai ni apk apk nya gak berfungsi tutup aja deh "
"589"," aplikasi mengecewakan profesional semoga kedepannya mantul ðÿ "
"590"," beli voucher goride aja ga loh parah banget pelanggan udah tahunan tumben banget voucher bayar ga sih lumayan loh beli loh kenapa tersedia "
"591","transfer bank pendingan alami dgn aplikasi gopay saran tolong pakai aplikasi saldo hilang"
"592"," gopay transaksi memakai gopay pas memakai transfer sesama gopay malah gk transfer dana sesama gopay blokir aktivitas mencurigakan aneh"
"593"," tdk pakai gofood mode hemat lapor email bingung bantuan sekrang rumit apk sidah versi terupdate"
"594","saldo hilang membatalkan pesanan batalkan kan banget menunggu drivernya chat gak bls baca jaraknya penjemputannya deket motornya gk maps "
"595","bagus kurangin erornya promo nya mohon mudah dipahami "
"596","kenapa gopay tadi bagus op k d alfamidi aplikasi gopay nya saldo bertembah aneh nya notifikasi penerima saldo k mohon bantuannya"
"597"," pake go food tiap nyesuaiin titik lokasi pas pesan udah dapet driver tiba tiba titiknya berubah driverny ngomel"
"598","senang sebenernya pakai gojek pas order gocar waktunya udah mepet banget driver ga yg nerima loh drivernya kesal banget sampe coba berkali order tetep ga yg nerima banget gajadi berangkat tolong perbaiki terimakasih"
"599","gojek emang makanan ataupun transportasi kenapa kasih biaya ongkir gofood mahal diskon berbeda harganya ðÿ "
"600"," kecewa bermasalah pesan antar x memesan terkadang pesanan "
"601","tolong perbaiki sistemnya driver yg jemputnya kasian kan pengen cepat buru kasih driver yg terdekat biar cepat mudah "
"602"," pesan makan gofood kok pembayarannya susah bayar pake gopay pasang promo malah ga tolong dong benerin laper malah apknya eror gitu"
"603"," tarif nya mahal daripada yg sebelah kira murahdan driver utk daerah skw tolong perbaiki lg dong"
"604","driver dimenunggu menit tiba tiba membatalkan pesanan sepihak dikejar menuju station "
"605","transfer saldo gopay akun bank jago terima x alasan klasik bla bla bla intinya memenunggu makin hancur ni hatiâ "
"606"," klik titik tujuan yg diinginkan eh malah driver terima pesanan malah beda titik tujuannya semoga developer perbaiki driver si ok"
"607"," kasih bintang soalnya tambah tambah gak promonya alias promo minim rb beli makanan enak yg promonya"
"608","kak knpa gopay skrng transfer gopay lagisering banget bacaankami memblokir fiturnya nomor penerima aktivitas mencurigakan tolong perbaiki"
"609"," layanan go mart mending balikin versi pilih belanja toko bebas pilih d tentuin aplikasi yg gk tersedia nya malah terlayani tks"
"610","tolong tambah fitur chat resto bertanya memastikan pesanan permudah restonya mudahnya driver"
"611","biaya layanan aplikasi mahal tarif biaya ongkir harga makanan aja fix uninstal gojek "
"612","driver nya makin sulit didapat ter mobil diarea bandaraterminalstasiunsekali lokasi "
"613"," promo voucher gofood digabung kaga kemaren gopay coin saldo gopay digabung buat pembayaran gofood kaga makin makin nyaman pakek apl dibawahnya aja deh"
"614","minta infonya dong team gojek kebijakan alfa pembayaran sistem gopay voucher maksimal x transaksi sehari x transaksi percuma donk dapet voucher rb x bayar lohðÿ tolong dong penjelasannya "
"615","promonya aneh lokasi yg beda promo akun resto yg yg diskon yg kembalikan promo dlu"
"616","gimana si beli tiket kereta kepotong x email banget balasan nya gimana si gojek pengguna nya fa care nih malas bgt gw gw turunin review lu jd bintang lu ga care pengguna lu customer service nya "
"617","apk parah transfer bank ga transfer bank lebaran malah pending saldo lebaran ga megang uang lebaran apk taii"
"618","enak belanja makanan gojek karna harga murah promo pokoknya bagus dah "
"619"," tau saham goto anjlok minimal berbenah laaaa tiap bagusup pulsa malah trs aplikasinya tolong la jgn bikin pengguna kecewa aplikasi anak bangsa gimana bersaing aplikasi yg klw kualitasnya makin anjlok"
"620","mohon maaf admin bagus up gopay pake mobile banking transaksi berhasil kok trouble kah jaringan sinyal aman aja mohon direspon tindak lanjutin terima kasih"
"621","aplikasi loadingnya uninstal instal ulang akunnya loadingnya solusinya terima kasih"
"622","awalnya loading kmudian uninstall tetap tdk kecewa bgt skrg tdk jg loading "
"623","tolong buat layanan gosend tingkatkan klo emg siaap jgn menunggu menit kaga chat kaga respon semisal ngerokok lelah mnding gaush membutuh malah se enaknya jgn mentang tua se enaknya"
"624"," pesan server rusak jaringan udah bagus mohon diperbaiki kecewa"
"625"," banget malam pending jdi susah buat dibuka malam banget malam pesan makanan"
"626","makin sini makin mahal pelayanan nya jelek pdhl langganan bertahun pake gojek tp akhirâ pesanan banget fi cancel x cancel aneh "
"627"," isi saldo bayar kasir alfamart scan berkali barcode qr scanner tolong diperbaiki"
"628"," biaya pemesanan makanan ongkir mahal biaya pemesanannya ðÿ "
"629","makin gak makin upgrade malah makin eror malas pake apk ente "
"630","aneh aplikasi gojek voucher promo qris transaksi pakai qris pakai kode promo qris gak cashback gopay coin diketerangan transaksi cashback gopay coin gak cashback parah aplikasi gojek "
"631"," telat gara gara order gocar gobike sini sistem nya kura respon pas order kadang aplikas suka eror sinyal internet aman aman aja pokok nya sini kekuranganya lh"
"632","aplikasi nya bagus error map nya drivernya pemberitahuan ojek nya berubah menit cancel susah pesanan nya tolong perbaiki ðÿ ðÿ "
"633"," transfer gopay bank jago pending suruh menunggu ewallet gak nyampe menit parah aplikasi tolong donk lebaran saldo gopay terpotong rekening penerima kirim laporan percuma ujungnya suruh menunggu "
"634","kenapa klo driver nya nelp gak bs sy angkat ktnya aplikasinya update tp sy liat gak buat update playstore nya knp "
"635","kapok pakai gopay later bayar bayar ðÿ ˆ laternya buat belanja bayarnya malam gitu ðÿ koplak"
"636","tolong perbaiki tarik saldo aplikasi jago menunggu kebutuhannya mendesak tolong perbaikilagi pelayanannya kecewa "
"637","kok gopay buat bagus up ngisi gopay buat bagus up game tulisannya ga tersedia bayar aplikasi apapun"
"638","pesan food banget dapet drivernya didekat resto banget driver yg nyendertrus jg hujan kenapa sistem pesan antar dimatikan tolong dibenahi donk sistemnya kasian mitramu kalian semena "
"639","kenapa go send sdh cari driver cancel sdh telat banget pengiriman gini cancel susah"
"640","ðÿ žðÿ žðÿ žvoucher tiba hilang tdk bad bad bad sekalian aja ga usah ngeluarin voucher diskon dll percuma g rumit so bad so bad "
"641"," mengganti nomor didaftarkan tetep login nomor aktif"
"642"," diver pesanan cuma bubur pelanggan promo nya ongkir nya makin mahal biaya tambahan nya "
"643","gofood ongkir mahal biaya pelayanan jugaterus kenapa kalo pencarian restoran teruspencarian terdekatpromoterlaris gak kn aneh"
"644","kemahalan driver nya gaada bener kebanyakan udah ngadu kesiangan driver malah seenaknya nge cancel orderan menunggu "
"645"," penumpang kecewa pelayanannya pkai tiap cancel orderan grgr bareng adek tp malah ancam driver supaya driver tdk mengantar menyesal tdk reting jelek pd driver pdhl minusnya semoga fitur pilih driver "
"646","ongkir biaya layanan mahal hemat reguler pake voucher tetap aja perbedaannya pengantaran hmmm buruk aplikasi go jek mending pake grab food fakta bro"
"647","gimana kak kok gojek ngak pake diskon flash sale udah harga dipesan jg pakai pembayaran kak gopay tp gk dipake diskon nya gmn "
"648"," akurasi peta buruk seringkali leg koneksi bagus drivernya biaya bungkus makanan biaya aplikasi dllnya loh segarga ongkir berasa x lipat ongkir kalo pernainannya cantik banget nih aplikator"
"649"," aplikasi transfer bank tangguh kan menunggu terkadang saldo yg transfer d kan aplikasi sungguh reseee"
"650"," update pemesanan susah kuota sinyal kuat pindah aplikasi sebelah"
"651","aplikasi pemesanan makanan antar jemput praktis mudah"
"652","biaya mahal aja tambah skrg pake biaya aplikasi biaya bungkus ongkir mahal biaya gojek nya dri biaya pesanan"
"653","tolong dong kalou bikin aplikasi gojek bener bikin nya udah iklan bug nya tolong betulin kalou nggak betulin aplikasi go jek tutup aja kalou nggak minat betulin aplikasi nya"
"654","tolong kan akuratan maps nya driver nyasar nganterin go food lainya oke sii ðÿ œ"
"655","abis update tiba aplikasi nya ga pake loading ga bawa dompet mohon perbaiki min soal nya agak merugikan"
"656"," cerdas dong bagus up saldo bukannya dipermudah malah berbelit rumit kalah aplikasi sebelah "
"657","skrg pesan food gojek mahalbiaya ma ongkir ja rbtu ja trip jarak dekatmalah murah aplikasi sebelah tlg aplikatorlau begini trscustamermu pindah sebelah "
"658"," suka pelayanan driver yg sopan resto customer sopan perihal pesanan terkadang sopan perilakunya tolong tindak lanjuti drivernya sopan customer resto bekerja resto driver yg sopan pengambilan orderan driver yg pesanan customer perilaku nya sopan "
"659"," aplikasi bug udah ganti kode pin nya yg gk gmn "
"660"," suka apknya udah langganan gofood plus toko plus dapet gratis ongkir "
"661","kalo konek wifi applikasinya kalo pakai jaringan data selluler blng internet diapp game lancar aja "
"662"," januari aplikasi error jarak pengambilan order km dampaknya driver order cuma dpt order order surve klo kenyataan "
"663","makin appnya makin ga kouta gb jaringan jg bagus app koneksi eror aneh aneh"
"664","aplikasi nya skrg buruk bgt costumer service nya gaa mengerti dipemesanan malah dilempar penjual fungsi gojek penengah apaa wkwk"
"665","brengsek loading parah gue ketinggalan pesawat aplikasi sampah udah bikin kecewa"
"666","gojek ni kenapa ampun bgt erorrrr loading teruss udah coba uninstall install ulang malah masukk muter trs solusinnya gopay saldonya hapus sayang "
"667"," transfers bank aman aman aja kenapa transfer bank ga tulisanya pakai apk bagus uang transfer belum mohon uang membutuhkanya"
"668","kl dibhilang gangguan jaringan kenapa tiap pakai app gojek jaringan jd lambat tp sy coba pakai steaming nonton youtube vidio dll lancar "
"669"," bayar bayar udah dipastikan voucher nempel pas udah bayar malah voucher gak dihitung nempel gak dpt cashback aplikasi petipu ðÿ žðÿ žðÿ žðÿ žðÿ ž"
"670","maps aplikasi tdk akurat lari tdk dgn lokasi alamat pd memesan mengorder"
"671"," seriusan promo flash sale promo resto gofood hilang cuma aplikasi aja hilang bener tertarik gara promo cashback semoga promo cashbacknya balik "
"672","apkikasi bagus sesekali error sbg contoh beda saldo apk gojek vs apk bluebird riwayat transaksi gopay gak dihapus "
"673","gojek kenapa pesan acc saldo berkurang kok dicancel "
"674","keluhan driver gopartner playstore jawaban keluhan customer yg dijawab mitra mu menguntungkan mudengan potong an mu yg menggila "
"675"," pelit kasih potongan nya dah gitu pakai potongan resto ongkir kok cm voucher aj tolong donk kasih promo yg bagus ak pelanggan gojek tau"
"676","maaf kalo bintang soalnya kadang server gojek lambat parah walaupun memakai mobile data terlebih error koneksi walaupun koneksi wifi kuat berfungsi normal aplikasi mohon perbaiki servernya terima kasih "
"677","aneh lu gopay plus udah malah turunin basic upgrade malah gak e ktp data dukcapil konfirmasi dukcapil lho trs kek pikiranlo"
"678"," driver restonya ngechat ga pemberitahuan suka ga ketahuan kadang pesanannya"
"679","berkali upgrade gopay plus gagal menerus wajah foto ktp sinyal "
"680"," aplikasi apaankalau gak niat bikin promo masukan kode promo kog susah banget alhasil kadarluwarsa mending pakai apk sebelah mengecewakan"
"681","aplikasi akses tulisannya akses internet internet kuota aktif ðÿ "
"682","aplikasi menganggap bodoh reguler paket hemat tp bolak balik gitu za pesan goride ga ditempat yg titik gila apk"
"683","overall makin tambah bagus cuma tambahin dong mode gelapnya biar bagus tambah nyaman "
"684","gimna saldo yg transfer bank jago siang tdi blom saldo gimna pertanggung jawaban kalian transfer saldo gopay berkurang berkurang entah tau kmna cek saldo rek bank nya yg tujuh saldo "
"685","update biar filter dong biar filterin jas hujan susah kalo hujan gk dapet dapet"
"686","udh order didrivernya nggk udh menunggu an coba dibatalin nggk udh dicoba tetap nggk gimana sihðÿ "
"687","transfer pendingnya banget saldo terpotong blm terkirim penanganya chat bales merugikan customer"
"688","sekrang makin susah mencari goride kenapa sekrng kaya gini gampang order nya skrng malah makin order nya mohon perbaiki min"
"689","makin aplikasi nya makin rumit bukannya makin praktis anehutk gojek jgn lebay deh masak mw pake aplikasi go send nya byk bgt yg isi sdgkan kdg lg pgn buru toling dibalikin kyk dl lagiyg praktis jgn byk embel "
"690","tolong diperbaiki pencarian lokasi jemput alamat terdeteksi terimakasih"
"691"," diskon voucher pas sampe habis taunya akunnya malah ga diskon ga niat kasih diskon voucher ga usah disediakan lah"
"692"," tagihan gopayletter bayar aplikasi gojeknyangabisa dibuka tukang tagihnya galak galak ngomong kasar nunggak aplikasinya maintenance tolong dong kabur emang aplikasi aja yg ga dibuka"
"693","turun nggak konsisten gopay latter tiba nggak konfirmasi bayar anti telat tepat "
"694","aplikasi nya makin jelek lambat nya minta ampun ngga buat buru buru lambat "
"695","aplikasi rekomended membuktikan nya sendri kmren soal saldo saldo walaupun respon kinerja aturan pling lambat terbukti aplikasi amanah bertanggung jwab ðÿ š"
"696","susah dapet kode otp nya jaringan nomor nya lengkap "
"697","gara uang gopay fitur dinonaktifkan udh bikin laporan berkali ditolak gmn pengguna gk berkurang klo gini wkwk"
"698"," mengecewakan menghargai pelanggan gojeg nya rewardnya ditambah malah dikurangi pelanggan penurunan level goclub profesional user marketing gojeg "
"699"," pakai gopaylater lancar gk nunggak rajin transaksi pakai gopay gopaylater blokir mengecewakan "
"700","bad user journey utk gofood ktk dianter gak komplit ga chat oneway warung user tdk bolak balik musti dimprove orng lroduct suruh jajal flow nya dg ngatif case"
"701"," update kemarin kenapa ko pake gopay later tiba koneksi sih aneh banget "
"702","status mulu udh ber gak aplikasi nya makin sini makin aneh benerin coba bos transfer gak masukâ "
"703","aplikasi aneh giliran bayar gopay later malah suruh daftar ulang ktp udh coba berkali bhilang ny jgn nyerah jgn nyerah tolong go pay solusi ny"
"704","rumit stn login pke nomor kgak bsa krna lupa sandi login pke nomor malah blgnya gada email yg tersambung dgn nomor tsb nyoba login lgi kdu menunggu menit mna urgent minimal adain opsi login pke email lah bmbang "
"705","aplikasi error driver nya suka seenaknya inu yg daftar gojek ittu bebas kualifikasinya yahh kok kayaknya driver gada yg hargain bngt hehe nge rugiin bngt si klo orng udh telat milih gojek biar cepat eh drivernya mlh bodo amatan ama si cust"
"706"," maju selangkah argo normal yg terima driver gak manusiawi potongannya wah "
"707","gojek tolong pengantaran susah driver pesanan batalkan sajah mengunggu chat resto bingung jadinya "
"708","kontolllll maju mendunia aplikasi tampilan nya kebanyakan neko neko gak mudah gak kayak jaman nya management nya nadim kevin ruweeett "
"709"," uda dibuka kenapa deh minn uda update jaringannya okee buat buka aplikasi cuma gojek doang ni gabisaaa"
"710","error gak sinyal bagus kalo gini kyknyaaa "
"711","koneksinya buruk menampilkan saldo susah buat transfer"
"712","kenapa transfer rek bank disuruh upgrade kolom upgrade tahunan "
"713","aplikasi yg bermanfaat tdk kendaraan tdk pulang ðÿ ðÿ bintang buat gojek ðÿ ðÿ ðÿ ðÿ ðÿ ðÿ ðÿ ðÿ ðÿ ðÿ "
"714"," siap tarik tunai kendala sampi kapok pake e wallet diajak keadaan mendesak"
"715","rumit anjir security nya menyedihkan rakyat nya gak pinter gimana kehack ujung ujungnya kenapa gak pake facial recognition aja buat verifikasi nomor dev gajelas deh"
"716"," lag jaringan bagus bayar sistem eror "
"717","transfer saldo rekening bank status memenunggu biaya doang pelayanan nya asu gk layak bintang gopay buruk pelayanan nya mengecewakan "
"718","apaan anjir email dah daftar pas login gak aneh asu "
"719","tepat drivernya ramah komunikatif bagus lah pokoknya "
"720","kecewa aplikasini drivernya ga ramah ga aplikasi sebelah ramah tolong perbaiki"
"721","pesan diterima disiapkan diantar tepat tujuan puas "
"722","make gofood ga masalahin biaya ongkir yg biaya aplikasi dll aplikasi ngebug biaya kenaknya ga ngotak"
"723","tolong gojek perbaikigofood nya makin kesini makin yg malak parkir resto ga parkir udh biaya tambahan tambah bohong soal parkir mending kalo emg parkir driver lngsung gopay aja bukti parkir biar yg ga bohong soal parkir krna uang nya min yg suka kasih tips klo driver ga jujur malas ganggu menunggu uang parkir taro makanan"
"724","pakai go box pilih kendaraan cm engkel box tdk daerah makin makin gak aplikasinya"
"725","pelayanan oke cuma bikin iklan video cuma layar hitam "
"726","aplikasi gak udah daftar gopay plus berhasil notifikasi gopay kamu gagal gopay plus daftar malah gak aplikasi gak banget"
"727","makin makin mahal aja ongkosnya gak kenaikan nya berapa harga berangkat pulang beda otw uninstall mahal banget "
"728"," update invsestasi lodingny bgt ngestuck situ aja"
"729","drivernya cepat rapih sekadang agak susah gosend agak memenunggu gak trimakasih"
"730"," mencari promo free ongkir diskon ongkir ongkos murah apapun yg nguntungin wajar buat efisiensi keuangan ceritanya apk ngadain promo bakarâ an uang biar exist tau ga lu dgn fitur promo apk manapun dpt merugikan driver zaman skrg apk yg bakarâ uang pake uangnya resesi global brouang darimana yg apk bakar uang driver promo yg lu pake jadilah wni yg manusiawi sesama wni salam waras selaluðÿ driver"
"731","utk gopay tolong ktp buat akun gopayplus dibank no ktp yg buat smpi tabungan dibank malah teknologi berkembang "
"732","knapa x bagusup saldonya ga tolong dijawab dirugikan "
"733","anjirlah go transit gw telat gaada uang cash gabawa kartu diandalkan mengecewakan error prime sumpa kecewa parah pelanggan yg pake tiap "
"734"," bagus kembangkan kedepannya "
"735","aplikasinya kenapa sih pesan go jek eh loadingnya internetnya lancar"
"736","go paylate nya jatuh tempo dah telepon kayak aja wajar klo dah sebulanan telepon maklumin"
"737"," kenapa aplikasi nya ga buka udah update"
"738","pelanggan dilupakan pakai gojek fasilitas gojek cuma gopaylater "
"739","aplikasi bagus aplikasi kuntul skrg maaf jaringan padat merayap tp penguna disuruh cek jaringanwifi internet bermasalah kan babi aplikasi "
"740","uda bayar tagihan gopay paylater pembayaran tagihan diterimauda ngisi laporan bantuan tp blm progres"
"741","knpa klo transfer gopay upgrad upgrade kalo piktur gak upgrade enak transfer klo transfer gunain qris biyaya admin rbu kalian tergiur untungan pengguna gopay uphgade"
"742"," buruk gopay plus ktp foto dianggap gagal trus dana nyangkut parah balikin uang gw woy "
"743"," suka pelayanan nyakarena fast responuntuk customer servicenyajadi kasih bintang "
"744","apk errorgopay udh offbisa ngurang saldonya apk bodong menyesal udh daftar "
"745","tolong apk hojek perbaiki agak gangguan pesan makanan gak mood pesan apk goofod secepatnya perbaiki"
"746"," menyukai pelayanan gojek tingkatkan tepat wakturamah bikin shelter biar mudah ojol no indonesia semoga menarik minat warga gojek bikin layanan kirim express bikin nyaman aman tingkatkan safety lengkapi segalanya semoga gojek sukses taraf masyarakat membutuhkan loker dipermudah semoga pelayanan tiket nyaman aman express tdk bikin rumit"
"747","lambat bgt signal hp stabil aja buka apk belanja bgt bukanya mohon diperbaiki ðÿ "
"748","hadeh aplikasi cacat banget saldo pending kapok pake lepas uang balik delet permanen"
"749","aplikasi buruk hujan pesan makan susah cari driver unfolow aja lah ni apk"
"750"," update jdi buka aplikasiotomatis langung kluar dri aplikasi mohon solusinya"
"751","terimakasih respon tambah bintang page link no error respon dev postingan "
"752","beli pulsa telkomsel bayar pakai gopay tertera cashback coins pas bayar eh gak cashbacknya tolong hapus aja promonya kalo gak "
"753","aplikasi mudah operasikan pelayanannya "
"754","transfer nya gangguan mulu disuruh menunggu eh sampe belum sampe "
"755","kenapa digopay tarik tunai upgrade "
"756"," dimana aja aplikasi tetap kepake lengkap muanya tarif yeeee dimurahin "
"757"," dapetin driver php teruss cancel gmn sih udh ngarepin banget udh smpe driver malah dicancel sedih banget udh menunggu panas panasðÿ "
"758"," sehari pertahankan tingkatkan"
"759"," kenapa gak buat bayar alfagift yg bagus up aja update"
"760"," trbantu sdikit saran aplikasi gocar beri warna kendaraan jg donk"
"761","ditingkatkan error koneksi stabil"
"762"," gmn siihh apk ny g bsa d buka mna ak isi saldo tp g bsa d buka tolong dong woii gmn"
"763"," memudahkan engga suka butuhkan ujan golcar membatalkan ðÿ ðÿ ðÿ ðÿ ðÿ "
"764"," log in knp kemarin kode otp nya "
"765"," bikin mudah ajh tp nyata nya gk respon "
"766","aneh masak iya nomor ga daftar kirim curang banget uang nya "
"767","interface pembayaran rumit tarik tunai entah dimana letaknya susah ketemu"
"768","knpa stlh up ga gofood gbsa go pulsa gbsa dll jg gbsa d buka tlng dong min trs coba uninstall gbsa "
"769","bagus uptransaksi cepat gak rumit "
"770","gopay sih aman bgt tp lumayan ganggu krn masukin pin nya klo dikit bgt menunggu sejam buat bs transaksi ulang hufftt"
"771","aplikasi kok gg makin murah makin mahal aja kapok pakai biaya kok segitu nya makanya driver sepi gojek customer mahal customer aplikasi yg murah promo gg promo aja"
"772","parah drivernya ga niat pesan gofood karna ongkos nya mahal ga kebanyakan nolak ga balas pesan ataupun ngecancel ngomong driver nya ngechat bhilang maaf mas ongkos nya mahal kalo main jarak deket ngapain mesen gofood mending beli next cari driver yg bener lah gojek sampah banget driver "
"773"," kenapa kok pembayarannya tunai pelaporan bugs gak tau chat sini aja ðÿ "
"774","kebanyakan biaya jatuhnya mahal mending gerak dikit makan tedekat biar makin sehat"
"775","bang temen gw ganteng aseli pas foto upgrade gopay plus jelek bat mukanya aja jijik liat muka foto gopay emote batu aplikasinya bagus bagus aja sih ga trouble "
"776","rute kadang manusiawi samapai istilah rute kenapa ngambil rute jauhhh"
"777","aneh banget tiba tiba transaksi google play anjinggggg saldo gw hilang k bangke balikin lah njinggg"
"778"," transfer bank status diproses memunggu saldo dikembalikan dibeginikan pindah ewwalet "
"779","scan qr kepotong gak dimerchant refundnya bgt gak nomor yg dihubungi aplikasi gak tanggung jawab"
"780","terima kasih gojek y mempercayakan limit gopaylater rbbeberapa pakaidan telat bayar tp kenapa jarang gopaylater skrang malah diblokir gopaylaternyaðÿ "
"781","go pinjam kalo udh pinjam gk pinjam lg ðÿ ðÿ ðÿ sistemnya jelek kalo saldo seharusnya pinjem ðÿ "
"782","good pemakaian gak kendala bintang buat aplikasi â â â â â "
"783","agak kecewa tadi pas mencari driver daerah paragon semarang gerimis driver ga acc udh menunggu banget takut ketinggalan kereta lari stasiun"
"784"," mode transportasi food kapan aja aja"
"785","kalo pesan gofood driver nya suka aplikasi nya lambat menunggu ganti driver "
"786"," marketing gojek nya menawarkan paylater coba iseng usut usut acc bersyukur banget gk acc gojek tau bagusup nya gk paylater berterima kasih buat tetangga yg nganggur acc mengutamakan gaya sepeser bayar acc rezeki gak memberi siapa "
"787"," sekecewa aplikasi gojek aplikasi banget lambat diklik promo tiba udh diterima aja pesanan resto tdk bs dibatalkan pesanan lg promo br bs diklik harga saldo harga promo ðÿ  "
"788","nongol iklan gw hapus aplikasi gojeg gw tai iklan maksa banget bangsat"
"789","aplikasi nya bagustapi transfer gopay malah dompet beku wajar transaksi udh pake bantuan malah kgk respon "
"790","it nya ga tau driver main kasih orderan tadi say dpt x orderan sya sukahstidisuruh jemput obat jln bmbu kuningmasa suruh blk "
"791"," menentukan lokasinya sih udah oke bayar gojek agak mahal sih aplikasi gojek agak turunin lah harga gojek nya biar senang "
"792","aplikasi udah bagus terdapat kesalahan sistem transaksi kesalahan berujung hilang saldo"
"793","hallo gojek kenapa sih resto yg terdekat gofood yg resto yg km ogah order resto yg ongkir km aja mahal ongkir coba tiap order gofood mahal ongkir dll mending nyuruh ojek pangkalan bayar rb beres"
"794"," sya kasih bintang bintang aja aplikasi tambah rumit payah ga pilih lokasi penjemputan yg tepat yg lokasi sarankan itupun dri lokasi sya pesan go ride yg go car driver ga koneksi hp bagus "
"795"," kecewa transaksi pakai gopay later yg tagihan jatuh tempoâ ï ðÿ ðÿ  ðÿ  ðÿ  â ï "
"796","maps area kupang perluas kaka maksimal"
"797","bagus aplikasinyawalaupun hargabiaya layanannya mahal"
"798"," download karna reward saldo gopay produk susu formula kenapa saldonya walau ngga seberapa nominalnya lumayan "
"799","seringkali driver foto tepat waktunya misal tertulis menit lg smp trnyt udah smp lokasi "
"800"," kecewa banyaknya penolakan mitra semoga kedepannya dikarenakan banyaknya cancel mitra memilih aplikasi "
"801","ngga login link dikirim udah klik udah nyoba dr ã aja ngga malah balik halaman daftar ngga login "
"802","perjalanan aman nyaman gocar terimakasih respon cepat pemesanan"
"803"," buru udah prioritas aja susah driver bnyak ngak yg tolong perbaiki servicenya"
"804"," kasih bintang update kok ga fitur transportasi gocar "
"805"," memuaskan karna transaksi belanja segalanya mudah"
"806"," update malah bikin tambah rumit order layanan gomart gampang pilihan toko titik terdekat milih belanjaan yg cari aja rumit kadang malah gak pilihannya it nya kebangetan pinter sampeâ customernya kabur krn dibikin rumit kalo pesan mending pesan apk alfagift gak rumit mencari yg beli gratis ongkir apk gojek ngebebanin customer ongkir mahal gak sebanding dgn yg terima driver kasian drivernya "
"807","kenapa gofood nya bget driver jg nya driver karna doubel order rekomended keburu kelaparan "
"808","makanan yg dipilih dipesan tdk dihapus notifikasi hapus keranjangnya tambah ulang menu kamu buat pesan"
"809"," banget cancel driver udah menunggu makin makin mahal pelayanan nya oke "
"810","pelayanan segi fasilitas ditawarkan responsif terimakasih kesan pengalaman aplikasi "
"811"," pake apl tp gofood tolong sertakan kalo resto tutup udah mencari mencari toko pas pesan malah tutupðÿ  nya mntp"
"812","aplikasi e money pembayaran elektronik jasa belanja angkutan antar jemput komplitlengkap ngutang "
"813","lah gimna daftar ko ajah mentok email email terdaftar kenapa ga permudah klik nomor telepon email terdaftar ga usah lebar ujung y ga berulang last alternate uninstal ganti grab ðÿ ðÿ  perbaiki masuknya login"
"814","uninstal uninstal gojek aplikasi drivernya ngeselin banget buruk mending grab maxim"
"815"," aplikasi eror dah kayaknya pesan goride drivernya karna motor rusak pesan yg ojol setalah dimarahin gimana gojek kok order ganda"
"816","buta map suruh belajar baca map udah menunggu malah cancel cancelnya ga attitude kaga ngomong tau buru buru"
"817","aplikasi biaya aplikasi mahal error driver mahal nilai plusnya "
"818","gopaylater ngejebak pembayaran denda sengaja gk org kelaparan detail baca "
"819","tolong diperbaiki ui nya pengguna dimensity scroll terasa bounce effect nya"
"820","tolong dong dibuatkan shortcut to home masingâ layanannya pengguna gotransit kecepatan tersedia membuka gojek membuka submenu versi gotransit menu kok hilang submenu tolong diperhatikan terima kasih â ºï ðÿ "
"821","tambkah ancur aja aplikasi disuruh update goplus tp nga karna ktp rusak dikit diapliksi grab ktp w fine karna fitur buat ktp skrg buat nga kepake aplikasinya mending uninstal aja tambah ancur aja gojek ditinggal nadiem"
"822"," bug tujuan seberang terowongan tertentu terpilih melewati terowongannya raya malah melewati jalur harganya mahal alternatifnya tujuan terowongan pengendara motor melewati terowongan meter sungguh merumitkan "
"823"," aplikasinya mempermudah penggunanya"
"824","login nya bikin mudah napa woy kirim link via sms linknya kepotong gak bener "
"825","kacau sihh ngga recommended buru buru spend susah banget dapet driver dapet cancel laammmaaaaaaaaaaaaaaaaaaaaaaaa dapet driver nya kapok"
"826","aplikasi bagus praktis pembyaean apapun praktis"
"827"," mengecewakan hapus isi keranjang beginilah saingan "
"828","aplikasinya lambat meskipun sinyal internet bagus verifikasi daftar akun sulit aksesnya"
"829","kecewa bayar ongkir instant belanja sdh pickup siang gk dikirim diajak tdr siang driver mapnya bergerak mendekati sore alhasil mlm aja blm ongkir rb berasa samday rban mengecewakan "
"830","hati hati klo naro saldo gopay rubah reguler suruh update ga ga transfer ngojek situ ga solusi alesan nya ketentuan kententuan maling apk maling berbahaya "
"831","upgrade gak transaksi gopay mohon dipercepat upgradenya "
"832"," gimana login nya mencoba otp nya ktnya kirim sms tpi menunggu ga perbaiki â º"
"833"," kenapa bgt driver cancel orderan bgt lokasi driver semuasetiap dapet driver malah cepat bgt dapet driver nya ga pake cancel deket makin cancel saam driver nya lokasi "
"834"," cancel pesanan ga server eror udh sampe menitan driver tdak responsif "
"835","kenapa f vitur gopay saldonya terbaca barusajah diisi bagusup khawatir saldo gopay "
"836","pesan goshop saldo gopay kepotong tp belanjaan ga driver chat centang trus hubungin bantuan udah tp ga yg respon ga kejelasannya buruk"
"837","gak upgrade gopay plus udah foto datanya bener ttp salahkan gak upgrade kecewa "
"838","mudah pesan potongan harga jugaðÿ "
"839"," sinyal menerus sinyal bagus"
"840"," apaan dah lokasi sulit ditentukan gps nyala sinyal oke gitu gitu udah ku restart beli buat berbuka keluarga terimakasih gojek keluargaku kecewa ðÿ "
"841","ganti bos makin rumit apk ngapain pake plus plusktp gua burem jd susah anjir"
"842"," resto tutup aplikasi buka kasihan driver menuju resto dicancel"
"843"," driver pelanggan cerita kecewa deriver pelanggan pindah aplikasi tolong diperbaiki pindah yg "
"844"," kalo kirim gopay rekening bank nya memenunggu ujungnya gagal tolong perbaiki penguna suka aplikasi "
"845"," grab grab degan helm penumpang yg jelekbau gofood promo terpasang harga terpotong "
"846","aplikasi kek taikklg dibutuhin buat berangkat sklh malah ngebug udh update v"
"847"," gamau email semacamnya ulasan sini kenapa tiba tiba gak pilih lokasi tujuan update "
"848","bintang satunya bosku pinjaman gopinjam lancar kok pas bayar muter kan jadinya jatuh tempo erorr aplikasi rusak kenapa dibebankan denda "
"849"," memuaskanbiasanya pesan kai pake ni payment cuma ga gimana sihdulu sih nyaman aja pakai aplikasi ga "
"850","memudah kan pesan makanan jarak keluhan knapa bayar jasa aplikasi bayar nya lumayan k skrg jarak antar km udah k beli voucher gratis ongkir k min belanja nya dikenakan biaya aplikasi aja kan bayar nya berlebih pakai voucher gratis ongkir beli lo mohon jgn biaya nya makasih"
"851","bayar pdam malah bayar kacauuuu aplikasi cek pdam kab agam bayar januari parah kacau uang hilang "
"852","lemooodhnya gada obat wifi stabil data susah banget connect "
"853","gopay poin gunanya biar beli pulsa dipake terhubung ketokopedia coba kayak digrab ovopoin dipake beli pulsa diaplikasi nya pelit amat buat promo"
"854"," pesan gopfod karna layanan yg gx alasan layanan gofod leguler hemat sajah bayarnya onkosnya sajah menunggu pesanan karna alasan orderan d gabung pngntrannya lambat makanansaya dingin aflikasi nya jelek bngt aflikasi nya jelek tolong d perbaiki kaya "
"855","aplikasi bagus driver gercep cepat kadang layanan google play tersedia"
"856","driver minta cancel apk tombol cancel parahnya minta hub cs yg jawab bot jawaban "
"857","tadinya gak kendala eh skrg malah gak tangan elektronik sempat lapor email cs malah gak solusi payah"
"858"," biaya biaya biaya jasa yg bingung kok bngt gangguan manfaat biaya itutu gangguan"
"859"," gopaylater sayang member transaksipun pas pengajuan tiap yg tentukan tolak mulu hmm"
"860","tambah fitur dong gotiket buat pesan tiket kereta api sebagainya aplikasi sebelah terima kasih "
"861"," ubah ratingnya krn bagus up saldo gopay akun diminta memenunggu x saldo jg "
"862","aplikasinya bagus eror bagus up saldo terkirim tim it menejemennya berbenah lg"
"863","maaf menyampaikan keluhan menu eksplor fitur tarik tunai upgrade gopay plus terimakasih "
"864","cashback pembayaran voucher dicek berkali endingnya pembayaran malah gak terpakai sudahlah gak usah sok ganti ui ux kalo jelek malah memainkan user kayak gini payah gak bener"
"865","apaan udh error mulu gak pesan makanan"
"866","udah gopay plus malah balikin gopay nya rumit transfer gak "
"867","gopay later jatuh tempo sdh dibayar pas tgl bln berikutnya sdh ditagih alasan tagihan per tgl tgl sdh ditagih denda kesini gojek aneh "
"868","makin kesini harga makin mahal dihari tambah mahal okelah mahal asalkan pelayanan lambat ugal ugalan driver gojek mengutamakan penghasilan pendapatan ketimbang kenyamanan kesalamatan begini uninstal berhenti makai gojek "
"869"," gojekharap gps nya updatekalau keakuratan mirip grabjd driver jg kelamaan jemput antar antar makan ok "
"870","pesan driver menunggu nya seolah gak butu costumer pesan driver aplikasi grab ontime murah "
"871"," makan aja bener biayanya biaya bungkus biaya apk ongkir nya pas ditanyakan driver nya ongkos bersih nya betul untungnya kamu jek"
"872","biaya ongkir gofood km ribuâ pesan konsumsi tiba tiba dikeluarkan biaya jasa tolonglah "
"873","gimana sih sistemnya gojek udah kalisaya pilih pengantaran cepat sampe sejamanlama"
"874","pelan gojek tumbang biaya ongkir biaya layanan gak akalkadang mahal harga product yg beli bye bye"
"875","bantu bgt buat suka gak makanan deivernya "
"876","kenapa sibuk segala macam sih tambah parah ajj mekanisme gopatnert skrg dah gak bonus skrg ditambah embel yg mendingan kya dlu lancar orderan driver semangat jadinya "
"877","kenapa jemput driver diarahkan meskipun didekat situ standby beda ojol "
"878","apaan makin kok error apknya ðÿ ðÿ gak worth it tolong dong diperbaiki masak kalah apk sebelah "
"879","pelayanan cs komplain pulsa "
"880","teruntuk customer yg terhormat tolong cancel orderan aplikator sistemnya kejam kejam penjajah lu yg cancle orderan gua driver yg menanggung akibatnya susah orderan sini faham "
"881","interface simple bagus kenapa upgrade bagus ngk "
"882"," pesan makan online harga naik dikit diskon buat udah serba paylater buat pay later susah hah "
"883"," kecewa dgn gojek jarak tempuh harga berubah rubah keuntungan pemakai sekarangpun gak harga mahal"
"884","makin makin rusak aplikasi susah buat isi ulang gopay tiba tiba blackscreen "
"885","update terbaru maret error gunakan fitur minta gopay keluarga kesalahan fitur tolong perbaiki "
"886"," maret bagus up jt bank mandiri bagus up gagal akun gojek upgrade plus dimana maksimal saldo gopay kendala peringatan informasi saldo maksimal aplikasi gojek saldo bagus up secepat "
"887","lambat n seharusnya utk gofood klo pesanan yg dgn yg d pesan uang d kembalikan "
"888","tolong pelayanan nya diperbaiki belanja gomart pengurangan item harusnya kalo stok ready gausah ready kan"
"889","dapet driver pas udah dapet driver posisinya ga jalanâ chat ga balesâ pas cancel harganya makin makin naik "
"890","udah pesan nyangkut driver sekitaran gojek udah gitu menunggu driver nya kesal kalo udah mepet kantor tiba tiba cancel driver udah menunggu nya "
"891","biaya layanan nya bos karya anak bangsa ko malah nyekek banding kompetitor asing "
"892","tolong titik alamat tandai pesan makan kadang malah tetangga sampe telepon drivernya ðÿ "
"893"," banget dapet driver ga jemput titik bicaranya kasar telp tolong cust ygum complain lgsg tindak lanjuti sblm image kalian tambah buruk karna sy tdk dapet driver yg ga ramah apk sebelah"
"894","drivernya pemalas cancel lokasi biaya antar mahal ui ux ga asik wajib uninstall "
"895","customer menjauh biaya tambahan ongkir mahal msh ditambah biaya aplikasi dll"
"896","berapa si bantuan layanan petipuan lho transaksi nyadibalikin harusnya dongkenapa prosesnya bangettttttttsaya banget taukkk uang ituuuuu"
"897","kualitas ditingkatkan kan tarif disesuaikan"
"898","aplikasi ngak berguna dipake diluar negri tampilan aplikasi berubah ngak dipake pembayaran pay later dilakukancoba menghubungi customer service malah jawaban nya dri mesin penjawab menghubungi layanan tpj denda paylater "
"899"," udah bagus up gopay buat pembayaran tiktok online shop ehh malah transaksi gagal transaksi gagal mulu menyesal pake gopay buat transaksi udah rumit ngerugiin ama uang"
"900","tolong donk udh pake gofood percepatan kalo order makanan sm yg tentukan parah"
"901","aplikasi makin makin burik kendala eror update makin eror memakai internet stabil"
"902","kenapa akun sy pakai promonya update udah uninstal trus instal lg udh tolong dong gojek penjelasannya ðÿ ðÿ ðÿ "
"903","akun lvl bos flash sale hilang cek akun temen yg level kira knp udah lapor ditutup"
"904","sistem gofood sengaja in gimana pesan gofood penjemputan makanan tolong lah gofood nya bikin peraturan pesan menuju lokasi penjemputan nya sengaja in"
"905"," akomodasi perjalanan makanan "
"906"," gopay ditingkatkan aplikasi nya gopay bagus apliaksi slalu kendala disetiap transaksi"
"907","kenapa fasilitas gopaylater cicilinfonya peningkatan pelayanan info ataupun gunakan "
"908","bayar paylatter tepat ga prnh telat iseng daftar gopay pinjam x daftar ga acc pdhl data sdh sy cek teliti lengkap aneh mending gausah gopay pinjam yg paylatter aja ga prnh telat sekalipun "
"909"," perbaiki fitur aplikasi gojek skrg wajib notifikasiikasi update aplikasi biar nyaman aplikasi sebelah "
"910","aplikasinya ok cuma makin kesini makin biaya tambahan ongkir gratis mendadak ketambahan biaya bungkus memamg standar aja bungkus kemasan plastik merchantnya issue solusinya fair customer"
"911"," layanan antar goride gocar gosend alhamdulilah no komplain akurasi mapnya aja yg ditingkatkan gopay mudah cuma yg suka hati tuh pesan gofood euh yg oke update "
"912","biaya layanan naik skg jarang kasih diskon ntar klo dah kasih diskon kasih bintang deh "
"913","payah akun bekukan krna driver mengantar gofood nomor alamat penerima yg makan akun bekukan gopay gunakan kirim akun tolong lah kebijakan nya"
"914","akun gw bermasalah udah ngomong buat form cs nya bhilang akun nya pelanggaran solusinya apaa gw ga ngelakuin aneh app usaha malah blg ngelakuin pelanggan minimal solusi lohhhh solusiiiii tah disuruh kek walaupun rumit ganti akun gamasalah yg gw pake layanan gojek gapaham gw percaya bgt gojek kecewa "
"915","map nya luaaar biasaah membingungkan gk inisiatip utk perbaikan payaaah ðÿ ž"
"916"," balikpapan driver diberi jarak nya order ulang memenunggu"
"917","sistem keamanan buruk mudah tembus hacker ongkir mahal dalih biaya tambahan dll gofoodnya sitemnya jelek nuggu menit ketemu driver nggu masak pengantaran mag kronis "
"918","gojek cacat saldo tiba hilang gak riwayat gak notifikasi sungguh mengecewakan harap temen gak nglamin sbelum nya naik aja gak tau kenapa kok trpotong yg heran kok gak notifikasi riwayat nya gunakan kecewa"
"919","alhamdulillah pesan makanan aplikasi terbantu pesanan diterima tepat terimakasih "
"920","tolong ongkos kirim nya disesuaikan jarak cuma sebelah desa aja sampe alasannya bbm naik aja bbm udah turun demi "
"921"," lokasi alamat yg udah save bug nya entah tiba entah nggak akuin bagus banget bagus kenapa skrg developer nya kok ngoding nya aja junior developer nya tolong dong dikembalikan kesemula"
"922","makin perbarui malah bermasalah memesan go send driver udah gitu cancel tolong solusinya adminnn"
"923"," gopay coin digabung promo gk guna coinnya hilangin aja cashback gopay coin klau kek gitu "
"924","respon cepatdriver komunikatifsopanpencarian lokasi jg tepat cepatðÿ ðÿ ðÿ ðÿ "
"925","kenapa gofood gk pembeda makanan halal non halal jadinya bingung pilih makanannya aplikasi bagus perusaahan bagus kok gk buat simple nih kasih ide"
"926"," pakai aplikasi aman aman ajapas kelamaan saldo dblock bukti jelasgiliran kasih keluhan gak direspon saldo tahanapa aplikasi percayakam menyimpan uang tujuan aplikasi melainkan uang alsan gojekscam"
"927","daftar drivernya kok komunitas minta uang pendaftarannya tp kalo daftar aplikasinyanya pendaftaran tutup tolong berantas tuh calo kantor komunitas drivernya "
"928","sipp apk yg gangguangabisa kirim otp gua yg disuruh menunggu menit login disaat darurat pindah kesebelah "
"929","tolong buat ojek kalo driver emang tau nanya pelanggan nya ga tuju minta uang tambahan harga tertera buat lokasi tolong perbarui tujuan malah anterin ðÿ  kejadin driver bagus bekerja"
"930","tolong dong gojek basmi driver gocar aplikasi sekeluarga suruh bayar melebihi harga aplikasi awalnya cuma ribuan malah suruh bayar alasan malam tolong basmi driver gocar makin bikin emosi sajaðÿ  ðÿ  ðÿ  "
"931","kenapa sih ongkir mahal aja gak sampek rb lokasinya deket lah gw pesan go food lokasinya deket ongkir mahal bangetnait bantu masyarakat gak sih lokasinya sampek km an maklumin deket lo ongkir mahal banget rb "
"932","komplain pesanan fasilitasi menu telp driver jelasâ drivernya sengaja menyelasikan orderan mengantar pesanan "
"933","layanan customer service merespon menyelesaikan paham pernyataan diberikan menjalankan mission bug aplikasi mengajukan komplain ditanggapi berupa jawaban template sy fitur chat customer service berganti menjawab template menandakan cs membaca penjelasan diberikan mohon kualitas sdm ditingkatkan "
"934"," bagus malah fitur chating driver mengirim foto gak hapus parah niatnya kirim foto lokasi biar akurat malah kirim foto chattingan hapus gak coba kirim foto akun bahaya mohon tambahin fitur hapus foto fitur pesan sayanya tau menghapusnya cobaâ tetap hapus fotonya "
"935","makin transaksi pakai gopay transfer bank gangguan egk egk status memenunggu mengajukan pelayanan respon aduh menghancurkan sendri "
"936"," buruk buruk skr skr april order gocar tp chat telepon"
"937"," bagus soalnya pembayaran malah ngelag saldo aplikasi nggak oke"
"938","aplikasi tokai makin performonya biya mahal harga"
"939","aplikasi anehsudah gopayplus bertranskasi tiba tiba gopay pantes aja tertinggal aplikasi "
"940"," aplikasi gojek resto diperbarui kak lambat jaringan bagus udah dikonfirmasi diterima pesanan selesai malah diulang orderan yg selesai kliknya semoga cepat diperbarui baikterima kasih "
"941"," jelek mesen tiba tiba suka memuat harga mencari drivernya"
"942","tolong driver khususnya gocar kalo dapet orderan emang kondisinya jalanannya macet ngeluh "
"943","pas bagus up gopay via bank pas bayar malah notifikasi internet mati wifi lancar lancar aja"
"944","mesan gofood dirvernya pas buka puasa kendala chat driver eror lah lah tolong ongkir kan mesan nya ongkir nya banget"
"945","server sibuk sampe ngapa in lambat apk"
"946","kecewa banget kmrn kemaren tarik tunai dri gopaynya sakrang nggk fiturnya dah bagus"
"947","aplikasi go blok customer bayar layanan aplikasi gangguan rute titik akurat aplikasi karya anak bangsa payah "
"948"," limit gunakan gopaynya transfer rekening bank aplikasi taik"
"949","hahahah parah order dah sepi driver suruh bawa order tingkatin kinerjanya biar gmna makanan terima customer panas malah menunggu order cari untung bego banget jek customer tuh bayar cepat pesananya bagus "
"950"," login akun loadingnya banget gak masukan nomor telepon yg terdaftar"
"951","aplikasi bangke biar daftar dipersulit bikin emosi ngga bisadaftar ngga maunya delete ajah "
"952"," siang sampe ashar mesen gofood loading mulu ngecek sinyal bagus aja soalnya pake wifi udah diganti data aja loading doang inget lohh kalian udah kayak gini udah akun liat play store gak update an kirain loading kayak gitu gara update trus nge update ehh emang sana nya"
"953"," parah banget si cancel orderan karna drivernya pilih opsi sengaja bookingan cancel drivernya sambil marah marah bentak nunjuk nunjuk bhilang ga memanusiakan manusia salahnya ngomong gaperlu marah marah kaya gaada attitude perkara cancel ngomongnya sampe bawa tua didik tuh driver nya seenaknya kalo ngomong "
"954","maaf mengecewakan pesan gocar cancel driverâ yg berbeda heran perjalanan km kok spertinya susah kesannya driverâ gocar sperti sombong menolak penumpang didepan nya awalnya cancel ã driver yg berbeda yg ã nya sya pesan eh ditolak jg parahnya didepan sya sya udah melambaikan tangan loh gk kelihatanâ alasannya alamat tdk "
"955","pesan goride driver yg order bantu dong biar yg terdekat yg masak jarak penjemputan tujuan "
"956","transfer bank kunjung selesai saldo terpotong gak rekening tujuan x transfer "
"957","susah bngt daftar bikin akun sinyal aman pulsa kode otp ga "
"958"," aplikator gojek terhormat tolong layanan goride gosend permudah layanan nya makin kesini makin susah orderan nya customer gojek menurun nya lancar orderantapi kok memasuki puasa makin turun drastis customer gojek yg tiap pesan layanan tolong diperbaiki supaya aplikasi yg terimakasih ðÿ "
"959","tampilan driver motor maps menghilang terkadang customer memesan layanan anggap drivernya gak pindah aplikasi sebelah remehkan berdampak buruk walau sebutir pasir membutakan mata"
"960","sayang makin kesini makin buruk ga pesan ojek jarak orderin gojek buat sodara temen titik lokasi hape aneh kesininya makin gajelas sayang wkt ga "
"961","keseringan otak atik gangguan order dll skali nya dpt order erorrr tolong it gojek yg bener kerjanya"
"962","akurasi titik map tujuan pemesanan diaplikasi khususnya go food mengecewakan kasian drivernya tiba tujuan melenceng harga nya mahal kategori menengah pesan restonya makasi"
"963","tolong layanan gocar klw bsa kasih driver yg kosong lah malah kasih yg antar penumpang drop penumpang kadang klw buru gmna coba tarif mahal bnget mending naik taksi argo sekalian sy pakai aplikasi layanan makin sini makin parah"
"964"," kemarin mo pakai aplikasi ga udah update versi tetep aja loading aplikasi ngga dibuka sinyal bagus mo uninstal saldo mohon diperbaiki dong aplikasinya pakai gojek tiap buat anter jemput sekolah klo gini trus gimana klo ngga diperbaiki tolong balikin saldo bikin kecewa customer"
"965","kadang suka rb rb termaksud kasih tip ojeknya yg suka bingungin kenapa kalo rb rb ga kembalian iya ojek ga pegang uang cesh rb rb kalo isi bensin tuh ojek ngisi pake kalo tambel ban bayar pake kalo ga cesh yg tadinya memberi tip ikhlas dongkol iya rb rb rb rb aja ga "
"966"," ga tarik tunai malas pake apk nih susah kalo uang ga kartu atm"
"967","terimakasih gofood belanja makanan dikirim yg tuju mudah cepat dimonitor pemesanan penyiapan makanan pengiriman diterima lokasi yg dituju bagus ðÿ ðÿ ðÿ "
"968","gblk y ni apk jaringan lancar tpi ngelegnya minta ampun muterâ trus awas aja nuduh jaringan hp gw yg jelek bagus kecuali apknya"
"969","makin sini malah ga promo walapun pake gopay tunai ga promo nya promo makin sini promo nya hilangkan"
"970"," pake bagus bagus aja gofoodnya pesan aja lambat gak pas dibagian pembayaran internet udah bagus apk order aja nggak "
"971","kenapa bayar transfer via qris ga yahpas upload foto qris balik menu "
"972"," mudah driver ramah pelayanan prima cepat terhubung memenunggu cuma menit terima kasih "
"973","kok ngga bayar pake gopay gak lanjutin transaksi mohon diperbaiki gojek ga bayar percuma bagus up"
"974","ngk ngirim saldo bank ngk menu masukin pin ulangâ berapakalipun tetep "
"975"," upgrade mangkin asalasalan bos gosend semudah sbelumnya mangkin rumit bos aplikasinya mohon kembalikan aja deh"
"976"," ordertapi sayang makin makin mahal berkurang ordernya"
"977"," bayar belanja kok ga bisaâ lancar lancar aja napah gojek ga bayar belanja ðÿ "
"978"," isi pulsa banget masuknya jaringan lancar ga dh lapor tp disuruh menunggu ã jm butuhnya sesegera ðÿ ðÿ œ"
"979"," cari driver lamaâ hapus aplikasi gojek aplikasi yg on time kok "
"980","sip bagus tolong singkron kan alamat tujuan nya "
"981","halo gojek kenapa loading ny bgtdah diperbaharui trs apus data pas login gak hadehh jaringan normal bagus pake aplikasi sebelah okay ajh"
"982"," mengecewakan pakai gopay later tgl bayar bukannya paylater jarak pembayarannya tolong diperbaiki deh sistem paylaternya"
"983","bagus up gopay saldo saldo atm terpotong komplain respon nya banget malah laporan ditutup dah lah pindah kesebelah aja"
"984","sistem keamanan yg rumit segala link amat rumitttttt "
"985","voucher tiba tiba hilang berlaku kedepan tolong dong perbaiki aplikasinyaaaaa "
"986","gojek makin kesini makin anehpakai order karna lokasi ditutupðÿš lokasi tertutup anehnya tertutup kecewa "
"987"," memuaskan pelayanannya fitur utk menelpon drivernya memakai internet takut pulsa hbs krn menelpon sang driver terima kasih"
"988","tolong perbaiki berulangkali pemesanan alasan googleplay perbaruhi "
"989","kalo gk usah kasih bintang apl makin gk guna sinyal bagus kuota pas daftar email bhilang internet mati gk guna lu yg apl"
"990","susah akun gopay suruh vertifikasi login cuma pilihan vertifikasi sms nomor terdaftar aktif lagii"
"991","gila makin error aja nih app promo nya udah pilih pakai tp gak terpasang kayak aspal "
"992","aplikasi harga menu walaupun tujuan nya harga nya naik parah gak jujur aplikasinya harga seenak nya "
"993"," kenapa pesan gojek ga nya â œserver padatâ  pd sinyal udh bagus gojek kenapa tolong dibantu nya"
"994","aplikasi diupdate malah ngeclose ngeclose malah gw buru bandara "
"995"," rumit ni apk klo gak costumer bayar pake gopay aja gak pin pin aja udh diganti pin nya gak jg udhlah"
"996","tolong dong saldo percepat transfer bank knp status memenunggu uang hak org knp tahan aneh"
"997","pelayanan buruk akun malah ditangani dibiarkan terima kasih saatnya unistall apk pindah sebelah "
"998","transaksi senilai gagal saldo terpotong buruknya gojek gak tanggung jawab suruh buat laporan udah lapor uangnya gak balik kalo tau kayak gitu mending gak lapor udah menunggu ujung ujungnya uang tetep hilang kapok pake metode pembayaran gopay nggak bakalan transaksi pake aplikasi mengecewakan"
"999","makin buruk transfer bank kendala mulu status memenunggu mulu saldo tahan mulu kaga responsip bgt tolong lah perbaikannya "
"1000","drivernya pindah lokasi"
