review,0
,"buka menu selalu white screen, masuk beberapa kali tetep aja white screen, tolonglah segera diperbaiki. Maslaah ini, banyak yang mengalami dan sudah berlangsung lama tapi tidak ada perkembangan perbaikan sistem. Terpaksa uninstall apk, jika sudah di perbaiki mohon infonya nanti saya install ulang, karena aplikasi yang tidak dapat dipakai menuh-menuhin penyimpanan saja!!! Terimakasih"
,"Mulai gak worth, beli makanan pake biaya pemesanan lah, biaya kemasan lah. Padahal produk-produk yg dibeli di apps ini kalo beli sendiri langsung sama aja kemasannya. Tanpa biaya pemesanan dan kemasan aja harga udah di up padahal. Kirain itu udah include biaya pemesanan. Taunya ada lagi biaya ini itu. Promo juga ada doang tp gak bisa dipake. Keterangan ongkir di menu sama hasil checkout juga beda. Tim marketingnya jangan main-main. Qc konten yang ingin ditampilkan jangan kebanyakan clickbait."
,Update dong map nya sesuai google maps. Berkali-kali saya kesulitan nentuin titik lokasi dan driver sering salah jemput. Masa kalah sih sama aplikasi sebelah yg akurat seusia google maps! Kecewa saya!
,"untuk apk nya sangat membantu hanya mau memberi saran untuk pemberian bintang kepada driver jangan hanya muncul ketika selesai bertransaksi terkadang jika ke klik back jadi tidak bisa memberi bintang saya rasa akan lebih nyaman jika pemberian bintang muncul kembali ketika customer blm sempat memberi bintang untuk beberapa menit, semoga kedepannya semakin baik lagi pelayanan nya terimakasih"
,"Kenapa pas buka menu selalu white screen terus, udh keluar masuk beberapa kali tetep aja white screen. Tolonglah segera diperbaiki. Maslaah ini ternyata bukan 1 atau 2 orang aja, banyak yang mengalami dan sudah berlangsung lama tapi dari pihak grab tidak ada perkembangan perbaikan sistem. Untuk fitur lainnya sudah baik."
,"Saya pengguna lama grab ini kenapa banyak berbagai biaya sih biaya parkir ( ga selalu tempat bayar parkir kali ), biaya pemesanan, biaya kemasan, ongkir sekarang gila-gilaan padahal kita juga terkadang kasih tips kok ke driver, pilihan diskonnya ga menguntungkan lagi untuk konsumen, hanya mau makan 1 ayam geprek aja bisa bayar >50k karena tambahan biaya ini itu. Aplikasi ini sekarang fungsi & tujuannya untuk apa ??"
,"Saya pake voucher yg byr 9k/2mggu (sekitar 2 tahun) dan nyatanya ketika sy butuh (transaksi 400ribu) malah ga bisa dipake pdhl jarang sy pake. Sgt mengecewakan, membuat sy rugi. Sgt kecewa, sering error jg buat kurang nyaman menggunakan aplikasi ini. Ada baiknya perbaiki dulu sistemnya, supaya yg setia sm grab slama ini ga berpindah. Sy sih sudah kapok."
,"sekarang makin aneh, nunggu makanan smpe lama banget, driver di Buat anter pesenan smpe beberapa tempat. Pilihan pengiriman terlalu banyak, pilih yg prioritas jg sama aja lama ngirimnya. Lama lama kesel juga pake grab padahal udh langganan lama banget. Kacau dah. Percuma pesen lewat aplikasi kalau lama jg ngirimnya cepetan langsung ke lokasinya. Keburu lapar!!!!"
,Untuk tarif masih amanlah tp kecewa ama mapsx yg dibuat mutar2 kliling kota. Yg harusnya 15 mnit jd 30 menit nyampe karna klamaan dijalan. Driverx jg terpaku sama maps ga bisa cari jalur yg lebih cepat sampe tujuan. Mau dibintangi 1 kasian. Plislah grab update mapsx customer jg cape diajak mutar2 dijalan aplg low customerx lg butuh cepat. Makasih
,"sebenarny suka sama apk ini karna ada promo dkk, tapi lebih baik ketika pesan makanan, lokasi driver diperlihatkan. Semalam pesan Mcd pukul 12.39 malam, kondisi harusnya tidak ramai dong. Tapi makanan sampai dirumah jam 1.30an. Memakan waktu 1 jam, ketika ditanya masih lama tidak? driver resp masih lama. Sekali dikomplen baru dibilang otw. Pdhl toko makanan fast food lho. Adviced aja, lebih baik lokasi driver grab tuh diperlihatkan. Jadi bisa lihat mereka otw lgsung ke toko atau tidak."
,"Mulai aneh grab, biasa dulu dulu pesan makanan minuman tidak perlu biaya tambahan ini itu, sekarang ada tambahan, mode hemat, mode prioritas, standar, harusnya jangan gitu, kurang bagus update-nya sekarang...tak layak"
,"Buru buru mau pesan grab motor malah dipaksa update. Setelah diupdate malah update annya nggak bisa dinstal, alhasil buka aplikasi masih disuruh update, padahal aplikasi lancar beberapa menit sebelumnya. Mbok kalau ada update jangan dipaksakan. Goodbye grab, I can't use you anymore 👋"
,"Kali ini mau pesan kok ada biaya pemesanan sih... Tolong di perbaharui kembali seperti dulu Ongkirnya juga mahal banget... Harga makanannya kan udah di naikkin dari harga yang sebenarnya kalau beli di tempat, jadi untuk ongkirnya jangan mahal mahal bangetlah... Terima kasih."
,"Mohon maaf sekali, makin kesini pelayanan drivernya makin jelek, alamat yg sy masukin sudah sesuai dgn alamat rumah, tp memang letak titik di aplikasi agak bergeser sedikit dr titik rumah sebenarnya. Anehnya driver ga ada inisiatif tanya sama orng. Udh di jelasin di tlfon malah ngomelin calon penumpang. Terus minta di cancel, yg satu bahkan cancel secara sepihak doang. Kata2nya juga kasar sekali drivernya. Mohon di training lg drivernya agar lebih sopan dan ga seenaknya sendiri"
,Cara masang foto profil di pengaturannya gimana sih?? Udah mencoba berulang kali tap2× masih gak terjadi apa-apa. Tolong dong dikasih tutorial diawal buat pengguna baru masa masang foto profil aja ga bisa-bisa parah nih!
,"Gak ngerti sama aplikasinya, nunggu pengemudi set jam lebih ga sampe sampe. Pas di telpon driver nya katanya ga ada orderan yang masuk. Gimana inii mana ngejar waktu keberangkatan keretaaa 😫. Parah banget :(("
,"Makin hari makin ga bagus. Untuk grabfood ga ada pilihan untuk membatalkan pesanan. Kadang bisa ga sengaja kepencet pesan,harusnya ada konfirmasi ulang pesan. Klo udah salah pencet,ga bisa dicancel. Jelek banget"
,"Perusahaan GRAB tambah besar tapi ongkir semakin mencekik dan banyak promo yg gag bisa di klaim,, Ada apa dengan GRAB,,,,,,,??? Apakah di dalam GRAB kini banyak yang KORUPSI sehingga biaya ongkir semakin mencekik,,, Jarak 3'km ongkir bisa sampe 20.000 lebih,, Padahal GRAB tahun kemarin sudah bagus tapi sekarang sudah tidak karuan"
,Sisa ovo aku masih ada kenapa tiba2 grab aku udah bbrpa hari ini keluar tiba2 dan gak bisa masuk lagi... udah di coba lewat no telpon google sama fb sama skali gak bisa.. gimana niih.. udah update juga ttp aja trjadi kesalahan.. gak ngerti lagi deh
,"Hari ini grab sangat mengecewakan ... Saya pesan grab car, diterima tapi posisi sedang di pom bensin, terlihat lama sekali dan jauh. Saya sudah telfon sopir 2x saya juga chat pribafi menanyakan posisinya tapi tidak di balas, saya batalkan tetapi saya malah kena kenaikan tarif"
,Maaf ku kasih bintang 1 karena map kalian ngak di update sama sekali jadi ada jalan jalan baru tempat baru yang kalian ngak masukan. Jadi kalau mau pelangan puas bukan cuman dr driver nya aja aplikasinya tolong update sesuai peta saat ini
,"Saya bukannya kasih bintang 1 utk aplikasinya. Tp utk mitra grab khususnya grab food. Udh berkali² saya ketemu penjual yg mengabaikan permintaan saya. Kalau memang tdk bs, knp gak diinfo kan ke customer. Selalu aja salah atau krg. Coba deh pihak grab, utk reward & punishment nya dipertegas utk penjual nakal begitu. Saya lihat adanya pembiaran krn terjadi berulang kali ke saya. Saya menggunakan aplikasi Grab bertahun tahun, dan baru kali ini saya luangkan waktu utk review jelek begini."
,"Grabfood kenapa sih banyak resto yang ngga bisa diorder adanya hanya untuk ambil sendiri. Ini namanya ngga mempermudah malah mempersulit. Percuma order grab kalo cuma bisa ambil sendiri. Grabfood nya ngga kaya dulu. Bikin malas order jadinya. Banyak resto² langganna ngga kejangkau, padahal dulu jauh pun bisa diorder"
,Aplikasi ngak bermutu. Sekarang paling jelek ini aplikasi..saya pesen makanan masa harus nunggu sampe 2 jam. Padahal kalau naik motor saya Pp cuma 30 menit.. merugikan ini aplikasi .pindah gojek aja lah mahal dikit tapi nyaman kita sebagai pelangan juga nyaman .dari pada aplikasi grab saya dibuat kesel dan merugikan waktu saya.
,Pertama pakai aplikasi ini memang bagus. Tp makin lama layanan semakin tidak memuaskan. Apalagi pas mau cancel pesanan grab express instan yg waktu pengiriman 20 menit ini sampai 1 jam belum belum diambil atau dikirim paketnya. Driver dihubungi tidak bisa di wa tidak di balas. Mau minta bantuan cs malah memusingkan. Tidak ada solusi yg membantu.
,"Aneh banget masa pesan makanan ga bisa bayar pake tunai? Maunya ovo terus. Ditanyain ke cs malah kayak ga niat jawabnya. Promo ada tapi ga bisa dipake, mulai banyak biaya ini itu yang mahal."
,"Kenapa tidak ada gambar makanannya, seperti sebelumnya.. sya jadi beralih ke aplikasi sebelah, kalau sudah bagus baru pakai lagi da memberi ⭐5, semoga cepat diperbaiki"
,"Harus nya saat kita pesen grabfood itu ada fitur cancel buat konsumen, bukan kok cuma resto nya aja yang bisa cancel sedangkan konsumen harus nunggu lamaaaaa bangeettt sampe 30mnt cuma gara2 gak ada driver yang ambil, dan konsumen itu gak bisa ngapa""in cuma nunggu gak jelas kapan ada yang ambil walaupun harus nunggu 1jam !!!! Harus nya ada fitur tambahan cancel biar kita bisa ganti resto yang lain biar cepet gak kelaparan gak jelassss !!!!!!"
,"Apk yang sangat bagus, banyak promo harga murah driver² yg saya temui di apk ini juga sangat ramah, cuman tinggal satu kendala dimana ketika saya lupa rating dirver dan mau rating tetapi sudah tidak bisa tolong fitur rating ojol dimunculkan di pop up apk ketika lupa untuk merating ojol"
,"Sangat kecewa dengan grab... karena saya tidak bisa membatalkan pesanan yg tidak sengaja saya buat karena hp android saya eror dan sayapun gak tau pesanan saya itu apa, sayang saya tidak bisa membatalkan pesanan tersebut alias gak bisa cancel.kecewa"
,"UI design nya skrg jelek bgt. Keliatan gaya nya ikut ikut gojek. Aku sekeluarga pake grab krn UI design nya simpel, sedangkan gojek ribet terlalu banyak kotak, informasi&fitur gak penting lah, gak to the point intinya. Orang tua ku jg gak pernah pake gojek krn alasan tampilan terlalu membingungkan untuk orang tua, kalo grab simpel. Ternyata udh 2 tahunan gak pake grab, download lagi kaget bgt UI nya mirip bgt gojek. Pantes orang tua ku jg udh uninstall grab."
,Aplikasi udah ga worth it untuk biaya pesan makanan mahal bgt banyak yg harus di bayar dan juga susah sekali dapat voucher. Sekalinya ada voucher juga ga bisa di gunakan👎
,"Gimana inii.. mau daftar tapi kode otpnya sama skali ga di kirim udah coba berkali2 . . Nanti ku coba lagi, kalau gabisa juga ga jadi pakai grab lo ya.."
,"untuk pesan makanan biaya tambahannya terlalu bnyak dri harga aslinya.. mending pke Mxm murah.. walaupun blum ad fitur drivefoodnya di app, tpi tetap bisa pesan lngsung ke drivernya.. jgan heran klo grab skrng kurang diminati !"
,"Admin slow respon. Ovo gk bisa digunain padahal nomor+email sama, terus saldo gw juga gk banyak cuma 50 ribuan. Pas ngeluh sama CS jawabnya lama banget, sampe sekarang belum dijawab. Udah gitu kejadiannya pas gw sakit, gk bisa jalan. Mau order aja sulit banget, kaga ada tunai, cuma ada ovo"
,"Pengalaman buruk naik taksi online dari Bandara. Secanggih apapun aplikasi transportasi online, termasuk Grab, jika naik dari bandara pasti jadi aplikasi yang menyebalkan. Tarifnya argo kuda, titik tujuan tak ada di aplikasi. Ketika kita salah pilih titik tujuan, harus berantem dulu dengan sopir. Padahal tarif sudah sangat mahal. Dari rumah ke bandara SSK II paling cuma 40rb, dari bandara tarif 101.000 untuk jarak 6 km, masih harus kena tambahan biaya karena salah titik tujuan yg beda 1km"
,"Pengiriman pesanan sy sangat lama tiba di lokasi, alasan driver dapat 2 orderan dg beda restoran. Alhasil makanan sy mjd dingin, minuman sy mencair. Sangat buruk sekali pelayanan nya..."
,"Aplikasi jelek, udah gak pernah ada promo, udah gitu harganya beda jauh banget Ama yg harga di resto aslinya. Harga 13 ribu jadi 18 ribu blom Ama ongkirnya."
,Ini grab makin ke mari bukanya makin mudah di gunakan..malah makin ribet..lebih gampang yg aplikasi model lama ..yg skrg bener2 membingungkan..sudah klik pilihan lokasi tujuan..malah yg muncul lokasi penjemputan..padahal sy belum pilih lokasi penjemputan..lagi buru2 malah jadi lama..gara2 milih peta titik lokasi..saya bener2 kecewa..padahal saya sudah lama menggunakan aplikasi grab..gara2 kejadian itu sy sudah ngga menggunakan grab lagi..
,"Kenapa pas buka menu selalu white screen terus, udh keluar masuk beberapa kali tetep aja white screen. Tolonglah segera diperbaiki. Maslaah ini ternyata bukan 1 atau 2 orang aja, banyak yang mengalami dan sudah berlangsung lama tapi dari pihak grab tidak ada perkembangan perbaikan sistem. Untuk fitur lainnya sudah baik."
,"Terjadi lg, aplikasi grab saya tidak bisa dibuka lg. Berulangkali dicoba untuk log in akun, gagal terus. Muncul keterangan oops, something went wrong, please try again. Akhirnya install ulang, tetap saja begitu lagi, muncul keterangan seperti diatas lagi."
,"Sudah mulai banyak embel embel biaya nya kadang klau beli mahal ongkir nya sekarang,belum harga produk beda dengan toko beda jauh banget boleh untung tapi sesuai Bisa2 50% ongkir sm harga jual nya Seumpama produk 25 ongkir 15 biaya pengemasan 5 Bayang kan 50rb kita harus keluar"
,"Maaf Saya ubah rating grab, awal2 sangat bagus, tapi makin kesini makin ga jelas. Sopir2nya pada seenaknya, padahal udah deket, tapi ditungguin lama ga bergerak, di chat juga ga dijawab. Tolong kalau sopir sekiranya belum siap jangan nyalakan aplikasi dulu, terus buat grab, kalau sekiranya penumpang sudah membatalkan pesanan janganlah dikasih driver yang udah dibatalin, bikin gedeg aja. Udah beberapa kali dapat driver yang kurang bagus."
,"Saya benar2 kecewa dan dirugikan. Sering saya pesan makanan, si grab pengirim makanan tidak memberikan makanan sesuai tujuan tempat saya yang bisa di sebut PENIPU. LAIN KALI TOLONG BERI KEAMANAN PADA PEMBELI, BIAR TIDAK DI TIPU SEPERTI INI. SAYA SUDAH BAYAR TAPI TIDAK DAPAT BARANG ATAU MAKANAN YANG SAYA ORDER. MAKASIH."
,"Kemarin tiba-tiba akun ditangguhkan karena terdeteksi punya lebih dari 1 akun, coba daftar lagi dengan nomor lain gak bisa karena perangkat ikut dibaned. Saya sebagai pelanggan kecewa dengan kebijakan keamanan yang tidak memberi ruang kepada pengguna yang bukannya dipermudah palah dipersulit , padahal udah langganan sama aplikasi ini dan gak pernah buat kesalahan yang berarti."
,Kecewa sama aplikasi ini.. Akhir3 ini Selalu merekomendasikan jalan yang rutenya jauh banget... Sehingga ongkosnya jadi mahal... Antar barang aja jadi lebih makan waktu.. Bad bangettt
,Maps segera diupdate sama sperti google maps. Mau krim ktempat lain mleset terus jauh. Bahkan ada keterangan tidak dilayani grab. Padahal dalam kota
,"Jastip layanan buang2 waktu udh ketik2 cri alamat sampe coba semua metode pembayaran .. saat metode pembayaran org urgent nitip obat malah ga bsa bayar tunai , udh top up ovo ga bsa juga , klo belum aktif hrusnya ga ush di pampang dong ya .. kecewaa bgt .. lapor cs gada solusi suruh nunggu ke email terkait kendala .. bukan solusi pdahal org udh top up sana sini .. !"
,"Aplikasi nya lemot parahhhhhhh, belanja lewat grabmart nge lag terus, layar tiba2 putih, keluar dari aplikasi sendiri, padahal jaringan baguss, ganti makai wifi juga sama ajaa njir, di restrat juga sama ajaaa percuma, mau nya apa sih, unistall !!!!!"
,"Saya berharap sekali kedepannya grab adain fitur ""pesanan diterima"" di grab food. Karna saya pengalaman pesan makanan udh nunggu lama, tiba² ada notif pesanan sudah sampai, trus malah langsung disuruh rating, padahal saya blm menerima pesanan saya!!! Akhirnya saya nunggu sambil komplain ke cs, sampai 20menit an pesanan masih belum saya terima!!! Apalagi itu pembayaran non tunai, pas ada notif itu langsung muncul lagi notif uang udh dikasi ke tempat sy pesen makanan, padahal sy blm nerima apa²!!!"
,"Praktis sih, tapi petunjuk dipetanya sedikit, cuma ada daerah dan jalan doang, gak ada tempat dan lokasi. Jadi bingung kalo nentuin lewat peta"
,"Maaf ya tapi kata mama saya mahal banget kalo dibandingin langsung beli di tokonya. Di toko nya 15 Ribu, kalo di grab 33 Ribu. Sistem nya juga terlalu rumit. Udah lama Download nya, malah rugi. Tolong sistemnya di praktiskan dan dibetulkan"
,"Terlalu ribet masuk nya, udah verifikasi otp tapi tetap harus verifikasi email dan lain lain. Terlalu ribet. Nggak praktis. Alhasil jadi males pake grab."
,"Kesel banget sama driver grab car.. sy pengguna setia grab baru kali ini nemuin driver yg minta tambahan biaya 2x lipat padahal driver lain ga kaya gini, tolong perbaiki performa drivernya kalau perlu di seleksi lagi, mau ngasih rating jelek drivernya ngancem jangan ngasih rating jelek ntar gabisa kerja lagi. Tolong perbaiki atitude dan pelayanan dari para driver yaa... terimakasih"
,"Makin aneh, makanya saya mahal ndak masalah dari pada pesan di grab lama banget nentuin map nya.. Sulit banget.. Mendi ke gojek mahal dikit gpp ribet aplikasinya"
,Kalau bisa untuk driver lebih bagus diseleksi lagi karena banyak driver yg tidak bagus dan sering marah marah (yg beri promo grab tapi yg disalahkan malah customer)
,"Grab sekarang kenapa ya kok sering error... Saya pesan makanan gak dateng"" Dan saat dilihat di aktivitas disuruh muat ulang aplikasi... Tolong segera Diperbaiki."
,"Grab makin kesini makin mahal. Ada biaya pemesanan, ongkir makin mahal. Ongkir yg tertera beda dengan pada saat di total 👎"
,Nyebelin bngt ga bisa log in. Saya pake imel yg lama tpi udh di hapus mau daftar lgi pake imel baru ga bisa. Tolong dong aplikasi grab daftar ny jngn di persulit
,tidak komunikasi dua arah awalnya. terlalu mengandalkan komunikasi dari driver. jika belum dichat driver..maka konsumen tdk bisa chat
,"Setiap pesan grabfood. 1. Mitra mengulur waktu, semua setiap saya pesan apapun. Bisa sampe kelaperan saya 2jm bisa lebih klo GK d batalin. 2. Drivernya gatau knp GK ada respon ketika chat, entah bisa GK dah gunain hpnya 3. Buang waktu ketika lapar hasil nihil 4. Habisin pulsa buat nelpon customer service grab. Jelek sekali apk ini. Sungguh tidak menyukai !! 😤😤😩"
,"Kadang bingung fungsi nya pengantaran hemat, karna harga yg dibayar sama aja kaya harga yg standar. Masa harga yg di kurangin bukan harga yg kita bayar tapi harga yg ada dirincian bawahnya aja wkwk"
,"Payah sekarang gak bisa cancel pesanan makanan. Tokonya tutup, tapi di aplikasi statusnya buka. Harus telp ke CS buat batalin orderan. Kalo dapet driver yang pinter dibantu buat batalin orderan kalo drivernya gaptek suruh kita sendiri yang telp ke CS nya. Kalo misal kita gak nelp cs buat cancel orderan dan dapet driver yang gaptek bakal muter terus tuh di lempar ke driver lain. Di update dong kalo tokonya tutup jangan muncul di list. Kalo pun penjualnya lupa buat nutup di aplikasi kasih teguran."
,"Pesan grab tapi driver nggak jalan-jalan, pas ditelpon ternyata baru mandi. Bisa tidak kalo ada ketentuan utk driver yg tdk jalan saat nerima orderan? Dan ini bukan cuma sekali, tpi berkali-kali. Saya sangat kecewa."
,"Masukan untuk grab, saya sudah 2kali menerima pengemudi yang tidak kunjung mengambil pesanan food. Saya chat tidak ada respon. Tolong untuk team grab agar bisa memberikan opsi bintang ke driver grabfood bagi yang tidak kunjung mengambil pesanan dan tidak merespon pembeli. Terimakasih. Saya berharap driver yang merugikan customer bisa terima imbasnya. Terimakasih"
,sekarang susah banget dapat driver grabcarnya...ditunggu lama eh malah dicancel tanpa pemberitahuan..maunya ini gimana..klo emang gk bisa bilang langsung...makin lama makin tidak profesional driver grabcarnya...
,Kurang ramah sama pengguna smartphone ram 2. Sering ngeblank putih setiap diklik. Padahal baru aja di-update apknya.
,"Pesanku selalu tidak terkirim kepada drivernya, kadang kesel banget merasa bersalah sama drivernya. Soalnya merasa kita nggak peduli, padahal yg tidak terkirimnya pesannya. Atau kadang pesannya sampai setelah transaksi selesai juga"
,"Info aplikasi tidak sesuai, saya pesan makanan tapi toko tutup. Sedangkan saldo saya di rekening sudah berkurang dan orderan tidak bisa di cancel. Rider sudah mengcancel orderan, malah dilempar ke rider lain. Kan begok, sampai pagi bakalan begitu terus"
,"Susah banget step cancelnya. Saya udah minta bantuan chat operator, dan katanya sudah dibantu cancel. Ternyata driver tetap datang dan kami tetap bayar 107ribu, udah lama banget nunggu, kami cancel malah tetap datang, padahal kami udah beli makanan di lain. Kecewa, udah kesekian kali kecewa masalah cancel orderan, sulit banget grab ini memperbaiki diri"
,"Ini bagaimana yaa cara batalkan pesanan, saya pesan makanan tapi ternyata resto tidak ada, sedangkan di saya tidak bisa di batalkan karena tulisannya ""sedang diproses"", ini saya harus bagaimana yahh? 🤔🤔 ribet banget jadinya, kasian driver2nya yang nerima pesanan ini."
,"Ini aplikasi barusan di update kok di grabfoodnya biaya antarnya jadi mahal utk perkilometernya dan yg jelas2 resto hanya berjarak 700 meter aja dari lokasi kita biayanya 21k, belum lagi di tambah dgn biaya pemesanan. Klo semakin mahal gitu maka akan semakin banyak yg akan beralih ke aplikasi tetangga sebelah."
,"saya kasih bintang 2 aja ya, soalnya pernah kecewa 2 x ama supportnya Grab yg tidak teliti dan asal dalam tangani, kasus yg padahal kesalahan dari grab, dan kerugian ditanggung konsumen, pernah pesan makanan ada item yg kurang dan pihak grab gak ganti, dan langsung close case sepihak, ini parah banget sih menurut saya, meskipun dari jumlah tak seberapa"
,Semakin lama semakin mahal gak ada bonusan dan banyak biaya ini lah itu lah dan jika pesen food salah titik gk bisa di perbarui dan tidak bisa di cancel.... Apalagi seringg error....
,Kecewa banget udah 3x ini pesen grabfood pesanan di Terima tapi toko/ warungnya lgi tutup dan nggak ada keterangannya otomatis kalo toko/ warungnya lgi tutup. Nggak enak Sama drivernya dan ngabisin waktu buat nunggu cancel sampe driver ke 3 baru bener2 bisa cancel pesanannya.
,"Rese. Belum apa-apa, akun sudah ditangguhkan, padahal lagi berusaha nyari letak alamat titik penjemputan. Titik penjemputan sudah jelas, tapi tidak terlacak. Mengecewakan."
,Mohon maaf saya kecewa sama aplikasi ini.. Saya sudah bayar tagihan BPJS di status pembayaran berhasil tapi ternyata setelah di cek belum masuk tagihannya di BPJS dan saldo tidak dikembalikan sebesar 295.000 .. Saya sudah komplain melalui pusat bantuan dari sebelum lebaran sampai skrg tidak ada tindak lanjutnya terimakasih
,"Apaan nih gk mutu banget, baru jg registrasi, tau2 akun ditangguhkan gk jelas, suruh hub lewat form, ya udah berarti emang mungkin gk cocok, padahal gw registerin buat bokap gw biar dia bisa belajar pesen sendiri, ya udah lah gw uninstall aja"
,"Baru kali ini kecewa sama map aplikasi ini, kemarin saya pesan grabcar untuk alamatnya sudah benar tapi pas sampai dilokasi berbeda jauh 11 km dari alamat yg saya tuju, kalo lihat di googlemap alamatnya seya flora ada di jl Leuwinanggung, tapi di aplikasi grabcarnya titiknya seya flora ada di jl Kalimulya, yg pada akhirnya saya harus 2 kali bayar dengan jumlah yg lumayan menurut saya, dan saya merasa dirugikan sebagai konsumen"
,"Orderan saya ini driver nya gak mau ambil karena antrinya panjang tapi status nya sudah dalam perjalanan. saya mau cancel order semua opsi yg di sediakan grab di aplikasi gak bisa di aksea semua. Dari chat, tlpn dll. Saya mau cancel gimana ?"
,"Saya memang suka dengan aplikasi ini Saya juga lebih sering pakai aplikasi ini Tapi ada beberapa hal yng saya kurang suka, Terutama kalo pesan grab car kebanyakan pada minta offline gak sesuai aplikasi Padah saya cuman minta jemput Jakarta Depok saja"
,mendingan pake GOJEK banyak promo nya GRAB mau kemana-kemana udah ga ada promo nya diskon malah ga bisa digunakan. gua pesen makan buat anak gua udah nunggu lama malah tutup resto nya. ini aplikasi makin kaga jelas aja...kalau emang resto tutup tulis tutup...................
,"Tolong grab evaluasi resto yg tutup tp di aplikasi status buka, sy sdh beberapa kali dpt kasus yg sama. Saya ini sdh lapar menunggu lama tp resto tutup dan kasian juga driver yg dpt orderan tp resto tutup. Tolong lebih profesional."
,"Karena skrg ada motor listrik dr grab yg super lemottttt jalannya. Tolong bgt dikasih keterangan waktu yg sesuai. Jgn giniiiiii pesen uda dicepetin biar ga telat kereta malah jd telatnya 30menit saking lemotnya ini motor apa gimana sih. Sy jd rugi. Uda pesen 30menit dr jam berangkat itu biasanya gabakal telat malah masih nunggu kereta. Lah ini Masyaallah uda datengnya lama, perjalanan lama, gaada maaf dr driver. Sy gamau bikin driver kena saksi kalo bintang 1 ke orangnya, jd disini."
,"saya lg kpingin mie tek-tek.. nunggu abang2 yg lèwat, belum lèwat juga.. nyari di Grab Food, akhirnya keremu dgn lokasi penjual berjarak kurleb 1 km, setelah input makanan yg sy mau [mie rebus tek-tek] dan muncul ongkir, dll... Totalnya 35 Ribu.... masuk akal gak sih ???? mie tek-tek abang lèwat harga. 12K tapi di Grab 15K, ya okèlah... tetapi dgn ongkir [12K] dan BIAYA LAYANAN, yg gak jelas buat apa [8K] maka total harga jadi 35K.... Gilaaaaaaaaaaaakaaaaan...."
,"mending beli sendiri aja sekarang, banyak kok warung di sini yg menyediakan layanan antar. malah free ongkir. di grab makin lama makin mahal. bayak biaya tambahan. promo gak ada juga..."
,sejauh ini pelayanan para kru nya bagus. hanya saja kalau ambil barang atau pelayanan grab express yang berada didalam area mall kami para customer masih dimintain uang parkir untuk ganti uang parkir mereka. ini bagaimana solusinya?
,"notifikasi panggilan telpon dari beberapa bulan yg lalu masih belum dibenerin. muncul notifikasi hanya ketika sudah missed call, tapi ketika ditelpon driver gaada notifikasinya"
,"Ini aplikasinya gimana sih,aku sudah pencet berkali-kali untuk sambungin grab ke OVO. Setelah pencet memang muncul gambar ud tersambung tapi waktu dah keluar masi belum aktif lagi.Tolong ya grab benerin ini satu aplikasi! Aku sudah menghapus dan mendownload balik tapi masi saja ga bisa disambungkan."
,"Napa sekarang ada iklan video muter otomatis? Gak bisa di pause/stop. Iklan foto, masih bisa diterima. Iklan video: no way! Note: geser bawah, trus geser atas, video nya muter ulang. Huh. Ngabis2 in kuota 😡"
,"Knp skrg kalau ada orderan masuk jarang ada notifikasi? Sering orderan tiba2 dicancel. Entah sama driver apa cs, kita tidak bisa ngecek. Setelah dicancel bakal ada telp dr greater jkt.. Telp otomatis sepertinya. disuruh memilih angka 1 jika resto buka. Sudah klik angka 1 dan dpt konfirmasi bahwa resto sedang buka, tapi tetep aja pesanan ditahan.. Tolong dong diperbaiki lg sistemnya"
,"Fitur apa apa an ya itu ""Grab Subscraption"" masa iya tiba2 saldo OVO sy tiba2 berkurang 24.000 bahkan tanpa saya setujui pembayaran tapi langsung berkurang saldo saya. Tolong banget ya pihak Grab untuk mengatasi masalah ini, mungkin bagi sebagian orang jumlah 24.000 sangat kecil namun bagi sy yang anak kuliah atau anak kos an 24.000 itu sangat berharga"
,sebenarnya lebih murah dan banyak promo..tetapi pernah dapat driver yg curang...padahal saya dapat promo naik grabcar..tapi pas waktu bayar tunai kok di aplikasi drivernya gak ada potongan..tp di hp saya (customer) ada...makanya knp wktu itu Sy pilih grab... apakah aplikasi grabcar di drivernya bisa disetting driver sendiri atau bgmn??? tolong sistem ditingkatkan..dan driver yg curang seharusnya bsa terlihat
,"ini aplikasi kenapa lemot amat yaa , gue udah kelaperan , loading aja gak jelas , udah pesen makan driver di chat gak ada balesan di tunggu lama ,di refress tiba-tiba ganti driver , aplikasinya eror pesan saya gak masuk atau gimana ?? , udah disabarin nungguin lama lagi karena pesanan udah di dapur , malah tiba tiba pesanan di batalkan. dahlah gak guna ini aplikasi . GAK BERGUNA . NAMBAH2IN DOSA ! SUMPAH GUE KESEL BANGET !"
,"Knapa setiap saya pesan grab, slalu terjadi, pesen gak hanya sekali, yg alasan drivernya bukan jalan menuju titik tpi malah mundur, yg drivernya gak jalan jalan, saya butuh aplikasiya d tingktkan lg, saya ini byr bukan ngemis. Tolong lah d tingkatkan lg kuali😔"
,"Gak ngerti gw aplikasi grab sekarang , pas mau di tap gak bisa terus . udh keluar masuk, install ulang juga tetap sama, tolong dong diperbaiki mau order jadi gak bisa sama sekali . percuma aja kalau gitu beli promo unlimited ongkirnya kalau gak bisa dipakai"
,"tolong gpsnya diperbaiki lagi dong, sampah banget gpsnya ampe dicancel berkali kali gara"" ga sesuai app, padahal udah tugas kalian buat setting posisi yang paling presisi dari lokasi. sama tindak lanjuti mitra driver yg kalo ngechat & telpon ga dibales tapi main cancel seenaknya. Pecat aja sekalian, gak niat kerja apa gimana tuh"
,Kenapa semua voucher harus masuk di grab unlimited?? Nambah biaya lagi buat langganan.. Bukannya hemat malah jebol.. Blas gak sesuai ekspetasi ni aplikasi.. Pelanggan jadi enggan gara gara promo voucher semuanya masuk di GRAB UNLIMITED!! Hapus aja ntuh program tak berguna!! Bukannya makin ke depan makin bagus malah semakin BOBROK!!!
,"iklan grab di aplikasi lain ngeselin banget, tiap mau mencet tombol ""×"" selalu ke aplikasi grab, berkali-kali, minimal kalo bikin iklan gausah sampe masuk ke aplikasinya juga"
,"Appnya makin ga bagus, beberapa hari setiap buka selalu white screen, instal ulang dan hasilnya tetap sama. Pas white screen bener2 ngeblank g bisa diapa2in."
,menu pilihan untuk tujuan ribet banget sulit menemukan alamat akurat karena tidak bisa edit pilih peta manual. satu lagi mahal dibanding rivalnya.
,Saya heran kenapa akhir2 ini sering menemukan pengemudi grab yang TEMPERAMENTAL. Dan saya coba laporkan namun sulit. Padahal saya pelanggan platinum - Yg katanya selalu diberikan mitra terbaik untuk saya. G bisa bayangin yang status nya dibawah platinum kayak silver. Dapat mitra sekasar apa ya 🙄 Layanan bantuan g works. Percuma
,"Mahal jadi ada biaya pemesanan dan kalau pesan makanan jadi suka lama karena katanya ada order gabungan. Seenaknya saja main potong paket langganan unlimited 14rb, harusnya konfirmasi dulu karena waktu saya daftar hanya Rp. 1 kenapa skrg jd 14rb????"
,"ini apk nya atau lokasinya,selalu muncul "" GrabFood is coming soon, stay tuned"" padahal untuk aplikasi sebelah lancar2 aja, cuma di grabfood lah yang ribet seperti ini. jada maaf, terpaksa saya uninstall. Lokasi Kepulauan Riau, Tanjung Pinang."
,"Niat hati nyobain fitur ""TAMBAHKAN LOKASI"" ,di menu pemetaan kota biar client gampang kalau nyari di grab, eeeh... Ternyata BELUM TERSEDIA ,alhasil tidak bisa di cari nih tempat usaha saya di grab, auto share lok manual."
,"Ini antara alogaritma aplikasinya yg ""sengaja"" Bikin driver kesasar waktu pick up, atau banyak driver tidak bisa baca map.. Saya harus pesan berulang2 dan tarif dinaik2kan dari aplikasi."
,"Tolong dong kak, harga boleh naik, tapi promonya juga jangan min. 40k :( harga makanan yang kita mau beli ga sampe segitu dan aplikasinya jadi ga bisa dipake buat anak kos :( aga kecewa si, harga boleh di naikin tapi diskonnya jadi ga guna kalo mau makan sendiri."
,"Saya gak tahu masalah grab ini apa terkait promo. Jelas jelas saya memesan grab bike dengan promo nominal 9 ribu, bisa di pakai tunai dan ketika penyelesaian nominal berubah menjadi 15 ribu. Tidak mungkin saya mengeluh ke pengemudi dan terpaksa membayar sesuai aplikasi. Apakah ini termasuk human error atau aplikasi error? Kejadian sudah 2x terjadi, apa akan terjadi 3x nya?"
,"Saya pengguna grab sejak lama, tadi nya saya merasa dimudahkan karna ada aplikasi ini. tapi barusan saya sangat kecewa, saya order grabfood dan saat driver sampai lokasi ternyata tutup, saya coba cancel tetapi tdk bisa, sya minta ke driver untuk cencal tp dia jg bilang tdk bisa. sya sempat heran orderan sblm nya seperti itu jg tapi driver mau cancel, knp orderan ini bilang nya tdk bisa. akhirnya pesanan diselsaikan, saldo terpotong dan sya tdk dpt apa2."
,Tolong berikan lagi pelayanan LEBIH BAIK LAGI terkait grab mobil XL. Pengemudi beralasan a b c d dan sering ditolak. Aplikasi juga terkadang sering lag dan frezee padahal sinyal aman. Terimakasih
,"saya pesan mpek2 lenjer dan kapal selam, anda jual masing2 porsi dan harganya beda, tapi yg anda kirim digabung jadi satu porsi/tempat, timun dan kuah hanya satu bungkus, bihunnya tidak ada, kesannya ini pelit atau apa sebetulnya?"
,"kenapa susah sekali menemukan titik lokasi tempat yg dituju? tdk lengkap, apakah aplikasi grab tdk terkonek dgn gmaps? tidak seperti aplikasi gojek tdk perlu repot mencari tempat krn sdh konek dgn gmaps. mohon diperbaiki"
,"Sangat kecewa, pesan grabfood dari jam 12.30 sampai jam 2.00 belum dapat konfirmasi dari warung, eh malah waktu konfirmasi nya diperpanjang terus bukan nya malah di cancel. Ini aplikasi mau bunuh orang mungkin 😠"
,"Drivernya makin kesini, makin ngaco. Buat apa ada detail keterangan kl yg dituju cuman titik saja. Ga semua terbaca map, buat apa tulis detail keterangan dan ada layanan chat driver kl drivernya malas baca."
,Udah bayar lebih biar pesanan cepet sampe tapi performanya sama aja kyk yg hemat. Trs apa fungsinya bayar lebih tapi kagak ada peningkatan. Klk mesen makanan mending pake yg hemat aja rugi pake yg instan sama aja
,"Jangan pernah isi saldo di luar negeri karna tdk bisa di pakai lagi di indonesia, menurut layanan grab bisa di pakai di negara yg kita isi saldo.. wah kapan lagi balik le negara tsb. Harusnya bisa di sesuaikan dgn mata uang di negara manapun kita mau pakai.. kapok deh 😭😭😭"
,"Di daerah, susah dapet driver. Kalaupun dapet driver, udah lama banget, jadi telat. Percuma ongkos kirimnya mahal kalau kayak gitu. Ada fitur penjadwalan, tapi sangat tidak berguna. Karena ujung2nya telat juga. Sangat mengecewakan."
,"Pelayanan kurang baik, Paket saya sudah 1 jam tidak di pickup pickup mau cancel gabisa dan bertele tele padahal di ambil aja belum tapi tidak bisa cancel, lapor pusat bantuan sama sekali tidak mendapatkan solusi tetap harus nunggu 20-50 menit."
,"Blilu. Masa ada voucher ga bisa dipake. Ratusan voucher ga bisa semua. Mending ga usah dikasihkan. PHP banget. Mending sebelah. Ada di mana titiknya, dikasihkan voucher sekitar. Ini 238 voucher, satupun ga bisa dipakai. Auto uninsstal aja lah. Nyebelin"
,"Lapor di helpcenter, bukannya diberi solusi, malah obrolannya diakhiri begitu saja. Katanya bakal ditindaklanjuti dikirim lewat email, ternyata cuma balasan bahwa Grab tidak bisa membantu apa2. Layanan purna jual grab tidak berguna apa2. Staf sosmednya juga tidak fast response. Masih lebih baik layanan ojek ijo sebelah deh. Males banget!"
,"Jelekkkk,jaringan bagus tapi gambar ngebag terusss,jelekkkkkkkkkkkkkkkkkk pokoknya jelekkk ini apk harusnya jangan ada aja dah gak membantu soalnya apaan orang mau pesen aja gak ada gambarnya terus,udah di update masa aja,padahal jaringan bagus,di pake apa apa pun bagus,giliran buka grab kek taiiii emang apk nya sih kayaknya yang jelek"
,"layanan cepat, ramah difabel. harga lebih murah layanan tetap optimal. Terimakasih para driver 🙏. Aplikasi mudah digunakan. Saran kalau bisa ditambah bisa bayar dengan scan QRIS."
,"Sangat mengecewakan,""HANYA"" untuk ganti rekening bank saja effort nya sangat luar biasa, sangat tidak efficient & bertele2. Padahal saya ganti dengan nama rekening pribadi sebagai owner & sudah selfie dengan KTP tetapi masih harus kirim selfie dengan rekening digital? Yang mana sangat sulit selfie sambil fokus ke wajah dan layar HP dengan catatan no rek, nama, wajah harus jelas tidak boleh blurr. Juga harus melampirkan surat kuasa? Saya harus menulis surat kuasa untuk diri sendiri? MENGECEWAKAN!"
,"Pengalaman buruk saat pesan makanan sudah nunggu lama pesanan tiba2 dibatalin sama pihak grab, eh pas pesan lagi lama banget nyampe nya akhirnya saya kesal dan mau batalin gak bisa, trus di telp sama driver grab nya pake kata2 kasar dan mengancam ngajak kelahi kalau pesanan tdk diterima.... Grab makin Payah!!!!! 😡😡😡"
,"ini asli udah gedek banget makanya ubah rate dari bintang 5 jd bintang 2, saya sedang buru buru ke suatu tempat untuk menyerahkan pekerjaan karena sdh mendekati deadline. saya sudah memberi pesan pada driver bahwa saya tunggu secepatnya, namun pesanan saya selalu di lempar lempar terus pada driver lain yang lebih jauh dan akhirnya saya telat menyerahkan pekerjaan saya. tolong dong beri peringatan aja buat yang suka ngelempar lempar order, kalau emang gabisa terima order dibatalin aja."
,"Paling males sama ini aplikasi karena titik koordinat ga pernah sama dgn alamat yg dimasukan. Dan saya baru sadar ketika sudah ditelpon driver yg jemput... Kalau bukan karena terpaksa, grab bukan pilihan saya."
,"Lama lama gajelas grab ini, Di aplikasi penjemputan 5menit lagi. Itu 5menit driver/pengemudinya ngopi ngopi dulu apa gimana ya. Semisal contoh pesen grabcar/motor. Pesen di PK 08.00 pengemudi akan sampai 10menit lagi, seharusnya langsung bergerak dong bukan 10menit lagi baru bergerak! Pantes turun, aplikasinya aja kayak gini"
,"Gasuka sama pelayanan grab food. Pdahal dia bekerja sudah dapet cuan, tp masih aja minta uang parkir. Harus nya di aplikasi sudah di akumulasi jadi 1 sama biaya parkir, biar kesannya tuh ga bayar lagi padahal grab food nya juga udah dapet untung !! Buruk banget pelayanan grab food denpasar bali, next tolong buat pemilik sistem apk grab food jika ada biaya parkir tolong sudah diakumulasi di dalam aplikasi nya, meskipun seribu saya kecewa !!! Not bad"
,"kecewa bgt sm grab skrng...biaya pemesanan naik naik dan naik mulu ampe 5 ribuan. harga di apk beda dg di resto, di apk lebih mahal drpd di resto... blm lagi biaya pemesanan yg biaya nya ga ngotak. dikurangi dong, jd 2 rb an aj, jgn sampe 5rb kebanyakan, kurang puas deh pesan di sini.. semoga di update"
,Mau pesen grabfood aja tampilannya putih semua alias ga ada gambar.refresh terus sampai hapus akun login lagi tetep tampilan sama.sebenernya ada apa dengan aplikasinya ? Apa memang sesulit itu sekarang ??
,"Pelayanan nya skarang buruk, suka milih2 mentang2 dekat kdang gk mau antar padhal dekat. karna sesuatu hal yg mendadak contoh skit. Terutama buat grabcar itu. Mending sekalian aja ditiadakan grabcar. Dripda di php. Sering kali dicancel padhal udh dekat. Trus titik nya maps itu gak pas kadang. Jelek kali lah kau grabcar"
,"Keseringan pesen grabfood, restonya tutup. Suka kasihan sama drivernya. Mana dari gue nya ngga bisa di cancel lagi itu pesanan. Mau pake pusat bantuan juga ribet. Tolong dong kasih tanda mana resto yang tutup atau ngga. Dan kasih sanksi sama resto yang lupa matiin aplikasinya. Bikin orang rugi"
,"Aplikasi grabfood sering error, kebanyakan pasang diskon yg sama sekali gak ada fungsinya.mending hapus aja diskon2 pancingan yg bikin lemot aplikasi."
,"Login dg gmail yg terhubung, berhasil, tp cek di akun tyt yg tertera email lain, jd klo mau konfirm email ya ga terkirim pasti. Di edit utk disamakan dg email terhubung tdk bisa"
,Aplikasinya sangat membantu kita yang memerlukan transportasi apapun.Tapi yang gak suka kalau pesan harus selfie dulu.Gak tau itu berlaku untuk pertama kali pake atau setiap pesan setiap harinya.Trus driver grabcarnya selalu nge cancel dan menyelesaikan perjalanan duluan padahal driver blom membawa kita ke tempat tujuan.Untuk sekarang bintangnya dua dulu yah sampai ada perbaikan dari driver grabcarnya.Terima kasih
,"Setelah update terbaru per tanggal 11 april ini, histori perjalanan yg biasanya tinggal pilih dan tidak harus menentukan titik tiba2 hilang semua. Aneh grab ini, disanjung2 aplikasi ojol terbaik malah bikin blunder seperti ini"
,"Mohon diperbaiki. Saat mau login ovo kirim otp lama sekali, giliran kodenya sudah dikirim malah eror. Tidak mengalami ini tidak hanya sekali dua kali, padahal sedang butuh ini"
,"Tolong biaya pemesanan nya jan terlalu banyak lah... pesanan sy jadi mahal cm gegara bayarin biaya nya, semoga update nya dikurangi biaya pemesanan ny ya, tolong. Trims"
,Edisi terbaru malah ribet input datanya. Suka keganti sendiri alamat penjemputannya. Bolak balik ngisinya kudu diteliti berkali2. Pusing.. Tolong diperbaiki
,"Aplikasi payah banget jangan deh percayain saldo kita di OVO banyak banyak, bahaya banget dikota besar mungkin bisa bagus tp klo merasa kalian di kota kecil jangan deh promo gk ada yang bisa dipakai, harga grabfood 10% lebih mahal dibanding yg sebelah.....apalagi banyak berita aplikasi hanya dapat merusak reputasi mitra restro grabfood....banyak dah keluhannya masa harus disebut satu persatu, bintang 4.8 tapi aplikasi kek sampah pasti bintangnya bayar gak asli"
,"Aplikasi yang sangat ribet, saya sekarang pusing menghabiskan uang yang sudah terlanjur saya setor, banyak penawaran promo,tapi saat pembayaran, promo tidak bisa digunakan."
,"keren dan sangat membantu tapi sayangnya terkadang ada ""beberapa Driver2 Nakal"" yg sengaja gak sediakan duit kembalian jadi mau gak mau kita bilang ambil aja.. tapi akhirnya itu ""KEBIASAAN BURUK"""
,"Sistem nya nggak kya dulu ya grab food nya.. Dulu dapat drivernya dulu baru ke restoran, sekarang makanan nya di bikin dulu baru dapat driver 😪 pesanan jadi kurang terus nggak pernah sesuai😌 padahal udah lama pake grab tapi makin kesini makin kesana"
,"Saya agak kecewa dengan grab. Saya biasanya pulang dari sekolah yang tarifnya kisaran 13k menjadi 23k hanya karena sistem mengira jalanan macet dan menyalurkan ke jalan alternatif yang sangat jauh, padahal jalan pulang saya tinggal lurus saja. Btw jalannya juga sudah tidak macet"
,"Maaf saya edit, saya kasih bintang 3 dulu aja. Soalnya belakangan ini saya pesan grabcar di jam 5 subuh susah banget dapetnya. Sama sekali ga dapet driver. Tolong dong ditingkatkan lagi. Klo buru2 mau berangkat kerja kan jadi ribet. Apalagi kalo belom punya antar jemput."
,tiap buka aplikasi trus mau beli makanan selalu layar putih terus. coba restart aplikasi berkali-kali juga tetep kek gitu udah bagus yg kemarin-kemarin sekarang malah makin buruk aplikasi nya
,"Semenjak diperbarui bukannya lebih bagus malah lebih jelek,ngeleg,kadang notifikasi pesanan gak ada,mau order makanan pas klik resto blang putih semua,gimana mau milih,padahal jaringan sama aplikasi lain bagus"
,"Aplikasi nya bagus bgtt, gak ada yg ngeganggu toh. itu mungkin klo layar ny white screen mungkin itu ngebut kk. dan disini orng"" ulasan nya selalu bintang 1,pdhl apk bgs bgt, penyampaian nya juga cepet, aku selalu pake apk ini krn baguss!!"
,"Sebulan sudah 2 kali kecewa sama drivernya 🥲 biaya yang di tambah sama drivernya sendiri, tiba-tiba saldo berkurang, pesanan tidak lengkap 😕"
,grab udh kaya makelar online .. parah bnget sih .. dimana harga ofline diluar grab misalnya 10k dan di dalam app grab pasti hrganya 2X lipat . blm lg di tambah ongkir ... pake app ini sy rasa pemborosan dan tidak menguntungkan sama skali
,"jelek sekali padahal saya pesan berkali2 dan maps di situ ada driver tapi kenapa gak di kasih driver sama sekali, grab memang payah sekarang, satu lagi kalo pesen driver kenapa yg deket gak di kasih palah yg jauh2 d kasih jd kita kan nunggunya lama apa karena driver ojek sekarang pda main curang yaah katanya tuyul2 itu jadi sistemnya amburadullll"
,"Sebenernya, aku seneng kalo Grab ada di kota itu, tapi ternyata pencarian pengemudinya cuma sampai di sekeliling diriku saja, seharusnya jika diketahui kepadatan kotanya ga sebegitu padat alias kek di pedesaan (sekalipun emang daerah tersebut belum tercover betul padahal sudah masuk daftar kota yang didukung Grab), mungkin harusnya agak diperluas pencariannya (pinjam ke daerah lain), agak disayangkan karena aku ini mudik di kota itu"
,"pihak Grab harus mengedukasi drivernya! Masa nanya-nanya posisi terus, kan sudah jelas tertera di aplikasi. Kalo dilaporin saya merasa gak enak sama hati saya sendiri & driver nya. Takut mutus keberuntungan nya"
,"1. Khusus untuk operator 50816655 pelayanan jelek sekali. Sy telp 3x krn perlu untuk merubah pesanan, total hampir 10 menit gak diangkat cuma disajikan musik. Tanpa keterangan apakah operator sibuk, apakah libur atau tidur. Klo cuma untuk dengar musik lagu2 yg sy punya lbh bagus. Yg perlu adalah keterangan apakah Operator standby atau libur. 2. klo mau komplain, masalah pesanan makanan ribet"
,"Secara umum Pelayanan sudah oke, sedikit saran hanya lebih ketat dan selektif saat memilih driver untuk menghindari hal"" yg tdk di inginkan dan utk meningkatkan kenyamanan buat pelanggan."
,"Jangan hanya perbaikan bug saja yang diupdate, petanya juga harus di update dong, tidak sesuai dengan yang ada di jalan, sesuaikan deng Google Maps peta anda Grab!!"
,Kendaraan dan Plat kendaraansering Berbeda dengan yang muncul dipesanan. Jadi sangat menyulitkan untuk mengenali apabila di tempat banyak orang.
,"Makin hari makin bobrok aja aplikasi grab ini,pkek ada estimasi biaya pemesananlah dll peraturan nya bnyak bangetzz,,masa pesan makanan mau nunguh sampe 2 jam,yg ada org kelaparan bisa2 mati tngguin makanan dari grab. Bukan membantu mempermudahkan tp mematikan"
,"awalnya harga normal,tapi pas hujan dikit auto mendadak mahal,kalau gini terus rugi banget,mending pakek becak sekalian,padahal deket banget tapi harganya 17rb itupun lokasi dari tempat kerja ke rumah cuma 7 menit sama ngelewatin 1x lampu merah. Ga worth it"
,Saya pesen 2 kali dikecewakan sama aplikasi grab.pesen jam 3shubuh sampe jam 4.35 ngak sampe2 itu makanan parah aplikasi grab.saya cancel .saya pesen lagi dihari itujuga jam 5 shubuh sampe jam 7 baru datang. masa 2 jam saya harus nunggu padahal naik motor PP saya cuma 30menit.. grab sekarang ngak mutu.. merugikan waktu dan buat kesel doang..aplikasi merugikan waktu saya
,"Grab skrg tdk bisa belanja mkanan dan tdk bisa pesan kendaraan motor atau mbil,,,, kenapa begitu ??? Tlg dong admin di perbaiki seperti semula aplikasi grab"
,Kalo iklan ya gak perlu sampe ngebuka aplikasinya jg kali. Mengganggu banget dikit2 kebuka aplikasi grab. Mending hapus aja lah. Bolak balik kebuka terus.
,"Grab ini sangat membantu untuk saya yang hidup merantau. Pernah waktu itu buka 2 aplikasi lain, dan 30 menit ga dapet driver. Tapi kalau pake Grab, ga sampe 3 menit langsung nemuuu. Membantu banget, apalagi ada potongan harga juga"
,"saran aja gausah di kasih code/ di suruh masukin code pas mau pesen grabnya, bikin lama dan bikin telat kalo lagi buru-buru cuma buat nunggu codenya ga di kirim-kirim. padahal nomornya masih aktif"
,Tolong untuk map nya di perbaharui Saya nyari titik yg pas rumah saya ga ada Padahal d google sudah ada Di aplikasi sebelah pun pas saya coba ketik/masukan alamat saya ada jadi mudah ketika saya ingin menggunakan layanan
,Tadi udh download tpi pas daftar nomor telpon ny betul kok tpi kode ny ga msuk masuk trus ada tanda peringatan kyk bahasa Inggris gw ga ngerti udh download lgi TPI ttp aja ga bisa pdhl mau di pakai
,Titik maps sangat buruk rute perjalanan juga kadang berliku liku (rutenya lurus bisa sampe malah masuk gang dulu) Mapsnya di tingkatkan lagi seperti kompetitornya G****
,"sistem transportasi yg bagus,efisien,n sangat membantu bagi konsumen yg mager/sibuk kerj/tdk sempat ambil sendiri.terima kasih grab,pertahankan kualitasmu.supaya makin di cintai,dan makin banyak penggunamu👍👍👍"
,"Grab ambil komisi dari naikin harga menu dari penjual online 25% itu gede banget,tapi dipenjualnya porsi makanan sedikit karna harga aslinya murah, belum kena biaya pemesanan 3k, cepet jadi konglo ya grab 🤣"
,"almost perfect, bubur kurang gurih dan kurang sesuai pada etalase toko exmple: kecap dan sambal ada, tapi pas datang tidak ada. untuk lain² rasanya sudah okay so tasty ayamnya pakai ayam cincang ala² bakmi. 8/10 💗"
,"Rute di dalam aplikasi sering tidak tepat, padahal titik yang diinput sudah benar, sehingga driver sering complain kepada saya"
,dri 2020 bintang 4 sekarang gw kasih 1.. gagal kirim express gara² stuck di pengisian detil penerima.. dri jam 10 pagi sampe jam 13.16 gak bisa².. hadeeuuhh aplikasi nya makin busuuukkk.. perbaikilah
,"Lambat bgt buat emosi. Pas klik resto cuma muncul layar putih, ditungguin lama ga muncul juga"
,"Semenjak kebanyakan update aplikasi grab makin ngaco aplikasinya banyak bug dimana mana, dan ketika berlangganan paket tidak bisa dipakai karena adanya bug"
,"Selama ini saya selalu mengandalkan grab tp baru kali ini saya kecewa, tarif di aplikasi 143 ribu dan saya bayar pakai ovo, saat sampai lokasi selang beberapa menit ada notiv kurang pembayaran dan ovo saya tersedot, saya lihat di riwayat kenapa afa biaya etoll padahal saya pakai etoll sendir dan biaya perjalanan jadi 151 ribu, tolong permudah layanan aduan!!!!"
,"Keterangannya 3 menit lagi driver nyampe, nyatanya 25menit baru jemput, mana gambar motor driver di maps nya ga jalan lagi, buat suuzon aja 😑, move ke app tetangga aja deh"
,"Peforma staff pusat bantuan sangat buruk tidak seperti tahun lalu. Tidak ada penyelesaian sama sekali, sesi chat di tutup sangat cepat, dan solusi yg diberikan tidak berhasil hanya buang-buang waktu."
,"Titik penjemputan maupun tujuan dimap masih kurang lengkap, driver yg ditentukan untuk menjemput juga terkadang sangat jauh dari titik penjemputan"
,"Peta di grab tak sama dengan peta google map ,, jarak nya lebih jauh dari googlemap beda 2-3 kilometer ,terus ongkos berangkat & ongkos pulang beda jauh hampir 2x lipat padahal rutenya sama"
,"Kronologi: "" (disini saya pesan grab bike , TUNAI), tidak jauh dari tempat berangkat (500 m an) tiba-tiba pesanan saya terselesaikan sendiri. Si driver dan saya bingung loh ko bisa."" Driver juga curhat kejadian serupa beberapa kali untuk pembayaran TUNAI ,pembayaran lainnya aman. Mohon untuk segera diperbaiki sistem nya karena baik saya sebagai pelanggan dan driver dirugikan. Driver terkena suspand 120 menit kan kasihan gitu loh . Sangat disayangkan apabila tidak segera ditindak lanjuti"
,"Kualitas aplikasi menurun, pengemudi banyak yang kurang sopan, sering dapat pengemudi baru belajar mengemudi!"
,"Di tingkatkan kalo misalnya ada penambahan biaya parkir di cantumkan saja saat pemesenan, jangan kaya tadi dilebihin dikit udah, di telepon iya."
,"Dalam perjalanan merasa aman, pernah diturunkan tdk sesuai titik karena permintaan sendiri tdk smpai 1 menit langsung di tlp oleh call center menanyakan ada kendala atau tidak. Fast respon"
,"aplikasi seharus pihak grab tahu jalan juga, operator atau cs dikantor diambil dari sopir bukan, masa mengendalikan maps perjalanan goblog.. muter muter, ga pernah survei jalan lagi ya cuk"
,"pada promo grab car hemat, driver banyak yg menolak orderan, klo memang sekiranya keberatan dengan promo, lebih baik tidak ada promo, rugi waktu menunggu dan di tolak driver."
,"Males bgt driver grab udah sering bgt ya allah dapet yang ga enak, kemarin saya di bentak2 di depan idm sama drivernya, gara2 nge cancel karena lama, soalnya saya buru2 bgt. Maaf yaa bukannya setiap pekerjaan itu masing masing ada resikonya kalo gamau punya resiko dalam bekerja plis tidur aja. Tolong dalam menyeleksi driver harus diliat juga kejiwaannya yah hhh. Otw uninstall GRAB takut wkwk"
,Semakin buruk pelayanan nya. Tolong lah map di update sesuai Google maps. Belum lagi kalau kompalain masalah orderan nggak ada tanggapan. Payah!!
,seandainya bisa nahan rasa lapar.. sy lebih baik ga narik grabcar.. krn bukanya dpt duit malah saya dibikin pusing nyari duit buat setoran tapi ga ketutup alias kurang setor.. besoknya lg diulang terus2an akhirnya malah sy yg punya hutang setoran sama sipemilik mobil.. Ya Allah na'as banget nasib driver online
,"Sejauh ini saya suka , tapi ada masalah seperti waktu Pemesanan dgn real kuantitas makanan habis dan di aps customer gk bisa dicancel status diproses di dapur, seharusnya di cancel dr resto soalnya resto telat update jd bukan cancel by driver atau customer. Tolong ini dibenahi ya, saya dpt beberapa kali hal sperti ini konfirmasi dr resto udh habis makanannya tp di aps restonya mereka lambat update dan bukan salah driver jd harus dr resto yg cancel"
,"Aplikasi yang sangat tidak membantu dari segi pembayaran dan user interface nya sangat susah di pahami, terbaik memang 👍🔥"
,"Jalan nya jadi muter²yang harus nya perjalanan nya cepat ini malah jadi lambat kecewa deh sama grab, tolong donk dibenerin lagi rute nya."
,"Eror terus .. padahal sudah update . Buka menu ga ada fotonya , pesen pun mau chat driver eror mulu . Pdhal sinyal kuat ."
,"Semua sudah bagus, tapi knapa ovo point saya tidak bisa ditukar dengan voucher yg tersedia di app grab sedangkan di akun teman saya bisa ditikarkan di mau melaporkan masalahanya tidak ada tempatnya"
,"orderan masuknya telat, udah jauh baru bunyi alhasil dicancel dari pengirim, notif ga bunyi, update maps lama, tolong diperbaiki ya grab"
,"Maps di aplikasi grab di butakan cuma ada peta jalan aja, nama 2 tempat di hilangkan, padahal itu mempermudah saya pesan waktu di kota orang, makin aneh aja nih grab"
,"Ga bisa cancel pesanan padahal resto lagi tutup, dicancelsama drivernya malah cuma ganti driver pesananya ga kecancel. Kecewa ga bisa pesan yang lain karna pesanan belum kecancel👎"
,"Saya pesen grabmart yg dapat malah mobil, alhamdulillah aman dong barang2 saya.. Tapi kenapa plat beda, sehingga saya susah mencari driver tsb di lapangan, drivernya ngeyelan, tindak coba"
,Untuk harga ga masalah tp tolong untuk driver2 yg sering minta cancel dg alasan bermacam2 padahal jarak penumpang dan driver ga jauh2 amat tolong sebaiknya driver seperti di cut aja biar paham nyari uang jaman sekarang itu susah😡 sory sy uninstall dl aplikasinya
,"Tolong khusus pengemudi daliso waruwu minta tambahan uang 31.000 karna bawa barang,seharusnya gapapa dong karena yang saya pesan grabcar(mobil),lain kali jangan begitu ya tolong di ingatkan kepada semua pengemudi dan tolong di perbaharui lagi🙏"
,"Ongkir terlalu mahal, saya beli sendiri saja tidak sampai 30 menit perjalanan tetapi grab hitung satu jam dengan ongkir 30 ribu, ditambah biaya layanan tiga ribu, memangnya saya tidak bisa beli sendiri apa?"
,sangat sulit menemukan titik jemput. sudah ditulis maupun dgn map alamat penjemputan tetap ngaco... sangat jauh berbeda dgn aplikasi lain yg serupa...
,Grab saya sekarang sudah tidak ada gambar nya maksudnya kan ada gambar makanan kan misalkan Boba gitu tapi di Saia gk ada padahal baru aja beli kuota dan penyimpanan jg banyak entah kenapa gk bisa muncul gambar makanan nya
,"Grab aku terkonek sama email yg lama, lupa sandi hpnya rusak,, emailnya daftar baru kok GK bisa.. Padahal butuh bgt apk ini.. Gmn caranya biar bisa bikin lagi,dan gk ganti nomer juga mungkin."
,Untuk grabfoodnya. kenapa banyak warung yg tutup padahal di aplikasi tulisannya buka. Udah nunggu lama ternyata tidak bisa di pesan. Mau cancel di bikin ribet. Jadi susah mau pesen yang lain. Keburu anak kelaparan . Grab masih nyantol di toko yg tutup. Ngeselin!!!!
,"good pelayanan nya,cepat tanggap menangani masalah yg terjadi,pokoknya sukses terus untuk grab😍dan semoga ke depannya bisa di lebih ditingkatkan lagi pelayanannya"
,"Gak memudahkan,susah dapet grabcar pagi pagi padahal udah terang bukan subuh2,bisa setengah jam itupun gak dapet juga . Tingkatan lagi deh ."
,"Hallo admin grab id Saya mau complain nih, ini pengalaman saya beberapa kali memakai grab tpi malah menjadi mengganggu privasi saya karena no hp yang di daftar untuk grab malah di salah gunakan karena waktu aktivitas pembelian grabfood/grabbike yang sdah selesai. Beberapa mas"" nya sebagai grab ngechat saya dan menanyakan hal hal pribadi yg menurut saya privasi jadi saya memohon untuk grab untk no hp yg telah di daftarkan di samar kan karena takut menjadi salah gunakan/menganggu privasi seseorang"
,"Setelah update yang baru, tidak bisa memesan grab lagi, Selalu gagal menghubungi server grab coba lagi, bukannya makin bagus malah bikin kesal"
,Harusnya kalau pesanan sudah dibatalkan oleh pengemudi pertama jangan dipindahkan ke yang lain. Karena restorannya memang seringkali tidak bisa dihubungi katanya buka nyatanya tutup.
,Langganan grab unlimited tapi ga pernah dapat diskon ongkir setiap kali pesan grab food. Cuma dapat disc ongkir ovo aja. Itupun ga sampe 10 rb spt yg di promosinya. Jadi kapok dah ga langganan grab unlimited lagi.
,"Ini gmna ya apk nya,saya sudah daftar dan sudah login email juga,malah ke logout sndiri,udh gtu gabisa login lagi dan kode verifikasi nya lama bangettttttttt,tolong diperbaiki"
,"pelayanan driver bagus, temen ngobrol yg menyenangkan. untuk aplikasinya, Sayang info promo banyak yg gak tahu."
,"mungkin harus upgrade map nya ya, soalnya jangkauan map nya suka ada yg gk masuk, jadi harus jln dulu biar bisa sesuai titik,,"
,Beli paket unlimited untuk ongkir grabfood tapi ga bs dipakai .. sudah laporan sampe 8 hari jawabannya lagi diselidiki terus .. sampai detik ini tidak ada solusi .. dari grab tidak ada keseriusan menangi permasalahan ini . Sangat merugikan customer . Laporan sudah 6x padahal . Akhirnya saya batalkan paketnya karena sudah capek laporan ga ditanggapi serius ..
,pelayanan grab mmg baik dan the best tp klo bisa sih jarak yg paling dekat itu biaya ongkosnya lebih murahin dikit lagi ya..di apapun itu..makasih
,Tolong untuk pembuatan aplikasi saran saja tambahan yaitu 1.jika saya udh pesan ojek jangan ada kendala mau kirim apa gitu karena bisa membuang waktu saya masalah nya 2.map aplikasi diperbaiki karena agak lelet TDK bisa prediksi dmn grab nya 3.bug nya juga diperbaiki seperti harga grab bike harusnya 12rb malah 20rb lebih kayak harga ojek mobil Udh itu saja
,"pesan mobil yg terjadwal tp sampai wktunya malah gk ada respon apa2 dari grab sndiri..klo gk dpt driver, y diinfokan..jgn cuma stuck aja..psn lgs malah dpt dan lbh murah.."
,Membantu saya dalam perjalanan menuju ke tempat tujuan dimanapun saya berada.. terima kasih...untuk semua driver dan crewnya...🙏❤️❤️❤️❤️
,"Baru kali ini saya dibentak2 sama driver. Gara2 dia ngomel titik ga sesuai, padahal di aplikasi emang ga bisa sesuai titik rumah banget, itu juga cuma beda 5 rumah tinggal majuan dikit lagi, eh dia ga sabaran malah makin jauh dari rumah. Sampe saya kirim maps lewat wa dan minta share lokasi dia kerumah cuma 5 menit. Eh dia masih ga ngerti juga liat mapsnya. Saya diemin 5 menit, ujung2nya nyampe rumah juga itu driver. Please lah grab, drivernya ajarin sopan santun dan cara baca maps."
,Untuk pengiriman paket selalu di tolak... Padahal tarif sesuai dengan apps... Jangan kalo dekat pada mau ambil... Giliran jauh pada nolak... AMPAS
,"Saya butuh cepet tapi malah suru verifikasi wajah kalau mau pesen grab,tapi udh ngikutin panduan tetep ga bisa, bikin aplikasi yang bener dong, kebanyakan update malah tambah tolol aplikasi ini"
,"Setiap cancel order atau dicancel ordernya pasti dananya ngga pernah balik ke rekening, udh lapor disuruh tunggu 6-14 hari masih juga ngga balik, chat admin dijelasin ulang minta nomor kartu dll mau diinfo lewat email, ngga ada juga emailnya, chat lagi disuruh tunggu lagi ngga ada kejelasan itu uang balik atau ngga, bukan masalah bedar kecilnya tp memang haknya dan harusnya balik kalu order cancel or dicancel, emang aturanya ngga balik kah uangnya untuk case yg begini, susah banget ngurusnya"
,"Parah banget semua akun saya ditangguhkan. Padahal saya butuh banget aplikasi ini buat keseharian saya beli makanan atau ngojek. Tolong dong, dikit dikit ditangguhkan jangan kaya gitu!!! Ditangguhkan tanpa alasan! Sumpah saya kecewa banget sama GRAB!"
,Aplikasi sampah makin parah Update terus ngak ada perubahan aplikasi sampah. Pesana makan menu ngak ada saldo ovo terpotong.
,"Padahal suka banget naik grab tpi beberapa kali dapat pengemudi yg nggk respon atau ngk ngabarin klo tdk bisa mengantar, alhasil udah nunggu lama giliran pengemudinya di telfon malah bilang cancel saja, tolong setidaknya cht customernya klo nggk bisa"
,"wah asyik jg neh belanja sayur disini, barang bagus, sayurannya segerrrrr, pokoknya puas banget deh....bakal tiap hari belanja disini.... trmksh udh mempermudah aktifitas saya....🙏 👍👍👍👍👍👍👍"
,Pencarian lokasi tidak jelas. Di aplikasi lain yang serupa pencarian lokasi lengkap dan mudah ditemukan. Tapi di app ini susah ketemu
,"Tolooong dong grabb yang pake tuyul atau apalah itu di map dmna orng nya mah jauh, saya bisa nunggu sampai 30 menit padahal di map driver nya di sebelah saya, udh ancur bangettt ni apk, tolong di perbaiki."
,Aplikasi jelek. Mau pencet menu makanan saja susah karena sering tahu2 blank putih. Harus keluar dulu aplikasinya terus balik lagi. Pun juga sama kalau mau menghubungi driver lewat chat tuh tidak bisa. Map juga kadang hilang kalau lagi nganterin pesanan. Nyuruh update terus tapi kualitas aplikasi seperti tidak ada perubahan.
,"Harga sama jauh nya ga sesuai, itung2 buat beli bensin sama ngisi saldo aja. Kalo bisa aga si mahalil harganya min."
,Sudah di update yang terbaru tp masih tetep sering keluar white screennya..udah coba di close dan masuk lagi tp tetep aja..sering banget ada white screennya
,"Katanya bisa pesan dimana saja dan kapan saja, Tp kenapa saya pesan dari pagi sampai siang ini belum ada mobil n driver, tolong di sesuaikan dengan kata²nya"
,Gilaaaa naik drastis mo naik grabcar. Harga bisa 2kali lipat sama aplikasi sebelah pas hujan gini. Apa cuma aku aja ya yg ngerasa makin mahal
,"Lemot bnget,pdahal jaringan di tmptku bagus,foto"" makannya ga kluar"",mau milih"" makan jadi males, titik lokasi jg selalu salah .. susah bngt!"
,"Sebagai customer kecewa sih, di situ gratis'ongkir giliran di pesen ongkos kirim nya tetep dan di tambah biaya pemesanan, kalo emg gamau kasih grtis ongkir gpp gausa di buat grtis ongkir, bikin ribet aja"
,"Semua akun grab cadangan & akun utama ditangguhkan, kenapa sih? Padahal ga melakukan pelanggaran apapun. Daftar via wa something wrong & FB juga sama gabisa"
,super super merugikan.. sblum cek out masih 48... eh pas dijalan kok jadi 98ribu... apa mksudnya ini...????? ternyata banyak yg memberi ulasan serupa dgn saya ya.. aduh kok sekelas grab.. bisa2nya buat kayak begini .. sengaja ?
,"Tiba² ada wa suruh masukan otp padahal tidak sedang order apapun, dan tiba² ada chat masuk dari driver! Parah data bisa bocor!"
,"Tidak bisa membatalkan pesanan makanan padahal tokonya sudah tutup, tapi status di grab masih buka, mau kirim pesan ke toko nya juga ga bisa, jadi menggantung dana ovo sana di grab"
,"Udh sebulan uang saya ditahan dan belum dikembalikan, awalnya pesan grab car menggunakan debit, Karna tidak ada yang mau ambil saya cancel tapi ternyata uang tdk langsung dikembalikan, tetapi ditahan oleh grab yg katanya akan digunakan ketika saya memesan lagi, tetapi pada kenyataannya ketika saya memesan lagi, uang tetap ditarik dari bank, dan uang yang ditahan tdk digunakan utk pemesanan selanjutnya, proses pengembalian pun terlalu bertele-tele, dan sepertinya pihak grab tdk mau mengembalikan"
,"Lokasi salah mulu, dan jauh ampe beda kampung, kalo uda diproses gak bisa cancel atau ganti alamat. Bug nya dibenerin plis"
,"Tolong diperbaiki lagi kualitas maunya, lebih di akurat kan dan lebih di perlengkap jalan dan temoatnya"
,"Grab memang sangat membantu untuk perjalanan kemanapun, terutama jika sedang macet grab Bike lebih cepat dibanding Grab Car karena bisa menyelip-nyelip dan lebih cepat sampai tujuan. Meskipun tak pernah memberikan uang tip via aplikasi, namun kadang jika memberikan uang lebih dg diberikan langsung ke driver yg bersangkutan yg bertugas. 🙏"
,Saya sudah beberapa hari ini selalu menggunakan grab car.Kenapa grab bike drivernya tidak mau ambil atau lama.? sementara saya pesan grabcar malah cepat diambil sama drivernya.Terus saya juga tidak bisa buat chatan sama drivernya
,"Parah banget...beli obat di menu kesehatan udah pilih obat sdh dibayar via m banking transaksi selesai, sempat ada notifikasi mulai obat sdh disiapkan sampai pengemudi dalam perjalanan tetiba setelah 2 jam nunggu barang ga juga sampai eh notifikasi di pelacakan juga hilang ...aplikasi bangke"
,"Drivernya kadang sdh mau dekat lokasi penjemputan malah di cancel...mohon kalo tdk mau ambil disampaikan saja,jd kita tdk lama nunggu... terimakasih.🙏🙏"
,aering ngebug kalo mau liat menu resto kadang ga muncul apa2 cuma layar putih doang udah keluar masuk aplikasi sama aja pindah aja dah ke app sebelah
,"Bagaimana tidak kesal saat seseorang sudah membatalkan pesanan, tetapi aplikasi tetap berjalan seperti bug sehingga driver secara sengaja terpanggil ke lokasi titik penjemputan saat saya sudah memastikan untuk membatalkan pesanan? Saya jadi terdangka dalam masalah antar pelanggan dengan driver hanya karena bug pada aplikasi yang masih berjalan saat tulisan ""Batalkan Pesanan"" sudah diklik."
,"Parah nie grab, sy lagi butuh grabcar buat pulang, ga bisa terus, harus verifikasi wajah... Udh dicoba berulang2 ga bisa terus..."
,"hai grab terima kasih untuk selalu memberi saya potongan harga, sangat membantu sekali untuk pelajar seperti saya bapaknya ramah ramah dan melayani dengan sangat baik"
,"Grab makin kesini makin turun kualitas nya, padahal aku dulu sering pake apk ini sangat membantu dg cepat, tapi sekarang lamaa dan ribet"
,Tolong diperbaiki sistemnya ini habis di update tdk bisa dipake untk order muncul map bgtu stlah estimani penjemputan lngsung balik ke awal lagi...tolong perhatikan keluhan custumer
,"Knp sih ni app pe'a bgt mau daftar krna gra2 telat masukin kode doang nyoba lagi g bisa2 malah balesannya ""oops, something went wrong, please try again"" ktanya suruh d coba lgi too gni trs najis bgtttt"
,"Pelayannya baik, ketika semua driver di aplikasi lain sibuk untuk jemput antar makanan driver di grab selalu ada !! Mantap"
,Makin kesini grab makin ngaco....sama orderan bgt jauh dan argo yg begt sedikit dan terkadang cs grab minta cepet2 dikata motor grab dr kantor grab....klo bsa tambah vitur bwt cepet jalannya dan bwt yg terdekat bukan terjauh.....makin ksini makin mahal dan makin bobrok sistem skrg
,"saya sering d buat kesal, driver d tunggu ga datang, d map posisi motor ga bergerak, d chat ga d balaz klo ga mau antar, baiknya konfirmasi jangan d abaikan begitu aj saya mau cancel takut driver datang, tp d tunggu lama ga datang, d cek d map posisi motor tetap ga bergerak saya ga cancel tp saya pesan lg via gojek dan langsung d jemput dan antar setelah saya sampe 7an, ga lama driver tlp katanya dah d titik jemput bayangkan brp lama itu driver baru jemput saya sedangkan saya sdh d rmh."
,"Males gua pake grab kalau Mapsnya kaya gini, ga bisa menyesuaikan lokasi, Nama jalan berbeda."
,"Tidak jelas saya sudah lama pakai tolong untuk diperhatikan lagi untuk drivernya suka seenaknya jemput lama, trus saya kesel beberapa kali masalah saya yang kena peringatan mau ngelapor tidak bisa malah mempersulit masukin email lah apalah"
,"kenapa ini grab ..Selalu error' ...mau pesan grab mau pembayaran di klik kok gak bisa2,ganti metode pembayaran ,"
,mantap iki baru dapat promo. udah lama ga dapat promo buat food nya. di tingkat kan lagi yaa min kalo bisa adain promo terus buat food nya
,"Mohon diperbaiki sistemnya, setiap mau update aplikasi masa ngga bisa, mesti hapus 80% memori internal HP supaya grab bisa dicopot dan dipasang lagi. Itu pun butuh waktu lama dan beberapa kali sehingga menyita banyak waktu dan menyedot banyak kuota supaya berhasil. Sangat menyulitkan pengguna hp low end."
,"Payah sekali aplikasinya, mau cancel pesanan manual ga bisa padahal sudah di cek sama driver restonya tutup."
,"Tiap mau pake aplikasi ngupdate dulu 65Mb. Padahal terahir ngupdate perteghan bulan lalu, ga di update bilangnya no conection, udh diupdate baru mau, sampah"
,Eror trs. Gambar peta gak jelas. Titik tidak sesuai sulit di cari karena gak ada gambar peta yg ada kotak2 putih
,"Aneh, pagi pagi ada promo dan masih berlaku sampai besok. Pas malam nya malah hilang promo nya! Makin kesini makin pelit nih grab"
,pertahanin ratingnya sumpah drivernya ramah buanget puol deh hehehe and.....terus jdi apk legal juga yg bisa selalu ada untuk semua orang waktu butuh kendaraan untuk keluar
,Posisi driver ketika sedang pesan gak bisa dipantau Ini sedikit mengecewakan.
,"Akhir2 ini driver yg dipesan selalu terlambat atau tidak sesuai dg yg tertera di aplikasi, driver juga tidak merespon"
,Aplikasi ini sangat berguna dan dapat mempermudah untuk saya..terus agar dapat memberikan upgrade pembaharuan yang lebih baik dan lebih menarik ke depannya. Thanks
,"Tolong maps nya samain saja seperti google maps,maps dari grab kurang akurat,gg kecil ga terlihat driver jadi sering nyasar"
,"Pesanan nya lama bagt sampai nya, sudah 1 jam lebih nunggu,mau di cancel ga bisa"
,"semuanya bagus, kurangnya di ketepatan lokasi untuk di maps aja susah, karena tidak detail titik titiknya"
,"Mohon diperbaiki bug ini,kenapa saat mau pesan loading terus GK ada grabcarnya ada nya yang grabbike tapi GK bisa dipencet🙏"
,"mau login lagi malah di persulit wkwk, gak bisa masuk masuk padahal kode nya bener."
,"Grap sangat membantu dan solusi terbaik,di saat ojek lain tdk memberikan ketidak pastian tarif."
,"Lain x jangan cuma driver yang bisa kasih bintang semaunya ke resto,resto juga harus bisa dong kasih bintang ke driver,terkadang lama datengnya suka suka mereka tolong yah kita cape cape naikin ranting mereka menjatuhkan semaunya"
,Sebaiknya fitur verifikasi muka di aplikasi customer dihapus saja terus ditambah biaya 2x yg gak jelas gitu jadi orang malas pake aplikasi grab ini. Mohon menjadi perhatiannya yaa demi perbaikan
,"apk ini berguna bagi yang mager dan mau pesan makanan siap saji dan serba cepat, Terbaik.👌🏻"
,"aplikasi yang sangat bagus untuk pemesanan ojek via online atau GoFood jadi ga perlu ribet lagi, tinggal pesan, tunggu beberapa menit langsung sampai"
,"pakai grab rekomendasi banget, pelayanan bagus dan harga yang pasti nya murah."
,Aplikasi mulai bermasalah udh di update malah gabisa dibuka.tolong dong diperbaiki lagi
,"sangat membantu sekali,dimana kita tidak tau jalan drever sangat pandai cari jalan yg aman dan nyaman makasi grab"
,Aplikasi nge bug tidak bisa pesan makanan semua metode pembayaran di tolak
,"proses cepat,kalau bisa di kurangi lagi biaya lain lainnya biar tambah ramai lagi pemakai nya......😀"
,Tidak bisa memesan pakai tunai padahal sudah tidak pakai promo padahal lagi laper😢
,TDK bisa pakai pembayaran cash. Maksud loe?? Trus kita bayar langsung GT d penjualnya?? 🤣🤣🤣 Aplikasi semakin kesini semakin anehh. Maksa banget kita pakai ovo🤣🤣🤣
,Sangat puas dengan layanan grab membantu di saat ingin butuh yang qu inginkan
,Tolong dong grab maps buat di cust sama drivernya dibenerin. Tulisannya pengemudi udh deket tp pas detelepon ga sesuai sama maps 👎
,"Loading pendaftarannya lama banget,,,, tolong diperbaiki yh,,,"
,"Sekarang biaya kalo pesan grabfood jadi banyak, malah jadi mahal ongkirnya sama biaya pelayanan"
,"Ini kok oops something went wrong trus ya,, ak mau masuk gtu trus,, jdinya gk bisa pesan makan,, gmana dong ini"
,Payah nh akhir2 ini tiap mau pake grab harus bentar2 diupdate trs kan makan waktu apalagi klo lg urgent harus buru2...tolong dong diperbaiki lg sistemnya jgn kek gini trs kami para pelanggan klo diginiin trs juga kecewa lah
,"murah bgt, cepat dan tepat waktu ., pokoknya luar biasa"
,Knp buka menu selalu white screen ya. Jdi susah mau order makanan. Tolong diperbaiki dong
,Tolong dong kalo bikin titik yang sesuai sama alamat saya dimarahin kurirnya terus. Udh kurirnya gak ngerti alamat rt rw jadi mesti sharelock double lewat whatsapp
,Membantu sangat mudah menggunakan aplikasi nya...banyak promo juga....TOP dah...🤙
,"Knp ya grab express ku ga bs?pdhl grab bike,grab car, grab food bisa. Pdhl sdh diperbaharui. Trs skrg ko grab jarang ada promo gede kaya dulu ya"
,"Harga di Up terlalu tinggi,, sama aja ambil untung sendiri, ongkir sudah mahal, harga makan tiap item juga d up,, hadeeeeeehhhhh"
,"ongkosnya murah banget,pelayanan ramah,nyaman pokonya"
,"Lebih murah,lebih cepat,lebih nyaman dari competitornya"
,"Lumayan,bisa di andalkan sewaktu-waktu, walaupun selalu minta di perbarui terus."
,"Sulit membuat titik jemput dan titik antar,tolong perbaiki"
,"cepat,murah,lebih mudah,ada gratis ongkir terbaik lah🗿👍"
,ade firmansyah.. walaupun kondisi kendaraan seadanya tapi pelayanannya prima mantapp 👍 mg ttp diberikan rezeki yg lancar amin
,Di coba dulu karena buatnya daya lagi di martapura oku timur tidak ada layanan grab
,Pembaruan malah ga bisa pesan gram. Apaan coba
,"Halo grab. Mohon batasi memberi orederan pada driver, karena menyebabkan waktu estimasi menjadi lama, yg seharusnya 1 jam jadi 2 jam, itu sangat mengganggu !!"
,Aplikasi tau mau pesen aja susah banget harus pake selfi segala mending langsung bisa. Sudah banget
,"Sangat bagus aplikasi grab. Tapi hanya pengguna baru yang ada promo, pengguna lama tidak ada promo"
,msh perlu banyak perbaikan. misalnya titik jemput; msh kacau/kurang pas. pengendara msh sering salah nyari titik jemput.
,"beberapa kali di kecewakan sama grab bike, yang pertama, pesanan sering tidak sesuai, kedua, berbohong, kata pengemudinya restoran tutup, tapi sekali saya datang sendiri ke restorannya buka, ketiga, beberapa kali mesan dan pesanan selalu tidak datang (ntah itu curang atau menggunakan aplikasi tuyul, di aplikasi terlihat berjalan, tetapi aslinya hanya diam ditempat), tolong di beri peringatan untuk mengemudinya!!! terima kasih"
,mau pesan makan tidak jadi lagi.. keterangannya selalu ups ada yg salah. pdhl sebelumnya aman aman sj. sdh diupdate tp sama sj
,Maaf sy kasih bintang 3 krna jujur ya awal sy pke grab itu ga bgtu lama utk tungguin abang grabnya dn responnya cepat dn klo skrg beda ya krna responnya lama dn kadang abng grab titiknya ga gerak2 jd tdk tau posisi abng grabnya sampai bosen tungguinnya... Tolong segera diperbaiki yaa....
,"Tolong dong aplikasi untuk mapsnya perbaiki, agar lebih akurat dan mudah dalam mencari alamat"
,"Semakin di perbarui semakin gajelas , semua diskon ongkir tapi pas mau di pesan malah ongkir normal + ada biaya yg lain ga kaya sebelum nya malah makin mahal semuanya"
,Customer service nya buruk sekali dalam memberikan pelayanan. Saya waktu itu transaksi grab health. Sudah saya bayar lwt ovo. Tapi dibatalkan oleh pihak apotek karena stok yg saya pesan kosong. Sudah saya komplain ke pihak grab nya tapi dana saya belum dikembalikan. Padahal sudah lebih dari ketentuan yg diinformasikan. Kata cs nya pengembalian dana proses nya 1-2 hari. Tapi sampai 2 Minggu blm ada pengembalian dana.
,"Grab kok skarang mahal banget ya,pake grab motor yg jaraknya dekat aja mahal bangettt,trus promonya cuma kepotong seribu doang."
,Parah x grab.udah beli paket ongkir.tapi gak bisa di pake.maksud grab apa sih.ini ud termasuk penipuan.
,"Pelayanan ramah, harga murah & lancar jaya sampai tujuan"
,Saat saya pesan grab drivernya lambat dan saat dijalan driver malah merokok dijalan dan tidak memakai masker
,"Dengan Grab perjalanan jadi oke dan lancar, terima kasih 🙏🏼"
,"Bagus. Tapi, tolong bagi kami penyandang tunanetra.. terkadang pembaca layar kami Tidak bisa membaca beberapa tulisan yang ada di dalam aplikasi Jadi kalau bisa. Tolong. Buat tulisannya agar bisa dibaca pembaca layar kami Terimakasih"
,"mau order food tapi nama alamat ga sesuai yang di pin, jadinya driver sering salah alamat terus. terus saya pesen, tapi restonya tutup, saya chat call center malah ga bisa dibalin katanya kan aneh"
,"pengiriman cepat,,kurir ramah banget walau lokasi saya jauh dan harus hujan2"
,Kenapa pas pesan makanan warung nya tutup tapi di apk bisa pas saya pesan kata driver sampe 2 x ganti katanya tutup saya mau batalin gak bisa tolong di perbaiki
,"Setelah di-update malah lokasi alamat kita jadi tidak akurat sama sekali, berkali-kali saya inputkan alamat saya malah muncul alamat lain dengan alasan alamat yg muncul ""DEKAT"" dengan alamat rumah saya. Dan yg lebih konyol dan lebih mengesalkannya tempat makannya tutup tapi di aplikasinya masih tertulis buka dan itu sangat merugikan baik dari segi konsumen maupun driver yg terlanjur jauh² datang ke lokasi pesanan"
,"Sy kecewa dgn aplikasi Grab, krn ada pihak asuransi yg mencuri uang sy sebanyak 3 x melalui aplikasi ini, memang jumlahnya kecil sekitar 25rb. Tapi yg namanya mengambil hak orang lain tanpa ada imbal jasa yg dibayar, itu namanya pencurian. Sy ajukan komplain tetapi jawabannya tidak memuaskan, ditanya kenapa uang sy di potong dijawab utk pembayaran asuransi Mega life (kalo jawaban ini sy udh tahu) Padahal sy tidak pernah ikut asuransi."
,mohon pada pihak grab untuk mengevaluasi Saya kalo pesan driver tidak bisa terus gagal padahal jarak tidak terlalu jauh demi kenyamanan pengguna terimakasih
,"Gasalah saya pilih aplikasi Grab. Lebih nyaman dan banyak promonya, pembayaran pun mudah saat memesan"
,"Bapaknya ramah, bawa/nyetir mobilnya juga nyaman dan sampai tujuan dengan selamat. trimakasih pak, sehat terus ya.."
,Min tolong update lagi dong. Masa lagi pesen grab car di Maps mobil nya ga jalan² dan menit perjalanan pengemudi ke pelanggan tidak jalan.
,Kecewa gara2 saldo langsung kepotong dengan sendirinya tanpa ada pemberitahuan sebelumnya mau atau tidak. Dengan alasan unlimited dari aplikasinya. Yah meskipun sedikit jumlahnya 24.000 tapi saya ga ikhlas main langsung kepotong aja. Di aplikasi juga tidak tersedia promo. Tapi kenapa saya harus bayar potongan unlimited itu!! Berharap kembali juga ga bakalan kembali. Sangat kecewa sekali. Kesal dan marah. Tau kayak gini saya gabakal ngegunain aplikasi curang kayak gini. Mending di sebelah.
,"Mengecewakan!!! Tidak bisa melihat riwayat transaksi pembayaran. Dibatasi hanya sejak 4 bulan terakhir. Sekarang bulan desember 2022, tidak bisa lihat riwayat transaksi bulan sebelumnya2nya. Sedangkan app Gojek, Masih bisa lihat transaksi 2 tahun kebelakang. Sudah chat ke CS, hanya dijanjikan akan direspon by email dalam 1x24 jam, ditungguin 48 jam ga ada kabar sama sekali, jadi harus di chat lg ke CS. Hadeeuuuh. Apa salahnya sih tinggal nampilin riwayat transaksi setidaknya 1 tahun kebelakang??"
,Lebih cepat dan praktis orderannya dan nyaman
,"order makanan dpet notif pemesanan gagal silahkan order direstoran yg mirip , eh pas udah order direstoran lain malah yg tadi dicancel pihak grab tiba"" orderannya diproses , dicancel jg ga bisa pdahal blum didapur 👎 auto uninstall walaupun udah order makanan hampir tiap malem"
,Woy padahal warung tutup. Udah di cancel ama drivernya. Malah dipindah ke driver lain ampe 3 x. BAD 👎 HEH SAYA EDIT NIH YA . PERBAIKI DONK APK MU. BERKALI2 KENAPA KALO WARUNG TUTUP ITU CLOSE ORDER. BUKAN DI TERUSIN KE DRIVER LAIN. KASIAN TAU GA DRIVER LAIN. KALO ADA BINTANG 0 SAYA KASIH BUAT GRAB.
,"Untuk menandai titik lokasi masih kurang bagus, harusnya map ada pilihan mode satelit agar lebih tepat saat menandai titik lokasi, supaya tidak terus ribut dengan driver karena titik lokasi yg tdk tepat."
,"Aplikasinya udah g sejujur dulu.Hal yang merusak sistem transportasi online adalah aplikasi sendiri, yakni dengan terus menambah biaya potongan tanpa peduli kesulitan mitra driver."
,Almat nya gaknusah keseringan di tanya nyasar mulu setiap d klik udh jelas depan rumah masa alamat gue 3 gangd blkang masuk ny.. Lain d tulis lain muncul gak kayak dlu ini grab ngaur amat klw gak profesional gini mending gak usah punya aplikasi nya... Grab ny keburu mutar mutar nyari almat makanan yang fi pesan keburu dingin heran banget
,"Kenapa driver selalu minta cancel kalu kita bayar pakai ovo / non tunai, selalu minta uang full biar gak kena admin , emang admin dari grab untuk driver semahal itu ya?? Aku yg hampir setiap x pakai grab mereka kerja nya jadi gak ikhlas ngebut di jalan nya kalau aku gk mau cancel, trus bayar full jadinya kan cuman kyk pakai ojekk biasa, trus apa guna nya apk ini???? Selalu minta cancel biar gak kena admin kesel bgt aku loo, apa guna nya aku top up ovo juga jaman sekarang cashless dimana mana"
,penjemputan dan sampai ketujuan cepat dan aman
,Kebanyakan syarat Ga bisa bikin mudah pengguna Sudah top up ovo dan masukkan kartu debit Masih gak bisa pembayaran Aneh banget syarat dan ketentuannya
,"Aplikasi ga sinkron sama pedagang, warung tutup di grab tetap buka"
,"apa2an gk bisa pesan taxi,masa yang muncul cuman pembayaran asuransi wkwkwk,baru jg daftar sudah di suruh bayar aja wkwk"
,"Sampah lah, udah capek nentuin lokasi digoogle maps trus disalin ke apk ini ttp ajah kaga ada binggung gua ini maps grab dibuatnya pas zaman majapahit ? Sampe² lokasi yg jelas² ngga terpencil lokasi perkotaan ngga ada hadeh capek² binggung ane"
,Alhamdulillah sangat membantu mobilitas semoga makin sukses grab kedepannya.
,barusan akun grab sy order makanan sendiri.padahal sy ga pesan apapun.pesan recheese factory.mana cuma kentang.sy gak merasa pesan makanan itu.ga bisa di batalin krn sdh terlanjur dibuat.ketahuannya karena tiba2 ada notif orderan recheese mau diantar ke alamat sy.tolong di perbaiki GRAB!!!!
,Punya aplikasi ini sangat membantu karena pada saat kita pergi atau mau kemana tidak sulit dapat dengan mudah memesan grab .sehingga hati lebih tenang.. alhamdulillah
,Gada bedanya sblm diupdate sm sesudah diupdate. Update app cuma biar bisa buka app aja. 66mb lagi.
,Sdh 1 jam capek2 cari menu buat di pesen utk mkn siang tp pas mo di pesen gak bs byr pk tunai klo mmg gak bs byr pk tunai di hapus metode pembayaran tunai nya biar cust gak buang2 wkt!!!
,"Suka aneh, sering tiba"" Ga bisa di buka dan alamat selalu ga sesuai padahal udah di sesuaiin titiknya"
,"Sangat tidak membantu, saat hujan tidak satupun dapat driver buat antar makanan.. Padahal customer sangat perlu di saat hujan2 supaya tidak keluar rumah.."
,Opsi batalkan pesanan loading terus padahal driver juga yg minta cancel. Yakali driver udah 30 menit masih harus ditunggu
,"mudah penggunaan aplikasinya, setelah daftar langsung bisa digunakan. membantu sekali buat saya yang sedang diluar kota. cepat responnya"
,"Kalo minta update/pembaruan, harus nya masih bisa tetap dibuka, dipakai buat pemesanan, ini minta update/pembaruan tapi tidak bisa dibuka, grab lama2 makin payah, bikin susah orang aja, pas lagi dijalan butuh mau pesan jadi tidak bisa pesan grab karena harus nunggu proses pembaruan dulu, terpaksa pesan di aplikasi pesaing si kuning dan hijau lain nya"
,Cukup bintang 3 aja dlu karna ada sedikit kendala itu aja. Saran saya semoga aplikasi grab ke depan nya makin bagus dan tdk ada kendala nya lagi tentang pengantaran makanan ataupun bepergian. Cukup sekian dana Terima kasih 🙏
,"Buka ap.grab ada pemberitahuan untuk update.. tp stelah mau mengupdate tiba2 pmberitahuan gagal tidak bisa mngupdate,, sudah beberapa kali dicoba juga.. padahal adanya aplikasi ini sngat membantu saya"
,"Suka banget, sangat membatu. Tapi sayang pembayaran tidak bisa digabung dengan pembayaran lain, misal saldo ovo dengan tunai untuk kekurangannya."
,"Makin kesini makin ga jelas,.biaya² makin banyak beli makan yg cuma 18k bgtu pesan totalnya ga masuk akal bisa smpe 40k lebih.. parah sih pdhl harga makanannya uda di naikin msh ada aja tambahan biaya lain²...parah!!"
,"Aplikasi Buruk Diupdate Sudah Berulang ulang masih aja gak bisa di install terus, maunya apa sih, mempersulit pengguna aplikasi grab!!! Terimakasih!!"
,"Barang saya tertinggal, betapa sulitnya menghubungi drivernya. Sampe sekarang barang saya hilang belum kembali. Kecewa banget sama layanan grab . Uninstall lah.."
,"GPSnya ngaco nih , padahal titik udah pas tapi malah nyasar kan kasian abangnya. GPS juga gak sesuai payah banget"
,Kecewa mau buka grabfood udah tentuin resto yang dipilih malah layar putih full? Kami para pelanggan sangat kecewa kalo apk nya ngebug begitu terus
,Kenapa saya tidak bisa mendaftar padahal saya belum pernah pakai malahan katanya ajukan naik banding
,"Tiap buka grab food nya kayak blank gitu, layarnya putih semua. Trus tau2 gagal pas mau pesen."
,Mantap pelayanannya sopir ramah .santai bawa mobilnya bisa request ke atm 🙏🙏🙏
,Promo promo nya gk sesuai ekspektasi Misalnya harga di grab food 85 dipakein promo 30% aja jatuh nya 75 an Sedangkan harga di tempat sama aja pas 75 Bkn promo ini mah 😂
,Grab makin kurang padahal dulu sudah bagus aplikasinya.mau pesan grab aja harus di foto dulu habis waktunya yang simple saja klo sudah bagus baru kasih 5 bintang diperbaiki dulu biar tidak ribet.
,Tolong donk keakuratan peta pada driver dibenerin.. Di peta keliatan masih jauh..tetiba udh sampai depan rumah.. butuh persiapan bagi irt berhijab ketika ambil pesanan!!!
,"Sangat membantu sekali, buat saya yang suka mager keluar rumah. Cuma kenapa sekarang grab nggak bisa double order? Biasanya kalau mau order bisa langsung bersamaan, sekarang harus nunggu order selesai baru bisa order lagi. Padahal saldo ovo juga ada. Tolong balikin kayak dulu deh, yang bisa bbrp order dalam waktu bersamaan, riweh kalo harus satu2,kelamaan."
,aplikasi grap mang sangat membantu dan efisien servis murah dan hemat waktu dlm perjalanan...
,"Min knp ya aplikasih grab saya mau daftar sma masuk kaga bisa gak keluar kodemalah bacaanya opps,somenthing went wrong.plese try again. Bgituh terus tolong dong min bisaiin soalnya klau lagi butuh grab pusing sndiri klau gak ada aplikasi"
,Aplikasi transportasi online paling mahal saat ini. Kompetitornya seperti Maxim & Indriver sudah berbenah untuk evaluasi tarifnya tapi Grab masih terus bertahan. Jadi jangan salahkan semisal saya dan pengguna lainnya beralih ke 2 aplikasi itu karena buat saya pribadi kedua aplikasi tersebut sedang happening.Terima kasih.
,"Mohon buat aturan untuk yg grabike supaya cuci helmnya berkala, kebanyakan customer diberikan helm yg sudah jelek, kotor dan kadang sudah bau. Ngeri juga kalau sampai ada kutu bersarang di situ."
,Udh beberapa kali berkendala trakhir isi saldo hangus sm sekali gk masuk udh di report di chat ttep gk masuk duit nya
,Tolong lebih du edukasi lagi soal ketelitian. teliti lagi bagi para pengemudi grab food. Saya sudah 4x pesanan sering ga sesuai.
,"Kasih segini aja ye , gw baru nyobain grab , grab car mesen untuk ke stasiun bekasi, waktu mepet udh pesen krl jam set 10 ehhh udh sejam nunggu driver grab gk ada ada huuhhhh"
,"Sekarang knp ya selalu tampilan update aplikasi terus, dan udh coba update grabny g berhasil"" dan harus mengkosongkan memori menyita waktu dan ngabisin quota jadiny.. minta tlg diperbaiki sistem nya biar memudahkan konsumen"
,"Pengemudi atas nama Aldri Agustian dengan plat nomor B 1889 RKL Black Toyota Calya meminta penambahan uang tanpa konfirmasi terlebih dahulu, hasilnya saldo i.saku terpotong secara otomatis, sampai skrg pihak grab belum menindak lanjuti, alasannya selalu menunggu 1x24 jam tapi belum ada update sama sekali. Bukan masalah uangnya, tpi biar pengemudi ini jera, gadiulangin buat konsumen lain!!"
,Sangat membantu dan mempermudah dalam berbagai hal
,"berdasarkan pengalaman naik grab,drivernya baik,nyaman dlm bawa kendaraan,ramah,baik motor maupun mobil."
,"Kenapa sekarang GrabFood gak bisa bayar pakai tunai, tulisannya pembayaran di tolak terus"
,Segera mau pakai harus verifikasi email. Lha ini Yahoo lupa paswoed & gak bisa di buka. Kalau gak pakai verifikasi email kaya dulu gimana
,grab mantap 👍 sangat membantu perjalananku tpi sayang vocernya gak berlaku untuk pembayaran tunai. Krena sya lbih suka bayar tunai
,"Mahal, padahal udh motong biaya dari merchant & driver, tapi customer masih dikenain biaya pesanan utk food, last time pake grab"
,Nyesel aku udah update kenapa setelah di update malah kesulitan mendapatkan mubil tolong dong di perbaiki di update bukan tambah bagus malah tambah eror
,"Makin lama makin mahal luar biasa, jarak 2km aja mau 50k lebi. Ga kira² harganya, ga sekalian 100K aja"
,"Grab sekarang jelek, lagi liat grabfood kepencet biasanya bisa di cancel ini auto gabisa cancel sama sekali alesannya toko udah menerima, merugikan yaa apalagi kalo ga sengaja kepencet"
,mobil bersih....supir ramah dan mau membantu....pokoknya the best
,"Mau beli makanan tapi semuanya dibuka white screen. Tolong dong diperbaiki, gimana mau beli makanan kalau gak bisa dilihat"
,"Terakhir pake aplikasi grab,, dpet nya driver2 yg jauh2 bikin males nunggu.. Bukannya efektif malah makin jauh dari efektif.. D batalin g tega sama drivernya.. Byee bye grab"
,"Kenapa Aplikasi saya log out,tapi ngga bisa log in lagi...Sudah coba delete & install ulang aplikasi,coba pakai no hp yg lain ,tetap ngga bisa.Terus gimana mau pesan makanan & belanja bahan makanan kalau begini ?Selalu something went wrong...Apanya yang salah...Di 2 hp semua begitu."
,"Sebaiknya tampilkan kembali driver yang ada di sekitar di tampilan PETA nya, agar para calon penumpang tahu posisi dan jarak driver. Kadang setelah sampai perjalanan driver meminta uang lebih besar, dengan alasan jarak penjemputan lebih jauh dari pada jarak pengantaran.."
,"Promo kebanyakan ga guna. Gausah buat promo/voucher drpd ada tapi gabisa dipake SEMUANYA. S&K nya gaada jelasin bla bla bla, gw pikir bisa dipake. Pas dipasang, gabisa. Maunya apa?! Betul betul dikit kelen buat promo nya ini bah. Tarif nya pun ga ngotak. Kalo bukan karna gaada cash, ga bakalan pesen grab, mending indriver atau maxim."
,"Sayang banget Jarang ada promo voucher diskon Ongkos kirim terlalu mahal dari harga aslinya, developer sering sering Adain voucher diskon dong!but secara keseluruhan sistem operasi grab nya bagus titik lokasi pengiriman dan pengantaran sesuai, cuman suka dapat deliver yang kurang ajar nggak sopan"
,"Kenapa sih saya setiap pesen grab bike selalu zonk. Posisi saya dimana, posisi grab nya jauh banget dr titik penjemputan. Sampe saya harus cancel berkali-kali dulu biar dapet yang ga jauh banget dr posisi saya. Sekalinya daya dapet, datangnya lamaaaa banget padahal jarak grab nya ke tempat saya deket banget yang kek cuman 5 menit doank nyampe, tapi ini saya nunggu sampe 15 menit 😭 Saya naik grab bike supaya ga telat tapi ini sama aja malah telat. Kecewa sih. Jadi males pake lagi apk ini."
,"ongkir makin mahal walaupun jaraknya dekat , bnyak biaya nya kayak biaya pelayanan , bahkan skrng dikenakan biaya pemesanan 🤦🏻‍♀️ malah bnyak bnyak pula biaya nya . blm lagi kena parkir 🤔 ampun dehh lama lama ga enak pokoknya"
,"Secara keseluruhan cukup bagus, hanya saja ada beberapa pesanan yang harus dibatalkan karena tempatnya tutup tapi di aplikasi masih buka, kedepannya tolong dipastikan tempatnya buka atau tutup dulu di aplikasinya ya"
,Kok susah nentuin titik lokasinya...padahal lokasi tempatnya idah terdaftar di map...tapi di grab lokasinya gak ada...jadi mo pesen lewat grab males karena titiklokasinya gak bisa...
,"Mohon diperbaiki lagi sistemnya, bayar tol jd 2 kali lipat. Rugi dong saya. Entah grab yg salah atau driver yg curang mohon untuk lebih ditingkatkan lg layanannya, supaya tdk ada bug dan keresahan konsumen."
,"Saya mesen grab car + promo harganya jadi 21rb tapi saya disuruh bayar sama grab nya harga normal 38rb, saya sibuk sehingga tidak sempat memberi nilai kepada pengemudi, ketika ingin memberi nilai sudah tidak bisa! saya chat ig grab ga ada respon. Jadi di hp driver 38rb di hp saya 21rb"
,"Kecewa bgt sm grab. Saya buat pesanan di apk sudah otomatis tercantum promo, seneng dong bayar murah. Tp ternyata pas saya udh pkai jasa grab mau bayar si supit nya ketawain ternyata di apk pengemudi nya bayar normal. Jleb bgt sih ini berasa di prank. Ngapain ada promo klo ga guna. Mau komplen sm pengemudi bingung ini salah siapa. KECEWA!"
,"Tolong diperbaiki maps nya, saya udah ngepin lokasi sesuai sm rumah saya. Tp dr aplikasi maps nya malah geser karna ga ke detect jalan buat motornya, sy cape deh kalo harus jelasin trs sm driver soal ini"
,"Saya pesan Grabfood seringnya dikasih driver yang double order, ujung-ujungnya lama karena harus ngantar pesanan di tempat lain dulu. Padahal driver Grab di sekitar lokasi banyak. Kayak kekurangan driver aja. Benar-benar di luar nalar."
,"Aplikasi babi , potongan makin besar Ada lagi sistem double orderan hanya menguntungkan aplikasi , tidak ada untungnya buat driver Yang ngantar makanannya itu kami , mtor dari kami , bensin dari kami, yang dekat dengan bahaya pada saat ngantar malam hati itu kami, pihak aplikasi hanya mengambil keuntungan banyak dari pekerjaan yang di kerjakan driver Aplikasi biadab"
,Aku suka banget sama aplikasi Grab selama pakai aplikasi ini sama sekali nggak pernah dapat pelayanan mengecewakan untuk grab car/grab bike kecuali untuk makanannya sih ada beberapa yang kurang worth it to buy tapi untuk drivernya ramah semua top deh 👍
,"Ini grab kenapa sih, aku buka grabfood mau lihat gambar menu makanannya gak muncul"", udah dikeluarin dan buka aplikasinya lagi tetap sama gambar menu makanannya gak muncul, gimana sih,"
,"Aplikasi B*G* orang lagi banyak urusan kepengen cepat, malah suruh selfe dulu mana selfe'nya suruh angguk-angguk kepala, terus susah lagi masuk. Pantesan banyak ditinggal customer, di mana-mana aplikasi lain yang selfe tuh Driver bukan customer."
,"Maaf mau kasih saran, untuk fitur chat ke driver khususnya mobil. mungkin durasinya chat ke driver bisa d ubah jdi 24jam, krn klw ada barng yg tertinggal trus kita bru ingat stlh bbrp jam, otomatis chat ke driver sdh tdk bisa🥲"
,"Saran saya lebih baik harga bike mending diturunkan jadi 9 / 10 asalkan potongan dari saldo driver tidak potongan besar karena customer biar berminat digrab dan tidak berpindah ke aplikasi lain mending percobaan awal-awal mau bulan puasa pasti banyak order dan masih banyak customer naik 2 bayar 1 orang padhal yang naik 2 , lebih baik mending ditambahin di aplikasi bike khusus di kasih 2 orang ada tambahan biaya 2 kali lipat"
,"Berkali2 update tidak bisa menginstal-nya, saya sudah menghapus bbrp aplikasi untuk mengosongkan memori hp tp tetap belum berhasil. Mohon sarannya🙏. Berarti harus pakai aplikasi lain."
,"Minta tolong dong, tambahkan fitur kirim foto dari galeri, saat chatan sama driver, supaya bisa kirim foto maps ( alamat lengkap) yg sdh disimpan, dan dikirim ke driver. Supaya tidak usah foto foto lagi. Terimakasih"
,"Sebenarnya suka sama aplikasi ini Namu disayangkan kalo kita pesan motor ato mobil kadang ngak ssuai sama yg di aplikasi,kan tujuan kita pake promo biar menghemat budget lah ini jatuhnya potongannya cma sedikit,kita beli langganan voucher unlimited bkn ngak bayar"
,"Naik grab ni senang je, tapi satu yg paling tak suka, kadang kalau nak dapat driver lambat sikit, apalagi cuaca hujan hadoii harga meroket tinggiii. Dahlah driver susah nak dapat."
,"Ini tiap mau pesen, entah itu makanan pesan kendaraan. Yg ditag lokasi dimana, hasil maps dmna. Heran. Upgrade pelayanan dan sistem lbih baik dong"
,"cepat, baik, ramah, dan tahu jalan banget"
,Mau ubah menu kok susah ya sekarang padahal udah diklik galeri ttp ga muncul entah dari aplikasinya atau kuota saya🙈bikin greget deh
,"ga worthit, pesen makanan mahal bngt gilak, ongkir ga kira kira padhl dket. belum lagi biaya pemesanan, biaya parkir etdahhhh! kode promo juga kadang gabisa dipake, pke grab bike/car mahal bngtt, jarak nya ga sampe ribuan km pdhl. tolong lah diperbaiki, jngn mentang mentang udaa banyak pengguna nya jadi segala sesuatunya dinaikin. kalo gtu bikin org males pke lagi! sya pelanggan udah bertahun tahun, tapi stiap thunnya mkin kacau aja ni grab."
,Knp baru pembaruan kok malah sering ngebag ya kak Kaya gak bisa masuk mau pilih toko atau pesan.. Layar langsung putih gak ada jalan
,"Kenapa sih kalo mau pilih menu koq malah blank putih doank yg keluar 😑 jd males kalo mau grabfood, mening app sebelah selalu lancar"
,Driver nya lama banget harus di ksih tau baru mau gerak
,"Bintang 1 karena masih ada resto yang udah pindah tapi masih terdaftar di grabfood, jadi mempersulit pihak customer dan driver 🙏"
,"Apaan nih grab masa saya nuker grab gift di wogi statusnya done, tapi pas di cek di riwayat hadiah kosong! Udah ngirim complain ke cs jawabannya template ga ada solusi, payah ni grab, bintang 1"
,"sering terbantu bagi yg tdk punya kendaraan pribadi. cepat, aman, kadang ada promo"
,"Apk grab skrg kenapa mesti ada 200,300, 500 nyaa?!! Di kasih 8000 katanya kurang 200 nyaa la, 500 nya la!! Tiba di kasih uang lebih, malah drivernya yg gk ada kembaliannyaa!!! Perihal karena 500 gue selalu rugi 1500🤦tolong la, nominal pembayaran nyaa di pas kan ajaaa!!!"
,Gak bagus banget sekarang apa lagi sekarang pemesan gak bisa pakai fitur pesan bisanya telfon aja gak nyaman banget
,"Banyak lokasi yg kurang di update, nyari dipencarian banyak gaada lokasi yg ditujunya"
,"Driver nya pada belagu belagu , orderan selalu di cancel, padahal titik pengantaran ga terlalu jauh dari resto, makin kesini grab makin gajelas punya driver"
,"2x pesanan kurang,komplen di jwb 2 hari.lama.Tapi yg kurang itu di ganti pake rewards yg di batasi bs dipakai smpe 90 hari aja.Koplak,duit kita yg hilang,nge ganti nya pake rewards,di batesin pulak!! nggak logis bngt.Itu kn yg hilang uang,ya pantesnya di ganti dgn uang dong,ganti ke ovo kek,,ya kalo belanja lg bs kepake.kalo nggak??hangus dah tuh.sama aja hilang jg duit gue.kalo di ovo gantinya,,kan bs nambah2in buat beli pulsa kek,apa kek.Bener2 nggak logis."
,Order grabfood tapi driver sedang mengirmkan pesanan lain gimana sih ga paham jadi nunggu lama banget buat makan doang nunggu sejam kalo kaya gini terus pindah ke satunya aja mau makan keburu bt dluan bye
,"nyaman naek grab, respon y cepat.👍"
,"sangat memuaskan, drivernya sopan ramah, perjalanan sangat aman sampai tujuan, trimakasih banyak"
,Mau daftar gak bisa..akun sy yg dulu dgn nomor yg sama..di hack org karena pernah dijambret hp sy..grab malah menangin hacker
,Susah sekali mau verifikasi wajah hadeuh ngeselin padahal udah sesuai HP di sejajarin dgn wajah tp tetep aja ga bisa
,Aplikasinya ribet. Pesan grab express gak bisa chat sma drivernya
,Pelayanan grab sangat amat mengecewakan saya pesen grabfood sudah nunggu lebih dari 40 menit ternyata kedai tutup tapi di apknya kedai buka dan pengemudi sudah dalam perjalanan ngantar makanan. Sangat amat kecewaa!!!
,Pesanan yang sudah di pesan sekitar 1menit tidak bisa di cancel mohon untuk tambahkan fitur cancel
,"aplikasi yg kurang sempurna,,,draiver draiver nya,,kurang makan😂 dan aplikasi ini katanya rejimm...."
,"banyak promo Dan pengiriman selalu cepat jadi merasa terbantu, gak perlu susah2 antri beli😁"
,Bagian Jastip selalu lama mendapatkan pengemudi grab nya. Untuk fitur yang lain bagus.
,"Mahalnya, setelah rutin pakai grab stiap minggu, udah tau rutinitas saya hrg malah baik terus awal 28rb skrg 53rb, coba pakai gocar cuma 39rb"
,"Saya minta tolong untuk GRAB, agar driver² nya dievaluasi. Banyak banget driver GRAB yang tidak punya etika dan sopan santun setiap kali melakukan pekerjaannya. Terutama driver yang menerima orderan di resto. Kita gk pernah tau keadaan resto kapan ramai dan kapan sepi. Setiap kali driver dapat orderan diresto yg ramai, mereka selalu memaki² bahkan mengancam² karyawan² yang kerja diresto tsb karna orderan yg mau mereka antar siapnya lama. Padahal mereka bisa lihat situasi resto yang lagi ramai."
,"jelek bgt apk nya cuy, tiap nyari lokasi sy dan mau pesan selalu jd lokasi random bikin kesel dan buang waktu"
,"sangat bagus pelayanan nya,,supirnya pun ramah,,terimakasih grab sudah mengantar dengan selamat sampai tujuan🙏"
,"Apaan nih, nomerku nomer baru tapi kok sudah terdaftar di grab. Dan aku juga gak tau email siapa yg terhubung, tolong lah ini gimana"
,"voucher food ada 200an lebih, yg bisa kepake cuma itungan jari wkwk kbanyakan embel"" ""HANYA BISA DIGUNAKAN DENGAN RESTO YANG KODE PROMONYA A I U E O"" Mnding g usah skalian kasih promo skali kepencet bisa kepake, pas mw checkout mlah ada tanda seru kuning ""VOUCHER TIDAK DAPAT DIGUNAKAN DI RESTO INI"" TERUS NGAPAIN NGASIH VOUCHER MALIH. ribet bgt kbanyakan syarat mw make voucher food doang pdahal kek sopi aja itu kasih voucher diskon jebret sama rata g usah sgala ribet nyari resto prkara voucher"
,Aplikasinya sulit didownlod.Kelamaan.Aplikasi buruk makan waktu.lemot.sy hapus ngga ada gunanya.
,Penanganan nya bagus saat memberikan laporan cepat tanggapan dan proses nya terimakasih grab
,"grab nya ini gimana sih, gak tanggung jawab banget. saya udah ke pusat bantuan, saat pesanan saya tidak lengkap. dan ingin meminta pengembalian dana saja. malah di jadi kan voucher. saya tidak mau tau, pokoknya kembalikan saja dana saya.!! saya tidak perlu voucher, karena voucher itu hanya dibuat untuk keuntungan grab nya aja. KEMBALIKAN DANA SAYA."
,Alhamdulillah aku selalu bertemu dengan bapak bapak / mas mas yang ramah dan seru. semoga semuanya begitu ya. enak juga kalau di ajak ngobrol. perjalanan jadi gak bosen.
,Pake grab untuk perjalanan sangat jd pemborosan selain harga yg sangat mahal jga ga nyaman
,"Tolong perbanyak driver di jam sibuk,misalkan jam berangkat kerja/srlekolah krna biasanya sampai berjam² tidak dapat driver dan akhirnya aktifitas tertunda serta sangat merugikan."
,"Skarang Grab udah gak kaya dulu, mau order grab food doang hampir 2 jam, dravernya gak cuma ambil 1 order doang, pantes lama luar biasaaaaa"
,Agak aneh yaa mau cari makan gado-gado yg keluar lain cb cari ngak menemukan nya di dsini tulisan nya tolong aja lah ngak ush update2 tapi bukannya makin bagus malah makin buruk
,"pengantaran tepat waktu, ramah dan yg paling penting drivernya penampilannya bersih..."
,Saran: untuk pengemudi yg tidak bisa dihubungi atau tidak mau ambil orderan tapi menunggu calon penumpang yg cancel dikasih sanksi karna sudah membuat calon penumpang menunggu tanpa kejelasan sementara mereka tidak mau cancel orderan dan calon penumpang seperti tidak dianggap.
,"Coba di tambahkan fitur chat ke resto, sering mengalami pesanan kurang lengkap tapi tidak bisa mengabari resto jadi sering kecewa"
,"Mohon diperbaiki lagi soal Penemuan lokasi,dilokasi saya susah bgt untuk dapat driver dan titik jemput nya kadang ada kadang nggak ada di tempat kami.dititik lokasi yg saya tempati terkadang jauh dari titik rumah saya"
,Opsi penjemputan tidak bisa diubah atau digeser dari titik lokasi akhir menjadi titik penjemputan. Riweuh.
,"aplikasi nya sangat membantu, mudah di gunakan. tarif nya juga terjangkau"
,"gajelas banget sekarang grab, mau pergi harus pake vertifikasi segala, bikin ribet aja, padahal dulu ga begini, bintang 1 pokoknya apk gajelas.."
,"Verifikasinya agak susah, kelamaan. Tidak efisiensi"
,Bentar2 update. Gak jelas. Tarif mahal pingittt mending jalan kaki sambil olah raga
,"supir baik dan ramah, mantap dan dapat pengalaman dr abang supir. sukses selalu"
,ok dan mudah tp kok ak gak bs gunakan metode pembayaran tunai di infinix smart 7
,"bagus aplikasinya,tapi mapnya kadang tidak sesuai dengan tujuan"
,"suka sekali.. pelayanan drivernya yg ramah"" sekali...trima kasih grab slalu ada d mana di butuhkan...."
,Aneh banget gabisa connect sama OVO. Tolong diperbaiki lagi.
,Kalau pake grab food oke sihh..trus tolong disosialisasikan ke para driver ojolnya agar helm buat penumpang selalu dibersihkan..menurutku hampir rata2 semua helm di app ini kurang bersih dan tidak higienis...banyak bulu2 ....dan gk layak dipakai dikepala.....
,"membantu sekali, disaat butuh transportasi kapanpun & dimanapun"
,Ramah dan perjalanan cepat tepat waktu banyak promo 😊
,"Saya tidak suka sikap driver karena ingin mengcancel orderan saya, hanya karena saya bayar cash. Sikap driver tidak sopan."
,"gak ramah mentang mentang promo main di batalin aja. saya gpp kok ke arah draivernya biar gampang, ini dah saya bilang baik baik tempat saya, main di batalin aja. rutenya berubah saya sampe bolak balik cuman karena draivernya gak sampai titik jemput eh draivernya ngambek main di batalin, saya di batalin sampe 3 karena masalah yg sama, saya paham itu pintu keluarnya banyak makanya saya sesuikan dengan kondisi arah draiver tapi tiga tiganya pada ga sabaran main di batalin aja mana waktunya mepet"
,"simple,mudah,fast respon,dan pengiriman yang cepat."
,"Tolong di perbaiki, warung nya tutup, tapi apk nya masih aktif"
,Selalu dan selalu dapet driver yg tdk ber etika dan songong2 semua driver nya. 👎
,Kalo bisa untuk pesanan grab food ditulis dong halal dan non halal nya di setiap restoran nyaaa ...
,"baru pertama pakai grab. Mudah, nyaman, efisien. Top!!!"
,"Promo ga bisa di input terus .. Udah di update, uninstall, restart HP.. Tetap aja"
,"Bagus, cuma alamat kurang lengkap d map. tingkatkan lagi"
,"grab sangat membantu, sukses terus dan sehat selalu buat para bapak dan babang grab semuanya"
,"Akunnya sering terkeluar sendiri, setiap mau login ada tulisan something went wrong. Please try again. Kesel banget padahl lg buru2 malah g bs digunain. Pdhl sy pengguna lama. Mohon diperbaiki lagi kedepannya 🙏"
,Harap grab memberikan fitur berbagi gambar bukan hanya foto saja
,Tingkatkan aplikasi dan pelayanan lebih bagus lagi
,Sulit menentukan alamat rumah sendiri. Padahal ada di google map di Gojek juga ada. kalau malas tim survey nya ya lihat google map aja. terus betulkan ni di Pangandaran dulu di Medan juga banyak salah.
,Pesan makan atau kendaraan semua ada di grab. Belanja apa aja pelayanan selalu cepat grab terbaik ❤
,"Minta tolong kepada pihak grab,, saya mendapat pelayanan yg kurang mengenakan oleh driver B 1667 RKM. Mohon untuk lebih ramah lagi kepada customer nyaa,, gmana klo dpat penumpang yg awam apa harus di teriak2an penumpang tersebut,, baru kali ini mesan grabcar dpt pelayanan yg kurang baik dri driver nyaa Terimakasih"
,Terkadang ada saja driver yang meminta tambahan tarif biaya! Dan satu lagi tolong periksa para driver jangan asal ambil orderan kalau tidak bertanggung jawab!
,"Pesanan ga bisa dibatalkan. Padahal tokonya udah mau kirim, tapi drivernya yang ga jalan jalan. Di hubungi juga ga ada respon"
,udah pakai grab lebih dari 5 tahun so far aplikasi nya bagus cuma banyak titik yang g ada di aplikasi padahal g terlalu di pedalaman. beberapa drivernya juga ngaret bngt melebihi waktu yg tertera 2 kali lipat lamanya
,"Tolong di kasih informasi dan kontak driver pengantar pesanan makanan konsumen biar enak komunikasinya.....saya pesan makanan gk nyampe"" dan gk bisa hubungin driver karena gk ada sistem chat dengan drivernya"
,Aplikasi nya jelek kok udah terang tidak berfungsi pas mau grab ada gangguan
,Penumpang nya di manjakan dg promo.. lama2 para sopir ny kabur.. ogah narik lagi.. harga nya ga wajar..nindas sopir / mitra
,Aplikasi yang sangat membantu dan bermanfaat buat saya pada zaman sekrang.... mau apa aja mau kemana aja tinggal sat set wat wet... cling ada hehehe Terima kasih Grab
,aplikasi sampah! pesen makanan datengnya lama banget nyampe 2 jam lebih
,"Setiap buka app ini, selalu keluar dan setiap masuk pasti dibilang akun anda ditangguhkan😒 Tolong diperbaiki"
,"Tolong kepada pihak GO-JEK sekali"" Tegur drivermu yang kurang ajar‼️saya pesen udah nunggu lama"" Malah malah gk datang"" Tujuan udah jelas kemana""nya eh malah drivernya seenaknya sendiri gak datang"".. Tujuan penjemputan udah jelas! Kok malah menjauh dari lokasi penjemputan!? Dihubungi gak bisa, saya juga pas waktu keburu, kalo bilang gak bisa ya gak bisa aja jangan kayak gitu kurang ajar namanya‼️ saya juga bayar, apa susahnya bilang gak bisa nerima orderan‼️Tolong hargai sesama manusia"
,"sangat membantu, masukan tolong untuk mengisi daerah yaang terpencil agar ada grab"
,Baru juga download. Uda di kecewakan Sistem eror. Hapus permanen
,"Waktu mau pesan Grab car dari Halim ke RS PON pagi ini, payment dengan OVO harganya Rp. 20.000 karena pakai promo, karena saldo saya tidak cukup akhirnya saya top up 20rb ke ovo, setelah Top up, kenapa Promonya ilaaang? Ada masalah apa anda sama saya?"
,Kenpa ya drivernya suka btul membatalkan pesanan. Saya sudah menunggu lama hampir satu jam setngah bayangin lu .. capek nunggu
,"Q klo pesen driver pasti kan selalu liat maps dy udh jalan blom,udh sampe mana tpi kebanyakan drivernya klo udh dpt orderannya gk langsung jalan,lamaaaaa baru jalan klo di tanya bilangnya lagi di perjalanan tpi pas q liat titiknya masih disitu2 aja"
,layanan ok.. banyak2in promo gratis ongkir lagi..
,"Sangat tidak memuaskan , lagi buru buru ke rumah sakit tapi dapet driver nya malah jauh jauh banget dari jangkauan"
,"Apa sih gajelas banget ni app diperbaharui malah kek eek, ini mau pesen express aja mau masukin kg nya ga bisa hadehhhh anjir ga heran pada pindah ke app sebelah ga mau deh pake app ini lagi kecwa bett kebanyakkan app makin update makin nurun bukan naik hadehhhhhhh"
,"Luar biasa harga makanan di naik kan di aplikasi,beda harga resto,warung,banyak sekali aplikasi ambil untung nya di food,tambah lagi biaya sana sini di aplikasi,belum lagi ongkir yg begitu besar dan mahal,belum lagi driver di potong dari ongkir nya,luar biasa.....👍👍😎"
,"Bagus , sangat membantu Tolong drivernya yg bersi dong, masa iya saya mesti dpet yg zonk , ngg sesuai dg deskriptif motor dll"
,"Sudah BerTahun² Menggunakan Apk Grab Nyaman² aja, Tapi Sekarang Kurang Nyaman, Terlalu Banyak Biaya Tambahan, Seperti : Pemesanan, Kemasan, Parkir Dll, Padahal Dari Harga Aslinya Sudah DiNaikin Harga Tersebut, Buat Grab Seperti Dulu Lagi, Terima Kasih."
,"Mau ngasih masukan aja tolong di update ketersediaan restonya, karena banyak resto yang sudah tutup tapi di grab masih buka akibatnya harus di cancel berkali-kali."
,"Aplikasi nya sdh baik, akan tetapi petanya kurang akurat butuh perbaikan."
,Aplikasi payah. Tidak bisa cancel order grab food. Sudah jelas resto tutup. Info dari driver langsung di lokasi. Tapi di aplikasi ditulis merchant sedang membuat pesanan.
,"Lebih mudah & praktis buat belanja,,muantap tingkatkan trs fitur di apk dan pelayanannya.😄😄"
,Saya sudah tidak mau pesan lagi makanan via grab. Porsian sedikit dan mahal. Juga akhir-akhir ini gak ada promo prmbayaran cash. Jadi saya kasih bintang 1 ya.
,Kenapa ya harus verifikasi muka terus setiap mau jalan. Bikin ribet aja. Orang mau cepat2 malah suruh verifikasi muka terus.
,Pelayanannya terlalu lama masa pengajuan kesalahan makanan yang diterima lebih dari 1 jam nanti kalo kelamaan terus dimakan nanti baru ada balesan lagi suruh return dengan ketentuan makanan harus utuh 😒😒
,Parah..beli langganan paket free ongkir. Malah gak bisa dipake. Chat CS katanya masih dikoordinasi dan akan dihubungi via email. Sampai skg gak ada email. Mending gak usah pake grab aja.
,"Sebenernya ini aplikasi sudah bagus dan lengkap banget, tapi sayang aplikasi ini membutuhkan banyak ruang di ponsel.."
,Makin upgrade makin gk jelas mau anter brng aja ketik lokasi gk muncul pke map juga gk jelas mapnya berbeda sama yg lain pke app tetangga skli ketik lgsng muncul
,"aplikasi antar jemput yg simple, map akurat dan tidak mahal. terima kasih grab"
,Estimasinya udah bener tapii yang kurang komunikasi ojolnya padahal udah tertera berapa menit terus kalo misal lagi siap* bilang aja kan udah disediain vcat jadi ke customer gak nunggu lama bangett giliran dibatalin malah datang minta offline aja bayarnya gak saya terima tawarannya malah marah* bilangnya ngecewain ojeg nya padahl yang nunggu lama tuh customer.
,Orang tua saya diblacklist dari driver grab. Karna baru daftar dan kena report penumpang karna ada kesalahan dilapangan... Sudah ngajuin banding 1 bulan belum ada jawaban... Masih ada saldo 700rb lebih digrab. Ditanya dikantor grabnya untuk tindak lanjutnya gimana. Supaya hak ortu gw bisa diambil... Mala pegawai grabnya suruh banding lagi. Dan mintak penjelasan dipegawai grabnya berbelit-belit bgd... 3 kali bolak balik kantor. Hasil 0 MENGESALKAN.!
,"Tolong dong suruh nyediain ojolnya duit receh, sekali 2 kali ngapapa tapi udah keseringan, kalo 2ribu sampai 10 sih ngapapa tapi kalo nyampe 30k atau lebih ga ada kembalian gmna tuh"
,"Kalau ganti perangkat ribet, harus verifkasi email juga. Harusnya cukup verifikasi phone saja sudah cukup."
,Saya narik pas hujan bawa penumpang trus ngeblas ada orderan lagi masuk trus dibatalkan penumpang dan kasih bintang satu karena motor saya XL akun saya jadi susah saya onbid jam setengah lima subuh sampai jam lima sore cuma dapet 3 orderan gimana cara ngatasinnya terima kasih grab ditunggu jawabannya
,"Sudah beberapa kali mendapat driver yg kasar, menyebalkan, nyolot, dikasih tau gak mau tau.. mapnya yg suka eror malah nyalahin kitanya.."
,Lebih murah dari gojek tapi aplikasi terlalu ribet di gunakan gk simple bintang 3 cukup lah.
,"Aplikasi bobrok udah jelas gak ada driver suruh nunggu lama banget, jauh banget kualitasnya dari aplikasi ijo seblah"
,"Fasilitas Grab sangat membantu keluarga kami dlm perjalanan, Jaga kualitas terus yaa terutama Harga, jgn mahal² yaa hehe"
,"mau batalin pesanan karena udah lebih 1 jam nunggu jasa antar ga muncul², malah dibilang gabisa dibatelin🤦‍♀️. masalahnya ini masih ngestuck di ""menerima pesanan"", tp belum ada pesanan diproses & sdg diantar, tau gitu mending gue beli pake motor aja dah, ditungguin sejam lebih masih stay di situ. orang keburu mati kelaperan disuru nunggu mah bang!"
,bagaimana ya pihak grab ini.. daftar pakai kartu baru email baru...habis di daftar kan tidak menemukan lokasi anda ..tolong perbaiki kanyak dulu lagi
,"Udh pilih pengantaran premium yg ongkirny lbh mahal, biar pesanan cpt nyampe, tapi tetap dpt driver yg terima orderan lbh dr 1. Alhasil tetap aja pesanan dtgnya lbh lama dn lwt wktu estimasi 😤😤😤😤"
,Ini kenapa gak ada gambar sama sekali? Dari 2 kali update tetap sama. Cuma tulisan doang
,"kenapa pembayaran gopay-nya eror melulu, padahal udah di update, jaringan 4g, tetep ga bisa-bisa"
,"Sering ngebug akhir2 ini heran pesen grabfood, voucher promo sudah tercentang tapi rincian biaya tidak terpotong sama sekali tolong diperbaiki"
,"Aku turunin bintangnya deh, soalnya petanya makin lama makin kaga normal, misalnya gw di alfamidi, eh mala kaga ada di petanya."
,"Promonya membingungkan, banyak promo tp gak ada yg bisa dipake. Rasanya jadi kek tertipu"
,"Apa sekarang kalo pesen grabfood tdk bisa apply kode promo lg ya,krn kode promo hemat 40rb,30rb,sdh tdk tersedia,ditulis hanya utk pelanggan terpilih"
,Disaat kita sibuk dan memerlukan sesuatu dgn cepat grabfood sangat membantu
,"Heran deh. Untuk untuk mitra grab/gojek. Selain hanya cek identitas SIM aja. Ga ada test drive untuk pendaftaran para driver ya?. 85% driver grab gaco semua, asal gas. Ga tau lalu lintas, Yakali para customer hrs celaka Krn kenihilan pengetahuan lalu lintas, Klo gaco bisa naik motor, anak SD lbh jago dong. Berkali"" hrs dpt driver yg hampir ditabrak/nabrak pengemudi lain. Lampu sen kanan belok kiri, dah kacau."
,"aplikasi lama"" payah setial udah login di keluar aplikasi tapi masuk lagi malah suruh daftar lagi payah"
,untuk pesanan tidak bisa di cancel padahal udah nunggu lama + belum ada drivernya
,Habis ku update lokasi nya jadi eror Aku pesen grabfood di batalin gara gara lokasi nya ga jelas udah laper nungguin lama akhirnya di cancel .. di perbaiki lah
,Bagus si ngebantu banget dan ongkos ojek atau gocar tuh murah murah menurut aku kadang diskon nya gede gedean kaya gk masuk akal bayar segitu murahnya segitu aja sih dipertahankan ya
,Amplikasi ini sangat membantu dalam perjalanan saya .makasih layanannya yang sangat baik terhadap para penumpangnya
,"Tidak sesuai maps google, jalur jalan di aplikasi ambil jarak terjauh biar bayarnya lebih mahal"
,"gak sesuai pesanan ,ceker masa tulang nya doang ,udah nyesel.mesen harga mahal tpi masakan.kaga bener"
,Sangat opsional dalam membantu perjalanan Saat ini Sangat rekomendasi buat semua
,"saya sebel sekrng sm apk grab , orng saya ttp ditmpt yg sama tapi titiknya jalan sendiri kemana2 jadi sebel saya pake grab, mending apk yg dlu dripda yg skrng ."
,Q pengguna grab lama cuma sering hapus - donlod...kali ini gue hapus lagi makin kesini banyak driver yg ngawur...kalo ga mau ngojek harusnya tawaran jangn dibterima jadi ga di tungguin....
,"Aplikasi jelek banget, mau pakai ovo gak bisa digunakan. Pas gak sadar tiba-tiba saldo ovo hilang, gak ada saldo. Kocak lu grab."
,Belum order diiming-imingi promo. Lalu pas order promo tidak bisa di pakai.. mengecewakan
,"Tolong drivernya jangan nakalan,kl niat kerja kembalian hrsnya disiapkan yg bayar cash,selalu gak dikasih kembalian dng alesan gak ada,pengguna nyari diskonan,udh dapet diskon tapi dipalak driver yg gak mau ngasi kembalian,kembalian sm diskonnya banyakan kembalian...sayang banget pdhal semua lebih oke dr gojek."
,"Aplikasi sialan,di awal kena ongkir 8000,pas pesen makanan naek jadi 18000.giliran mau di bayar cash jadi 48000.hapus aja aplikasi penipu ini"
,Grab aplikasi yg konyol..destinasi yg di input tidak sesuai dengan yg di order..saya kasih bintang 1..
,"Hati2 ya kalo aplikasinya lemot, nanti kalah sama aplikasi sebelah loh. Tingkatin lagi performa aplikasinya jangan pada tidur para admin disana"
,"mempermudah kita ke mana, dan tetap sllu di jaga pelayanan ke penumpang dan ke DPN ya lebih baik lagi .."
,bagus aplikasi perjalan sangat mudah dan nyaman langsung ke.tempat tujuan
,Aplikasi yg bagusss... sangat membantu utk meningkatkn penjualan dan menjangkau pelanggan lebih banyak
,"Aduh jangan download apk ini, saya memesan grabcar, trs driver nya suruh offline apk nya, saya takut dong takut di bunuh, saya lapor ke ig grab sama aja ga drivers nya aneh di tambah costumer service lelet, jangan download"
,Driver grab selalu mengutamakan keselamatan penumpang dan selalu ramah pada penumpang
,lbh baik grab drpd m...m. bayaran sesuai kenyamanan..kalo ma...m bayran murah yg car jd ngebut buru orderan. bxk tuh di sini
,2x update tapi tetep aj buka grabfood semua gambar menu ga terlihat...
,"Saya berkali kali mencoba untuk update tapi malahan gak bisa, coba diperbaiki lagi sistmenya ya"
,"Setelah di update, malah banyak menu yang hilang, gak bisa digunakan, mending yg lama"
,"Aplikasi yang paling bagus banget dan bisa cari makanan,minuman dan kendaraan."
,"Pelayanannya cepat, mudah didapat, tidak pilih pilih dan memuaskan"
,"Pembelian pulsa, gagal pd tgl 20 dan notifnya dana akan.dikembalikan tp smp tgl 23 blm jg kembali dan cs nya minta waktu 3 hr lagi, apk sebesar ini utk pengembalian dana yg evidennya jelas makan waktu selama itu hmmmmmmmm, auto uninstall"
,"Knp aplikasi grab setelah di perbaharui jadi susah, ga bisa pesan grab car"
,Akun grab pemesanan tiba2 di tangguhkan tanpa notifikasi dan alasan yg jelas dr operator kan aneh gak bisa di pake....mungkin suruh pake aplikasi ojol lain kali
,best aplikasi ini sering saya pakai di Indonesia ternyata bisa di pakai langsung di Singapore tanpa harus mendownload ulang..good👍🏻👍🏻👍🏻😍😍😍
,Bagus banyak promosi cuma udah driver lain kali kalo emang belom sarapan ga usah ngambil bikin jadi orang telat saja Yang kedua baru kali ini saya pesen ga dapet driver biasa juga cepet ditambah makin naik hargaa tolong lah diperbaiki lagii
,Lama2 tambah parah ni apk... Buka menu food aja langs error blank putih. Tambah ga respek ma apk ini...
,"Tolong perbaiki sistem aplikasinya yang selalu meminta aku email, padahal email lupa. Tolong buat opsi lain lah"
,Sangat buruk ! Aplikasi tidak bisa support transaksi dengan LinkAja.
,Knp yah paman kalo misalnya hujan² dapat driver nya jauh² sedang yg dkt malah dapat nya cs nya jauh² tolong di perbaiki sistem nya kan kesian drivernya ngambil nya buru² trs cs nya lagi buru² yg ada rugi driver nya banyak cancelan yg ada driver tersebut malah kena suspens dari kantor pusat grab nya dan cs nya tersebut juga kena peringatan sering cancel ke semua driver 🙏🙏
,Ga bisa di upgrade 😒😑Badd tolong perbaiki sistem nya grab masa saya mau upgrade ga bisa bisa
,"Aplikasi aneh, ketika mengklik makanan jadi ngeblank warna putih harus balik lagi"
,"Promo hanya pajangan, dan banyak gak bisa di pakai. Padahal sudah memenuhi semua syarat."
,Grab tolong benerin utk input alamatnya. Alamat saya gak nemu. Tolong titiknya yg bener yah. Pesenan grab food saya sampe salah gara2 alamat dengan titiknya beda.
,Ini gmn sih mau pesen grabfood lg cari menu malah ngeblank putih.. kdg ngebug.. Tlg perbaiki lg sistemnya..
,"pas mau daftar kok ga bisa ya, udah bener kok masukin nomor nya tpi muncul try again mulu"
,"Selalu dapet driver yang: ga bisa baca maps, ga baca chat, dan ga baca note"
,"Saya memang pengguna baru,masuk toll begitu aja,sedangkan saya GK minta msuk toll,,sampai tujuuan tarif toll saya yg banyar+ongkos aplikasi,"
,"Udh bertahun tahun pake grab, bbrpa kali kecewa its oke gk mslh, tpi ini terulang lagi, sy pesan makanan, alamatnya sudh bener, nama Hotel. Tapi tidak di kirim ke hotel, barang di terima org tak.dikenal, jelas jelas sy konfirm, titip ke Cs hotel saja, asal terburu buru drivernya, yg parahnya lagi Team Grab nya tdk cepat menyelesaikan mslh ini. jadi hari ini sy beralih ke Gojek saja... Thx"
,"Alhamdulillah, pesan grab cepat sampai dan lancar di perjalanan"
,Pesen aja susah bgt harus verifikasi wajah berikut ga bisa!!! Ribet amat jd kesiangan orang!
,"Ini gimana pesen grabfood di aplikasi hargane 27.500.di driver knpa 34rb.bukan tentang nominal, tapi kenapa bisa beda, kasihan sama drivernya nombok."
,"Grab sangat membantu saya dlam berpergian dan sangat membantu saya,,,sehingga dapat melakukan perjalanan dengan mudah dan cepat"
,tolong teliti lagi terhadap driver2nya. karna kesalamtan penumpang dan drivernya lebih utama dri pda lainnya.
,Apasih verifikasi wajah lama banget udah ngantuk banget lagi pengen cepat sampai tujuan
,mantap banget aplikasinya sering ada promo/voucher jadi suka banget deh
,sangat cepat dan tanggap. terima kasih grab. semoga tetap exist di bidang nya...
,"Setiap buka menu di grab food selalu white screen aja yang muncul,,diperbaiki lagi apk nya"
,"Tolong bagi pihak grap di teliti lagi kalo restoran yg tutup jangan ada muncul lagi di aplikasi membuat konsumen ribet untuk membatalkan nya juga susah,"
,Untuk verifikasi pakek selfi g bisa digunakan sudah ngangguk2 smpek kayak pusing ttep g bisa Payah ini namanya mmpersulit bukan mmpermudah seharusny kasih sentuh layar untuk mengambil gmbar selfi
,Sangat terbantu dan tidak mengecewakan 🥰 Top banget deh . sukses slalu utk grab dan tetap Jaya slalu
,Maaf... Ini sy waktu pembayaran mau ganti metode pembayaran pake tunai kenapa gak bisa?
,"kenapa waktu mau pesan grab nya susah bgt, mau tidak mau pesan grab bike"
,harga lebih nyaman di kantong daripada kompetitor sebelah hehe
,"sopir nya ramah,kendaraan nya juga bersih saya sangat puas sekali dengan payanan ny nek ordr lagi grab car nya buat ke depan.tank to driver and grab."
,Apk mau di buka malah sering hilang2 gak ada gambar..padahal buat buka yg lain masih aman 😑😑
,"grab sial, saya coba yg paket hemat tpi gk ada yg mau angkut padahal mau ke perumahan taman raya utk berobat, ya allah ngecewaain bgt sihhh di liat dong saya bawa orng sakit.."
,"Grab sekarang promo nya sedikit. Grab car nya pilih² malah suka cancel, nanya nanya berapa orang lah dll."
,"Grab kenapa pungli terus? Saya top up ovo 30rb eh keambil 18rb gatau buat apa, terus katanya bisa free ongkir pake grab unlimited, eh udah dibayar, tetep aja gak gratis ongkir haha. Banyak promo diskon juga gabisa di pake. Harusnya amanah dong grab jangan ngibulin customer tar ga pake2 lagi jadi males. Yang sehat2 aja kalo yg asli yg real."
,"Pengemudi nya ke banyakan ngobrol kalo jemput suka lama terus kadang suka mampir isi bensin dulu padahal seharus nya prepare lah, ini juga kalo ada masalah ban gk pernah di cek udh laah kecewa sekelas perusahaan besar tidak di rubah sop nya"
,Drivernya sabar dan sopan serta mudah mencari solusi jika alamatnya agak rumit...
,"ramah pelayanannya,tepat waktu dlm penjemputan,nyaman dlm mengemudi nya.makasiiih yaa...."
,"motong saldo otomatis fitur yg ga merasa kita pake, sangat sangat kecewa,payah"
,"Kenapa saya gak bisa melakukan pembayaran tunai di grabfood? Selalu ditolak. Sudah beberapa kali mengajukan keluhan ke CS bener bener gak membantu, payah."
,Di update malah sekarang waktu tunggu proses beli pulsa/kuotanya malah makin lama aneh
,"kenapa sekarang gabisa? ada waktunya, sudah penuh, padahal sekitaran gaada yg pesen. gimana sih? emang kita ga butuh?!"
,kenapa gak bisa seting bahasa indonesia klo bahasa ingris banyak yg gak gerti ini indonesia bukan singapore lokasi aja gak akurat
,"titik jemput lokasi nya kenapa ga sesuai ya, padahal otomatis grab yg atur"
,"Mao daftar aja susah bgt sgala make akun yg ada dipermasalahin, itu akun yg lama no hp yg lama itu hpnya ilang masaiya masuknya ke no yg hp ilang, mao nyari dmna coba ! Udh masukin no hp yg skrg aktif malah gabisa masih aja dipermsalahin no hp yg lama ! Kocag !!!!"
,"Cs dengan nama ATHA Pelayanannya sangat buruk, cs tinggal kirim pesan yang sudah sedia ya copy paste tidak banyak membantu serasa ngobrol dengan robot, tolong dong nomor pengemudi yang disediakan di grab diupdate semua biar aktif bisa dihubungi ini yang di grab nomor atas nama pengemudi bambang sugiyono tidak aktif main tutup obrolan"
,sya mengaktifkan ovo saya dan keterangannya sudah aktif tapi tidak bisa saya gunakan. Selalu ada perintah aktifkan dan ketika saya mengaktifkan keterangannya sudah aktif. Saya sudah isi saldo ovo dan tidak terbaca diaplikasi hanya perintah mengaktifkan
,"Perbaiki Pelayanan Grab Express... Karena beberapa driver yang tidak amanah dalam menjalankan pekerjaan jadi jelek nama Grab... 2X barang tidak sampai ke penerima, map tidak jalan, telp TDK diangkat... terutama saat moment mendekati hari raya"
,Bersama grab semuanya jadi cepat dan lancar. terima kasih grab
,Baik dan ramah dan banyak promo nya Murah lagi pokok nya debes deh
,"pelayanan publik dan aplikasi grab sangat baik ,lancar dan sangat membantu perjalanan saya"
,Semakin hari ongkos kirim pake grab ekpres bertambah mahal meski melakukan pengiriman memakai sameday seperti nya harus pindah ke App sebelah
,senang naik grabcar tarif nya sesuai dengan jauh dekatnya tujuan
,Sebetulnya bagus lah untuk harga segitu mah keren dan mantul semoga awet sampai jannah... Aamiin... yaa Robbal alamin...
,Untuk mengantar ke lokasi sudah terbaik ada promo Tapi untuk membeli makanan kurang promo
,"kurirnya lambat, aplikasi payah customer service gak bisa."
,"Sy kesusahan buat isi ovo grab karna harus sm drivernya langsung, tolong ditingkatkan lg ya kak metode pengisian ovo nya, soalnya ribet harus psn dlu baru bisa top up"
,"Knpa saya tidak bisa akses masuk ya? Udah beberapa kali nyoba tapi ga masuk"" Hadeh jdi susah mao pakai grab kemana""🤦‍♀️"
,"Pelayanan selalu tepat waktu, kalaupun terlambat selalu ada konfirmasi👍👍"
,merasa terbantu sekali. cuma kadang ada aja sopir y marah* kalo disuruh nunggu sebentar padahal lagi ambil duit
,Aplikasi nya bagus tapi ongkir parkirnya lebih mahal dari pada aku pesen makananya😭😭
,"mudik30 maret 2023 bingung dr poncol ke terboyo Alkhamdulillah dpt om grab baik mau nungguin pdhal saya msh perjalanan 30 menit lagi nympai poncol nya, tpi om nya mau nungguin sambil istirahat katanya, semoga tmbh berkah dan lancar rezekinya ya aamiin🤲"
,"terlalu berminyak beda rasa makan di tempat, sama pesan di aplikasi 😥"
,"untuk pelayanan, pengemudi lumayan baik, untuk harga sdh standart.. trimakasih"
,"Muantap.. Driver nya sopan, santun, ramah, dan sabar. Tetap semangat dan selalu waspada dalam perjalanan dengan situasi dan kondisi hujan deras dan macet"
,"Bisa gak sih, kalo kasi promo tu yang pasti2 aja. Ini aku beli paket promo cuma 500 perak doang. Taik ni aplikasi, banyak promo yang ga bisa di pake lagi. Masi mending gojeklah asli. Ku sebut merj aja biar kacau kalian... Kalah kalian sama gojek"
,Promonya nggak ada yang berguna. Awal-awal make doang automatis promo terpasang
,"waktu mau masuk nggak ada kode verifikasi dri sms, udh coba ulang berkali kali ttp gaada kode nya"
,pengantaran cepat dan untuk drivernya ramah dan santun.
,mudah dan praktis pesennya dan Ramah semua driver nya
,Kenapa sekarang grab seperti ini selalu white screen tolong ya kak langsung diperbaiki
,terimakasih sangat membatu dengan apk grab ini bisa pergi kemana pun jam berapa pun.
,"driver tolong di seleksi lagi, supaya tepat waktu waktu jemput"
,excellent servicenya. driver tahu banget jalan dan tiba tepat waktu.
,"Udah ongkir nya mahal2, tambah lagi ada biaya pemesanan segala macem jadi kaya beli 3x lipat harga makanan deh. And tetep aja waktu pengiriman lama"
,"Di update, metode pembayaran nya malah gak bisa dirubah jadi cash"
,selalu jadi andalan aku... makasih grab.. terus berkembang dan makin sukses ya .
,"Mas grabnya ramah,baik dan sabar menunggu"
,"Tolong iklannya di kondisikan. Sangat, sangat mengganggu. Kalau iklan muncul saat buka aplikasi ga masalah, ini saat lg buka wa, dan lain2 yg urgent malah terganggu sama iklan ga jelas & sering muncul. Saya pengguna grab bukan baru tp knp akhir2 ini grab menyebalkan iklannya. Mau di uninstal kah ???? Kecewa....!!!!"
,"ramah,baik,cepat tanggap dan fasilitas oke"
,Grab beri solusi dan kemudahan publik dalam melakukan transportasi bagi setiap orang yg memerlukan kendaraan.
,Tambah gawat aplikadinya susah di gunakan Dan terlalu mahal. Maaf. Sudah hampir tidak pernah menggunakan
,"Lemot parah padahal lagi butuh, udah langganan bertahun tahun juga malah nambah kecewa"
,Ribet foto selfi mana tempat umum di kira pinjol.mana sudah atur posisi susah.kelamaan. ribet banget
,Pelayanan cepat dan driver ramah kondisi kendaraan prima
,"Tariff makin mahal, kasian sama penumpang. Biasa cover ride lah biaya pemesanan lah.."
,"ok apk sangat membantu banyak orang tingkat kan terus kinerja nya,"
,pakai grab lebih murah dan ngirit. sukses selalu buat Grab 👍👌🙏
,semoga Grab Car ttp mempertahankan mobilnya yg bersih harum serta driver yg sopan. Klo bisa banyakin diskonnya ya..
,Sangat cepat dan drivernya juga ramah
,aplikasi pelayanan terburuk pesan grab food warungnya tutup d cancle lah sama abg driver ehh aplikasinya terus cri driver baru dna begtu sterusnya smpe beberapa driver dari saya gak bsa cancle dan juga udh hub cust grab yg blgny bakal d buatin laporan tp nyatany gk tercancle jug terakhirnya d selesain lah sma abg drivernya bru tercancle ovo saya kepotong makan gk d terima dan pernah juga ngirim barang pake express nya gtu barang udh terkirim ehh datang lagi driver baru buat antar sya gk bsa
,grab sangat jelek skrg.mau ngirim barang di persulit harus gini gitu.jamnya harus milih.klo udah pakai grab itu otomatis.pingin cepat2 sampai.kog malah suruh milih waktu.pokognya jelek
,"Mau kasih sedikit masukan nih buat aplikasi Grab, supaya yg tadinya udah nyaman makin nyaman lagi. Jadi utk Daftar Resto Favorit yg sudah kita save mohon dibuatkan fitur supaya pelanggan bisa menata lebih rapi lagi, ntah itu bisa diseret, dikelompokkan, yg penting supaya bisa terlihat rapi. Contoh saya mau bikin berurutan daftar Resto yg jualan Ayam Geprek tapi capek klo harus bolak balik on/off love nya biar berurutan. Semoga kedepan ada fitur yg bisa bikin Daftar Resto Favorit jadi lebih rapi."
,lebih mudah dan optimal pelayanan nya
,"Knp setiap mau pesan tunai pasti muncul peringatan ""pembayaran di tolak"" gak jelas"
,"Kalau mau pesan bagus lewat GOJEK saja. Di Grab, Warung Tutup, malah gak bisa cancel. Harus nelpon mereka keluar PULSA hanya untuk cancel. Sialan."
,"Membatalkan pesanan dibisakan beberapa ada yang gbisa bawa barang banyak besar karena kapasitas mobil driver tidak memadai, aku mengalami kendala seperti brusan driver tidak bisa ambil barang bnyk besar karena kapasitas mobil kecil, pihak grab gimana ini barang penting jugak"
,"Kok mau langganan VIP Unlimited lagi gabisa ya? Kmrn2 gagal diperpanjang krna lupa isi saldo, skrg mau perpanjang lagi muncul tulisan ""Ada yang salah"" udh coba berkali2 gagal😭"
,Aplikasi ini sangat berguna sekali bagi kita yang males naik motor atau mobil kita bisa menggunakan aplikasi grab ini terima kasih
,"sanggat membantu sekali, semoga semakin baik dan terus maju"
,"Aplikasinya maksa minta di update mulu, gak semua hp memorinya gede, emangnya hanya ini aplikasi doang isinya.. males banget minta update maksa kalo gak di update gak bisa dipake.. delete deh sekalian"
,sangat baik dan membantu apa lg ada promo dr harga juga
,sangat bagus cepat penjemputan dan ramah berkomunikasi
,Grab bukan memudahkan ya 1. Ketika hujan mau pesen car susahnya minta ampun nunggu 1/2 jam ga dapet dapet padahal ketika hujan orang prefer butuh grab car ya 2. Cari alamat ada yg ga muncul ga update atau gimana ya sampe susah bgt padahal di maps udah ada loh tempatnya
,Ada pusat bantuan kek tokai!!!apaan ga membantu sama sekali sampah...masa orderan nasi goreng bisa smpe 1 jam lbh d cancel g bisa!!!apaan
,"Grab car memang memuaskan, tarif murah & menyenangkan,"
,"Full spam promosi, ketika sudah memasukan email dan no HP. Pada email di unsubcribe pun tdk berhasil harus di blokir. Begitu juga di WA. Mestipun aplikasi sudah di uninstal. Promosi boleh , promosi brutal membuat orang tdk respek"
,"Driver tidak beretika dan sangat arogan , bahkan sangat mengecewakan , saya adalah salah satu customer yg harus menggunakan grab expres atau food , namun sekarang seluruh driver grab tidak ber etika . Harap grab bisa sleksi lagi mitra drivernya harus diingatkan untuk bersikap sopan ."
,"Ini apk sering error', beberapa kali pas pesan, teryata lokasi tujuan beda jauh dari rumah padahal alamat yang dipakai sama. Pernah sekali uang cash 50k saya harus hilang gara gak tahu kenapa bisa kasih tip padahal belum ngasih bintang, itu maksudnya gimana."
,"Sampah. Sering white screen padahal cuma mencet menu, sering ngefreeze ga bisa pencet app nya. Orang tinggal bayar mau mesen mesti keluar app buat refresh lg karena freeze, ampe install ulang HP masih aja kaya begini, padahal aplikasi berat lainnya, dan aplikasi GOJEK aja lancar di hape. Kebanyakan gimmick ngeberat2in app doang udah kayak Shopee"
,Susah masalah tujuan maupun penjemputan. Di ganti nya susah. Udah di cekok i yang tersedia. Padahal beda tujuan. Di ketik pun... muncul yang udah di sediakan dari aplikasi saat hp di lokasi pemakaian
,"Aplikasi Grab cukup membantu kebutuhan saya dalam transaksi keuangan. Saya sering pakai utk grabbike, grabcar, dan grabfood. Grabbike saya seneng banget pakai grab karena harga lebih terjangkau dulu suka pakai grabcar juga karena titik jemputnya pasti paling dekat diantara yang lain. Tapi sekarang kok jadi jauh jauh ya. Kasian abang drivernya. Kangen deh sama grabcar yg bisa dpt titik yg dekat dekat. Kasih bintang 4 dulu ya. Yuk semangat tingkatkan lagi bang💪😊"
,"Titik penjemputan selalu pindah pindah atau bergeser sendiri, akibatnya saya dan driver adu mulut dulu, karena titik penjemputan salah, padahal di aplikasi nya sudah jelas, titik penjemputan akurat, tapi kenapa dari driver nya selalu salah titik penjemputan nya, harap di perbaiki"
,Sangat jelek..sering membuat kesalahan.. pesanan kadang tidak tentu alamat suka berubah..tidak sesuai titik maps ..dari rumah ko jauh jauh ke oyo yg jalan nya beda jauh
,Hadehhh sekarang malah makin nggak jelas grabfood🙏😒 Saya pesan makanan kenapa lokasi nya malah bukan di tempat saya berada? Dan saat saya ingin membatalkan pesanan malah nggak sempat...alhasil lokasi pemesanan nya malah ada di tempat lain. Selain merasa nggak enak sama driver nya saya jadi kesal juga...coba saat sedang di siapkan pesanan nya itu bisa di batalkan. Kalo kayak gini kan malah ngerepotin kedua pihak... Tolong di perbaiki karena saya sering kejadian seperti ini...
,"Tolong diperbaiki rute nya bermasalah ketika update, biasanya saya lewat jalan raya ruter nya dengan ongkos biasa, pas di update dengan rute yg sama jalu8nya pindah ke jalan lain yg lebih jauh yg membuat ongkos nya 2x lipat dari biasanya, itu sangat merugikan terlebih rutenya bikin lebih panjang perjalanan"
,"Pengalaman goRide, awal muka peta penjemputan sudah benar tapi tiba2 berubah sehingga memperlambat waktu saya Terakhir ingin mencoba isi ovo tp ternyata tidak ada notifikasi masuk dan saldo sudah berkurang, sudah mengikuti sesuai instruksu tapi tetap mengecewakan!"
,"Titik MAP nya berantakan...!!! Dlu kelihatan tarif ongkir nya, sekarang kalo order mau bayar baru kelihatan tarifnya, kalo ternyata kemahalan jadi ganti lagi..!! Ribet...!!! Kalo bisa tambah fitur untuk order di tempat lain juga... Sekali jalan beli makanan di 2 tempat dg 1 driver...!!!"
,"Baru tau ternyata aplikasi grab sangat broken. Setiap daftar akun selalu ke suspend dengan alasan yg gajelas, bahkan sampai 3 kali daftar pake no hp semuanya kena suspend. Selain itu mau menghubungkan dengan LinkAja selalu selalu eror. Aplikasi paling ribet yang pernah saya install"
,"untuk bagian alamat ada yg belum di ketahui jd harus liat dari maps dan memakan waktu yg agak lama, apalg yg baru pakai aplikasi ini pasti agak kesusahan dan untuk diperbaiki bagian petanya ya saya jd agak susah untuk cari alamat sedangkan alamat yg saya tuju tidak ada di aplikasi tsb."
,"Masih banyak bug, khususnya waktu udah memproses grabfood. Tampilan driver tidak ada dan tampilan glitch dan tidak bisa memberi penilaian pelayanan."
,"Untuk pemesanan makanan ok. Tapi untuk titik penjemputan sulit, padahal sudah sesuai di map, tapi drivernya susah nemu katanya, malah dibilang saya sengaja mempermainkan. Driver kedua baru bisa nemu meskipun dia juga agak kesulitan katanya. Suka berubah titiknya, kesel. Abis itu, aplikasi grabnya gak bisa di login maupun buat akun, gak tau dah kenapa.. Instal ulang juga gak bisa.. Error katanya"
,"promonya bohong gak bisa di gunakan, udah di klick promonya harga tarif tidak terpotong, pembayaran tarifnya sangat mahal. buat apa hubungi call senter harus berbayar. dan gak pernah ngasi solusi jalan keluar, jawaban cuma mohon maaf saja... sy gak butuh maaf, yg penting perbaiki dulu program promonya. Klo promo gak bisa di gunakan lebih baik gak usah ngasih promo"
,"Penandaan alamat lewat map buruk. Saya tau grap mencoba membantu dengan memberikan bookmark tempat tempat yg terkenal atau sering di pakai, tapi kalau tempat lokasi yg di tujuan dekat tempat itu, pasti selalu ke tarik ke tempat bookmark dari grab. Itu membuat selalu salah alamat. Mohon perbaiki agar user bisa memilih tempat sendiri tanpa autolock tempat tempat tertentu. Mohon segera diperbaiki sistemnya."
,"Begitu buka aplikasi grab minta update, kemudian masuk ke playstore tidak bisa instal/update aplikasi grab, saya sudah coba berbagai hal dari uninstal-instal ulang, hapus cache, restart dll tetqp belum bisa juga. mohon penjelasan dan penyelesaiannya, terima kasih."
,Saya tidak bisa turun depan kos kalau naik grab. Karena titiknya selalu salah. Harus turun depan gang. Cuman depan gang yg bisa sesuai titik.. Sampek pernah kenak driver yg kurang baik. Harus turun padahal belum Sampek tempat.nya.. drivernya bilang dia sudah ambil orderan baru. Karena di aplikasinya tidak sesuai titik. Alhasil harus jalan. Mohon diperbaiki grab
,"KECEWA SEKALI, hari ini bener-bener dibuat kecewa sama grabfood, nunggu pesanan sampai 2 jam lebih, sampai akhirnya saya datangi storenya langsung, baru pesanan saya dibuat. Dan dari GRAB gak ada kebijakan apapun. SANGAT SANGAT KECEWA"
,"Baru saja saya download aplikasi ini. Pake grabfood, jam 7 mlm saya pesan, katanya estimasi datang jam 8. Masih molor molor terus yaudah saya sabar. Sampe jam 10 malah tulisannya tidak ada pengemudi/kurirnya. Kalau ndak bisa yaa dikasih penjelasan dari tadi. Kalau yg pesan posisi lagi lapar""nya gimana? Kecewa sekali sama aplikasi ini"
,"untuk supir baik ojek motor atau mobil, secara mengemudi si sangat memuaskan, tapi ada sebagian supir baik itu motor/mobil kadang uang pelanggan suka enggak di pulangin, secara supirnya ambil paksa uang pelanggan,(misalnya) harga ongkos motor Rp12.500, karena saya tidak punya uang 2rb-an, maka saya kasih ke supir/tukang ojek nya 15rb masa nggak di kembalikan, bahkan sampai terjadi ketika saya menggunakan pembayaran non tunai, saya di berhentiin di tengah jalan jauh dari tujuan..."
,Alamat Tujuan Sering tidak Tersedia.. sudah 3x saya di buat muter muter sama Map nya... Dan akhir nya saya harus telat dan harus bayar double.. tolong di perbaiki dan di lengkapi system map nya...
,"Pesan Martabak, cuma 1 Km, nunggunya lama pol sampai hampir 1 jm 30, kata drivernya udah tutup, dibatalkan pesanan tidak bisa, terus dari aplikasi otomatis ganti driver, driver yang inj bilang, yang punya warung orangnya lagi pergi, et dah males gue, harusnya ada Fitur Batalkan pesanan yang lebih mudah!"
,"Kepada Developer Grab yang Terhormat, bisa ga untuk perbaiki mapping aplikasi grab? Diharapkan lokasi alamat dan titik sesuaikan, jelas2 alamat yg saya ketik tetangga saya, tp titiknya kok hampir 1 KM jauhnya.."
,"Semakin buruk skrng sistem.nya fitur nya tambah gak jelas saat trx grabfood auto kesall stlah nunggu 2x order di cancel smua ujung2 nya hanya Krna di tipu notif sistem !! Gak sesuai yg di jalankan , enakkan sistem yg dulu jelas akurat dan bisa langsung chat driver nya. Ini harus dari pusat bantuan dulu . ribet!!! KECEWA SEKALIIIIII....."
,"Lama2 ngaco,udah kena biaya pemesanan,biaya kirim pajak dll masih juga dimintain biaya parkir!!!! Trs skrng kalo mau cancel ribet. Semoga bisa ditingkatkan lebih baik lagi"
,"Sangat di sayangkan aplikasinya sudah bagus, tapi lestorannya gk ada yg memberi respon bagus. Untuk lestoran lain kali kalau menunya tidak tersedia jangan di tampilkan di daptar menu, sya sudah nunggu lama gk taunya tidak ada menunya akhirnya di batalin sama pihak lestorannya.. Dan untuk pembatalan pesan kenapa costemer tidak bisa membatalkan pesanan, hanya lestoran dan mengemudi saja yg bisa membatalkanya, klw sperti ini apk nya menguntungkan untuk yg jualan saja tidak menguntungkan costemer jg"
,Heran pake banget. Penulisan alamat tujuan untuk grab food jelas ada keterangan detail. Berulang kali orderan selalu diributin driver karena katanya kasih titik lokasi gak jelas. Itu gunanya detail pengantaran buat apa?? Koq yaa gak kaya app gojek. Belajar lahh sama app sebelah. Gak ngribetin konsumen. Udah gitu malah kita yg d omel2in driver gara2 katanya pengantaran gak jelas lokasinya. Kesel banget ama ni aplikasi.
,"Kenapa pas mau mesen makanan, udah milih resto, layarnya malah ngeblank putih, menu ga muncul sama sekali? Orang laper, mau mesen makanan jadi sulit. Endingnya bikin badmood. Tolong diperbaiki"
,"Merepotkan sekali saat pesanan makanan tidak diterima tapi tidam bisa menghubungi pengemudi. Saat pesanan dibuat selesai, sedangkan belum diterima, sudah tidak bisa chat dengan pengemudi. Mendingan saya pake aplikasi yg satu lagi g*j*k."
,"Percuma pake pengantaran premium kalo datangnya tetep lama atau lebih dari estimasi, estimasi 30 menit, realisasi bisa 50 menit atau sejam, harusnya kalau lebih dari estimasi ada kompensasi buat customer, karena udah bayar mahal, tapi tetep lama!!!!"
,"Kenapa titik lokasi saya hilang mulu, sudah 4 kali saya ngulang alamat. Selalu bikin kerjaan aja ini aplikasi, bisa perbaiki titik lokasi tidak ?? Kalau begini terus saya hapus aplikasi nya, karna menganggu sekali bagi saya"
,"gambar tidak muncul muncul padahal paket saya masih banyak sudah diupdate, sudah direfresh berkali kali pun hasilnya tetap sma gambar masi gak ada."
,"Maaf, saya kurangi bintangnya. Terjadi bug di batalkan pesanan, saya sudah klik batal pesanan tetapi drivernya merasa terpanggil apakah saya membatalkan pesanan. Itu saja masalah yang saya terima, tolong kedepannya kurangi hal seperti itu🙏."
,Aplikasi sangat buruk saya sudah memesan makanan tapi tidak kunjung datang!!saya sudah sangat banyak membuang waktu untuk menunggu makanan dari grab datang!!SAYA SANGAT KECEWA DENGAN GRAB Jadi kalo mau donwload grab pikir pikir dulu ya!!saya saranin pake apk sebelah yang fast respon😌😌
,"Aplikasi terburuk. Harus verifikasi segala sebelum berangkat, mana verifikasi wajahnya susah banget, ga recommended banget aplikasi kek gini, mempersulit. Membuat kekasih saya kesal dan terlambat, dan saya sangat kesal, menyesal atas kejadian ini."
,"Baru kali ini rute salah titik tapi ditagih uang lebih. Padahal lebih dekat rute daripada titik. Bingung kan? Sama sy jg, auto hapus aplikasi ini lah ngecewa in. Masih banyak apl yg lebih menyenangkan dan murah"
,"Bintang satu masih ketinggian ini, cocoknya 1 balok merah.. Kualitas maping jelek, driver selalu nanya lokasi sesuai titik? Padahal Aplikasi selalu minta diaktifkan gps.. Contohnya malam ini, saya pesan makanan dari botanica sanctuary, titik deteksinya di puncak pass.."
,"Gimana gak kesel, pesanan tiba-tiba di rubah, otomatis pembayaran yg harus saya bayar juga berubah, nominal gak seberapa sih sebenrnya, tapi klo caranya kayak gini ya nipu, waktu laporan belum selesai di end chat, wah gilak sih, kecewa banget!!"
,"Alhamdulillah,, saya sebagai pengguna setia grab dari awal aplikasi ada sampai sekarang.. sebetulnya grab sangat memuaskan menurut saya.. akhir2 ini saya menyadari memang grab promo nya berkurang, ternyata penyebabnya banyak yg kecewa... Saya akan membantu sedikit yg saya tau.. 1. Dari segi titik lokasi,, coba periksa kembali aplikasi grab dan aplikasi google maps. Bisa saja belum di upgrade aplikasinya. 2. Dari segi pelayanan, selama ini saya jika ada keluhan, insyaallah selalu ada solusinya."
,"Kenapa maps di grab ini bikin pusing driver yang ke arah vila Padurenan indah 3 Bekasi. Selalu di arahkan ke jalan kampung yang ga semua orang tau. Tolong diarahkan ke jalan raya saja, karena posisi tidak jauh dr jalan raya utama."
,"dikota besar bagus pelayanannya cepat dan sesuai dengan yg tertera pembayarannya, tapi kalau dikota kecil banyak alasan dan akhirnya disuruh cancel dan tarif yg harus dibayar pasti lebih dari yg ada diaplikasi"
,"Saya sudah 3 hari lebih pakai grab buat beli makan, selalu gabisa. Selalu dalam antrian tinggi, bisa sampai 3 jam sendiri nunggu makanannya, itupun belum di buatin di dapur. Keterangannya sudah dipesankan tapi tidak ada respon dari dapurnya"
,"Hai Grab, bolehkah kami mengedit peta yg anda tampilkan, karena peta yg anda gunakan salah nama jalannya atau karena tidak update. Sehingga driver anda sering nyasar dan salah masuk perumahan. Saya mau mengirimkan screen shot kesalahan nama jalannya tp tidak terfasilitasi pada aplikasi grab di area kami. Hanya tertulis "" untuk saat ini, menambahkan alamat belum tersedia di lokasi ini. "" terimakasih"
,beli grabfood pake promo bukan nya untung malah rugi . kalo semisal ada kendala karna saya tidak menggunakan ovo dan belum memperbarui aplikasi kenapa tidak ada pemberitahuan dari awal? sangat kecewa!! . udah ngajuin komplen tidak memuaskan tidak membantu dan tidak ada jalan keluar untuk masalah saya . jadi nya bikin males pake aplikasi ini lg .
,"Setahun lalu untuk pertama kali nya download grab tapi waktu udh daftar malah akun saya langsung ditangguhkan,padahal saya baru pertama kali pakai grab,belum ada transaksi apapun,dan baru2 ini dapat notifikasi bahwa akun saya kembali,ngerasa aneh bgt 🙄🙄"
,"Bagi saya aplikasinya sudah bagus pengantaran makanan, atau jemputan juga cepat dan tidak mengecewakan. Biaya antar makanan yang lebih mahal menggunakan aplikasi dibanding mengambil sendiri bagi saya wajar sih namanya juga kita mempercayakan orang untuk mengantar ya jelas ada biayanya, dan itu gak menjadi masalah buat saya. Pokoknya sangat bagus lah Grab👍"
,"Kecewa sekali dengan grab. Terutama tadi pagi. Saya memesan driver sengaja 30 menit sebelumnya karena biasanya driver butuh waktu 5 menit untuk menjemput dan 10 menit ke kantor saya. Tapi setelah dpt driver aplikasinya error, saya tidak bisa berkomumikasi dg driver, hingga akhirnya saya naik ojek pangkalan setelah 20 menit aplikasinya masih error. Dan ini bukan pertama kalinya terjadi."
,"Kok jadi payah sekrg apk. Ini gegara pembaruan. Pesan makanan, di cancel sm driver pertama, lha kok malah di lanjutkan driver kedua padahal sy dah usaha ngebatalin, tp malah gk bisa padahal pesanan di outlet emang udah di cancel oleh driver pertama krn habis. Aduuhh..ribet amat sih. Padahal sy dah langganan grab dr dulu."
,"kalo update terbaru bikin makin lemot mending ga usah update. jadi ga nyaman, titik maps juga jdi pada berubah semua. padahal alamat udah bener, jdi harus bolak-balik room chat sama drivernya ribet jadinya."
,"Ini grab kenapa ya? Masa saya pesan pake promo gak bisa , harus gak pake promo baru bisa .. lalu tiba tiba akun saya keluar dan tidak bisa di masukan lagi , waktu saya jadi terbuang .. saya juga grab driver , kecawa jadinya"
,"Posisi driver tidak begitu realtime, beda dengan Gojek. Driver sudah bergerak tetapi di aplikasi sering diam saja. Koneksi internet konsumen stabil. Hal tersebut membuat konsumen beranggapan driver tidak merespon yang mengakibatkan terjadinya pembatalan. Mohon untuk diperbaiki."
,"Beberapa kali pesan makanan, sudah dijelaskan titik pengantaran sesuai, sudah di chat juga alamat jelas dan bahkan titik, papan blok rumah, letak, warna rumah nya, tapi si driver masih aja bilang sudah sampai dititik, padahal sdh disesuaikan loh sengepas mungkin dgn alamat kita masih aja ga sesuai. Sudah gitu si driver nya ketus juga lagi (ga semua tapi sebagian besar) krn titik pengantaran ga sesuai, terus kalo ga sesuai sy musti apa kalo sdh saya sesuaikan. Terimakasih..."
,"Maaf ya aplikasi saya hapus krn google tdk terbaca dan berbeda dg aplikasi driver online lainnya, kita pasang terbaca sdgkan di grab tdk terbaca. Coba cari titik temu tdk menemukan gambar peta pin sangat berbeda dg aplikasi driver online lainnya."
,Kecewa. Aplikasi grab tiba tiba mengganti rute perjalanan semakin jauh. Jadi ongkos nya jg semakin besar. Kenapa ya? Padhal rute jalan yg biasa nya tidak ada penutupan jalan. Kenapa tidak di lewatkan di tempat biasa? Kenapa ke rute yg semakin jaauuhh.. Saya rugi lama waktu dan ongkos. Tolong di cek kembali
,"Pesan grabcar jarak 1km harga 24 ribu. Yg bawa mobilnya ugal2an, asal2an, ga punya etika, gak ada adab. Disuruh parkir di depan lokasi tujuan ga mau malahan nada nyentak. Pas jemput jg dia gak sesuai lokasi tujuan. Malah sy di kasih klakson2 biar samper mobilnya. Tapi lokasi tujuan saya harus puter balik. Slh di dia pdhl. Dan sy setelah naik langsung gas blm ttp pintu. Segitu cmn bw 1 km, dan harga tidak ada promo. Amit2 aki2 cuman mobil terios coklat plat B 2449 UZI.Wawan Gunawan. Tlg ditindak."
,"Sedikit kecawa, harga tiba2 naik dari 65.000 tinggal sebentar sudah naik 100.000 selang beberapa menit lg langsung naik lg jdi 108.000, klo d sni bisa kirim fto, Saya kirim bukti screen shoot nya. Klo harga naik untuk motor mungkin ya karna kondisi hujan, ini harga yg naik malah mobil t"
,Ga bereess. Aplikasi error. Masa saya ingin menautkan kartu saja tidak bisa baik Visa atau Mastercard dari berbagai bank sudah saya coba tetap saja gagal. Padahal diaplikasi sebelah sekali nyoba langsung berhasil
,"Aplikasi tetap berjalan padahal pesanan sudah dibatalkan, driver yang sudah jauh jauh menjemput jadi terpaksa harus membatalkan sendiri, padahal saya sudah membatalkan daritadi. Tolong diperbaiki..."
,"Saya rubah ganti 2 bintang, applikasi ribet banget tidak simple mutar muter minta diisi lokasi tapi saat search piligan tak muncul...setannn bolak balik terus di isi lokasi Jkt eehhh gakk nyimpen malah muncul Area Bali lah dll. Apaan ini ???"
,"Minim Promo.. resto rating dibawah 4 ga ditampilkan ratingnya dan bikin salah pesan, ongkir jarak antara 1-2km sudah di atas 10rb.. belum biaya2 tambahan lain.. ini sama saja beli untuk 1 orang seharga 3 orang"
,"Aplikasi jelek, setiap lacak resi pengantaran selalu gagal, blank layar putih.. Padahal koneksi kenceng... Mending ganti deh ke app tetangga yg gercep tampilan nya..."
,aplikasi eror tidak sesuai dengan map.. titik henti berpindah tempat.. titik penjemputan susah di temukan... tolong perbaiki jika masih ingin di pakai...
,"Tolong ya untuk resto yang udah ga beroperasi lagi (tutup), di aplikasinya di close juga. Kasian drivernya juga udah terima orderan tapi sampai sana restonya udah tutup, mana yang bisa batalin hanya resto terkait pula. Konsumen juga sia2 nunggu lama."
,"Pesanan granfood tidak bisa lihat posisi kurir...setelah di cek ternyata kurir bisa ambil pesanan lain dgn alasan efisiensi,...sementara pelanggan di suruh menunggu kelaparan.....maaf saja...saya tidak akan pakai aplikasi grabfood lagi..."
,"Aplikasi parah... dulu udah pernah punya akun ini, karena ribet uninstal deh dulunya. SEKARANG... Mau login gak bisa.Mau daftar gak bisa. Apa maunya ini aplikasi?? Auto uninstal LAGI deh.. geblek²..."
,"Untuk membelikan makanan ke luar kota sekarang susah , di maps hanya muncul hotel² saja sedangkan di perumahan penduduk tidak ada keterangan sama sekali seperti toko dll , hanya alur jalan saja tidak seperti dulu"
,Tidak usah digubris laporan konsumen. Selamat tinggal grab. Pertahankan dan peliharalah mitra driver anda yang menambahkan biaya tol dan parkir tanpa konfirmasi. Lama² semua drover akan menjadi pencuri saldo dompet digital jika dipelihara terus.
,"Susah banget menentukan alamat tujuan, selalu muncul alamat yg mungkin sering dipake. ama sekali ga bisa ketik manual menentukan titik tujuan"
,Ini apk kenapa dah pening kali aku lihat mau pesan aja ribet kali minta foto oke lah cuman mau foto verifikasi gagal ada kesalahan entah apa mau nya sih. Padahal jaringan bagus hp emang Vivo y12 apa emang kendala hp harusnya di buat untuk semua hp bisa pakai. Kalo gini yah susah mau pesan grab nya 😤
,"Aku kasih bintang satu karena grab sekarang jelek ga sebagus dulu banyak promo buat food dan grabcar or bike.. Sekarang jadi mahal nda seperti dulu , belum lagi kalau pesan makanan ada pilihan pengantarannya🙄 Kecewa saya sama Grab sekarang.."
,"Lebih murah dikit dr ijo satunya, cuma di Jastip itu list belanjaan kudu di ketik manual, mis: Kecap Abc, kolom estimasi harga gk ada, sm jumlah yg dibeli kudu manual di tulis sndiri, kalo belanja banyak jadi capek ngetiknya, ""rinso bubuk ungu = 34rb, 1 bungkus besar"" blm lain nya. Sm 1 lg aslinya bagus2 aja sih kasian kalo gk ada dana ojolnya, tp gmn ya, belanjanya ada batas max 200rb. Sy miara kucing belanja 200rb gk kebeli semua, kurang. Ga mungkin order 2 ojol. Tp syukur sering ada voucher."
,"Halo grab, ini bagaimana sih saya sudah login sama nomor hp dan email yg sudah pernah terdaftar. Tapi disuruh login pakai FB. Masalahnya saya sudah gak main FB. Trus gimana saya mau login dan pakai grabnya? Tolong dibantu. Terima kasih atas kendala yang sudah teratasi. Dibantu CS sampai tuntas. Untuk itu rating sudah saya ubah ya 🙏 Semoga Grab tambah maju & tak tertandingi"
,"Gimana kok driver makanan terima lebih dari 1 pesanan sekaligus, punya saya diantar terakhir akhirnya udah ga enak makanan dan minumannya, parah nih.. Emang sih 1 dari 100 kejadian, tapi kan ga nyaman, perbaiki dong sistemnya, kasian supir grabnya kasian kustomernya.."
,Pesan makanan di grabfood sudah ditunggu lama sampai sejam lebih . Driver chat mau otw . Tiba2 pesanan dibatalkan secara sepihak . Tolong ya grab lebih bijak lagi . Customer tidak bisa membatalkan pesanan secara sepihak . Tapi driver dengan se enaknya membatalkan pesanan .
,Fitur Food sekarang sudah tidak bisa di cancel lagi..padahal baru order..batal pesanan bukan Karen ga jadi pesan tapi karena salah menu pesanan..mohon di perhatikan untuk hal² seperti ini . terimakasih
,"Grab memang sangat membantu sy kalau ingin kemana-mana. Apalagi sy anak kost ya, tidak punya kendaraan sndiri. Tiap pembayaran sy slalu cash karna tdk punya ovo. Kalau byar slalu sy lebihkan 2k biar genap. Tapi kadang bikin greget grab itu selalu tdk punya kembalian. Pasti, hampir semua drivernya sperti itu, krna sy malas ribet slalu yasudah gpp pak/mas, pdhal kmbaliannya masih 5k atau kadang 10k. Tlonglah driver siapin uang kembalian minimal 5k biar ga bingung sma kembalian"
,"Diberikan kesempatan membatalkan dengan waktu terlalu singkat. Tidak dapat membatalkan pesanan saat pesanan masuk, yang dikarenakan salah alamat dan lain hal. Cukup terganggu dengan kondisi demikian, mohon perbaiki dan tingkatkan. Terimakasih"
,Agak ribet ya... Gak bisa batalin pesanan makanan padahal udh jelas warung atau resto nya tutup tp di grab nya gak di tutup... Terus karena gak bisa batalin jd nyambung ke driver lain gt aja terus tanpa solusi.. Tlong dong pemesan punya akses batal
,"Dulu Sering pesan makanan disini karena murah dan banyak diskon, sekarang mahal malah ada biaya pemesanan, sudah kena biaya ongkir ehh ada lagi biaya pemesanan (Gak jelas) mending pindah ke Gojek atau maxim..yang pesan makanan disini cek dulu biaya nya double ongkir dan biaya pemesanan"
,"Membeli paket langganan GRAB unlimited x Vidio ternyata eh ternyata, tidak bisa dipakai sama sekali. Aplikasi Vidio nya dimasukan kode vocher, eh malah suruh pilih pembayaran yg dimana pembayaran tidak ada memasukan kode vocher, alhasil pulsa yg kepotong, dan untuk vocher potongan fee delivery grab foodnya pun tidak bisa dipakai dengan menggabungkan vocher yg lainya, SUNGGUH MENGECEWAKAN. sudah laporan disuruh nunggu hanya untuk pengecekan bukan problem solving. KACAU."
,"Mau dipake, tiba tiba aplikasinya bug dan minta update. Update lama dan gagal terus. Setelah update terinstall malah gak sync sama ovo sampe harus di reinstall."
,Setelah lama gak menggunakan jasa grab dan setelah tarif per Km-nya naik.biasanya dr rmh ke-tempat krj atau sebaliknya harganya msh msk akal.tp sekarang setelah mau coba menggunakan grab lg harganya 2xlipat...apalagi dlm keadaan hujan bisa berlipat-lipat.
,"grab ayo dong kasih fitur yang bisa buat pembeli menanyakan stok barang yang di jual masih ada atatu tidak, kaya di e comerse itu lo jadi pembeli bisa memastikan barang yng di pesan benar benar ada. soalnya bikin susah kalau barang di etalase bisa klik dan bayar tapi barang yg di pesan ternyata kosong, mau di ganti yang lain nggak bisa mau di tambahin bayar via ovo nggak bisa, alhasil tetep harus bayar ongkir tapi barang yang bener bener di butuhin malah kosong."
,"Halo grab. Saya pengguna lama, memang jarang saya pakai. Tapi saya merasa sedikit kecewa dengan pelayanan driver. Banyak yang gak mau ambil karena rute tapi gak mau batalin. Terus aplikasi suka eror kalo dipakai."
,"Saya melakukan pemesanan grabmart terjadwal menggunkan pembayaran debit, namun saya di debit 2x yaitu saat pesan dan saat brg dkirim, smpe skrg uang saya belom di refund oleh grab, malah pihak grab mengaku bahwa salah satu pendebitan tersebut telah dibatalkan, shingga tidak tersebut padahal jelas jelas d mutasi rek saya itu sudah terpotong, pihak grab tidak profesional, mengulur waktu dan tidak memberi solusi bahkan memberikan alasan yang tak msk akal bahwa pendebitan itu batal, KECEWA, KORUPSI"
,"Alhamdulillah, pelayanan yang di berikan sangat baik. Meskipun titiknya cukup jauh, akan tetapi bisa sampai dengan cepat. Pemahaman terhadap lokasi sangat baik sehingga dapat menjangkau lokasi dengan cepat. Sikap yang ramah membuat kami sangat percaya dan merasa Aman dan nyaman."
,"Tolong kalo toko belum jadi / masih tutup karena di renov gak usah lu masukin ke toko buka, cancel orderannya lama sat, mana gak ada nomer pengaduan buat cancel orderan, waktu jadi kebuang cuman buat cancel orderan dri toko yang tutup,. Tolonglah di perbaiki lagi aplikasinya, bukanya memudahkan malah menyusahkan sat, ."
,Kecewa banget. Bisa gk driver tidak menerima orderan saat mengantar penumpang lain. Kita tuh butuh cepat juga. Ngapain nunggu kalian mengantar penumpang lain??? Kalau drivernya mah enak enak aja. Aplikasinya yang harus diperbaiki.. Kesel banget sumpah. Kata drivernya otomatis masuk orderannya..
,"Sangat sangat buruk sekali udah 3x order di batal.in sama driver bilang nya titik penjemputan jauh lahh ongkos ga sesuai lahh,, niat pada kerja kaga sihh??? Ongkos di aplikasi segitu kan tip beda lagi,,, pertama kali download apk ini langsung uninstall aja,, ga bisa di pake orang buat ke pepet pergi aneh"
,"saya pesan grabrent untuk 10jam & dalam kota, pesen dari alun-alun kota bandung. pas bilang mau ke daerah pangalengan pengemudi jawab ""itu bukan termasuk dalam kota, tangkupan perahu juga tidak termasuk ka"". saat itu juga tanya ke csnya untuk memastika apa benar perkataan pengemudinya biar bisa di kasih tau ke pengemudinya. cs nya malah kasih jawaban yang tidak sesuai & malah mengakhiri obrolan. benerbener."
,"Minta diperbarui terus setelah diperbarui malah Ndak bisa digunakan aplikasinya bagaimana sih ini mempersulit aja, dulu gabisa dipakai karna belum update lah sekarang sudah di-update malah sering ga bisa dibuka aplikasi nya huftt padahal butuh bgt."
,"Knp klo dipencet selalu keluar dri apk, mau di-update malah gabisa jg stuck di 85% dan ada tulisan tdk bisa di update. Anehhh"
,Hari ini tgl 14 Feb 23 saya kecewa sekali dengan Grab Express. Pemesanan Instan bukan Sameday dr Jakarta Pusat ke Jakarta Brt bisa2 nya sampai 2 jam stgh. Luar Biasa ! Dan bukannya ada Solusi apa2 setelah saya call ke CS sebanyak 3x. Kenapa bisa punya Driver seperti itu dan customer sangat di rugikan krn saya pakai Instan tapi sampainya melebihi sameday 👍
,"Makin kesini makin jelek performanya grab. Saldo ovo saya sering berkurang tanpa jejak, walaupun nggak seberapa tapi kan lumayan .tolong dong buat grab dengerin cuitan pengguna aplikasinya . Jangan hilang tanggung jawab ."
,Ganti hp krn yg lama rusak matot. Login dihp baru malah dinonaktifkan permanen. Ada transaksi mencurigakan gimana?? Sudah email dan tetap tidak memuaskan jawabannya. Keluarga besar ganti haluan. Selamat tinggal grab
,"Jangan berlangganan GrabUnlimited! Sudah cek pakai 3 akun berbeda semua. Yang berlangganan setia (6 bulan) kena 9rb per 2 minggu. Yang berlangganan lalu berhenti ditawari 24rb per 8 minggu. Yang tidak berlangganan opsi diskon 35% bisa dipakai, yang berlangganan tidak. Sistem bobrok."
,"Aplikasi kopet. Susah banget nentuin titik map nya. Beda dengan gojek, indrive dan maxim. Yg mudah nentuin titik di map..."
,"kecewa berat ! 1. kalau transaksi pakai tunai wajib pakai uang pas, kejadian tidak enak saya alami... 2. terlalu memaksa untuk menghubungi via whatsapp. 3. driver dengan leluasa bisa menyimpan nomor customer. 4. driver dengan tanpa bersalah chat pribadi ke nomor customer. 5. pusat bantuan yang sungguh tidak membantu sama sekali. 6. nomor custumer dengan mudahnya di ketahui pihak driver. SUNGGUH HEBAT !"
,"Aneh ya gojek sekarang mah, saya nunggu 30 menit kok gak ada yang mau ambil, udah dibatalin hampir 6 kali, padahal saya akan bayar lebih, meskipun harga yang tertera itu murah, aneh ya padahal saya butuh, memang benar iklan yang di TV tak sesuai ekspetasi..... Maaf ini saya sampaikan karena kekesalan saya!"
,Super lama banget..... Udah coba pesan 5x tetep aja gk bisa.... Pesen jam 12.00 Sampai jam 16.00 belum juga di atur pesanan nya ke penjual.... Sya coba terus sampai 5x ditempat berbeda2 ...tapi tetep gk bisa sampai sya sdh tunggu 4jm tetep GK datang2.... Sangat mengecewakan.
,Saat driver menerima pesanan.. posisi driver tidak langsung ditampilkan di map. Jadi customer tidak tau posisi driver.. sering ketemu oknum driver bilang sudah jalan nyatanya diam.. mohon di perbaiki.
,"Gatau drivernya yg gabisa baca map atau emang kualitas aplikasinya... setiap order pake Grab drivernya marah² terus krn lokasi nya dibawa muter². PERBAIKI MAPNYA, mau naro titik aja susah balik lagi balik lagi!!! Masih mendingan sebelah"
,"Sangat usefull, tp sayang tidak memperhatikan apa ditayangkan saat aplikasi digunakan.. cuplikan adegan syur film kok ditayangkan? Mengganggu sekali"
,"Pertama kali menggunakan grab, di impresi pertama juga sudah membuat saya naik darah.....dstu tertera bisa bayar pake link aja, sudah di sambungkan,salod ada pas klik pesan pembayaran di tolak, saya sambungin kartu debit gabisa, udah install ovo gabisa...apa maunya sih, saya ingin pesankan makanan untuk orang lain jadi tidak bisa tunai harus pakai cashles"
,Paket unlimited saya tidak dapat terpakai. Padahal masih ada 2hari sebelum jatuh temponya. Saya juga sudah minimal belanja 40.000 tapi tetap tidak bisa terpakai. Tolong solusinya karena saya selalu langganan paket unlimited.
,"Saya baru download lagi apk grab tp pas saya download kok gabisa bisa ya selalu gagal trs dan harus terhubung dgn fb, dari td kesel bgt nomer udh bener dpt kode dr sms/wa, tapi masih tetep aja gbisa masuk biasanya ga kaya gtu, bikin ribet"
,"Tlng di ksih tau dgn driver nya, saya kasih tip karna perjalan 2 kali dan saya kasih lebih untuk ongkos nya.. apa bagus driver tidak memiliki sopan santu dan membentak penumpang sdngkan penumpang pun sdh bayar sesuai apk dan saya jga membuahkan tip perjalanan ke 2 lokasi.. untuk plat nomor B 4831 TBU • Xeon GT tdk ad sopan santun nya dalam lisan dngn penumpang Baru kali ini saya mendapatkan driver dgn lisan yg jelek sdngkan saya membayar lebih untuk perjalanan"
,saya mau meminta kembali fitur pembatalan pesanan karena akan sangat sulit membatalkan pesanan bila pengemudi tidak aktif dan terkadang pengemudi hanya menjawab tanpa melakukan pengiriman dan setelah menunggu lama pada akhirnya pengemudi yang membatalkan nya dan ini sangat merugikan konsumen yang sudah menunggu lama saya mohon sekali lagi fitur pembatalan pesanan diaktifkan kembali seperti dulu atau jika tidak pengemudi tersebut dihukum seberat beratnya tidak bisa menerima pesanan selama 1 bulan
,"Mau bikin alamat tersimpan di map, tapi posisi gak pernah bener!!! Padahal alamat yang ditulis udah sesuai!! Driver suka kebingungan. Sekarang pas kirim obat via grabhealth barang dinotif sudah sampai tapi nyatanya gak pernah diterima orang rumah!!! Data driver yang mengantarkan tidak bisa dilacak/tersimpan dan apotekny sulit dihubungi!!! Sangat merugikan!!!!!!"
,"Tolong untuk penerimaan driver baru di tutup dulu soal nya ga ada order emang ga kasian lihat driver pada nyender ga ada order,dan klau mau menerima driver tlong di training mengemudi dulu soalnya banyak yang hanya sekedar bisa bawa mobil saja ini demi keselamatan driver dan penumpang terimakasih."
,"driver grab car terlalu ribet, mempermasalahkan & merendahkan customer yang menggunakan promo. tolong diperbaiki sistem penggunaan promo agar tidak berimbas pada customer yang diprotes karena menggunakan promo grabcar."
,"Pengalaman buruk naik grab dari pelabuhan tanjung perak le hotel berlian internasional, naik grab di pelabuhan dan dipesankan oleh mbak² grab katanya 47rb+ tiket masuk grab.. ternyata pas sampai di hotel mas grab minta 60rb, padahal cuma 5 menit, ternyata di aplikasi hanya 11rb. yg naik dari pelabuhan tanjung perak hati² sama mbak² grab. Lebih baik pesan sendiri"
,"CS Grab lambat ya, Masa setiap ada trouble, apalagi mungkin yang terkait sistem harus User, Merchant, dan Driver yg solve sendiri. Anda itu platform services ya, kok ga strong di Customer Services. Lemah. Lambat."
,Tidak ada pilihan alamat tersimpan atau jika mau pesanan gocar/gojek utk orang lain maka tidak bisa karena titik lokasi tidak bisa di setting sesuai alamat penjemputan
,Makin ribet yg terbaru jadi bingung bukannya mempermudah. Mana lagi mau pesan makan entah dimana letaknya. Mending yg dulu aja deh lebih gampang
,"Sdh 2X saya ditipu oleh Driver grab, drivernya tidak terima saya dapat promo, dia tambahkan biaya lain-lain dan biaya tol, padahal perjalan saya tanpa tol, namun dia tambahkan biaya tol 35.000 dan turun mobil jg di pinggir jalan tanpa ada biaya parkir dll, namun dia tambahkan biaya lain-lain 10.000 Barusan hari ini tgl 7/2/2023, saya cek saldo Ovo saya ada pengembalian dari Pihak grab, tapi sayangnya, yg di kembalikan tidak sesuai dg Estimasi biaya ongkos dan promo yg sdh di tawarkan Kecewaa..."
,"ini gimanasih?kok saya gabisa verif,pdhl saya uda coba kesana kesini kamera ny,tp tetap sj gak bisa selalu ada bacaan 'tegakan hp,sesuaikan wajar di lingakaran' ,jd batal dan memakan waktu saja."
,"Grab tolong perbaiki maps nya, rumah saya di jalan manggis tapi kalo di pin point jadi jalan Jawa, sedangkan jalan Jawa itu ada di komplek yang berbeda dan bikin driver jadi salah pick up terus."
,"Hingga saat ini, saya masih setia menggunakan grab dibandingkan yang lain. Tetapi sayangnya, harga semakin mahal dibanding belanja langsung. Dan promo semakin berkurang."
,Update terbaru map nya jadi ngaco. Masa area persawahan di map terlihat ada jalan tembusannya? Tikungan juga jadi pertigaan. Kasihan drivernya jadi bingung.
,"Aplikasi rusak pembodohan mau registrasi akun pas disuruh masukan nomor telepon harus 11 angka sedangkan kartu tahun 2018 keatas udah 12 angka jadinya gabisa bikin akun dasar programmer nya bodoh semua makhluk rendahan mending hapus aja ni aplikasi ""grab super app"" namanya juga udah ganti konyol bodoh(maaf sebelumnya saya ngomong nya kasar soalnya kaya yang kecewa aja gitu grab jadi rusak padahal dulu saya pake apk grab simpel ga ada rusak nya gitu kaya sekarang...) Evaluasi pegawai nya pak boss"
,"Tolong dong diperbaiki.. setelah di update malah error, di peta suka lag, ga ada notifikasi dari driver.. akhirnya driver nunggu tapi ga bisa chat"
,"Ini aplikasi makin kesini malah jelek, kenapa? Masa jarak kurang dari >1 km ga bisa memesan makan sedangkan jarak lebih dari <1 km bisa? Tolong diperbaiki aligaritma nya."
,"Senangnya...Grabfood selalu ada di saat lapar, kapanpun bs diantar. Mudah2an bs sering2 ksh diskon terutana di GrabCar yg sering lebih mahal lho dibanding pesaing Anda, khususnya di jam2 sibuk. Trims sblmnya 🙏🙏🙏✌️"
,"Tolong perbaiki maps nya, driver grabcar selalu salah ambil jalan, karena selalu diarahkan ke jalan yang tidak bisa dilewati mobil, jadi driver harus muter, buang2 waktu banget"
,sejauh ini sangat membantu ya ngebantu banget pas gak bisa keluar tapi pengen beli makan hehe... tapi masih agak bingung juga pakai nya.. overall bagus kok dan bermanfaat sekali. pertahan kan kualitas nya ya.
,"Buka aplikasi aja kadang susah, udah itu lagi scrol2 menu trus di klik malah bling warna putih, menunya gak muncul Tiap hari seperti itu terus, tambah burikk"
,"SUMPAH KESEL!! KECEWA BGT!! mau aktifin ovo cash aja susah bgt, udh bolak balik klik aktifkan muncul ovo cash sudah siap tapi ga muncul jg di metode pembayaran, udh cek nomer yg terdaftar berkali-kali bener kok, apaan sih grab! kesel bgt sumpah, mana udh laper"
,"Driver suka engga liat aplikasi jd gatau klo dpt penumpang, sering banget nunggu lama ternyata dr driver nya sengaja engga mau nerima, tolong diperbaiki lg utk kualitas drivernya klo emg gamau nerima penumpang lagi lebih baik di matiin aplikasinya, terus juga driver sengaja putar arah biar engga lewat dpn lokasi penjemputan... Merugikan bgt"
,"Sering nge-bug apk nya, tolong di perbaiki"
,"Kecewa banget sih, App ini makin lama kok makin nda jelas, akun mau login lg ga bisa, ovo nya nda tau kemana, mau ganti akun baru pun ribet Ga jadi bintang 5"
,Untuk apk ny hanya mempunyai wewenang sendiri di saat pesanan salah atau menggu terlalu lama tetapi tidak bisa di batal kan untuk apk nya buat lah peraturan yg adil kepada kedua belah pihak jgn hanya mementikan kepentingan sendiri
,Sangat bagus aplikaainya saya sangat menyukai aplikasi ini dan ini sangat menaring semoga dengan ini saya tidak akan keswpian lagi Aminnnnnn
,"Kenapa beberapa hari ini grab motor tidak bisa mencari kendaraan yaa?! Sedangkan Saya pakai aplikasi grab punya teman Saya langsung dapat,kenapa Coba ??? Udah sering dapet pengendara yang gk sopan dan kurang ajar,tolong dong di perbaiki ,masa ada diskriminasi sih di aplikasi Saya Muter2 terus Cari kendaraan ,Coba perhatikan Kenyamanan penguna grab lebih lagi ,Terima kasih"
,Makin hari makin mahal ongkirnya...ditambah lg dg biaya ini itu sehingga ongkir lbh mahal dari barang yg dipesan.
,"Ovo cash tidak bisa digunakan, padahal metode ovo cash sudah diaktifkan dan juga sudah berhasil, tapi tetap saja masih tidak bisa."
,"semakin d update bukanny semakin bagus kualitasny malah semakin buruk . d tambah maps yg ga jelas pke wifi or data sma aja driverny juga gto ga jelas . jdiny sya selalutelat trus , bukanny mempermudah para pelanggan malah mempersulit ."
,murah sekali dapat promo 95% kalo bisa seterusnya begini terus 👍
,tks grab sangat membantu untuk perjalanan.. disaat sedang tidak ada kendaraan..
,Pesen grab car susah...🖕driver nya pada gak mau ngambil pesanan...sekali nya dapet malah di cancel...🙄 Mentang mentang hari raya pada gak mau ambil pesanan 😒 giliran grab bike cepet eh itu mobil doang bukan bus 😒🙄 MENDING MAXIM
,"G sesuai aj. titik penjemputan g sesuai Metode pembayaran tunai sdh di klik g bisa2,"
,terimakasih sudah menggantarkan aman dan nyaman sampai tujuan 🙏
,"aplikasinya top markotop, bisa diandalkan setiap saat"
,"Tidak memakai atribut hak mitra, kecuali diangkat sebagai pekerja atau pegawai"
,sangat bagus untuk kebutuhan hidup sehari-hari apalagi saat keadaan genting ..sangat direkomendasikan 😊👌
,"Apk grab yg sekarang sedikit mengecewakan,, pertama Gak bisa batalin orderan padahal orderannya sendiri sudah dibatalin sama driver tapi apk masih memproses terus dan dialihkan ke driver lain, ke 2. Titik lokasi tidak akurat, alamat rumah dimana titik lokasi dimana Tolong untuk diperbaiki lagi Terimakasih"
,harusnya ada fitur buat kasih rating ke driver yg tolak pesanan tanpa komunikasi dulu....biar tau klo cari uang itu gak gampang....padahal klo toh driver cepat dan tepat...kita gak mungkin diem bae...pasti usahain kasih tip
,"Driver nya sangat buruk gak langsung berangkat dibilang otw tapi ternyata masih ada di rumahnya,"
,Kecewa dengan grab padahal saya belum daftar ke grab tapi sudah ada email orang lain
,"berjalan sebagaimana mestinya, gak ada kendala sama sekali. terima kasih buat jasa nya"
,dengan grab pesan makanan jdi gampang tingkat kn lgi fitur-fitur nya
,"driver ramah, penjemputan cepat, thx"
,"tolong ya kenapa setiap pembayaran pakai ovo itu selalu naik harganya, waktu saya pakai tunai kenapa ga naik naik setiap harinya? ini lama lama saya rugi deh"
,naik Grab lebih cepat sampai tujuan dan harganya juga sangat murah👍👍
,ayam nya kirain 3 ternyata cuma 1 kecil lg .. tapi rasanya lumayan
,"Aplikasi bodoh banget ,berkali kali tidak singkron. Ga bisa masuk"
,"Pas mau layanan grab express, tidak pernah mendapatkan pengemudi,, masa tiap hari selalu sibuk,, kita sebagai pelanggan kecewa karena pelayanannya kurang, disaat kita membutuhkan yang penting,."
,"cuma grab yg sudah ada di kota kecil aku padahal app yg lain blm ada,makasih grab sangat membantu klo lagi mudik karena rute blm ada angkot apalagi klo sore susah transportasi umum..."
,Sangat mmbantu sekali di saat lgi gada kendaraan pribadi
,Mau login no sdh bener dapat OTP ulang lagi ulang lagi kok sulit??mau daftar pakai no.lain juga sulit notifikasi di ulang2 kirem OTP tetep ae gak bisa payah...di gojek aja lebih mudah utk login nya cukup no.HP Langsung bisa gak ribet cak..
,"grab agak ribet ya, tapi pake grab lebih murah."
,Ini kalau grabfood lokasi jarak nya ko jauh amat. Perasaan dekat ko. Perbaiki jarak nya dong. Masa cuma 1 km di bilang 4 sih. 3 nya ngapain juga !
,"Drivernya lemot, titik maps ga sesuai peta maps nya jg ga muncul !! Nunggu sejam lebih pdhl di aplikasi nya makanan ku udah jd tapi gak di anter² sm driver nya. Udah kapok ga bakal pakai grab lg"
,"Assalamu'alaikum 😇 Tolong dong perbaiki sikap driver nya. Barusan dapet driver org nya udah tua agak gendut, wilayah Samarinda. Saya pesan minuman malem trs saya udah sapa salam baik² 😊, minta hubungi kembali kalo sudah sampai ke nmr yg bisa dihubungi. Eh malah di cancel..!! Pak driver nya cuma tanya maksud nya, tanpa saya sempat menjelaskan eh malah di cancel gitu aja..... Org udah kehausan, di cancel mendadak. Jadi buat pihak GRAB, tolong attitude karyawan nya di training lagi🙏🏻"
,Kenapa saya mau login nga bisa akun bermasalah terus sampe saya beli no hp barupun masih tetap tidak bisa kenapa!
,kurang bagus dari komunikasi ada aja gangguan nya
,makin gajelas aplikasinya suka eror map eror padahal udah sesuai sama tempat kadang suka ganti alamat sendiri
,Tolong diperbaiki layanan same day. Saya ada pelanggan online shop menggunakan layanan same day. Sampai sekarang paket saya tidak di pick up oleh driver
,cepat dan tepat sasaran.lebih hemat waktu
,"Potongan ke aplikasi terlalu mahal,sehingga menyiksa driver."
,"sangat membantu, di saat ceroboh melakukan 2x pembayaran, pusat grab bisa lgsg membantu menangani masalah ini, terimakasih grab 😘😘😘"
,"Ini gimana sih? Pesen grab car, eh ternyata driver nya sedang bawa penumpang lain lagi emang gitu ya? Lamaaaa donk nunggu nya Hadehhh kapok pakai aplikasi ini"
,"agak kecewa sama aplikasinya,karena harga yg tercantum di driver dengan pelanggan itu berbeda bahkan bedanya cukup jauh,rada kaget aja pas mau bayr ko beda,tolong lebih ditingkatkan lgi"
,Google map sampeyan eror mas.. Apa sinyal lagi trouble kok rute jalan motornya nge-bug 🤣🤣🤣
,"alhamdulilah... dgn grabbike sy bisa sampai dihotel tepat waktu dancepat shga tdk telat rapat, terimakasih grab sukses.... selalu aamiin yra..."
,"Pelayanan yang sangat baik, saya harap ini berlaku untuk semua staf/driver nya kepada pelanggan 😁🙏"
,"bagus, bisa mencari jalan yang tidak macet, menyenangkan."
,"Tampilan grab mart tambah buruk, skg g bisa lihat mana toko ygvada promo mana yg tidak, malah wasting time, balikin versi yg lama nya, lebih g friendly user yg versi skg"
,"okay,, tpi sejak update yang terakhir voucher nya ga bisa dipakai eror,,"
,Akun bermasalah lagi. Padahal belum sebulan kulaporkan dan diperbaiki.
,"Fast respon, mudah memilih sesuai kebutuhan"
,sekarang harganya ongkir gak ngotak banget mahalnya harga ongkir daripada makanan tolong dikembalikan seperti semula masa harga ongkir 23ribu padahal jarak cuman 1km ngotak dikit kek kalau nge up harga gak banget udah burik nih apk
,"Mantap, banyakin promo nya agar bisa bersaing dgn kompetitor lainnya 👍"
,penjeputan cepat..mantab pas ada promo
,susah banget verifikasi'y..😇😇mohon d'perbaiki br lebih mudah
,"Dengan grab mempermudah mobilisasi kemana pun tujuan nya tq, grab"
,Kenapa aplikasi saya selalu gagal menghubungkan server grab coba tolong dibantu
,sangat mempermudah perjalanan dan kebutuhan
,Pertama kali di kecewakan aplikasi grab aku belum pesan makanan tapi mereka langsung pesankan dan gak bisa di batalkan secara gak langsung memaksa konsumen untuk memesan makanan Cukup ini terakhir kali pakai grab sangat kecewa
,"Berkat aplikasi grab jadi bisa makan enak dengan harga yang murah, promonya sangat menarik Pertahankan ya grab , saya selalu memantau promo berikutnya hehehe"
,Kurang update google map.alamat sudah ada yg baru masih memunculkan alamat yg lama.dan tidak sesuai satelit.kalau di aplikasi yg lain langsung update dan titik gampang ditemukan
,"Akun saya tiap mau order di grabfood slalu muncul metode pembayaran di tolak,padahal udh ganti smua metode yg ada,cash,ovo dll kenapa sih? liat di menu bantuan gak ngebantu sama sekali."
,"dalam kondisi tertentu sangat bagus sekali ada app ini, tidak merepotkan orang"
,"cepat, tepat ,akurat drivernya ramah. trimksh"
,perjalanan memuaskan walau dalam kondisi jalanan macet
,cepat jemputnya dan supirnya tau jalan dan berhati2. trm ksh.
,"Udah ga worth it, mahal banget sekarang grab. Ada biaya ini dan itu yg mahal banget"
,"Drivernya gak jelas, makan saya udah jadi nunggu udh lama gak bisa dihubungin, hubingin cs minta solusi malah orderan batal!!"
,Ko saya daftar grab ga bisa ya.. Tolong di bantu. Soalnya kerja sama grab. Tapi saya mau daftar ga bisa.. Katanya di nonaktifkan grab yg saya donwload
,membantu dan mempermudah saat ingin beli sesuatu tapi malas keluar...
,"Mohon maaf, saya sudah komplain,sudah update, tapi tetep saya aplikasi grab saya klo buat pilih makanan,warnanya cm kotak putih, ga ada gambar makanan, gimana dong grab, udah hampir sbulan gini trus"
,Kenapa grab jadi kayak gini . Mau pesen kok ngak bisa padahal biasanya muda
,"Asli parah ni aplikasi,,tidak ada perbaikan sama sekali,,parah...."
,"Pada ver.5.199.0 Ketika ingin login layar putih dan force close ,sudah reinstall tapi tetap sama (Oppo A37F) *Edit Done"
,"Maaf ya bintang nya sy.kurangin KLO setahun yg lalu sy kasih bintang 5, kalau sekarang bintang 3 .Dulu driver nya ramah ramah sekarang beda banget.ada yg ketus apalagi KLO pake voucher diskon perjalanan... ....paraaaaah"
,Semoga aja grabe bisa lebih mantap di aplikasinya...mudah di gunakan..dan truss kasih promo pengguna
,Gimana sih apl nya lelet bgt . Mau pesan grabcar yang muncul grabbike terussssss
,"Ada ongkir, ada biaya penangan ditambah sekarang ada biaya pengantaran.. Merugi pake grab.."
,Gak bisa masuk login ribet mending pake GOJEK mudah aman
,CS nya yang namanya OTI buru buru amat akhirin chatnya. Belum berapa detik ud d close dan msalah ga clear. Kecewa banget.
,"Saya kecewa dengan grabfood, pengemudi sudah dapat, makanan sedang di proses, kok bisa ya makanan udh diproses tapi mencari ulang pengemudi lagi ?? Udah nunggu satu jam, masih aja menunggu pengemudi, sedangkan makanan sudah diproses dan sebelumnya pengemudi sudah ada, masa tiba tiba cari pengemudi lagi, udh nunggu satu jam, dibatalkan gak bisa"
,"pesan grab food kena biaya pemesanan, logikanya mau pesan makanan kan ya harus pesan dulu lah, iya kali yg punya resto tau klo gk bilang pesananya apa, biaya pengemasan maksudnya pesan nasi bungkus, terus kita harus bayar bungkusnya 5rb gitu ? klo gk bayar biaya pengemasan, nasinya di bawa pake tangan ? lawak kau grab bagus beli sendiri .. terlalu banyak biaya pesan maan dr aplikasi ini ."
,kurangi harga pesanan soalnya harga beli uda beda tambah lagi biaya pesan buat grapfood nya
,"Tolong yaa untuk sistem pembatalan pesanan jangan di persulit Krna saya ingin membatalkan pesanan,krna pesanan yang saya ingin tidak tersedia tapi tetep ga bisa Kasian abangnya harus nunggu lama"
,"Setel mapsnya susah bgt. Padahal di peta ada alamatnya, tp kalo pakai mapsnya grab alamat tidak ditemukan. Tolong diperbaiki dong"
,"Minta d update tp udh 3x update tetep gagal, ini kenapa sih? Jaringan stabil, kuota aman tp susah sekali mau updatenya"
,membantu sekali kalo pengen nganter makanan buat orang lain. caranya juga mudah
,"ada yg aneh sm saldo ovo saya, saya kmrn baru Topup 100k lalu sy beli sushi total 70k tp skrg sy cek ovo sy sisa 4k? what? sy cek mutasi gd trnsaksi slain sy order sushi stlh sy topup, dan saya inget2 lagi bbrp wkt lalu jg saldo sy msh ada puluhan ribu tp knp sisa dikit , sy hiraukan yg itu, tp tolong yg transaksi sy terakhir beli sushi knp bisa sisa 4k? harusnya ada 30k an, tlg slain disini sy harus up kemana? wah kacau ini kalau di biarin"
,"Pemberitahuan ny update aplikasi, ud di update ud nympe 100% malah balik lagi, gagal menginstal. Gmn ini, mulai gak nyaman nih!!!"
,"baik, ramah, tepat waktu dan sesuai tempat tujuan"
,"puas banget,selalu jd yg terbaik, karena driver drivernya memuaskan baik di perjalanan baik saat mengemudi menjaga keselamatan penumpang banget,sopan santun ya juga dan aplikasi grabnya juga banyak ngebantu saya 🥰🥰🥰🥰🥰🥰"
,Kenapa Tiap mau pesan grabfood selalu gagal kalo bayar tunai.. ..
,"Terakhir saya naik grab, dari bandara ke ciputat, saya sudah bayar sesuai aplikasi, masih diperas suruh bayar non tunai, sebesar 50.000, dan ovo saldo ovo juga dipotong 50.000, mohon hati2 dengan oknum driver grab, kalo bisa dari perusahaan bisa menonaktifkan driver yang ulasannya seperti ulasan saya, tidak ada bedanya rampok sama driver grab"
,cepat dan ongkosnya sesuai dengan perjalanan
,"Sekarang sudah, mau pesen grab baik aja, susah menentukan titik, ribet"
,Pesen dine in keterangannya lebih cepat dan mudah tapi malah makin lama estimasi diaplikasi dengan dilapangan berbeda. Dilapangan bisa nunggu hampir sejam.
,Ini aplikasiny perbaiki ya. Mau pesan makan tiap di klik gak muncul menunya alias blank dilayar. Udah laper aplikasi bermasalah
,"Makin mengecewakan, pesan makan dari jam 2 sampai jam 3.30 tidak kunjung sampai!"
,Sementara ku kasih bintang 1 dulu soalnya masalah nya itu bikin aku ngak nyaman banget mau install udah bisa sampai 100% eh pas udah ada tulisan menginstal ku tunggu hampir 1 jam belum selesai juga coba di perbaiki dong
,"pas driver lagi jemput di maps nya ga jelas, driver nya ga maju"" di maps nya abis itu tbtb pindah pindah arah pdhal lagi macet di jalan driver nya.. ampir aja saya kesel sama driver nya pdhal maps nya yg gajelas!"
,Dulu saya sangat suka pake grab tapi semenjak adanya fitur selfi pada saat pemesana order jadi semakin susah bisa puluhan kali sehingga memperlambat waktu ahirnya saya pindak aplilasi sebelah yang tanpa menggunakan fitur selfi kalo sudah di perbaiki fitur selfinya akan saya gunakan lagi
,"Halo Grab, kenapa ya driver dikasih jalurnya yg jauh.. padahal sudah sering lewat rute itu tp kenapa driver dikasih jalurnya beda². Ada yg muternya jauh bgt, kasian. Dan tidak semua driver itu bertanya apakah ada jalur tercepat karena tidak semua penumpang tau lokasinya."
,Setelah membatalkan beberapa pengemudi karena jarak penjemputan terlalu jauh setelah menunggu akan memesan kembali TIDAK BISA dengan alasan pengemudi sekitar sibuk
,Sy kecewa dg driver grab car yg posisi jauh tp tetap d ambil dan setelah menunggu lama si driver mengabarkan tidak bisa ambil pesanan dan alhasil voucer yg sy dapat kan kebuang sia2 karan ulah beberapa DRIVER GRAB CAR YG TIDAK BERTANGGUNG JAWAB!!!!
,"mobilnya bersih dan wangi, drivingnya juga smooth"
,Bagus ya apl nya jadi klo dari mana mana Gausah repot repot tinggal pesan aja tunggu sebentar dan selesai datang tapi sedikit masalah klo pesan itu alamat nya jauh banget grab nya jadi lama padahal banyak grab yang Deket deket
,"sangat membantu sekali,dan bermanfaat kalau pas lagi butuh banget,dan pas gk ada ojek."
,"Katanya suruh verifikasi , sudah mau verifikasi photo selfi masih tidak bisa , ,,,,,"
,sering lag Lokasi driver ga berubah sama sekali
,"Jika driver/restoran membatalkan pesanan mohon harap dimunculkan notifikasinya, sudah sia-sia nunggu lama ternyata malah dibatalkan. kan buang-buang waktu saja jadinya :)"
,"tersesat, krn peta di aplikasi tidak sesuai."
,perjalanan menyenangkan pengemudinya seru diajak ngobrol. ramah dan baik hati. semoga sukses dan sehat selalu anggota grab😊
,pelayanan bagus dan ga terlalu mahal banget hehehe
,Sangat buruk hp satu dengan hp lain beda ongkir .. vocer dari grab kadang tidak berlaku tidak bisa dipakai ... Klo layananya seperti ini berhenti saja .. sangat buruk sekali
,"Jujur saya sangat kecewa terhadap karya wan grab saya sudah beli mi gacoan masih ada uang kembali an saya yang belum di kembali kan ke saya dengan alasan gk bawa uang kembali an malah saya di kasih sepuluh ribu aja itu masih kurang uang kembali an saya , semangat untuk grab saya sangat suka dengan pelayanan kurir nya meskipun banyak yang telat dan kadang agak lama pengiriman makan nya"
,"Untuk food tolong di benahi ya ka, saya nunggu lama sekali kalau driver nya bisa ngambil double order food, biasanya cuma 15 menit ini bisa hampir sejam bahkan lebih dari sejam, mohon di perbaiki untuk layanan food nya"
,"Apk tolol, katanya kita tidak boleh login berganti ganti akun di satu perangkat, tidak boleh memiliki bnyak akun login banyak akun Kalau tetap melakukan nya akun kena di nonaktifkan 😂 Lebih bagus gojek bisa ganti2 akun"
,Apk nya gmn si udah di update eh malah gabisa di buka udah 2 hari loh
,"pelayanan keren,tarif terjangkau,intinya the best and recommend banget pokoknya"
,"Nungguinnya ga ngotak setengah jam udah di cancel diterima lagi tapi tetep lama, ditelpon ngga diangkat driver E 4322 CQ tolonglah tuman min 😾"
,"buat biaya parkir emangnya kurir ga tau ya kalo pesanan kita dah dikenakan parkir,, koq kadang sering dpt kurir yg minta biaya parkir lagi,,?"
,"Tolong buat merchant,,kalo misalnya tutup,,jangan terima orderan,,soalnya saya sering dapat kasus begini,,saya order tapi restonya tutup..tolong pihak grab diperbaiki sistem merchantnya👎👎👎👎👎"
,"sangat mengecewakan 1.bisa bisa nya pesen makanan nunggu lebih dari 1jam masakan belum keluar dari dapur 2 driver nya sangat kurang komunikatif 3.tidak bisa tracking untuk memantau driver sudah mau pickup barang/ untuk mengantar kesimpulannya apk grab sangat mengecewakan, masih jauh jauh lebik baik gojek"
,selalu terbantu ..meski jalan dlm keadaan sulit dipahami
,"layanan tepat waktu, praktis, aman dan nyaman"
,"semua grab,terutama drever nya seperti ini memuaskan dan tidak kecewa bikin ketagihan.. mantap"
,"Proses cari driver ampe sejam ujung²nya gaada, di cancel juga gabisa chat cs juga gabisa, blokkkk"
,"baik ny sih gk usah di download mengecewa kn sekali dengan maap ny, mn saya baru di daerah ini, mau pesan makanan malah di maap keluar ny gk tau daerah ap, sampek bingung hbs pesan gk bisa ambil makanan."
,"Orang sudah kelaparan. . Disuruh milih pengiriman yang langsung apa ntar ntaran. . . Tulisan 30 menit, datengnya hampir sejam. . Kualitas buruk. . ."
,Driver sangat memperhatikan keselamatan penumpang dan ramah.
,"Menyesal pernah kasih bintang 5, makin kesini makin aneh ini aplikasi. Udah nunggu grabfood 1 jam gaada kabar akhirnya memutuskan menghubungi pihak resto dan ternyata dri pihak resto gaada notifikasi dri grab! Kacau udah 5x begini. CS nya juga susah dihubungin dan ga memberi solusi"
,"Saya pengguna baru sangat kecewa dengan pelayanan yg sangat buruk, kebanyakan ga ada etitudenya 👎"
,Sudah lama pake grab app merasa sangat terbantu......tp prnh juga ngalamin hal yg tdk mengenakkan dpt driver yg pertanyaannya sangat tdk pantas ditanyakan ke penumpang...awalnya mau kasi bintang 1 ke driver tsb tp tdk sy lakukan..terlepas dr oknum driver trsbt 90% drivernya baik maju terus semoga semakin kedepan walpun bnyk saingan🙏🙏🙏
,"Gilak sih grab ini🤣🤣🤣, untuk food mahal bgt dan ada pilihan pengiriman prioritas yang lgsg antar, standar yang orderan didouble sama customer lain🖕 memiliki perbedaan harga juga, dan saya nanya ke ojolnya. Kok mahal bgt yah, ehhh ternyata siojol cuman dpt ongkos 7.000😱😱 jauh dri angka yang dibayarkan ke pihak grab, beda lagi klo ojolnya dapat orderan double ongkos yg didapat bukan 2x lipat, tpi dihitung per jarak 1 ke 2, gilak sih, pdhl customer kan bayarnya full🥺🥺 berdosa kalian grab😡"
,"Aplikasi sampah, maps membingungkan. Mau oesen gocar cari alamat aja susah bener. Dititik juga beda dengan mapsnya google. Sampah sampah"
,"Banyak driver curang,lain kali tidak usah di bikin promo ini dan itu karena driver banyak yang acuh,kalau ada potongan langsung saja dari perusahaan grabnya. Karena banyak driver yang tidak jujur masalah promo dan lain lain."
,Aplikasi nya knapa kok sulit gambarnya ga keluar semua
,Cepat pencariannya dan balasannya dan hemat
,tolong diperbaiki...makin hari makin buruk koneksinya aplgi klo hbs di update makin parah ssh untuk order
,"Gak ngotak . Ini aplikasi . Minta verifikasi wajah , sudah di ikuti semua step by step nya . Sampe kepala pusing dongak ke atas ngadep ke bawah . Gk bisa2 . . Nyesal gw download ni apk"
,"Parah pesan makanan gk bisa dibatalkan, udh nunggu 3 jam padahal laper banget"
,"Grab saya kasih masukan ya untuk grab foodnya tolong agar pelanggan bisa ngomong ke merchantnya dulu jngn merchantnya dlu yang harus ngomong ke kita gimana kalo kita mau ngomongin tentang adanya menu sama ganti menu, gimana dah.. kecewa.."
,Selalu memuaskan menggunakan aplikasi ini. Sayangnya selalu gagal saat memverifikasi ovo nya
,Sangat bagus tapi sayangnya promo Ama gratisannya nggak banyak
,"Tolong dong ada kan kolom catatan saat pemesanan grab food, biar ga harus chat abang grab nya, kadang abang grab nya suka lupa apa yang kita request. thnks"
,"Bagus,tepat waktu dan sopan supir nya"
,Kenapa minta update terus giliran di-update ada notifikasi tidak bisa ke update terus gimana mau pake aplikasinya.
,"Terlalu lemot untuk masuk, aplikasinya makin buruk"
,Driver grabcar kenapa sih suka minta ongkos double? Kan udah resiko balikin dia ngosong kenapa minta d bayarin penumpang nya juga? Kadang kalo jauh tujuan di naikin 3x lipat dan minta di offline nin? Herannn 😡😡😡😡
,"Aplikasi Nya Bagus Dan Sangat Berguna Bagi saya Pemajar ayg Belum Bisa Mengendarai Motor,Yang Saya Sarankan Adalah ,Adakan Fitur Baru Di Grab ,Dan Waktu Pilih Tempat/lokasi Kurang lengkap Peta Nya ,Perjelas Dan Perbanyak Lagi Jangkauan Petanya ,"
,"Driver grabcar kurang baik pelayanannya, Tolong Grab tingkatkan fitur aplikasi pembayarannya, dompet digital nya ditambahin jan cuma OVO doang! Kalo bisa pake fitur grabpay sendiri, isi ulangnya via driver! Tolong ditingkatkan!!"
,cara mengendarai motornya lumayan nyaman & lancar..
,Aplikasi customer gausah dibikin ribet. Yang mudah2 aja seperti dulu. Banyak customer yang pindah ke in driver karna lebih simple n gak ribet
,membantu banget untuk yg membutuhkan kalau mau kemana mana ..dan kalau butuh makanan juga ..
,"Saya tidak bisa membatalkan pesanan, saya berusaha membatalkan pesanan karena salah pencet ke alamat yang dituju. Ujung2nya malah pesan 2. saya jadi dapat masalah besar"
,"quick respon,, ramah dan sangat membantu"
,Sangat membantu.pelayanan bagus. Mau menunggu dengann sabar
,Habis update malah gak bisa login
,"mobil bersih, driver ramah , cepat"
,Aplikasi kont'l salah pesan malah gk bisa di cancel
,"Kesulitan membatalkan pesanan, alasan membatalkan karena 2 pesanan sebelumnya harus dibatalkan akibat toko yang tutup setelah melakukan pesanan ke 3 sudah tidak konsentrasi karena 2 jam menunggu pembatalan pesanan sebelumnya alhasil saya melakukan kesalahan lokasi pengiriman. Tatapi kesulitan membatalkan pesanan. Saran ketika ada pembatalan pemesanan untuk tidak di riset lokasinya."
,Grabfood nya buruuuuuukkk kepencet order gabisa cancel padahal mau ngecek harga pake voucer doang .. Padahal makanan belum disiapin .. Tapi gabisa cancel paraaaahhhh
,pengemudi hebat ramah dan aman jalan motornya..luar biasa.
,"laksannya kuahnya udh asem sepet, kirain lidahku yg salah kasih cicip ditemen ternyata sama rasanya asem kuahnya. kecewa banget sih buat berbuka jd ga ba makan 🥺"
,transportasi yg instant cepat dan nyaman..
,Minta tolong ini kenapa setiap mau grab food pas buka toko kenapa layar putih semua????? Padahal dulu gak pernah begini. Ini juga sinyal wifi full.
,musik enak mobil bersih dan variasi
,very good.... mantap pengirimannya tepat waktu dan ramah
,Tolong di update lagi untuk metode pembayaran tunai.. Gimana kalau gak punya saldo ovo mati deh
,"Sering kali menemukan ketika memesan Pesanan di aplikasi penumpang dan resto tidak singkron, ketika saya memesan pesanan di aplikasi masih bisa tersedia sedangkan di pihak restonya sudah di tutup tidak tersedia tapi bisa masih bisa di pesan masukan keranjang sehingga harus pesan yang tidak sesuai tolong perbaiki untuk kedepan nya aplikasi cs sama resto biar singkron biar tidak ada pesanan yang tidak tersedia"
,sangat membantu tapi kalo bisa tarif nya turunin dikit..
,Daftar login baru aja ga masuk masuk ..huh epk cacat
,"Baru mencoba aplikasi ini, wkt mo di coba pakai malah gk bisa. Saya tekan grab motor, malah yg ke pencet grab mobil. Slalu kayak gitu, sampai ada 10x saya lakukan hal tsb.kecewa bgt rasanya... Biasanya grab gk kayak gini😒😒"
,"miris banget pihak grab, tolong lebih profesional lagi untuk para pengemudi kalau sedang hujan atau tidak mau narik matikan apk nya jgn ini mah masuk pesanan di terima iya tapi ga jalan2 kasian kan org yg nunggu pengen pertahanin bintang tapi peforma ga bagus"
,"tolong dong Grab di Perbaiiki lagi bikin maps nya masuk pasar induk jadi biar mudah pesan apk nya dari dalam Pasar Induk Kramat Jati , terkadang patokan nya salah mulu , Terima kasih"
,"sudah menunggu 2jam lebih untuk pesanan makanan tapi dibatalkan sepihak sama pihak pengemudinya, tolong kalau bisa diperbaiki untuk penilaianya jangan hanya setelah menyelesaikan saja. sudah berkali-kali begini"
,"Promo food nya makin kesini makin kecil, Diskon Kilat jalan dulu 65% Sekarang cuma jadi 40% , bener-bener ga menarik sama sekali Dulu sering ada event promo serba 1rb , serba 5rb , serba 10rb, sekarang mah boro-boro Udah ongkirnya mahal, ditambah biaya pemesanan juga mahal Auto pindah ke app food lainya Bye"
,"Posisi lagi diluar butuh kendaraan, tapi tiba"" disuruh update supaya bisa lanjut, mana ga pake wifi lagi hadeh"
,Tiap buka menu grab food sering bgt white screen yg muncul
,"Konyol udah beli token listrik gada notif dan riwayat pesanan padahal transaksi berhasil saldo mengurang, awalnya mikir beli di grab pas keadaan urgent , eh malah blunder konyol"
,cepat dan konsisten dengan pesanan
,Alhamdulillaah... Selama pakai ndak banyak kendala. Kendalanya ya di susah sinyal sih .... Semoga bisa berkembang lebih baik.
,Sy mau order sela Salah dalam memilih pejemputan dan tujuan klw mau order ank plng sekolah tolong di permudàh jd ga salah .
,"Makin nggak mutu aja nih...! Masak mau pesen grab ada jalan lurus yg lancar, mapnya di belok2in ke jalan tikus yg rutenya makin panjang. Hadeeehhhhh...."
,"Makin mahal aja pesan sama grab, biaya itu lah, biaya ini lah..."
,semua sudah bagus dan terus tingkatkan
,"peningkatan pelayanan yg baik, smakin kesini semakin baik"
,"Aplikasi Asuu, gabisa aktifkan pembayaran ovo error terus"
,"Kak, kalau mau tau nomer driver grabnya gimana ya. Siang tadi order tapi, chat sudah ditutup dan gak bisa dihubungin lagi. Ada sesuatu yang kelupaan"
,"pelayanannya sangat memuaskan, ramah dan cepat sampai tujuan."
,pelayanan baik dan tepat baik pesanan dan waktunya
,"Grab tranfortasi yg aman, nyaman dan bs diandalkan."
,Cara cepat sampai ke lokasi tujuan tanpa ribet dan ga takut nyasar
,"Kenapa sih grab update terus.. yg memory nya kapasitas penyimpanan nya kurang kan jd susah kalo lg urgent buru"" mau pergi"
,"pelajari jalan2 yg kmu tuju ,jangan ketergantungan sama aplikasi met ,jika kmu sudah tau jalan,a."
,"Tolong dong gimana caranya rating drive grab walau udah lewat 12 jam Masa saya mau rating tapi gabisa padahal saya di perlakukan seperti BINATANG driver nya sangat kasar, dan juga menipu soal nominal uang yang di terima padahal jelas² saya sudah menghitung uangnya ulang² dan datang ke rumah ribut² sambil melempar barang di rumah saya sembarangan dan maki² tdk jls ""nomor pengemudinya A-4MDS87NGWHLQ YANG BERLOKASI DI SORONG, PAPUA BARAT. BM 4843 HT. Honda PCX dengan nama CHRISJHON LUKAS LUMBAN.."""
,trimaksih banyak sangat membantu buat saya yg lagi mager ke luar ☺️☺️
,selalu solusi terbaikk naik grab nyaman dan aman orngnya pada ramah
,"Akun customer kok di buat ada verifikasi muka. Kayak akun driver saja. Ini namanya mempersulit penggunaan, bukan mempermudah. IT tolol"
,"Tolong dong buat daerah kabupaten sukabumi khususnya sukalarang - cimangkok buat grabfood nya selalu ga sesuai titik, cuma smpe pinggir jln ga smpe titik dpn rumah tolong upgrade lg peta nya banyak bangunan rumah baru,"
,sangat membantu di saat butuh banget dengan layanan akurat
,"Maaf ya kasih bintang 1. Sudah bertahun-tahun uninstal grab, ini instal lagi. Qadarrallah dapat driver yg buruk. Sepertinya kembali ke blue bird. Kalau saya salah tag tujuan, terus saya mulai sadar ketika di toll. Driver tetap pura-pura tidak tau. Saya bilang berkali-kali masjid wtc Sudirman setiabudi Jakarta. Salah saya ga cek ulang aplikasi. Saya fokus ke anak yang masih kecil.Uang sudah kebuang, qadarallah. Tapi waktu. Saya mau itikaf ke masjid di Sudirman Jakarta. Saya dibawa ke bogor dulu."
,"Jarak 0,4km doang ongkirnya mahal amat, mana gak ada promo lagi. Kemana nih grab yg dulu? Perasaan dulu gak gini. Kecewa, mending pindah ke sebelah"
,"Aplikasi gak jelas, mau log in ke akun sendiri malah di tangguhkan, sangat konyol alasan kalian. Belajar dari gojek n dll, kayak gini saya yg di rugikan, lagi butuh, malah gk bisa di pakai"
,Makai grap lebih dr 2 tahun. Tp skarang Di update malah gak bisa cara makainya mau pesan grab taxi bingung cara ordernya... uniinstal ajalah jelek bgt
,"Tiap hari mau pergi kerja harus order berkali"" bari dapat abang grab yang mau antar, pesanan pertama dan kedua pasti gak gerak grabnya"
,"Drivernya kadang kadang ga jelas, bukannya semakin dekat malah semakin jauh akhirnya saya terlambat, aplikasi sebelah lebih bagus malah"
,sangat membantu dimanapun dan kapanpun tinggal pesan grab
,bagus...terus pertahankan kalau bisa min banyakin disc😉
,"Ko saya ga bisa log in sih malah pke beberapa nomor juga ttp tidak bisa, knpa ya ? Something went wrong terus ? Sudah unistall dan instal ulang tetep saja something went wrong , sudah nunggu beberpa hari tetap stalk d situ tidak ada kemajuan ."
,Jelek banget sih signalnya grab hbs aplikasi malah g bisa pesen grab
,Aplikasi tolol. Mau ubah metode pembayaran ke cash tidak bisa. Dipaksa pakai OVO. Tolol
,"Pdhl cuman mau ganti nomor hp aja tp gabisa di klik ubah/ nomor hp, pdhl udh di update dan udh komplen juga Ama ADM nya untuk prhal ini, sampe suru logout akun dan ovo juga ilang, tetep gabisa di klik"
,Hanphone saya eror gara gara ni aplikasi pas mau mesen malah gak bisa ngapa ngapain trus mati sendiri jadi kayao mentok logo butuh waktu lama baru normal udh beberapa kali kek.gini setiap mau pesen lewat grab pasti eror hanphone saya aplikasi yang lain normal normal aj
,Pelayanannya baik dan Cepat tdk lama menunggu..
,"Di grabfood jadi gak bisa filter restoran dengan jarak terdekat, ini malah resto jarak terjauh kalo difilter... Hadeeuh.."
,"Cuaca bagus, tapi di app hujan, harga jadi naik"
,pengantaran cepat dan sesuai titik
,"Harga makanan. 15500 Biaya Ongkir. 11000 Biaya Parkir 2000 Biaya pemesanan 4000 biaya kemasan 5500 Total harga 38000 Order makanan di grabfood jadi mahal di ongkir dll, yg muncul resto yg jauh jauh, ogkirnya tidak bersahabat, mahalan ongkirnya daripada harga makanan nya, payah. Mending nyuruh ojek pangkalan bayar 10rb total harga cuma 25500 sudah termasuk ongkir. sekalian bagi bagi rejeki sama yg terdekat"
,"Lokasinya berubah sendiri , tolong di perbarui lagi untuk lokasinya"
,"Aplikasi makin sulit digunakan, lebih mudah yg lama"
,"Buat Ibnu Rusdi,,,, Kalau Anda bersalah bikin alamat wajar aja driver nggak mau nganter emang driver nggak modal kalau anda salah bikin alamat itu kesalahan kamu sendiriemang pesan order diatas 100 emang driver menerimanya full emang nggak ada potongan aplikasi wajar nggak mau nganterin di luar aplikasi paham"
,Kenapa akhir2 ini aplikasinya sering minta update ya padahal juga gak ada pembaruan yg baik masih sama aja tapi knapa sll minta update ya. Tolong dong kalau mau update kasih peningkatan yg lbh baik lagi
,"Pelayanan memuaskan,siap saat di butuhkan"
,Bintang ⭐⭐⭐ dulu ... lumayan untuk grabbike nya ... harus prima pelayanan ny sediain masker ato hand sanitizer y klo penumpang g bawa sendiri ... overall aku lumayan puas am driver nya ... tau jalan dan ga ribet 🤭
,baik. kalau promonya banyak dan bagus-bagus gini bikin terpesona.
,"menawan coffee baru buka, menu yg saya pesan uenak. banyak juga lho menu teh yg enak. saya beli caramel tea. wadduuh rasanya nikmat. pertahankan menu dan temukan menu menu lainnya."
,Pesen makanan udah lama nggk bsa d batalin lagi. Trs resto yg tutup jga msih d bsa d pesen. Kacau
,"Keren, murah, cepat dan banyak promo"
,"maaf ka sebelumnya sy wktu itu pernah login grab tp sudah masuk, sekarang sy mau masuk ka tapi skrng akunnya beda cuma nomor nya sama, tpi sy tidak bisaa masuk ke dalam aplikasi"
,Semakin kesini semakin lamaa bangettt nunggu orderan sampe krna double2 pesanan kurirnya. Ga kaya dluu 1 org 1 driver jadi pesanan jadi lgsg dianter gak muter2 dulu dan nunggu pesanan lain jd bru dianter padahal tarifnya lebih mahal tp ga worth it.
,"Sangat jelek, pesan makanan di grabfood punya keluhanan mengenai driver yg tidak paham menggunakan aplikasi. Makanan malah ga sampai2 dan pusat bntuan cuma bisa proses proses Berjam jam sampai tidak ada hasil sama sekali. 14/01/2023"
,Kenapa ya nama lokasi di grab dan google maps itu berbeda padahal dititik yg sama
,"cepet tdk butuh menunggu lama,, fasilitas juga ok"
,"Pelayanan dari aplikasi Grab Food sangat buruk, ketika pesanan habis atau Toko nya tutup susah sekali untuk Cancel, jika yang Cancel Driver mental lagi ke Driver lain . Kalau pembeli yang cancel harus telfon berbayar dulu ke CS Grab . Untuk Grab lebih di perhatikan pelayanan nya. Ini udah sering banget terjadi sama saya."
,"Over all untuk pelayanan sangat baik, hanya sering dapat pengemudi selalu.bilang tidak ada kembalian ( usahakan untuk mencari cara.... tidak selalu kembalian gak ada ) . Kan bisa dengan cara ""bisa saya tukarkan dulu, saya coba carikan ya "" . Tanpa diminta kami sebagai konsumen akan kasih tips. Namun kalau service nya begitu malah jadi urungkan niatnya."
,"sangat nyaman dlm perjalanannya,terimakasih."
,bagus. sangat nyaman dan fasilitas mobil bagus
,"Uang sudah di kembalikan terimakasih, maaf saya sudah berkata kasar. Saya harap saya tidak mengalami kejadian seperti ini lagi. Ke klik pemasanan tanpa ada tanda pemberitauan. Dan semoga saat order ada sistem kode konfirmasi"
,"kadang grab suka ga ada tempat yg di tuju, pdhl ada tapi pas di cari lagi ga ada hdh"
,sangat membantu aplikasinya disaat kesulitan mencari angkutan
,"makanan enak e poll pecelnya enak banget, tahu telor nya juga pokok ne endul tenan Joss ,,, jng ragu pesan di sini gak akan menyesal deh enak poll ,, thanks ya"
,"sangat memuaskan, pak supir grabnya ramah tamah dan enak di ajak ngobrol 🤗"
,"Harga di aplikasi kemahalan dari aslinya, ada biaya tambahan lagi, tolong lah d sesuaikan. Kasian drivernya klo sepi pesanan"
,sangat membantu dengan proses yg mudah n waktu yg relatif cepat
,"sopir ramah, perjalanan nyaman, mantaplah... 👍"
,Mantap sekali perjalanannya selalu memuaskan
,Abis di perbarui jadi susah kebanyakan bahasa Inggris nya jadi membingungkan
,Aplikasi gak jelas. Udah 3x coba pesan. Nungguin konfirmasi kurirnya lama bangettt. Padahal udah pakai pengantar premium dipilihannya. Gak niat woiiii... bubar aja.
,"Aplikasi makin ribet semenjak di update fitur makanan juga suka ilang"" terus harus isi alamat baru dulu baru bisa pesen sama makin lemot aplikasinya tolong kaya dulu lagi biar lebih simpel"
,kenapa lokasi penjemputan harus di setting trs ya?? tidak otomatis..buat lama pencarian & waktu jadi lama
,"Aneh,akun ditangguhkan kenapa coba,otw uninstall 👎👎👎👎"
,tidak bisa di ucapkan dengan kata-kata pokonya top grab membantu bgt dri segala hal....
,Aplikasi gajelas jelek banget. Masa pembayaran ditolak terus tunai gabisa ovo gabisa terus harus gimana
,makin sering gabisa atur lokasi penjemputan jadi ga pernah make grab
,"Aplikasi gak jelas, udah di masukin ovo, katanya ""OVO cash anda sudah siap!"" Tapi pas sudah di ok tetep aja balik lagi, selalu maintenance aplikasi nya"
,"gajejas sistem pencarian drivernya, udah mah dapetnya yg jauh mulu trs si driver pasti pada mnta cancel karna alesan 'KEJAUHAN'. ujung2nya akun gua yg jadi lama nyari drivernya."
,"Sangat kurang jelas aplikasi ini, maps jelas buruk tidak mengikuti Google maps yang sudah bagus, trusss promo tipu² diskon 90% maks 6rb . Aplikasi penipuan"
,"perlu ditingkatkan lagi, terutama helm keselamatan kurang septi"
,"Bagus tampilan AI nya baik dalam maupun luar. Ramah pengguna, simpel.. Tingkatkan Terus Kualitas AI nya. Terima Kasih 😁😁👍👍"
,"Suka kesel kalau naik grab uang besar selalu tidak ada kembalikan. Sedangkan saya lagi buru-buru jadi mau gamau uang kembaliannya tidak saya minta. Atau bahkan saya pernah dengar kalau uang kembalian itu dipersulit bilangnya tidak ada kembalian padahal ada, mungkin sengaja biar kembalian nya buat driver."
,"Penjemputan driver lambat, chat respon juga lambat"
,"plis ya udh isi saldo ovo,pakai tunai,tetep gabisa pesen,tulisan nya tidak dapat memproses permintaan. mau pesan grabfood juga gabisa,tolong segera perbaiki"
,Saya senang menggunakan aplikasi ini.mudah dan tidak ribet juga.dan pengemudinya juga rahmahtamah sopan.sukses buat grab.
,Driver express nya ditunggu lama banget. Udah setengah jam ga nyampe malah ganti driver lain. Kecewa lah sama grab. Kelamaan datang nya akhirnya barang nya ga mau di terima sama penerima nya 👎
,"Aplikasi hampir 500 MB,apa tidak ada ukuran versi lite."
,titik selalu tepat di tujuan... cepatt nd bnyak promo pula.
,"Masih beberapa hari gabung di grab,,, karena aku ada di grabfood supaya aku bisa lihat perkembangan Grabfood yang ada di Aplikasi Grab,,, temen temen, bisa lihat menu aku di grabfood 👉🥟Kue Bawang Enak dan Renyah, silahkan di pesan yah, terima kasih🙏"
,"Tolong perbaiki jangan ada notif ketika di waktu jam sholat fardhu karena itu sangat mengganggu, kalau udh diperbaiki nanti di tambah lagi bintangnya"
,"Sudah bagus, tapi tingkatkan lagi untuk tempat2 makanan yang tidak terjangkau/masuk ke grab food, terus biaya parkir apa tidak termaksud ke ongkir? Tolong gimana konsep itu?"
,"Maps nya sering menyesatkan... Pdhl sudah di pin sesuai google maps, tapi ternyata tetap ga sesuai dengan aslinya"
,"Aplikasi yang buat pening, pesanan tetap datang padahal driver sudah membatalkan pesanan saya dan saya sudah terlanjur pesan di tempat lain jadi pesanan yang datang double."
,"KURANG AJAR GRAB saya sudah isi OVO banyak mp 300.000 , buat diurus mau pesan makan buat Bukber malah Error! Padahal tadi lancar² aja"
,sangat rama dan baik tdk ugal ugalan mengendarai kendaraan
,Over price. Trus jasa ke driver di potong terlalu banyak
,Login semakin lama semakin tambah bikin kepala puyeng ribettttttttttttttt
,"kenapa apk grab tidak bisa menanggapi?,tolong segera di perbaiki"
,"mantap,,tambah banyak lagi promonya👍"
,"Promo semua tidak bisa digunakan walau sudah memenuhi syarat,tetapi satu hari yg lalu masih bisa digunakan trus tiba-tiba hilang setelah 1 hari selanjutnya padahal goride mau dipakai"
,"Alamat peta nya berantakan, sulit input alamat jelas nya"
,"mending dikasi fitur pengingat, untuk kita yang mungkin tidak sengaja menjadwalkan pesanan."
,"Aplikasi grab ga ngotak, biaya layanan nya gede.. byk biaya"" tai klo harus mesen"
,cara pemesanan nya sangat lah super lemot. Yg di pesan tidak menanggapi. Sya pesen makanan itu bayar loh tidak utang. Tpi knpa Tidak merespon.. Sya sngat kecewa dgn aplikasi grab yg skrg...
,aplikasi yang ramah dan user friendly
,"Susah banget dapetin promo kalo bayar cash, gk kaya apk sebelah lebih murah banyak promo"
,kalo bisa pesen 2 tempat tapi 1 driver lebih enak kek nya ya
,Sangat membantu untuk mobilitas
,"Kekurangan gojek banyak .. Ambil driver terlalu jauh, biaya penanganan aplikasi mahal bgt .. Diskon kecil"
,"Aplikasi grab sekarang jelek gak sebagus dulu , dulu sangat banyak promo menariknya.. Banyak voucher grabfood dan grabbike or car sekarang sudah tak seperti itu🙄"
,untuk tarif masih blm bersaing dengan app sebelah
,Saya kesulitan mendaftar saya baru akan menggunakan jasa layanan Grab. Belum satu menit memasukan kode verifikasi salah satu kali butuh waktu lama untuk mengulang... Bnget kecewa
,lebih banyak promo lagi untuk grab car
,"aplikasi yg sangat terbaik dan sangat membantu,dan tarif pesanan jga murah sangat terjangkau..sangat bersyukur mendownload aplikasi ni..buat tman² jgn ragu download aplikasi ni..d.jamin kuota.y ngga bakal sia²👌😎"
,"harga pas, pertahankan layanan berkualitas"
,"Perbaiki lagi sistem nya ... Saya ga mencet pesan sekarang kok tiba"" udah jalan pesanan dan ga bisa dibatalin ... Lama lama customer pindah apk..."
,"Pesen grab food lama banget ga bisa dicancel, tlp pusat bantuan cuma kesedot pulsa tp ga bisa dicancel jg. Dahlah, ga bakal pesen pake ini lagi, ga jelas👎"
,"tolong dong jangan gini, aku pesen grab mart dari jam 12.00 sampai sekarang ga dikirim², di tunda² mulu:'). batalin juga g bisa harus telpon pihak grabnya. Udah nelpon pulsa habis pesanan juga g bisa dibatalin dan ga dikirim²i sebel banget sumpah, baru ini pakai grab sesebel ini. Kalau bukan karna haus aku g bakal beli! cape banget"
,"Tarif lebaran semakin malam semakin mahal... Naik g kira kira...utk grab car 10km.. Pagi 60k,siang 80k,sore 96k...malem jam 7 an 150k...wow"
,Ini gimana kak susah banget verivikasi nya gabisa2 mau nganter pesanan jadi lama
,"setiap saya mau bayar pake ovo gak bisa. Selalu error, mau bayar cash juga kdg ada yg bisa ada yg nggak tp lebih banyak gak bisanya, Mohon diperbaiki ya."
,"alhamdulillah semua perjalanan ok, driver nya juga ramah"
,"sangat bagus ,tepat waktu n driver sangat ramah"
,Bagus dan membantu dalam perjalanan👍👍👍
,Mau pesen Grab kendaraan harus ada verifikasi wajah untuk apa sih sudah saya lakukan tapi tidak berfungsi saya sampai bingung gimana mau pesen Grab kendaraan
,jaringan nya jelek lelet mennding lelet juga kalo kebuka mah.enggk lg.malah nyusahin doank.apl gk guna.
,"Hari ini pulang pergi diantar grab bike.. sangat puas dengan pelayanannya. Respon cepat, pengemudi semua ramah. Terimakasih 🙏"
,bapaknya sopan..menyenangkan dan mobilnya bagus. saya .udah kedua kalinya👍👍
,cukup membantu tuk kebutuhan perjalanan
,"gajelas baru jg daftar akun nya udah di bekukan, pdhl sy blm prnh nge instal grab sblmnya."
,"Dikit² pembaruan terus, bikin hp erorr jadi susah order grab,,"
,"Di aplikasi buka,tp pas driver sampai ternyata tutup. Udah 3 x,kasian drivernya,jdnya malah kita yg kasih tips"
,"Sering ngelag, padahal internet bagus. Buka apk lain oke² aja tapi pas buka grab malah putih doang layar nya."
,"Tolinglah grab, kalau kita mau kasih ulasan ke toko, kenapa selalu tidak berhasil ter post ya...? Atau itu trick nya...?🤔"
,"Aplikasi semakin buruk, udh mahal pesan grabcar di kasih jauh2 mendingan uninstal deh"
,"Banyak bug promo nya,ga bisa di pake"
,"Semenjak update loading logo dan thumbnail jadi lama banget, bahkan gagal loading sehingga tidak bisa melihat produk misal makanannya seperti apa."
,"Driver Mulai gak jelas semua, saya beli BATAGOR, jarak hanya 2km, 2 JAM BARU SAMPAI! , ALASANNY RESTORANNY LAMA, MEMANGNYA BATAGOR APA YANG MASAKNYA LAMA?? KONDISI DTG DINGIN!!!"
,Sangat membantu dan menyenangkan terutama driver yg ramah
,Pesen makanan penjual tutup tapi aplikasi on dicancel gak bisa gimana ini...udah pake cs masih gak bisa cancel kan kasian driver yg dapet........sering kaya begini toko tutup aplikasi masih nyala....
,"drivernya sopan,cepat,santun,tanggap good pokonya 👍"
,"apps terbaik buat pesen delivery food, pertahankan"
,Mengapa biaya yg tertulis saat pemesanan dg yg muncul stlh pesanan terlayani berbeda? Lalu ada biaya lain2 10.000 biaya apa itu...? Tidak jelas...tiba2 aja sudah mengambil saldo ovo saya...
,"pengirimannya cepat, sopan,, ramah"
,"Parah warung pada tutup kok gak di update,, pesan makanan udah nunggu lama ternyata tutup"
,Kacau verifikasi wajah gajelas sinyal bagus semua bagus emang aplikasi kacau
,Alhamdulilah... dengan ada nya Grab bisa untuk pesanan apa ajah yg kita inginkan & Sangat membantu memudahkan belanja online apapun Terima kasih.
,Buat apk tolong dikembangkan dong area jangkauannya dong masa saya harus nunggu sampe satu jam baru bisa dapet malah kadang lebih lohh...sekian terima kasih
,Kalo mau buka grabfood malem malem klik resto ga pernah ada muncul menu .yg ada kosong putih doang gaje sinyal penuh padahal
,"blajar dari pengalaman,,drivernya kadang ada yang marah marah karena jarak jauh,,mungkin karna upah,tolong di kaji lagi. apk bagus sangat membantu kami rakyat kecil.."
,"titik akses ngk pernah pas... kasian drivernya klw gini, selalu harus share lokasi melalu wa"
,pelayanannya cepat ramah murah
,"Mohon penjelasannya knp apk grab saya di berandanya cuma ada hotel,pulsa,asuransi dan promo, Dan tidak ada grab car, grab motor, grab food dll nya, padahal sudah saya update apk nya, saya kesulitan untuk pesan makanan, pesan grab car dan grab motor tolong di jelaskan harus saya apakan apk ini biar kembali normal"
,"Resto yg sudah tutup masih saja dimasukkan ke aplikasi tanpa ada pemberitahuan, akibatnya sudah nunggu lama tiba"" dicancel dg alasan resto sudah tidak jualan lagi/tutup"
,"Saya jujur,aplikasinya sangat eror contohnua saya mau pesan makanan tapi tidak sesuai dg di gambar,jadi lebih baik kalian tidak usah donlot dahh,buanh2 kuota buat aplikasi yg gak ada gunanya"
,"Ini kenapa ya sama aplikasi grab dan ovo saya tidak bsa login terus, udh berkali2 gabsa ga ada sms kode msk jg.. tolong dong diperbaiki makasih!"
,alhamdulillah cepat pelayanannya serta nyaman dan juga ramah
,taktis dan efektif style driver nya
,Aplikasi yg mudah untuk dipergunakan & Pelayanan yg memuaskan.. Terima kasih para Driver Car & Bike'rs nya .. Semangaattt...
,"pengemudinya baik sekali, kita dari daerah di bantu mencari kendaraan ke kota lain. trims ya om...smoga rezkiny selalu lancar. bravoooo"
,Map nya diperbaiki dong kadang susah nunjukin driver jalan tempat kita kalah sama google map
,"Sgt membantu apalagi buat kaum mager kaya saya yg dikit² lapar di jam yg salah😍 tp sy baru saja membatalkan pesanan via grabfood karena mungkin di momen lebaran jd pesanan sy lama mendapat driver kurleb sejam sy menunggu, u/ grab sy mohon maaf yaaa baru kali ini batalin pesanan jd ada rasa gaenak huhuuu😢 overall di lain waktu grab sgttt membantu saya disemua hal, sukses selalu grab🖤🖤"
,"Mohon perhatiannya, harga makanan rekanan knp lbh mahal sekitar 20% dr harga aslinya beli ditrmpat blm lagi perlu bayar ongkir"
,Grabbike hemat tiba-tiba hilang tanpa penjelasan.
,"Jelek app nya baru buat akun masa langsung keluar sendiri pantes ni app GK maju²,, mau order aja di persulit jadi pindah kesebelah deh 🤪🤪🤪🤪"
,sangat membantu sekali dan respon cepat.
,sesuai dengan keinginan dan pelayanan nya memuaskan
,Suruh update tp pas instal ulang ga bisa2. Smpe di hapus aplikasinya. Maunya apa yakkkkkk? Fix uninstal.
,"aplikasi yg recommended, thanks grab, puas dengan pelayanannya"
,Update trs susah kalau di jalan mau gunakan grab
,"Saya beli token listrik di aplikasi ini,,pembayaran berhasil tapi kode nya ga nyampe"
,Kecewa banyak promo yg ga bisa dipake padahal masih aktif tanggal dan pemesanan sudah melewati minimal syarat promosi.
,"Aplikasi buruk,, setiap pesan makanan belom pernah berhasil,, statusnya cuma sudah dipesankan,, sampe nunggu 5 jam..."
,Sangat membantu keperluan istri drmh jika ingin bepergian pas lagi saya bekerja menjadi driver grabbike yang tidak ada drmah😁😘 #salamsehatselalubuatkitasemua #salamsolidaritastanpabatasbuatkebersamaankitasemua #indahnyakebersamaan #salamhormatbuatkeluarganesardrivergrabbikeindonesia #jayaselalubuatGRAB-INDONESIA❤
,pemesanannya cepat dan pengemudinya baik
,sarana transportasi yang sangat membantu pengguna smartphone
,Aplikasi nya semakin kesini semakin parah..saya kecewa dengan menggunakan jasa grab
,Laporan di respon baik dan cepat masalah sudah terselesaikan terimakasih grab😍
,semoga bisa selalu ada dan membantu dalam setiap perjalanan
,"Terimakasih berkat kmu sya bisa bnyak berbelanja makanan lezatttt, saya senang skalii💖"
,Customer servicenya sangat sangat membantu👍👍👍
,Makin kesini makin banyak bug nya ga kaya dulu
,"Terima kasih, Grab sangat membantu kami. Tingkatkan terus pelayanannya. Salam Sukses ."
,aplikasi yg sangat membantu .dan harganya pun untuk grabfood dan grabbikenya lmyan murah .ga Kya yg sebelah aga mahal sering bnyak diskon juga .
,Mahal banget sih ongkosnya padahal cuma 18 mnitan doang nyampe 34rb
,"kebanyakan update performa menurun,lemot"
,auto uninstall masa udh laporan dari 16 februari kaga ada tindakan nya parah ane ada saldo di no yg udh ilang minta tutup akun trus saldo nya di ke rekening masa sampe sekrng kaga ada tindakan nya 16februari loh kaga di tindak lanjuti bujuk buset
,"semoga lebih sukses kedepan nya lagi,buat grab"
,"keren,cuma mau sedikit ngasih masukan.. banyakin event² diskon yaa,soalnya kita make grab nggak ke tempat² yang deket doang. makasihh"
,"tolol sekali, sy pesan hampir 4 jam blm selesai juga, pesanan tidak dapat dibatalkan, saldo sudah dipotong tapi tidak ada kejelasan mau diantar jam berapa.. menunggu dengan perut kosong biki emosi tau ngga.. klo 1 jam lebih dikit masih okee lah, ini 4 jam aja masih minta untuk nunggu lagi 1 jam jadi 5 jam.. gila kalian ini.."
,Keren... CS nya sangat ramah dan cekatan menanggapi permasalahan yang terjadi... Nice CS
,"Bintangnya berkurang dari 3 jadi 1.performa parah.beberapa driver sering minta tambahan uang parkir,dimana mereka tidak parkir.pernah complain ke cs tapi gak di tanggapi."
,"Gabisa pesan di grabfood, gabisa bayar tunai, selalu di tolak mulu"
,"Grab tidak pernah bisa menyelesaikan masalah dengan mitranya,tau 2 pm ,sangat jelek banget grab,sy dateng ke kantor tidak di kasih tau masalahnya,cuma minta keterangan kesalahan saya apa aja susah bnget,"
,ramah & kondisi mobil bagus
,"sangat membantu, berharap grab ada di daerah pelosok di tempat kami"
,"Admin mahal, driver kena double order, makanan 1 jam gak sampe sampe mana yg dibeli makanan berkuah, promoan tipis."
,Di suruh telp pusat bantuan tapi suruh nunggu lama banget padahal lagi urgent katanya pada sibuk haduhh sekelas grab kok cs nya sampe full semua
,"Setelah di update sering error. Milih makanan gak bisa, berasa berat nih aplikasi. Pindah ke akun sebelah aja lah"
,"Grab skrg performanya jelek turun banget, gk ada promo disc atau potongan ongkir. Promo hanya untuk yang pembayaran ovo doank yg tunai gk ada. Mendingan pakai Gojek mau pembayaran pakai apa aja selalu ada potongan disc gede, payah grab kalah sama performa gojek"
,Bentar2 minta update pembaruan trus. Tp titik lokasi penjemputan/pengantaran ttp aja ngawur tdk pas tp gak da perbaikan.
,sangat cepat buat pemesanan nya..is the best
,"Lah lagi ngebug? Bisa pakai promo tpi harga gk ngurang, lah aneh"
,penjemputan tepat ke lokasi dan aman dalam perjalannya
,Menurut ku bagus kurang nyah grab nyah kadang suka minta alamat lagi karna kata nyah aplikasi grab gak bisa di buka atau kadang gak sesuai sama titik nyah
,Akun tiba2 diberhentikan . Login dengan nomer lain pun begitu jg. Gimana pakai aplikasinya. Ga jelas2 lama2..
,"Apa apaan ini saya pesan hampir 1/2 jam ga ada driver,, tolong di Pacitan ditambah ,,gini ini saya mau berangkat sholat Id malah ga bisa"
,"So soan pake maps sendiri, tapi ngaco parah, bikin driver nyasar"
,Sebel kenapa harus di lempar ke ojol yang lebih jauh jarak nya bahkan masih harus nganterin penumpang dulu Padahal saya pengguna setia grab dari dulu makin ke sini makin gak jelas sistem nya
,"sangat membantu untuk perjalan jauh dan pemesanan juga mengantar barang, apalagi suka banyak voucher diskon. grab pokonya mantulll..."
,"Pengalaman mesen makanan, udah nunggu lama malah dicancel sepihak."
,Buat semuanya yg memiliki kendala maps mending pas order jgn hanya ketik alamat tujuannya saja. Alamat titik penjemputan atau alamat antar diketik juga jadi gak bakal mbleset dech... Itu saran aja sih. Utk titik antar jika gak sesuai inisiatif dibikin alamat tujuannya terdekat saja dgn lokasi tujuan atau titik di rumah tetangga klo titiknya blm akurat. Dan utk pihak aplikator juga kasi edukasinya dong biar semuanya pada tahu caranya yg lebih simple dan praktis.
,"Aplikasi ini sudah satu tahun Saya beri ulasan namun belum juga dirubah. menu pencarian lokasi pada saat ingin pick up order grabbike itu tidak akses dengan pembaca layar TalkBack. Gara-gara ini kami penyandang tunanetra jadi agak sulit menggunakan aplikasi grab karena titik lokasinya nggak kebaca. Terus kalau mau isi pulsa metode verifikasi sebaiknya menggunakan sidik jari aja agar lebih memudahkan. bukan menggeser bagian layar bawah dari kiri ke kanan, itu juga nggak akses buat kami"
,Saya pesan kendaraan kebetulan saldo ovo habis ada cash mau ganti metode pembayaran kenapa gak muncul opsinya
,"nyaman saat berkendara, jg ramah pengemudinya"
,Masa untuk topup ovo jg harus ada potongan aplikasi sudah ada potongan admin di aplikasi jg di potong hedehh
,"Kejadian pagi ini Customer dalam kondisi emergency malah di abaikan sama mitra GrabCar, ketika tetangga menelfon lewat orderan offline segera di tanggapi"
,"Penurunan performa makin buruk, kebanyakan jenis biaya"
,"Sekarang Grab kualitasnya berkurang ya, pesen Express udah stengah jam nunggu gak dateng² driver nya, mau dibatalin tapi gak bisa karna dari Sistemnya Ditulis Tidak Bisa Dibatalkan karna Driver sudah dijalan, waktu di tlp drivernya baru bangun tidur 🙈."
,mantap grab nya senyaman mobil sendiri 👍🏻👍🏻
,"ramah ramah penyedia jasanya, saya jg menyesal waktu pertama kali pakai saya tidak tau harus beri nilai, saya tdk melakukannya. maaf para pengantar, semoga memaklumi bagi orang2 yg baru menggunakan jasa grab atau org2 yg tdk paham media seperti ini. mungkin krna tdk tahu jd ada yg seperti saya, tdk memberi ulasan / bintang. terimakasih. untuk semuanya baik2 selama saya pakai. kendalanya pertama itu tdk tau harus beri ulasan. sama ini ovo saya tdk bs digunakan disini, sudah saya coba tdk bs"
,"Mohon diupdate lokasi-lokasinya, karna setiap mau pesan ada beberapa lokasi yang belum ke detect"
,Pengalaman buruk!! Sudah langganan grabunlimited berkali-kali tapi promonya gak bisa digunakan!! PERCUMA KONTAK CS GK DIBALAS!!!
,ok banget sangat membantu masarakat yg ga mampu beli kendaraan
,Pelayanan nya sangat baik dan memuaskan
,penjemputannya cepat dan pelayanannya bagus
,"sangat efisien,,,murah,,,cepat gk sampe lma nunggu"
,"Sistem pembagian order ngga adil banget,semakin susah dapet orderan"
,"cepat, responsif, bisa di andalkan"
,"Setelah beberapa tahun selalu pakai grabfood bagus. Satu bulan terakhir saya sering dapat driver yg ketus dan mempermalukan saya. Tolong driver lebih sopan, saya sudah bicara baik. Saya diperlakukan seolah2 pesan grabfood itu mengganggu mereka para driver. Saya cukup kecewa dengan attitude mereka."
,"woy benerin lah servernya, buka apk lain bisa tp buka grab malah gabisa"
,Terkadang suka eror map nya tp kadang2 sih....yg lain ok
,"Aplikasinya bagus, cuma tlg ajarin drivernya sopan santun yang benar ya min cara menghadapi permasalahan yang ada sama pelanggan itu bagaimana etika yang benernya:) seharusnya tdk boleh ada kata kasar yang keluar dan tdk main hakim sendiri."
,lebih mudah gk usah keluar rumah langsung bisa di Anyer tujuan ...mantap👍👍👍
,"sangat baik, buat anak yang mau ke kampus"
,"driver ny sering buta map, bukan ke titik jemput malah pergi ke titik tujuan, di chat dan di hubungi jg gk mau respon."
,sangat disarankan pake grab supaya lebih nyaman
,"yg pertama sy pesan,yg kengsel di potong 3 ringit sy tak puas hati. Krn dia tak de telpon sy tungu di mana. yg ke 2 okey makasih."
,cepat mudah hemat biaya dan waktu
,sejauh ini bagus.. harga terjangkau.. pengantaran bagus.. semoga lebih memuaskan lagi
,senang memakai aplikasi grab harga murah banyak promo pelayanannya ramah dan tepat waktu.. pokok nya top deh👌👌
,Beberapa kali order Grab Bike XL yang datang unitnya gak sesuai. Eeeh giliran order Grab Bike Hemat sama saja unitnya gak sesuai. Tolong Grab lebih dirapikan lagi. Motor2 yang tidak sesuai dgn aplikasi ditertibkan segera. Semua demi kenyamanan penumpang. Tolong kalo perlu diverifikasi secara berkala. Karena order drivernya cewek tp yg datang laki2. Kan sulapan ya...
,sangat merugikan harusnya naik grab car lebih cepat dan lebih efisien karena minta di upgrade jadi naik taksi offline biaya sangat mahal
,"Ternyata banyak yg mengeluhkan masalah titik lokasi, tak kira cuma saya aj. Dulu kalau pesan food pake grab karena lokasi mudah diset, sekarang ngg bisa. jadinya pindah ke app orange. Barusan mau coba pesen car, ternyata juga sama, susah seting titik lokasi, padahal dulu gampang. Semoga segera ada perbaikan."
,Bingung tolong kenapa ga muncul menu saya ga bisa pesen jadinya
,Ini kenapa jadi white screen terus padahal udah di update
,Setelah di update aplikasi ini jadi buruk Navigasi nya kacau
,tingkat kan lagi khusus nya daerah pedesaan cari grab agak susah...😇😇😇
,Ini app busuk. Nyari lokasi tujuan ga ada yg bener.. udah gitu harus verif ktp doang cuma untuk pakai Grab. Beda sama gojek gocar yg lokasi tujuannya ketemu dan ga perlu verif ktp. Ini app busuukk
,"Sering banget pake apk ini tapi makin kesini saya gk pernah dapet promo bike nya, malah keseringan yang mart nya. Keaggotaan udh platinum padahal"
,"Cepat, tepat, hemat, ramah anak."
,mudah di gunakan dan banyak pilihan nya
,Kenapa grab sekarang kurang bagus ya. Saya mau pesan makan lewat ovo gak bsa. Harus Tunai. Dulu saya pake ovo sekarang ovo gak bsa gak bsa dipake
,"Driver nya sangat ramah puas pokoknya, makasih ya"
,Mohon untuk perekrutan pengemudi lebih diperhatikan lagi sering kali pengemudi bersikap seenaknya sendiri. Mohon pihak grab lebih selektif lagi. Driver jgn bisa memotong ovo dari penumpang sendiri. Lbih baik untuk pembayaran e wallet pihak driver jgn bisa memasukkan nominal untuk pembayaran toll atau parkir krn sdh beberapa kali kejadian minta cash untuk biaya tol/parkir tpi ternyata ovo-nya jg dipotong sama driver. Mohon diperbaiki lagi aplikasinya
,dengan adanya kendaraan online jadi lebih mudah
,"cukup membantu, cuman untuk nentuin lokasi di kampung aga susah,kurang pas, mungkin akunya yg belum mengerti, maklum pengguna baru"
,"mantap, cepat dan ramah"
,"sangat membantu,tanpa harus repot2 keluar jauh2.."
,"sangat sangat sangat membantu sekali, sukses terus grab"
,nyaman banget ramah lagi bapak nya
,"sangat nyaman, supirnya ramah. mksh."
,Bener bener bebenah deh buat metode pembayaran nya sumpah baru ini gw make aplikasi tapi merasa di ribetinnnnn ga lagi deh Grab
,"saya saranin kalo bisa top up ovo nya make shoppeepay,gara gara gabisa top up saya gabisa beliin ibu saya bubur ayam,kasian dia lagi sakit dan butuh bubur ayam pagi pagi,karena disekitaran saya ga ada,saya mau beli di grab,dah tau nya malah pengen beliin ibu make uang saya malah gajadi karena uang saya ada dishoopeepay semua,mohon update nya ditambahkan lagi ya"
,"pengemudi ramah,sopan estimasi waktu tepat"
,biar bintang yg menilai.. tema kasih atas kerja samanya🙏🙏🙏
,"bagus, cepat dan ramah"
,"pengemudinya sangat ramah,dan sangat membantu"
,"ok mantap sekali pengemudi ramah dan sopan bersih bersih pengemudinya ,,,sukses terus grab"
,Setelah di install malah ngk bisa buka.aneh ni aplikasi
,pelayanan driver nya OK OK. mksih app Grab
,"Gimana nih mau menautkan dengan ovo malah gabisa, padahal sudah ganti nomor dan yg dikirim kode verikasi nomer yg lama, bikin emosi aja"
,mudah dan gampang bnget pakainya
,Banyak warung tutup status tetap buka .tdk valid
,Udah daftar tapi gabisa dipake😔
,"Pak Tampubolon orang yang ramah, rame dan ceria. Menyenangkan ngobrol dg beliau. Perjalanan jadi tidak membosankan"
,Layar blank putih trus mau pilih makanan...
,"Pesen grab mobil jam stngh 6 pagi susah amat sampe jam 6 pagi lebih, drivernya pada masih molor, payaaahhhh"
,bagus drivernya ramah dan sabar
,Lah ko saya ga bisa login ya???? padahal nomer saya udah bener tapi kenapa kode nya tidak dikirim² yaaa????
,Aplikasi ngak jelas lama lama pembayaran masa di tolak
,"tepat, cepat, efisien"
,Kenapa driver2 sekarang pada g bener???? Udah Minta tambah ongkos..giliran udah smpe titik jemput .suruh Batalin alias minta di offline?????
,keren banyak promonya
,mantap dan ramah petugas nya mudah2 selama2 nya yah draiver grab
,pelayanan ok dan cepat
,Keren promo bike dan car nya..
,"Tolong pake bahasa indonesia aja, gausah so inggris Ga semua org ngerti bhasa engreess!!"
,mempermudah yg tidak punya kendaraan
,grab mayan bagus. grab food jg mudah n enak. thx grab..sukses terus
,Pesan grab 2 x dibatalkan driver dan nyarinya susah banget
,"pengiriman cepat,meski hujan sedang lebat👍👍"
,Tolong bantuannya agar voucher paling murahnya otomatis terpasang
,"yg bawa engga ngebut, enak dan tenang bawa motornya"
,"setelah diperbaharui, tidak bisa pesan nich Grab,, apakah ada solusinya ?"
,"sangat ramah, mengemudinya baik"
,Aplikasi grab saya tidak ada fitur grab car dan grab bike tolonggg
,sangat membantu sekali aplikasi ini ..sukses trus grab
,sangat membantu ... terlebih untuk orang dari luar kota
,"Aplikasi selalu white screen, payah"
,"Layanan grab express tidak bisa digunakan, sudah komplain via tlp & email blm ada solusi, menghambat pengiriman"" paket online"
,"Udah mulai ngawur apk grab masa mapsnya lari² nggak jelas padahal dulu ngggak gitu, tambah parah grab skg"
,mantap driver super cepat
,Masukan buat grab.. kalo playanan jasa itu yg sabar dong.. orang d bayar juga.. masa belom ktmu titik penjemputan .. kesanya buru2 ..dah gitu ngga tau daerah yg di tuju lagi ... mikirr
,Ini driver nya tolong di edukasi yaaa.. udah menunggu lama main cancel gitu aja !!!! Dan marah marah pula
,"Sy download bbrpa kali knpa gk da aplikasi menu makanan padahal sudah lama pakai grab food, kecewa"
,"tolong dong ini bagaimana ya ovo bermaa terus, saya pesan driver car tetapi tidak jalan"" dan tidak ada tanggapan berapakali sy chat dan tlpn. mau gk mau saya batalkan, setelah dibatalkan dana ovo saya 155rb tidak balik. tolong dong jgn bikin susah orang."
,layanan transportasi terpercaya
,walau promonya aga seret tapi masih tetep jadi andalan sih
,dari dulu gk prnh kecewa pke aplikasi ini dlm armada apapun. Dan ini baru pke lg Krn baru ganti hp
,grab bagus murah dan sangat membantu
,App jelek. Beli langganan paket tp gk bs ikut promo hrs buang2 wkt komplain
,"sy baru download Alhamdulillah bnyak diskonnya, kalo diskon berlanjut sy ksih 5"
,aplikasi cerdas dan tepat
,Baru ini naek greb ... greb nya langsung nyampe ... pdahal baru turun dari greb car ...
,ramah .komunikatif dan tepat waktu
,Isi ovo mau buat byar makan kok bisa setengah jam gk masuk masuk ..lm lm makin gk jelass aplikasi grab ini...gk masuk gk bisa diambil lgi .trus kemana coba uang kita ..
,Udh gak seasik dlu semakin kesini semakin gak jelas jdi bnyak biaya tambahan untuk grabfood
,"lancar ,sopan, tepat waktu"
,ribet pakai aplikasinya. coba buat lebih simple
,"grab pelayanannya ok, nyaman,sangat puas jadi pelanggan grab pokonya the best lah smoga smakin jaya. terimakasih 😊🙏🙏"
,"Gini ya,, saya sudah byr cash biaya tol.. tapi kenapa saya di tagih lagi untuk bayar lewat ovo sm driver nya????? Tolong la admin kasih penjelasan. Msa saya harus bayar 2x????? Klo saya ga klik byr sy ga bisa lagi pke aplikasi grab nya buat pesan grab. Gimna kayak gini niii???? Udah mulai curang parah driver nyaaa udh byr cash tp di aplikasi msih aj di tagihhh"
,ramah dan baik pelayanan bapak ini
,"Kenapa nih pesanan nya di tolak terus, mesen yg lain juga di tolak padahal cara nya udah benar, ini kenapa sih?"
,"Baru coba,,tidak dikasih poin oleh Apk tunai poin...yah terpaksa uninstall"
,grab driver nya sangat cekatan dan baik pelayanannya pada konsumen
,"cepat ,peking higenis ayamnya enak, lain kali pesan lagi di D'crispy kayara friedchiken"
,Pengguna setia grab tapi hanya rasanya akalnya harga mahal dinamakan aja ada biaya pemesanan ada biaya ini jadi harga Jadi mahal merugi ini
,"simple, sangat membantu"
,Apk ini gak benr masa saya pesen grab motor ko jdi yang grab mobil sih!!!!!!!!!!!!!
,sangat ramah driver nya shg nyaman skli perjalananya 😊
,suka banget. sama aplikasinya. sangat membantu.
,"fasilitas lengkap bersih,"
,pelayanan bagus dan cepat responya
,harus banyak untuk lokasi penjemputan
,"Kenapa susah login? Tulisannya ""ups ada yg salah"" itu solisinya apa ya"
,padahal cuma mau pesen makan gw mau bayar pake ovo malah ga keluar kode verifikasinya udh di tunggu 10 menit lebih
,"bagus bagi sy yg kadang"" laper pas tengah malem"
,Banyak sekali promo nya
,Makin kesini makin ngaco aja nih grab msh enak apl sbelah banyak promo. Kalo grab takut bangkrut kali
,"terimakasih Banyak Bang, semoga sukses selamat di perjalanan"
,cpet dan aman dan pengemudi sempurna
,baik dan cepat sampe ke tujuan
,murah dan efisien
,"bagus, mempermudah aktivitas manusia ☺️👏"
,Aku mau daftar nggak bisa bisa gimana sih aplikasi grab nya
,bagus... ditingkatkan lagi pelayanan nya
,pelayanannya sangat memuaskan
,grab memang ok supirnya sopan sampai tujuan dengan selamat
,"alhamdulillah driver nya baik dan sangat sopan,,,"
,"mantap pengiriman aman, amanah dn cepat"
,Murah dan banyak Promo juga. Mantap
,"Baru kemaren pergi ke alamat tujuan, besok nya alamatnya dicari lg ga ada, itu gmna ya ngatasinnya?"
,Di minta update..saya update muter² mulu...ga bisa²
,perjalanan sangat nyaman
,sangat puas pelayanan nya
,pelayanan sangat bagus sekali saya suka sekali pakai aplikasi grab ini
,"sangat cepat,dan sopan"
,Bagus dan cepat sekali
,cepat dan akurat
,"bagus ,tepat waktu dan ramah🥰🥰🙏"
,bagus tp yaa mahal bgt bund
,pesanan cepat dan baik
,Tolong dong masak mesen makan 3 jam baru sampe ini klo orang kelaparan pingsan nunggu nya tolong ya benerin gw kasih bintang 1 nih apk
,sangat terbantu...kemudi nya baik sopan
,sngat cepat dan ramah
,"Mengecewakan, utk jarak 6 km aja dari bandara ke hotel tarifnya sampai 82rb"
,Abang greb ya baik banget... makasih banyak🙏
,mapsnya gbnr kdng kejauhan perbaikin lg mapsnya alamat ya udh bnr tpi mapsnya yg g bnr
,Titik rumah sy tidak sesuai jd penjemputan tidak tepat dan harus menunggu lagi
,cepat pelayanannya dn ramah juga supirnya
,sangat terbantu pengemudinya jg ramah
,"Kebanyakan Biaya ini itu, Buat apa si Apa masih Kurang Ngambil Potongan Dari Driver...? Voucher Gratis Ongkir Tapi Cuma Nama doang kaga bisa di pake dengan alasan kaga memenuhi syarat 🥴"
,"Sumpah pengemudi nya pada belagu bgt sumpah, ngerasa di butuhkan begitu Minus bgt nggk ada bagus² nya mending jgn pake ini dehh"
,kali ini dpt driver nya baik dan ramah 🤗🤗
,bagus lebih murah ketimbang yang lain
,aplikasi paling penting kalo lagi malasan di rumah
,"untuk Grabfood, biaya terlalu banyak macam. biaya pemesanan yg dirasa cukup mahal, biaya parkir 5k padahal motor cuma 2k. sehingga ongkir jatuhnya mahal sekali"
,Sekarang kalau mau pesan makanan ongkir nya mahal walaupun dekat mana lagi ada biaya pemesanan dll🤦
,Sangat membantu dalam kegiatan sehari hari
,"Dear Grab Indonesia, saya mohon untuk ditambahkan fitur ""blokir"" baik bagi konsumen ataupun bagi driver, karena kadang ada konsumen/driver yang suka playing victim dan merasa paling dirugikan jika ada kejadian. Baiknya diblokir agar si konsumen dan si driver gak ketemu lagi serta bisa jadi acuan kalo yang paling banyak diblokir ternyata yang banyak kasus. Disertakan juga alasan/kronologi pemblokiran tersebut. Semoga dapat menjadi perhatian. Terima kasih."
,"Grabcar bandara lama, nunggu 1 jam di titik point terminal 3 belum dpt, padahal pengemudi ada di sekitar bandara."
,Awal² GRAB ku kasih ⭐5 tp skrg kuganti jadi ⭐3 ajah. Baru saja di Update bln lalu koq ini minta Update trus? Emang Kuota & Memoryx GRAB yg isi in apa? Padahal aku pelanggan setia Grab tapi klo begini terus entar ku catut aja GRAB ku dari HP👎 Makin lama makin membagongkan ini GRAB!!!
,lebih gampang cari makanan atau jajanan lewat aplikasi ini...🥰
,ini baru pertama X aq pake Aplikasi Grab..smga Aplikasinya ga selalu minta update..kyak Aplikasi Ojol lainnya ..biar betah pake pelayanan Grab ya
,sungguh sangat membantu banget mau kemana aja jadi mudah banget..👍👍
,"kenapa baru masuk langsung dibekukan akun ku??? aku laper banget padahal, kerja ga boleh keluar malah akun dibekukan"
,"Hari ini sy order grabcar bwt s nenek lg sakit. Disini emg lg macet soalnya long weekend kebetulan daerah Lembang Bandung jg. Aga lama, padahal estimasi di apk nya 5m nyampe titik jemput. Drivernya udh ku chat udh dibaca tp ga di bls. Pas sy liat gps dia tuh malah makin jauh dr titik jemput, estimasinya jg malah makin lama jd 15 menit dst. Sekiranya gmw sm g sanggup tinggal bilang aja di chat, bs sy cancel kok. Drpd kasian nenek sy nungguin hampir sejam cmn buat driver g jls ky anda: Rian Sopian"
,"Sudah 1 thn petanya kacau. Map gak nyambung. Sekarang gak bisa dibawa cepet utk keperluan yg mendesak, kalo order dpt drivernya terlalu jauh. Kita sering kelamaan nunggu. Stlh sampe aplikasi nyuruh jgn sampe driver nunggu terlalu lama."
,"Aplikasi gimana si map nya galengkap. Ngaco gasesuai titik gak ada nama. Dicari ga bisa di pin ngaco, ditambahin manual gabisa .."
,Supir nya pd belagu.. sdh nyangkut di cancel mulu . Seenak2 nya supir nya. Kl g mau nyocol mah ga usah di terima.. apk g bersahabat. Saya kasih bintang 1 biar kapok
,"Aplikasi error, map untuk menentukan titik lokasi penjemputan bergeser, apalagi kalo pesen makanan. Pengalaman pesen makanan mapnya geser, saya di maki maki sama driver gara gara map geser, apalagi pas pesen grab bike, map titik penjemputan sering geser, sehingga driver tidak menemukan saya. Perbarui aplikasi lagi terutama di bagian map, Terpaksa saya pindah ke indriver walaupun drivernya lama tapi titik penjemputan real gak nyari-nyari lagi lokasi saya."
,Kenapa selalu white screen ? Padahal selalu update
,sesuai pesanan Terima kasih banyak tidak sia sia beli di warung ini 🙏
,untuk pelayanan sangat baik & puas terima kasih
,Tolong dong dibenerin sistemnya loading terus dan lama dpt pengemudi ampuun bikin jengkel
,"Grab makin kesini dikit2 d suruh update, mana ga bisa d pake lg klo ga update dulu. Gimana kalo orang yg hp nya mudah penuh ribet harus hapus aplikasi lain dulu. Klo ga update biarin aja bisa d pake gitu. Kalo yg sebelah mah aman2 aja ini kok dikit2 update pusing deh 😔"
,"Titiknya tidak pernah pas, padahal sudah digeser pakai mapsnya"
,"Selama saya memakai jasa grab, sopirnya gak ada yang ramah, mohon maklum di kondisikan ya"
,"Minus cuma 1: Nggak diberi notifikasi dilarang melintas, sewaktu melewati perlintasan KA, ketika perlintasan KA tersebut sedang dilalui oleh KA. Ket: Elingo cok, udah 2X driver ketabrak KA, yaitu di Karawang ama Mangga Dua"
,kalau bisa harus smua nya driver online nya pada ramah dan santun
,"haduh mau psen makanan trs dianter ke rumah g bisa malah tulisannya hanya tersedia ambil sndiri, sdngkn gnti alamat pke alamat sekolah bisa, apk sblh aja bisa walaupun jaraknya jauh sm restoran masa apk ini ga bisa"
,Kok verifikasinya ga keterima trs padahal pake akun lama + udh ngikutin semua
,"Nggak tahu si makin kesini aplikasinya jadi makin berat, dikit2 update pembaruan. Tapi saya ngerasanya kok masih sama kayak dulu aja upgradenya nggak terlalu signifikan. Untuk masalah pencarian lokasi masih kurang akurat. Kadang titiknya sudah disesuaikan dengan lokasi saat itu tp pas drivernya nyampe kejauhan. Alhasil kita suruh nyamperin soalnya sudah sesuai titik katanya . Padahal jelas2 driver dan titik lokasi penjemputan masih jauh"
,"kenapa gak dari dulu aku pakek grab nyessel deh karna banyak banget promonya dan promonya setiap saat setiap waktu, terimakasih grab promo2nya sukses selalu yaaaa"
,"Pertama kali pake ni app udh kesan buruk , masak gw hrs nunggu 20mntan padahal di layarnya teryera 11 mnt akan sampai, trs mana di map ga jalan jalan ngga tau apa sini lg buru buru"
,"Iklannya sangat mengganggu (iklan yg tayang ketika order grabbike). Hampir setengah layar terpakai untuk iklan. Sangat mengganggu ketika order, apalagi di situasi saat belum bertemu dengan driver. Mau zoom map dan lokasi driver tapi terganggu dengan iklan yg memakai hampir setengah layar."
,Sangat membantu sekali aplikasinya apalagi sekarang musim hujan
,nyaman dan ramah
,mantab sekali ini aplikasi ngga usah pada beli motor dan mobil dan cukup ngGrab aja haha
,baik dalam urusan pesanannya dan pengaturannya
,Cuaca terang benderang suhunya sampe 33°C tapi di apk ujan terus harganya 2x lipat lagi tolong dong
,"Byk driver grab foodnya parkir semua di dpn ruko sy sampai pintu rukoku ga bs sy buka krn penuh dgn motornya mrk selama 2thn akhirnya sy pindah rmh,krg ajar,galak. lapor di kantor grab pusat dan mks ga ada gunanya,tdk di respon selama 2thn."
,service cepat dan Ramah
,"Terkadang suka kecewa sama driver grab mentang mentang saya gatau jalan nurunin ya ga sesuai tujuan, dan baru pertama kali kesana dan gatau tempat ya tlong dong kalo ganiat jadi driver gausah boongin orang dan nurunin ga sampe tujuan 👎👎👎👎👎👎"
,"Aplikasi yang sangat bersahabat yang sangat dibutuhkan pada saat lapar, gak ada transport buat jalan, lagi malas mau keluar dari rumah. 👍👍👍"
,"Sinkronasi dengan ovo lambat, padahal saya sudah top up ke ovo, tetapi di grab nya tidak masuk saldo masih 0, pelayanan juga tidak 24 jam jadi tidak bisa komplain."
,"Mantap banget aplikasinya sangat membantu & memudahkan pelayanan untuk keperluan apapun buat seluruh mitranya.."" sukses terus grab 👍⭐⭐⭐⭐⭐"
,"Pesanan sudah dikonfirmasi oleh pihak restoran, tapi mitra grab tidak ada konfirmasi sehingga tiba tiba pesanan dibatalkan, padahal sudah menunggu lama, dan ini terjadi berkali kali"
,"pengemudi ramah dan sopan, cepat"
,baru pakai aplikasi ini tapi ini sangat membantu..terimakasih grab
,"Maaf kk waktu sy login ternyata sy salah masukin kode pas kesempatan ketiga no sy gk bisa kepakek, ini kyk mana ya kk?"
,"Aplikasi, fitur dan sistem pelayanan terupdate mudah dan praktis untuk semua kalangan. Siapapun jadi gk perlu bingung kalau misalkan lg gk bawa kendaraan sedangkan tempat destinasinya gk bisa d jangkau dengan transportasi umum. Sistem pembayaran yg variasi juga memudahkan customers dalam segala kemungkinan."
,sangat membantu di saat darurat untuk keluarga saya yg tidak punya kendaraan pribadi dan Alhamdulillah selama ini dapat driver baik dan sopan dan kendaraan nya bagus dan bersih. tentunya karena sblm pesan tidak lupa berdoa yaa🤗 thank u grab👍
,"Grab taxi solusi gak mikirin parkir, gak pegel macet, badan lagi capek , lagi gak punya supir, yg nganter sekolah lagi pada sibuk, mobil lagi dipake ayh atw mobil lagi pinjem,qta sedang buru2 bensin hampir abis kudu ke pom bensin bisa tambah telat, lagi ada promo jd lebih murah naik grab drpd pake mobil sendiri, keenanakan jd serba grab"
,grab terbaik. lebih update dan upgrade makasih grab ❤❤
,"Bener tarif lebih murah banget untuk dalam kota tapi banyak driver yang tidak mau jemput,kalau begini tatif normal aja lah jangan bikin promo murah tapi susah ordernya"
,Menu di aplikasi grab punya saya ga ada pilihan untuk pesan mobil ataupun makanan.iki piye
,sulit untuk konfirmasi ke driver nya dan terkadang suka di cancel tanpa konfirmasi alasan dari driver nya
,dr 2018 pakai grab lebih nyaman di banding aplikasi lain trima kasih
,bikin nyaman dan pelayanan mantap
,bagus sesuai dengan ke inginan
,Bagus dan daftarnya mudah
,"fitur keamanan sudah tersedia, alamat tersimpan mempermudah memilih lokasi, cara komunikasi dgn driver jg mudah, paket berlangganan yg terjangkau, dan jg banyak kode promo nya.. tinggal poles-poles lagi di grabfood, grabexpress, dan grabfresh nyaa.. bisa di tambah fitur dan menu tambahan yg lbh mempermudah pengguna.. kalau bisa ada pelatihan untuk driver supaya mereka bisa bersikap baik dan ramah seperti pramuniaga.."
,"Pada dasarnya aplikasi bagus, banyak membantu. Cuma tolong diperbaiki pada map/peta lokasi, seringkali no rumah tidak ada/terlompati, jadi sulit menentukan titiknya. Tlg map dibuat lebih presisi spt yg ada di google map."
,"Gak bisa nentuin titik jemput ataupun titik tujuan yang pas di map nya, hanya bisa memilih titik terdekat yg sdh ada di sekitarnya.. jadinya mesti mengarahkan driver lagi, kan males menguras energi lagi.. harusnya cuma bisa bilang ""sesuai titik aja"" gitu kan enak"
,"Overall Lebih bagus dibanding aplikasi tetangga..,Tapi tolong dong,jika driver meng cancel perjalanan..,mohon diberika NOTIFIKASI,agar customer tidak lama menunggu dan bingung juga,saya sudah sering alami masalah yang satu ini..,mohon diperbaiki lgi..,tpi selain itu..alhamdulillah bagus kok.. gak ada kendala yang saya rasakan selain tadi,Terus tingkatkan lagi GRAB!! 🖒"
,"Sangat membantu, tinggal nunggu udah ada depan rumah. tapi sayangnya, terkadang alamat di mapsnya gak lengkap. Jadi agak sulit kalau nyari alamat yg ditujuh. Terkadang nyari titik terdekat juga sulit. Kadang drivernya marah kalau tidak sesuai titik atau terlalu jauh dari titik. Jadi tolong mapsnya di perbaiki lagi."
,"Sistem navigasi belum bisa membaca dinding / tembok, sehingga sering dapat driver yg posisinya dekat dgn posisi sy, tp karena terpisah oleh dinding / tembok, sehingga utk sampai ke posisi sy perlu jalan memutar yg jaraknya sktr 3 km dan jalanan padat. Jadi nunggu drivernya lama sekali. Klo sy cancel, sy kena hukuman...."
,"Saya kesulitan untuk mencocokkan map. Saat sebelum order, map sesuai titik, tapi ketika dalam pengantaran, titik nya selalu bergeser. Gk bisa lihat map kalo driver belum dalam mode pengantaran pesanan. Sedikit menyulitkan sih ini. Mungkin bisa diperbaiki. Terimakasih"
,"Maaf kasih bintang 1.. ini sudah pengalaman ke sekian kalinya.. secara applikasi sangat baik, pelayanan juga baik.. tapi sistem pembayarannya kurang memuaskan. Sy sering membayar via OVO.. dan sudah beberapa kali sy membayar lebih dari harga yg tertera di applikasi. Jika ada pembayaran tambahan seperti parkir, sy rasa baiknya konfirmasi ke costumer. Krn ada oknum2 yg bisa lgsg potong tambahan meskipun sebenarnya tidak ada biaya parkir dsb.. Tolong untuk grab di perbaiki sistem pembayaran. Thx."
,"Untuk titik tujuan nya tolong di permudah, jd gausah selalu harus di tulis di papan pencarian tujuan, itu sangat menyusahkan pengguna yg alamat nya tidak ada, kalau bisa di tap aja di map nya biar lebih akurat. Ujung-ujung nya para driver slalu tidak pas di titik penyelesaian dan para pengguna beralih ke aplikasi kompetitor.."
,"Fitur telepon grab, ditambah dengan suara atau hp getar. Bisa di non aktifkan busa diaktfikan juga. Fungsinya, untuk orang2 sibuk, maka bisa diaktifkan supaya saat grab dekat kita bisa lebih aware. Untuk orang2 yang senggang bisa di non aktifkan, agar tidak mengganggu masa2 senggangnya. Terima kasih"
,"Ini ulasan k2. Sebenernya kalau mau kasih ulasan itu bisa beberapa kali nih. D buat kecewa sama gak ngerti sama aplikasinya!😏 1. Promo diskon 90%, tapi kaya dapet cuman 20/40% aja d beberapa nama kode promo. 2. Maps Kenapa sering dapet driver d maps itu deket. Tapi kalau d pantau terus, kadang suka berubah"" posisi. Malah kadang makin jauh dari titik penjemputannya🤦🏻 3. Driver Kadang suka kurang memuaskan dalam menjemput atau mengantar!‍"
,- GPS di grab kadang tidak sesuai dengan posisi kita sebenarnya. Berbeda dengan gojek yg gpsnya tepat - tidak semua lokasi jemput ataupun tujuan ada nama alamatnya. Jadi tolong tambahkan fitur untuk bisa memilih alamat dengan peta langsung seperti di aplikasi gojek. - aplikasinya tidak user friendly. Tolong ditingkatkan demi kemajuan grab.
,"Sering pakai aplikasi Grab, tetapi sayang sekali sering merasa sangat kesulitan untuk menentukan titik lokasi di peta.terutama untuk grabcar, mau nya titik nya dititik hijau, padahal yang dituju bukan yang titik hijau yang disarankan oleh aplikasi. Berkali2 digeser tetap tidak mau. Mohon tolong di perbaiki dan tingkatkan kembali ya. Biarkam konsumen yang memilih sendiri titik nya. Seperti aplikasi sebelah."
,"Terimakasih grab, aplikasinya sangat useful. Hanya saja ada beberapa hal yg perlu diperbaiki. Driver yg datang tidak sama dengan driver yg muncul di aplikasi. menu aktivitas tidak dapat menampilkan posisi driver (maps nya seperti force close di versi 5.54 ini. opsi lokasi penjemputan dan tujuan sangat sedikit, sangat menyulitkan penggunaan untuk penentuan lokasi. Edit : Pelayanan tdk membaik, driver sgt sering mengcancel (grabcar). Malah ada yg sdh sampai tp cancel krn driver ingin lewat tol."
,"sudah bagus, aplikasi yang sangat membantu tapi ada yang perlu ditingkatkan lagi yaitu untuk titik penjemputan dan titik tujuan selalu geser, tidak bisa pas..membuat para driver bingung saat penjemputan dan pengiriman..semoga grab semakin sukses"
,"Titik maps pada hilang. Harus 2x kerja tentukan titik sambil buka google maps. Sangat tidak nyaman dan wasting time cm buat menentukan titik (grab express) Paling baru, gak bs buka aplikasi buat beli pulsa. Loading terus gak brenti2. Sangat mengecewakan"
,"Dulu sangat membantu. Sekarang setelah pembaruan malah tidak bisa masuk, berhenti di layar utama dan masih menunggu dengan tulisan "" aplikasi kamu akan siap setelah beberapa saat"", setelah bener saya tunggu beberapa saat ( sampe 1 harian full), bener bener ""beberapa saat"" yang mengganggu kemudian saya coba buat hapus cache dan data, restart aplikasi,baru bisa masuk..tetapi besok harinya lagi, seperti itu..capej kan setiap buka aplikasi harus ""clear cache dulu. terima kasih Koneksi stabil lho ;)"
,"Semakin lama gajelas , suka tiba tiba restonya hilang , atau suka tiba tiba ""diluar kawasan pengantaran"" padahal jaraknya cuma 2 km . Giliran dicoba di resto yg 7 km malah bisa . Lucu banget makin kesini , kirain karna belum diupdate aplikasinya , gataunya setelah di update malah makin kacau."
,"Saya sering pesan grab karna sangat membantu, tapi kadang maps nya sering gak sesuai.. padahal alamat yang saya ketikan adalah alamat saya tapi titik pengantaran/penjemputannya sering tidak sesuai, pernah titik pengantarannya jauh sampai drivernya ngomel gk sesuai titik blablabla.. itu kan bukan salah saya kalau titik tidak sesuai padahal alamat yg diketik benar"" alamat saya asli. Tolong diperbaiki lagi! Trims"
,"Grab,salah satu tranformasi mandiri yg sangat di butuhkan oleh masarakat menengah ke bawah,karena taripnya yg sangat murah,mudah pemesanannya hanya beberapa menit,dan yg terpenting sangatlah baik dari segi pelayanan,untuk keperluan kulinerpun sangat mudah dan tercepat selamasaya menggunakan aplikasiini tks"
,"aplikasinya berat ketika dibuka sangat lama, kalau jaringan tdk stabil sangat sulit digunakan dan menyebabkan hp menjadi mudah panas, hal ini bisa dibandingkan dengan aplikasi gojek. Ketika saya instal kembali ternyata tetap sama, ketika akan masuk ke akun lama yg didaftarkan dg no telpon selalu kembali pada halaman verifiaksi no ke pesan, sementara untuk melihat no verifikasi harus buka pesan dahulu karena tidak otomatis. Akhirnya membuat akun baru. Mohon diperbaiki lagi aplikasinya ya developer"
,"akhirnya mapsnya lebih detail daripada sebelumnya, aplikasinya juga nggak perlu sering diupdate. Edit: tolong tambahkan fitur pengenal untuk customer yg bule dong. Biar mereka lebih bisa dimaklumi kalo nggak bisa angkat telpon ato balas pesan."
,"Akses transportasi lebih mudah & cepat, terkadang alamat tidak sesuai dengan di google map. Di samping itu beberpa kali pada saat akan di-update tidak bisa, pada play store ada keterangan tertunda terus. Stelah dicoba uninstal & di-instal balik sama saja. Yg muncul hanya tulisan tertunda"
,"User interfacenya bagus dan simpel, tapi sayang user experiencenya kurang menyenangkan. Pertama, sering lag/stutter yg tidak jelas. Kedua, tidak ramah dengan navigation bar. Navigation bar ini vital bagi device yg tidak ada harware navigation button. Tolong tingkatkan."
,"semakin hari aplikasi semakin memburuk, setiap hari buka aplikasi grab selalu ada bacaan ""Aplikasi Grab Tidak Menanggapi"" & pada saat ingin membalas pesan dari driver tiba - tiba touchscreen tidak berfungsi (keyboar tidak muncul) di back juga tidak bisa. tapi ketika saya coba untuk balas pesan di aplikasi lain touchscreen berfungsi & keyboar pun bisa muncul, buka aplikasi lain pun lancar tidak lemot (tidak ngelek/error). padahal sudah di perbaharui Aplikasi Grab nya, jaringan bagus.IT nya Payah!"
,"Tolong dong untuk Maps nya di update lagi . Ga sesuai titik. Kecewa banget!!!. sudah atur Maps nya ,Tapi ga sesuai titik juga . Abang grab nya gamau disalahin, jadi saya yang kena, Dri sistem tolong di perbaiki terutama Maps nya!!. Nunggu grabfood 1jam lebih. Padahal lokasi Deket . Semua nya jadi yang disalahin saya, dikira salah alamat. Saya sudah atur sesuai titik saya! Bahkan saya kasih patokan2nya."
,Aplikasinya bagus membantu banget buat yang malas bawa kendaraan atau bahkan yang gak punya kendaraan. Pelayanan masih nyaman dan oke. cuma saja akhir-akhir ini map suka gak sesuai sama titik. sering pesan dimana eh titiknya dimana. tolong buat grabnya ya map diperhatikan lagi karena kadang bingung jadi salah pesan.
,pendaftaran mau menggunakan aplikasi ini sangat sulit' hampir setengah jam otak atik gak bisa daftar' pada hal saya lagi butuh x jasanya' tapi ternyata tak seperti yg di bayangkan..gak berguna' sulit masuk dan susah di gunakan/gak jelas..
,"Pelayanan antar jemputnya sudah bagus, para drivernya juga ramah . hanya saja di maps tujuan lokasinya tidak menjangkau titik semua, seperti rumah saya . kasihan drivernya sering dapat peringatan karena titiknya tidak sesuai, padahal maksut penumpangnya ketika menempatkan titik tujuan lokasi itu mencari yang terdekat dari rumah dan ada di maps nya . semoga semakin ada perbaikan, sukses selalu grab hebat ."
,"Sebaiknya fitur auto recently location order dihapus saja. Saya beberapa kali salah posisi saat pesan, sebab secara otomatis aplikasi mengisi lokasi saat pesan sebelumnya, bukan lokasi saat itu saya pesan. Seringkali tidak enak dengan Driver, dikira mempermainkan mereka."
,"Aplikasi sering memberikan arah/tempat yg salah, memutar lebih jauh. Aplikasi sering menghabiskan poin reward saat pengguna membatalkan keberangkatan sebab masalah teknis ( mitra supir terlalu jauh lokasi, salah lokasi, dll), cs tidak memberikan solusi praktis hanya jawaban standar . Begitu juga layanan via email dijawab oleh Bots. Sampai detik ini saya sudah kehilangan 3000 poin reward"
,Tolong di perbaiki kembali. Terkadang posisi penjemputan tidak sesuai dengan maps. Itu yang menjadi hambatan kepada driver ketika menjemput custaumer terlalu lama & titik tujuan terkadang tidak lengkap dengan maps.
,"Kasih 3 ajalah untuk update terbaru karena malah makin mempersulit, bukan mempermudah. Kalau dulu meskipun beda kota, tapi bisa kalau mau cek/mesenin makanan meskipun cuma nyebut nama tempatnya (mall/hotel/resto). Setelah di-update, malah jadi gak bisa. Harus ngetik area kotanya dulu & alamatnya sejelas²nya.. Males banget.."
,"Aplikasinya suka error, tbtb force close pdhl sudah di update terbaru, sering susah menentukan titik dan nama jalan suka berbeda antara asli dengan maps di grab, susah untuk melihat lokasi driver dimana karna cukup sulit untuk menggeser2 maps, mohon kinerja aplikasi ditingkatkan lagi. Kasian nnt orderan menurun hanya karena kinerja aplikasi yang buruk"
,"Seputar grabfood. Ketika memasukkan nama resto yg diinginkan contoh ""warung pakdhe"" kenapa resto yg dicari tidak langsung muncul diposisi teratas? Terus ketika ingin cari resto yg terdekat kenapa yg ditampilkan resto yg sedikit lebih jauh, padahal yg lebih dekatkan ada. Mungkin bisa ditingkatkan untuk kedepannya. Semangat...💪"
,"Semua oke, kecuali pas nentuin titik di Maps. Nyebelin banget, pengennya sesuai di titik rumah eh malah pindah-pindah mulu titik nya. Dicoba berulang kali tetep aja gak berubah, jadinya titik maps gak bisa sesuai."
,"Setelah update malah makin ribet dan banyak bug, pertama tidak bisa make voucher yang ada padahal biasanya bisa-bisa aja, terus gambar pengemudi dan chat pengemudi serta makanan tidak muncul-muncul, dan terakhir pas saat mau tracking pengemudi kursor layar buat nampilin pengemudi hilang-muncul-hilang-muncul...😔"
,"Selalu mau pergi, jalan atau makan pasti pakai grab. Tapi akhir-akhir ini mapnya tidam pas sama titik lokasinya. Suka salah lokasi dan buat jadi lama semua perjalanan atau pesanan yang ada, dan parahnya titik lokasinya harus di daftarkan dulu baru bisa pas. Tolonglah jangan makin down grade kualitas grab"
,"Maps nya dungu, tidak reliable utk kiriman express. Digeser ke titik yang benar selalu geser ke titik lain. Ketik alamat manual sering tidak bisa untuk nunjuk titik jalan utama, hanya bisa di notes. Wahai grab, driver anda selalu ngomelin kami customer kalau titik antar beda, padahal yang ngaco itu maps anda."
,"Lokasi selalu geser, ga pernah pas. Bikin lama dan buang waktu untuk chat driver, menjelaskan lagi detail lokasi, di pantau terus (karena kalo driver nya nyasar ada beban di kita, di sangka salah titik padahal aplikasi itu sendiri) Udah jelas saya di lokasi A, ga bisa di cari lokasi A di pencarian bahkan di arahkan manual maps nya di lokasi A pun ga bisa. Catat yaa, selalu geser lokasi nya. Bukan sekali dua kali, bikin lama"
,"banyak promo, kalau ada masalah cepat selesai, cuman kadang2 eror dan susah dapat driver.. tapi ngebantu banget.. waktu ke spore juga pake grabcar, jadi lebih hemat dibanding naik taksi tentunya.. terima kasih grab.. i adore you.."
,Semoga bisa isi ulang nya pake m banking kebanyakan aplikasi kalau harus download mulu
,"Koneksi sngat bagus apps lain aman2 aja nah ini, load image aplikasinya kyk siput"
,driver terbaik dan sangat friendly recommended bngt
,"Overall ok banget, tapi titik lokasi sering geser jadi drivernya sering marah karena ga sesuai titik."
,Saya sangat jarang menggunakan atau buka aplikasi grab.. saya download takut sewakut2 tiba mau pake jasa grab... tp tiba2 saya cek ternyata selama ini grab memotong saldo ovo dengan alasan langganan grab padahal selama ini saya sdh lama ga buka grab kenapa tiba di potong saldonya TANPA psmberitahuan dan persetujuan dari saya.. kl saldo ovo maka pemotongan juga gede.. sangat amat kecewa ini dgn grab..
,Pesenan grabexpress shopee di cancel terus sampai 4x cancel barang. Tolong di atur lagi sistem ojol biar gak pada belagu pick up pesenan
,inovasi dong buat opsi pilihan perjalanan tol atau umum.
,"terimaksih sudah membantu perjalanan syaa dengan grab saya bisa ketemapat tujuan walaupun blum pernah sma sekali ke lokasi tersebut dan sering2 yha ngasih promo pak grab, sekali lagi terimakasih pak grab😭"
,"apply awal pke voucher, ditunggu sampai 15 menit driver tdk jalan menuju lokasi. Saya cancel alasan waktu penjemputan lama, voucher saya hilang. Selain rugi voucher hilang, waktu saya juga terbuang apalagi sedang buru2"
,"Mohon diperbaiki sistemnya, mau update susah banget. Padahal memori masih banyak, mau pake wifi atau paketan sinyal full tetep ndak bisa diupdate. Udah berkali-kali update gagal terus. Padahal udah langganan pake aplikasi ini 😔. Perlu di uninstal trus download lagi apa gimana ini pihak grab?"
,"Dengan grab, gak perlu nunggu lama, semua menjadi mudah..... Semoga kedepanx gak cuma di kota tp juga bisa akses dari daerah pinggiran. Sejauh ini, kita kalau pergi ke daerah pinggiran kota, mudah aksesnya tapi kalau balik pengemudinya gak terjangkau."
,"Tolong lahh untuk pihak grab kalo resto yang non halal sertakan bacaan non halalnya, karena kita di Indonesia ini ada yang umat muslim nya"
,"ketepatan waktu, layanannya bagus"
,"Sangat kecewa dengan grab, promo makanan murah tapi ongkirnya dua kali lipat. Dasar sialan, nyesal saya Makai aplikasi ini"
,"Sorry deh gue Uninstall appnya gue gak tau BUG atau apa, masih tetep gak bisa mesen Grabfood dari kemaren karena ""Pembayaran Ditolak"" teruss, dan udah nyari-nyari masih gak nemu Solusinya."
,aplikasi nya bermanfaat dan kepakai kalau lagi keluar kota aj dan sangat membantu
,sangat membantu untuk perjalanan kemanapun
,Waktu pengiriman pesanan grabfood semakin lama delaynya tdk sesuai janji karena grab selalu memberi driver double order beda resto dan beda jauh arah pengiriman
,"Kenapa alamat rumah saya jadi tidak bisa ditag di aplikasi grab ya, padahal sebelumnya bisa dan sesuai titiknya, beberapa waktu belakangan jadi berubah. Maps di grab tidak sesuai aslinya, padahal di gmaps sudah tertera."
,Perjalanan nyaman dan enak sopirnya
,sangat membantu dan memuaskan pelayanan nya
,"Bagus, Sayangnya Untuk map masih sangat kurang baik untuk menunjukkan alamat/titik lokasi yang dituju ( Secara Manual/ langsung mencari juga susah menentukannya) digeser ke titik yang pas malah Geser ke lainnya, Aneh aneh, Semoga cepat di Up ke lebih terbaik."
,"Bagus banget dengan adanya aplikasi ini mempermudah dan sangat membantu untuk kita yang gk ribet,buat pesen trasnport grab/car lancar2 aja,makan pun juga jadi lebih mudah Untuk minesnya si sering bgt di update tpi untuk reting ya 8/10 deh✨"
,Tolong dong di menu grab ada layanan yang namanya layanan operator 24 jam untuk konsultasi masukan atau aduan buat masukan peguna jasa.
,"Sekarang mahal amat si ongkir nya, buat anak kos kek saya kemahalan itu ongkirnya grabfood bukannya mempermudah malah bikin bangkrut, jd mls pake grab skrg"
,"buruk alamat yg di tulis tidak sesuai dengan titik penjemputan, sudah gitu motor supirnya minta uang lebih karna tidak sesuai titik, padahal yg salah aplikasinya ini karna pindah lokasi titik yg dipilih atau ditulis."
,"Bagus banget aplikasinya,, tp promonya agak lamaan dikit dong. Jgn sering"" d update apalag klo promonya cmn itu sj"
,"Overall udah okey, tapi akan lebih baik kalau saat mau pakai grab express, waktu memasukkan alamat yg dituju, ada tampilan mapsnya juga selain nama daerahnya saja. Jadi pengirim maupun penerima bisa memastikan kalau benar itu tujuannya. Karena nama jalan itu banyak yang kembar, dan kalau cuma tulisan tanpa tampilan mapsnya bakal buat rancu aja. Dan gara² ini, saya udah beberapa kali salah memasukkan tujuan karena nama jalan yg sama 🤦🏻‍♀️"
,kok grab penghemat harganya suka naik bkn turun harganya..
,"aplikasi bagus, tp beberapa tempat tujuan yg biasa saya datangi hilang ga tw kenapa. dan ada tempat tujuan yg belum tercantum dalam map. semoga sya beri bintang 5 bisa dengan cepat utk fix masalah map. Sedikit masukan, gimana kalau penumpang juga diberi rating bintang dari 1-5. masa cm driver doank yg punya bintang. jd kalau sama2 memberi bintang sepertinya terjalin rasa saling menghargai. mungkin nantinya bintang utk penumpang bs menambah poin, poin respect, atau menjadi catatan antar driver."
,"not bad lah, paling engga layanan nya lumayan membantu"
,"Mantap banget pakai grab ini kalau lagi pengen makan tinggal pesan aja menunya bervarian, pengantarannya juga nggak terlalu lama 👍👍"
,"praktis dan cepat, mantap"
,Bagus dan membantu perjalanan
,"G jelas nh , Resto tutup masih bisa confirm terima pesanan Alhasil malah jadi ribet Padahal udh nunggu lama"
,Hadoooh susah bgt cancel pesanan truss gabisa chat resto kalo mau ubah pesanan
,"driver sopan, mobil bersih, pelayanan oke"
,"untuk pelayanan alhamdulillah selalu baik, tetapi harga masih lebih mahal dibanding yg lain... semoga makin banyak n makin sering promonya"
,"Baru terupgrade aplikasi nya , tiba² alamat rumah dan kantor dipeta hilang semua. Sangat menyusahkan pilih titik dipeta buat lokasi tujuan, sll tdk bisa sesuai titik lokasi yg di inginkan. TOLONG DIPERBAIKI APLIKASI YA !!!"
,"Harusnya kalau pesanan masih dalam proses ""pesanan mu sudah terima"" itu bisa dibatalkan karena belum dibuat grab oh grab, itu 3dtk dikasih cpt bgt"
,"driver sangat ramah,,,,jemput nya pun tepat waktu"
,"Sedikit keluhan tidak semua lokasi y ada digoogle map masuk ke grab, beda dengan aplikasi sebelah semua masuk"
,"Saya bingung setelah update,cari fitur perjalanan malah gada,hilang Jadi mau pakenya gmn??? Koq malah Ribet gag semudah dulu ???"
,"sangat membantu, crew nya ramah juga"
,seemakin meningkat ni apk lebih mudah cepat cocok buat drmh yg gabut
,"Beli Thaitea malah di Transit ga konfirmasi, keburu ga dingin woy"
,"Knp disaat laper gini aplikasi susah bgt buat pencet order, udah lama langganan di grab baru kali ini ngalami eror kaya gini. Mohon diperbarui lagi aplikasinya"
,Pelayanan cukup ramah dan pelayanan yg sepenuh hati
,"Metode pembayaran tidak didukung terus padahal saldonya udh banyak, bahkan saldo di akun sebelumnya sampe hangus karena gak bisa login lagi"
,"saat memilih peta, Maps nya membingungkan, dan banyak yg tidak bisa dititkan pada lokasi semoga segera diperbaiki"
,Makin kesini makin serem aja nih grab... Driver cancel sepihak... Salah kasih titik driver ngamuk...
,"waktu pengantarannya sangat cepat,terimakasih🙏"
,driver bagus dan ramah
,Woyy !!! Kalau buat iklan ngotak sedikit dong ! Masa iklan kalian muncul mulu di layar hp gua ! Malas tau !
,Tikatkan promo dan kualitas agar castamer terus nyaman dan senang dan berikan driver yg terbaik jangan buat driver kecewa dengan ada nya argo yg kecil terimakasih
,"Perbenahi lagi mapsnya, saya sangat-sangat kesulitan menentukan lokasi penjemputan karena lokasi tidak akurat.."
,"Mantap sih ada nyaa grab ini membantu banget, minim ongkos karna sesekali dapat promo, menghemat biaya perjalanan👍"
,"Ovo cash unavailable.. padahal dah topup byk dan keburu buat perlu. Udah baca di pusat bantuan, perasaan gada yg salah. Tapi ttep gaisa dipake, gimana sii..."
,pengiriman kode konfirmasi ke nomer hp saat pembuatan akun sangat lama bahkan sudah dicoba berkali kali tetap tidak dikirim kode konfirmasi nya
,Elokk aplikasi grab ni di padam sudahhhhh.. Macem haram ode grab nak mampusssss..dh tak ada driver nak keja di grab bagus bubarr sudah..susah sekarang grab..sangat teruk.
,"Gimana sih ini titik alamatnya selalu salah gini,jadi saya yang disalahin drivernya ngaco deh bukan ini aja Tadi saya pesan makanan online udah se detail mungkin nulis alamat sama nomor kamar nya saya suruh antar ke hotel kamar nomor 336 ehh ojol nya bilang kamar 35 gimana sih inii"
,Bisa memperbaiki kualitas layanan dengan kualitas driver
,"perjalan dengan grab car menyenangkan, dan nyaman #"
,yg pasti perjalan nyaman terkendali mpe tujuan..pokoe wokeh...grab..
,"Drivernya baek,ramah dan tepat waktu"
,"kok icon mobil sama motor ngk muncul diberanda? cara munculinya gimna? beda banget sama yg dulu, kenapa grab tambah ribet yah."
,Instal trus .. Giliran sudah di instal muter muter gk kebuka gambar
,sangat suka dgn promo2 nya tp sayang terlalu byak kode jd bingung
,"grab adalah transportasi andalan saya selalu sedia kapanpun tp sangat di sayangkan tarifnya naik, banyak kupon diskon gak bisa di pakai pada waktu jam 05.00 pagi"
,Tolong perbaiki dan update lagi sistem grabnya. Bener2 diperbaiki. Karena aplikasi sering error. Orang mau pesan makan atau pesen kendaraan sering muncul halaman putih. Masa iya harus install ulang terus
,kepingin sering olahraga tapinya gampang capai karena pernah operasi hernia
,"1 bintang cocok krna mw daftar aja susah banget gak bisa2,sekalinya bisa mw pesen mknan gk keluar2,pas keluar aplikasi suruh daftar lg,dftar lg gak bisa2,mohon dperbaiki aplikasinya"
,"posisi lokasi tidak sesuai, hadeh"
,Makin parah makin gk jelas grab skrng .pesan grab food malah gk ada respon driver nya .tolong di perbaiki lagi sistem nya.saya 3x pesan makanan telat trus malah gk ada kabar dri driver nya
,Rata2 menyenangkan dg driver2 yg komunikatif... tp pernah jg dpt driver yg minta tambahan krn menurut si driver tidak sesuai dg tujuan ... mis: hny menyebut nama perumahan tanpa blok /no.. NOTE : sebaiknya aplikasi lbh bagus/diperbaiki sbg saat pelanggan mengetik alamat bisa sesuai dg tujuan bukan mencari titik yg terdekat (hal ini yg sering terjadi)
,"grab nya yg terima orderan sy ok, tp sebelumnya driver grab cancel tanpa pemberitahuan sama sekali. minimal kalau mau cancel ya ngomong dulu"
,tolong aplikasinya d perbaiki lagi.jadi lebih baik posisi rumah saya masuk gg tapi ggnya agak besar tapi klo d titik mau order sekarang tidak bisa akurat.tlong perbaiki lagi.klo pesan makanan suka susah cari alamatnya drevernya.beda kaya dulu klo order pasti pas alamat sama titik antarnya.perbaiki tolong saya pengguna setia grab.grabkeun kode promo..
,"Sampah, masa yang dilihat yang terdekat malah muncul yang jauh2, saya mau mesan yang terdekat biar sampai lebih cepat. Lah ini niat liat yang terdekat muncul yang 1km - 3 km dulu malah jarak 100 meter ada paling bawah , konyol. Tirulah gojek sama shopee, terdekat ya memang yg dekat dulu. Kalau gini pasti apl kalian bakal jauh ketinggalan. Karna tidak sesuai ekpektasi."
,Tolong diperbaiki untuk pemilihan lokasi via maps karena susah menyesuaikan ditambah susah mencari alamat nya tidak seperti app sebelah. Saya coba cari d gmaps ada lokasi tersebut dengan pencarian namun di maps grab tidak muncul muncul alamat yg dituju. Tolong diperbaiki ya.(OS Android 10)
,"1. Jenis Login ga bisa diubah lagi , kalo sekali daftar ga bisa diapa-apakan lagi 2. Peta masih mengandalkan patokan daftar menu ,ga bisa dipilih sesuai peta google dan kode promo sedikit banget 3. Costumer service ga bisa memberikan solusi yang detail baik aplikasi maupun masalah dilapangan"
,Parah padahal berapa km dari kota ngga ada yang nerima+gada driver jg... padahal udah setengah jam nunggu dan order tetep aja ga ada
,"Saya begitu kecewa, bisa-bisanya pilih kurir yang seperti itu. Pesanan bisa salah tempat, tolong yaa ajarin lagi setiap kurir pengantaran. Belajar untuk pastikan lagi untuk setiap alamat pengantaran. Gunanya di aplikasi ada chat dan telfon itu buat apa. Pergunakan dengan baik. Tolong di modalin juga, mereka punya paket. Katanya mau di proses, tapi sampai detik ini tidak di proses. Kualitas pada toko food dan kurir lebih di perbaiki lagi etikanya. Terimakasih."
,"Terlalu sering update!! dan kalo tdk di update,aplikasi grab saya langsung error!! errornya krn saya tdk bisa melihat pemesanan saya,jdnya ga bisa tau no plat sama posisi drivernya! saya jadi back ke menu utama lg!! tolong diperbaiki donk. saya itu pengguna setia grab,sdh 3tahun. tp kalo seperti ini saya,benar2 kecewa."
,"Bagus, tapi kalau bisa tolong pilihkan driver yg tdrdekat dengan titik lokasi penjemputan. Beberapa kali order di waktu yg sama, selalu driver terlalu jauh dari tempat menjemput penumpang... sehingga harus dibatalkan. pembatalan selalu dilakukan oleh penumpang, dan sanksi terlalu sering membatalkan d banned akunny, tolong systemnya di tingkatkan. Terimakasih."
,"Agak kecewa sih, mau batalin pesanan ga bisa, drivernya beralasan A smpai Z, disarankan sm driver untuk telepon CS, sudah terhubung tapi telepon sampai teriak-teriak si CS cm bicara ""Apa bapak/ibu bisa mendengarkan saya?"" padahal telepon dan jaringan ga ada masalah. Selain itu fitur aplikasi MONOTON."
,"Update terbaru justru tidak aksesibel bagi disabilitas netra pengguna pembaca layar. Pada menu grab motor dan grab car, saat pengguna disabilitas netra menulis destinasi, pembaca layar tidak dapat membaca destinasi yang ditampilkan. Mohon ini segera diperbaiki karena menimbulkan ketidak nyamanan bagi kami"
,"Sangat membantu .tingkatkan lg kenyamanannya .supaya nyaman. Terutama petunjuk arahnya .agar para draver dengan mudah menemukan titik yg memanggil .kasihan sring x di buatnya muter """" karna tdk pas dengan titik nya . Bisa mamtapp lg klo titik itu bsa pas dengan hp yg mengundang nya wahhhh manttappp benarr tuhh"
,"Ya gimana, saya lebih sering pake grab foodnya dari pada yg lain, karena banyak diskon dan drivernya lebih banyak, cuman untuk yg lain, ongkosnya jauh di atas tetangga sebelah. Apalagi kalau perjalanan melewati tol, seringnya aplikasi secara otomatis menambahkan biaya tol, padahal kita udah bayar ke drivernya... terus sering banget update nya, hp android kalau memori rendah kaga akan bisa..."
,"Tolong di perbaiki untuk titik lokasi penjemputan. Kalau aplikasi lain kita bs pilih titik sesuai peta. Kalau disini otomatis. Dan kadang titiknya tidak pas dengan keberadaan saya sbg pelanggan tapi anehnya driver kalian. Yang marah2 karena lokasi tidak pas. Padahal hanya melenceng sedikit, dan sudah saya kirim pesan lokasi saya juga. Tolong ya.. Dan dibina juga driver ibu-ibu yang emosi dan gak tau wilayah (hanya modal titik di map yg sebenarnya kadang hanya patokan)"
,"Saya senang menggunakan layanan grab, hanya saja titik penurunan/penjemputan sering sekali tidak sesuai sedangkan di Maps alamat yang di masukkan sesuai dengan yang sebenarnya, sehingga banyak driver grab yang marah kepada penumpang karena titik tidak sesuai. semoga aplikasi grab dapat di maksimalkan dengan lebih baik lagi"
,"Ribet ga bisa di cancel, ketika resto banyak yang tutup, harus nunggu ke cancel setelah beberapa driver -_-"
,"saya sangar suka layanan grab,.. baik promonya... dan banyak bonus nya. tapi tak jarang pula saya menjumpai draiver yg nakal. aplikasi sudah sangat bagus eeh,, draiver nya beberapa bar..bar... banget kayak pereman. masukan... kalau bisa seleksi draiver... biyar kita aman juga pelanggan. kadang ada wajah dan bk kendaraan tidak sesuai. 😢😢😭"
,"Aplikasinya labil. Kadang suka tiba2 ada batas jarak pengantaran, kadang2 ngg ada batasan jarak. Buktinya saya bisa pesan di restoran yang sama pada waktu tertentu, tapi di waktu lai tiba2 aja dibilang Di Luar Kawasan Penghantaran. Selain itu juga jaraknya ngg jauh, cuma 2.5 km dan beberapa kali bisa. Tolong ya diperbaiki lagi sistemnya supaya ngga bikin orang bingung. Kasian juga orang yang lagi laper dan ngandalin Grab malah jadi kelaperan. Terimakasih"
,"Dari dulu sering pake grab lancar-lancar aja. Sekarang -sekarang kesel juga update terus, susah di buka, suka error tiba-tiba. Sekarang udah gak banyak promo lagi, makin mahal promo makanan kebanyakan cuma di bandung. Perbaikan bug yerus menerus, aplikasi jadi makin berat."
,"Udah aktifin ovo, udah isi ovo . Eh ternyata duit ngga masuk, ovo kembali ke setelan belum aktif. Duit melayang ovo susah buat aktif. Gimana ini sistem aplikasinya sih ini. Rugi bgt duit gue angus"
,"Mau memberi saran agar titik lokasi untuk grab food dibeberapa tempat khusus seperti kampus bisa dibuat sesuai yang diinginkan pengguna dan bukannya ditentukan otomatis oleh aplikasi dengan mencari tempat yang terdekat dari yang diinginkan pengguna, padahal tempat terdekat tersebut terkadang sebenarnya masih cukup jauh. Kasihan driver yang tidak familiar dengan tempat tersebut sehingga harus mencari keliling2 lagi. Kami sebagai pengguna dan driver merasa dirugikan dengan fitur tersebut. Makasiih"
,"Terlalu banyak update, jadinya malah sering crash dan lag. Padahal perubahan minor, bukan mayor pada UI apk maupun detailnya. Lebih baik, jangan terlalu banyak update, sekiranya perlu, diberi interval agak lama."
,"Abis diupdate kok malah jd error.. Setiap mau klik menu, langsung keluar lagi mulai dr awal... Jd ga nyaman... Tolong dong aplikasinya dibenerin. Kalo lebih jelek, ga usah bikin update, jd sangat mengganggu untuk menggunakan layanan dan bukan hanya mengganggu tp bikin g bs pake Layanan nya, karna setiap klik langsung mulai lg dr awal. Saya dah unistal terus instal ulang, ttp aja kaya gt.. Sangat mengecewakan"
,"Titik titik lokasi penjemputan belum sempurna dan masih banyak sekali kekurangan dari aplikasi tersebut, contohnya jaringan yg ada masih sangat lemot di berbagai titik tidak merata mau operator manapun usahakan lebih kerja keras lagi terhadap kesempurnaan jaringan"
,Bagus sekali. Sangat membantu. Cuman kadang kadang promo saya itu kan berlaku 2 kali pesanan dalam sehari. Tapi saya baru pakai sekali pas mau yg kedua kali. Katanya vocer sudah habis di gunakan. Aduuhh tolong dongk. Itu aplikasi atau manajemennya di perbaiki dongk. Kan kalau kayak gini kita juga kadang malas pesan grabnya.
,"Kecewa dengan aplikasi Grab yang sekarang. Karena apa ? Karena bisa ambil lebih dari 1 pesanan, yang pesanannya di antar belakangan jadi menunggu sejam lebih, jadi dirugikan! Lebih enak Grab yang dulu, yang gabisa double order, jadi fleksibel dalam pengantaran, thanks."
,"apk yang membantu masyarakat dgn beragam promo menarik, sukses selalu grab"
,"applikasinya bagus dr kota hingga desa ada, tp sayangnya alamat di desa ada yg tidak bisa terdeteksi di grab, jd alamat tujuan di applikasi dg alamat tujuan yg sebenarnya kurang sesesuai. Terlalu sering update, masa dlm sebulan harus update 2 kali."
,Gimana sih kok jadi titik dipeta nya selalu meleset pdhl saya udah seneng sekali sama aplikasinya tapi makin kesini kok jadi aneh
,"3 hari yg lalu pake grab delivery, sampai sekarang aplikasi grab ga bisa dipakai karna ga bisa balik ke home dan stay di halaman delivery. 3 hari kyknya waktu yg ckup lama untuk Grab ngefix bugs kayak gitu tapi sampai skrg masih aja error. PARAHHHH!!!!"
,Supir ramah dan pelayanan baik
,apk bagus dan pengantar nya tepat waktu
,"Setiap mw order grabcar/bike kenapa gk dilempar ke driver terdekat!! Selalu nunggu lama karena dilempar ke driver yg jauh dari tilok,, Tolong perbaiki lagi ya Terimakasih 🙏"
,"keren bgt, thanks ya pelayanan nya sangat menjamin keselamatan penumpang, ganbatte buat para driver✨"
,"sangat bermanfaat banget dan sangat terjangkau,nyaman"
,mengecewakan.ada sopir yg minta tambahan extra / biaya bagasi bagi yg membawa barang.baru kali ini ketemu yg kayak gitu swlama pakai GRAB
,"grab makin kesini, makin menurun kualitas driverny. sering kali pelayanan yg buruk. sy sebenarnya tdk mau memberikan bintang 1 seperti ini. tp sy lebih tdk tega jika driver tsb harus sy kasi bintang 1. pengalaman sy saat naik grab buru2 dan sy ingin memakai helm, driverny malah ngomong ""gausahlah ya, kan buru2"" dengan nada ketus. lalu waktu sy pesen gfood jg, walau sy sudah beri tahu titik nya dimana dgn deskripsi lainny, drivernya malah bilang ""saya teh nyari2."" dengan nada mengeluh."
,"Kok bisa akun saya tidak dapat diskon sama sekali, pdhl sudah berkali kali loh saya pke grab"
,"Kenapa mahal grab sekArang jarak 2 km dah kena cas 30 ringgit lebih,jalan tak jem.taek btul grab skrg"
,"Mantapp sangat membantu, drivernya juga ramah. Dan semoga kedepannya bisa lebih banyak promo dan diskon..."
,"walaupun driver pertama cancel, langsung ada gantinya"
,pelayanan cukup bagus n baik dari antar makanan dn minuman..perlu dibenahi soal harga jangan terlalu mahal dn tolong dibanyakin promonya di seluruh merchant grab.
,kasih seting bahasa di dalam aplikasi
,Mau log in susahnya setengah mati. Suruh cek email sampe 6x bolak balik gak ada jg email masuk. Payahh dibutuhkan malah nyusahkan
,"maaf bintang satu, sudah sering banget pake apl ini tapi semakin ke sini kayanya driver grab makin ga bagus sikap nya. ! rute nya pun GAJELAS kecewa sih"
,"Tolong dong itu driver grab car nya jangan suka main potong² sndri, udh brp kali saya naik grab car pdhal parkirnya sudah kasih cash tp tetap dipotong lg di app nya 😪 malah kadang melebihi uang parkirnya"
,"pengemudi sangat ramah dan sopan,di antar dgn selamat smp tempat tujuan"
,"Aplikasinya bagus, mudah dimengerti. Saya sangat suka fitur2nya yang keliatan simple. Tapi setelah diperbarui kenapa ya saat mesan grab food skrg kita gabisa tau lokasi driver sdg dimana. Saya rasa fitur itu sangat berguna apalagi jika makanan belum sampai lebih dari jam yang diperkirakan. Mohon perbaikannya. Terima kasih grab💜"
,"Aplikasi grab lambat. Di beberapa fitur juga sering tidak sinkron. Contoh paling sering ketika muncul promo grab ride kemudian saya klik dengan harapan lebih mempercepat proses pemesanan menggunakan promo tsb. Namun di halaman pemesanan promo yg muncul malah tidak sesuai dengan promo yg saya klik di halaman awal (biasanya langsung berganti dengan promo ovo). Membuat semakin lama lagi proses pemesanan karena harus ganti dengan promo yg saya ingin di awal, apalagi appnya lambat."
,"aduhhh ini aplikasi ngeselin bgtt dahhh , slalu dapet driver yang lokasi nya agak jauh saya nunggu bisa 6 - 8 menit di waktu mau brangkat kerja , trs saya cancel ganti driver juga sama nunggu nya lama😭 saya kan yang udh brangkat pagi kerja jd telat inii🙂 , mana lokasi driver makin lama makin jauh"
,Sekarang koq susah cari tujuannya. Dipeta ga bisa di klik. Ga bisa ditandai sampai depan rumah. Paling pake alamat yg deket yang sudah tertera pada menu. Bikin pengemudinya susah cari alamatnya. Karna ga sesuai peta. Tolong diperbaiki kaya dulu
,Makin di update malah makin gk bisa di buka
,"Sebenarnya sudah bagus, namun ada baiknya bagi pengguna rewards terutama gold - platinum sebaiknya diberi extra kenyamanan, bisa jadi dari jenis model kendaraan nya, kecuali jika dalam keadaan minim driver. Karna jika dinilai dari promo, ga semua promo bisa digunakan setiap saat. Jadi jika dengan adanya extra kenyamanan dari jenis model kendaraannya setidaknya dapat dirasakan bagi penggunan gold/platinum"
,"Saya suka aplikasi ini,, respon bantuan atas kendala saya.. Sangat cepat responnya, dan dapat d selesaikan,, jd saya bisa login lagi ke akun saya,"
,sangat membantu di saat malas keluar karna hujan
,"pesananya cepat, pengirim nya ramah"
,"Sekarang grab makin buruk, pesan grab bike biasanya verifikasi wajahnya cepat itu malah lama banget udah dicoba berapa kali masih aja kayak gitu"
,lebih ditingkatkan lagi pelayanannya
,"pengantaran cepat,ongkir murah..sangat recommended🥰"
,"Makin lama, makin gak jelas ini apps.. Sering minta update jadi semakin lemot dan error"
,"Kenapa si sekarang grab food mahal banget ongkirnya dan nggak pernah ada promo gratis ongkir. Ditambah pembayaran harus pake ovo. Ongkir mahal, gk pernah ada diskon. Tolong pihak grab untuk memperbaiki sistemnya. Dulu sering ada promo gratis ongkir. Sekarang nggak ada."
,Pada ga niat narik wkwk pas ujan ngga mau pada di ambil. Butuh ga butuh . Aneh
,"ramah, tepat waktu, murah senyum"
,Tidak bisa di pake .harus aksesnlokasi terus .jadi kelamaan
,peta digrab tidak bagus sangat jelek
,"sangat bermanfaat banget, motor saya mogok d tengah malam untung grand hadir sebagai solusi yang tepat."
,"Sangat membantu sekali terutama saat terdesak mau aktivitas cepat untuk berangkat sekolah, namun saudara yang mau mengantar masih sibuk dengan aktivitas yang lain"
,"Aplikator kebangetan maruk, customer kena biaya tinggi banyak biaya2 pemesanannya, tapi kasihan driver cuma dapet setengah dari harga yg dikeluarkan customer, perusahaan Dajjal.!!"
,"Penyelesaian masalah ga jelas, apalagi grabfood ga bisa cancel. GF nya ga jelas, costumer ga bisa cancel apalagi resto tutup ga bisa di hubungi"
,makin lama makin ngaco. kembalikan sistem ongkir yg dulu gak usah pake prioritas segala!!
,"Makin sini makin banyak biaya mana minta di update setelah di update malah gagal update entah mau'a apa, bukan'a makin praktis malah makin ribet!!"
,Ongkos nya naik nya sangat tinggi di bandingkan yang lain2 Saya pakai kalau ada promosi aja kalau tidak ada saya buat pasangan di hp aja
,"Dibagusin lagi dong tampilan utama nya, yg sekarang kurang menarik warnanya... Fix yaa, nanti kasih bintang 5 😁"
,Mungkin jatah untuk Sopir grab.nya ditambahi lagi ya... potongannya tidak terlalu banyak
,"Buatlah aplikasi yang bagus dan senyaman mungkin untuk customer , karna ada banyak driver yang membutuhkan orderan."
,Klo bisa untuk driver yg lain lbih bikin nyaman penumpang nyalakan AC nya dan ramah soalnya ada brpa driver pelit utk nyalakan ac
,Bagus tapi maps nya g nemuin daerah Deket aku Padahal disana ada yayasan gitu tapi dicari disini g ada di peta juga gbada namanya
,"Kebiasaan banget grab, susah di update, sekalinya update langsung nge bugg-_"
,"Ribet bngt pake segala update lagi buru buru aturan ada peringatan dulu kek kaya update sblm apk tidak bisa digunakan, ini kan org lagi buru buru aishhhh"
,Layanan tepat waktu dan praktis
,Sya cukup kecewa dengan sikap driver krn dapat rute yg jauh driver ngedumel terus sepanjang perjalanan dan merasa tdk senang hati mrngantar kmudian mminta uang lebih krn merasa harga trlalu murah sedang arah tujuan saya sepi pnumpang.. sy di perjalanan berusaha sabar.. mau komplain di aplikasi aja tp gk enak sma takut ini driver.nya gk takut apa ya customer komplen?... tolong ya grab didik driver.nya .. bsakah saya mmberi pnilaian tnpa driver tau di grab??
,"aplikasi payahh!! saya kesal sekali karna di menu grab food, selalu otomatis kirim ke alamat lain, alhasil orderan saya terkirim ke alamat orang lain yang jarak nya cukup jauh, kalo orang lg laper pasti gk bakal sempat cek alamat karna kan biasa nya sesuai gps dan pasti benar, aplikasi payah sangat mengecewakan, orang laper malah jadi capek sendiri nyari2 dan hubungi driver grab nya, sekali lagi tolong di perbaiki lagi grab food nya agar tidak otomatis mengirim alamat nya!!!! sangat kecewa"
,motornya lucu yaa baru pertama naik motor listrik
,"semoga makin banyak promo untuk tunai, terima kasih sukses selalu grab"
,"pelayanan bagus, saya suka apk nyah"
,"suka, tetapi alamat sering berubah sendiri, tetapi untuk memperbaiki saya mengalami kesulitan... terasa njelimet."
,Kenapa saya tidak bisa menentukan titik yang pas... Saya seret ke rumah saya . Titiknya harus pargi tempat yang tidak hijau.. dan itu menjengkelkan padahal jauh.
,untuk grab sudah sangat bagus cepat responya semua pengemudinya
,Rekomendasi banget apabila kita lagi ada keperluan yang mendadak.
,"Aplikasi nya bagus tetapi aturan utk driver di NTT perlu di perketat, disini drivernya kasar2, orderan sering mrk batalin sepihak , kadang kalau grabbike alasan mrk ""tdk bawa helm"" . Kalau anter makanan ,grabcar,tidak pernah PAKAI MASKER . Kesannya mereka menerima orderan dengan terpaksa. Pernah naik grab di katain supir ""kan kamu yg butuh mobil saya "" . Terkaget ajha. Kan customer jg gk maksa utk nerima orderan . Monggo ngasih ke driver lain kalau anda keberatan narik"
,"drivernya ramah,mobilnya nyaman.👍👍"
,cari drivernya g susah cm ongkosnya lumayan 😁😁 klo bisa dibanyakkin promonya 👍👍
,Kurang lengkqp titik maps nya masa gak kebaca / gak ada mulu sih... mendingan di apk U...b..r yqng lengkap.
,Grab ngelawak map nya. Kita udah arahin cursor map sesuai titik yg di inginkan malah otomatis ke tempat lain. LAWAK!
,masyaalloh top banget baru pakai aplikasi ini membantu sekali
,"Untuk pesanan makan dalam jarak 2km perlu waktu 30menit, tapi skr karena ada 2 opsi pilihan pengiriman jadi 1jam 20menit. Dah lah last pakai ini fungsi grabfood nya, keburu maag saya kambuh tungguin perkara pengiriman yang over lama. Kalau ini karena ingin sekali jalan bisa kirim 2/3 orderan ini bukan alasan yang bagus percayalah!!! Tidak membantu skip jalan beli sendiri saja atau move app lain simpel"
,"Sekarang mengecewakan grab mobilnya, grab motor sama grabfood tetap ok"
,"servisnya sangat baik, tepat waktu dan ramah"
,"baru pake grab, mudah n cepat sih aplikasinya"
,"Grab ok ,nyaman sih tapi yg kurang saya suka maaf sekali , kadang helm""nya pada bau...dan ada yg sudah tidak layak pakai masih dipakai untuk penumpang. Sekali lagi maaf 🙏"
,"Serba pakek biaya² kemasan dll , ongkir gak prnh dpt diskon . Harga trtera sudah mahal pr pcs untung byk bgt . Gak ada guna.a voucer ratusaaaan gak bisa kepakek ."
,"maasyaAllah Karyawan nya ramah banget, cepat tanggap dan barang yang dikirim sesuai semua dan kualitas nya good semuaa pokok nya KASIH BINTANG 5 pokok nya"
,"pelayanan baik, respon cepat"
,"pelayanan bagus, smart tq"
,"Tolong dong buat grab MAPS nya diperbaiki, ditingkatkan lagi.. saya gak bisa2 ngepasin titik lokasi rumah saya, harus digeser beberapa meter dulu baru bisa masukin titik lokasi tapi ongkirnya malah jadi beda jauh banget kalau masih 1-2 rb bedanya ya gk ppa.. ini hampir 10 rb loh padahal beda titiknya cuma beberapa meter aja. Padahal dari dulu selalu makai grab, tapi makin kesini makin gak jelas"
,"Mapsnya tidak bagus. Kalau cari titik suka geser2 sendiri. Searching Alamat sering tidak muncul. Mapnya juga ga bisa diputar kayak google maps, jadi bagi yg bingung arah utara selatan membingungkan. Harusnya diperbaiki, biar fiturnya kayak Google Maps"
,aplikasi ini sangat membantu perjalanan.. thanks grab
,tiba tiba keluar akun dan tidak bisa login kembali
,Cepat dan hemat
,Baru aja selesai buat akun mau login lg tidak bisa karena akun di tangguhkan ada aktivitas diluar kewajaran aneh sekali aplikasi nya padaha saya baru buat akun loh
,tidak usah pakai biaya2 pemesanan.Persen dr Driver dan merchant aja uda dapat. Makanya user banyak beralih ke ojol lain krn mahal
,"Makin ribet, mahal juga, maps nya kadang eror"
,"Aplikasinya bagus, tapi grabfoodnya suka muncul iklan promo yang kita ga bisa pake : karena udah habis dipake, atau karena aplikasinya blm di update, atau karena keanggotaan kita masih rendah, intinya jangan bikin berharap kalo pada akhirnya ga bisa ngasih lebih :'))"
,"Promonya bener2 dibatasi, masa cuma bisa dipake pagi? Kan ga semua restoran bukanya jam 8. Kalo udh lewat jam 9 ga bisa dipake sama sekali. Padahal selama ini pake grab sangat membantu karena potongan harga nya yg lumayan, skrg promonya ga bisa dipake jadi ga ada alasan lagi buat dipake, mending beli sendiri kalo gitu daripada nambah 5 rb ongkir walaupun deket bgt"
,"Tolong diperbaiki kinerja pengemudinya. Semakin banyak yg juaji, menolak rejeki. Apalagi jika kena promo atau kena jarak dekat. Seringkali juga no hp pengemudi pun tdk bs di hubungi alias nomer siluman. Seringkali juga alamat/mapsnya tdk bisa muncul sesuai dg yg di ketikkan.."
,"Aplikasinya payah, ketika diupdate lama banget, belum selesai proses update (tinggal memperbaharui) tiba2 aplikasi tertutup, begitu dibuka kembali update yang sudah ada hilang begitu saja (mengulang dari awal) padahal kapasitas memori yg diperlukan lumayan banyak"
,"Sebenarnya aplikasinya bagus, dengan adanya grab ini mempermudah dalam pesan makanan kapan pun. Tapi keseringan ada promo menipu. Keterangan promo mulai pukul 3 sore. Tau pas pukul 3 cek mau pakai,promonya sudah menghilang 😅 sering banget begitu. Tidak sesuai. Lalu grab uda naikan harga makanan dari harga asli klo beli sendiri ke lokasi + kena biaya antar eeh + kena lagi biaya penyajian. Resiko malas keluar rumah"
,Untuk yg versi yg baru saya kurang suka karena tulisan nama jalan dan tempat pada maps nya pada ilang (kecuali pada nama jalan utama). Dan itu menyulitkan jikalau mau mencari lokasi yg lebih spesifik apabila tidak ada pada kolom pencarian. Mohon diperbaiki lagi terutama maps nya 🙏
,Bad service sekali. Skrg pesen grabfood ga eksklusif dan digabung dengan orderan orang lain. Pesan di bawah 2 km dkt sekali dari rumah tapi orderan bisa satu jam lebih. Bilang sudah jalan di sistem tapi waktunya nambah lama trs pas di cek. Belum lagi jika resiko ketukar pesanan. Tolong di pikirkan ulang untuk sistem baru ini. Trims.
,"Sangat buruk.. Pelit voucher promo dan kalaupun ada voucher promo , sering error . Setiap mau pakai voucher nya nya selalu tidak bisa digunakan dengan alasan habis. Sekalipun ada voucher promo hanya bisa di di tempat-tempat tertentu saja beda dengan go-jek promo yang bisa dipakai di mana saja dan tidak error. Dan parahnya lagi grab mematokkan harus belanja 40 rb baru bisa pakai vocher nya.. Dasar binatang"
,"Sangat kecewa dengan aplikasi ini. Ketika masuk ke aplikasi ini,, baterai cepat low. Dari segi maping nya, lokasi drivernya sering tidak jelas, saat memesan tampak driver nya dekat dari lokasi penjemputan ,, eh ternyata jauh sekali. Lalu saat melihat dimana lokasi dalam perjalanan,, sering ngawur. kecewa lah pokoknya. Karna maping lokasi sering tidak tepat, ini bisa merugikan pihak driver dan konsumen. mohon aplikasinya ditingkatkan lagi, demi kepentingan bersamaa."
,"Bagaimana sih caranya menulis alamat penjemputan, atau untuk mengganti titik penjemputan yang selalu ikut nyasar masuk titik lingkaran alamat rumah orang lain sekitarnya. Kalau memang grab tidak bisa, ditambah lah box note untuk bisa menulis kan waktu menentukan titik penjemputan (seperti aplikasi kompetitor."
,"Bagaimana mau pakai aplikasi ini. Aplikasi GRAB sangat berat di Hp Low End, RAM 1Gb. dipakai saja tidak bisa, selalu nge LAG. Tdk seperti aplikasi sebelah G***K. walau sering pembaruan tp tetap ringan, lancar dan bisa digunakan."
,"saya puas dengan layanan grab, terus tingkatkan pelayanan 24 jam sikap keramahan (pengemudi) kenyamanan (penumpang), & keamanan (pelanggan) tingkatkan promo-promo agar lebih banyak lagi peminat (pengguna'nya)... Bonus undian juga buat untuk pelanggan.... Kaya seperti poin yg bisa ditukar dengan hadiah hp/kamera/sepeda/motor/mobil .. Semakin banyak poin yg di dapat semakin berpeluang mendapatkan hadiah.. Yg pasti akan banyak lagi pengguna yg tertarik untuk menggunakan transportasi aplikasi grab."
,Ayo hoi hoi orderan grab nya endi aku driver yg setia enggak pernah dapat orderan grab banyak kapan di kasih orderan grab yg banyak semangat jangan mau kalah ama gojek maju terus pantang mundur grab maju bersama grab aja sukses top markotop
,"Aplikasi grab cukup bagus. Terutama grabfoodnya variatif dari menu sampai vouchernya. Namun, untuk voucher masih dominan pembayaran via ovo. Sementara saya biasa top up di minimarket, tapi sekarang tidak bisa. Jadi lebih baik, voucher via pembayaran tunai juga diperbanyak. Terimakasih"
,"Kurang tau ya, saya nya yang gak bisa atau mungkin karena diupdate. Tapi mencari titik penjemputan sekarang kenapa susah sekali. Berbeda dengan aplikasi yang dulu. Sudah ketik nama stasiunnya tetap tidak ketemu, padahal dulu ada, jika memang tidak bisa dijemput didepan stasiunnya kan nanti bisa didiskusikan dengan driver, paling tidak titik patokannya itu ada. Jadi buat orang yang pergi ke suatu daerah baru tidak bingung mencari titik penjemputan."
,"Aplikasinya membantu sekali buat saya yang kalo kemana"" gak ada yg nganterin dan gak paham jalan. 😂 asiknya lagi bisa pake ovo poin buat grab food. Dan banyak promonya. Puas lah pake grab. Sayang, kadang saya sering gak dapat bintang setelah melakukan perjalanan. Tapi gak pp lah, saya ttp ksih bintang 5. 👍"
,"Update nya makin tidak bagus: 1. Yang mau daftar gak bisa2, pakai nmr hp gagal minta pake email, sudah pakai email gak bs jg. 2. Tampilan map nya ribet, susah mengenali lokasi 3. Deteksi lokasi pd map nya jg tidak tepat, pdhal buka klu ggle map lokasi tepat. Mohon diperbaiki.."
,Makin buruk saja... Masa harus buka app 24jam baru orderan masuk!
,parah banget ini aplikasi udah diupdate tetep keterangannya koneksi internet lagi lambat? tarik layar ke bawah untuk memuat ulang aplikasi lain ngga ada yang gini semuanya bisa nangkap sinyal. mau pake wifi mau pake data sama aja. bye. uninstall.
,grab kenapa ya saya udh sering menggunakan grab ke tempat tujuan yg sama. eh seminggu kemudian saya mau pesan lgi ke tempat yang sama tpi malah tidak ada di peta
,"Banyak promo yg gak bisa di pake, padahal jangka waktunya masih berlaku aneh terkadang aplikasinya"
,"Awalnya saya suka menggunakan grab, tp setelah di perbarui, lalu saya pesan grab paket, malah gk bisa di keluarin, di coba keluar masuk aplikasi tetep di menu pengiriman paket ekspres, gk bisa ke branda menu utama, lalu bagaimana cara kembali ke branda lg? Masak iya harus copot pemakaian."
,Membantu dan menginspirasi serta memudahkan dalam tranportasi
,Sejauh ini saya metasa nyaman dan cukup terbantu
,"Kalau bisa tampilan menunya di rubah jangan scroll ke samping,,tapi scrol ke bawah dalam 1 layar hp sudah ada semua menu seperti gojek"
,over all bagus dan lebih di tingkatkan lagi
,"Tolong dong aplikasi ini di perbaiki lagi supaya bisa sinkron ke google maps. karena di hp temen2 saya banyak lokasi yg tidak bisa ditemukan diaplikasi grab, padahal di maps penulisan lokasi sudah benar dan ada, dan aplikasi grab nya juga sudah terupdate tapi tetap tidak bisa menemukan lokasi yang diinginkan, tolong diperbaiki lagi aplikasi grab nya supaya bisa sinkron ke google maps nya. trims"
,verifikasi saat mau order susah tolong di perbaiki
,"Saya ga ada masalah yg terlalu signifikan selama mempunyai pengalaman dengan grab driver, hanya saja beberapa dari mereka sangat sulit untuk menggunakan GPS. Tolong lebih di beri dukungan untuk kemajuan drivernya baik secara system atau support . Terimakasih grab"
,"min daerah saya rame kuliner dan yg kulineran juga banyak tapi minus gada grab,tolong pertimbangan nya buka cabang di mesuji lampung"
,"Berangkat kemana pun jadi mudah, belanja makanan gak perlu repot-repot,tinggal pesan bayar ada yg antar, reward memuaskan, bayar jadi lebih ringan, pokoknya praktis lah,terima kasih sudah ada aplikasi ini. Kalau ada kolom usul, bisakah grab menyediakan jasa perbaikan mobil/ motor , AC mobil gak dingin di service dsb.nya"
,sangat membantu di wilayah kecil seperti daerah kami
,"Saya susah memakai grab ini, memakan waktu yg lama, krn tidak ada pilih lewat peta utk lokasi tujuan, sudah saya tulis alamat nya dg benar, tetapa saja tidak sesuai dg yg saya tuju. Alias melenceng. Tolong ditambahkan pilih kewat peta utk lokasi tujuan. Terima kasih."
,"Untuk pelayanannya sih udah bagus. Dari pengantarannya, pemesanan makanan juga sesuai, Bagus deh! (Kekurangannya cuman dikit aja. Terutama pemesanan makanan. Tidak semua pilihan warung yg bisa saya pilih untuk dipesan. Mohon ditingkatkan lagi kualitasnya ya) makasih 👍👍🙏🙏"
,driver malas-malas sekali. slow respon harus menunggu lama untuk mendapatkan driver. tidak ada yg cekatan buruk sekali. selalu seperti itu.
,"Titik tidak sesuai berubah"" dan harus beradu mulut dulu sama driver,maps update sesuaikan dengan maps bukan nya maps lengkap ini malah maps apaan ga ada nama"" nya,dulu itu masuk maps langsung otomatis ke grab atau gojek ini malah engga,titik tidak beraturan hanya menyebalkan titik kemana jemput dimana"
,"rasanya biasa aja,kurang empuk dagingnya,bumbu kecapnya sedikit sekali ga seimbang dengan sate dan lontongnya"
,supir nya baik bngt ramah kita nya juga nyaman
,memudahkan segala urusan dan mudah untuk akses
,mudah dan banyak promo
,"mantap sih komunikasi jalan ketika memesan, tapi sangat susah untuk menambahkan titik baru seperti rumah."
,"Kalo buka resto skr kok muncul blank putih ya, g ada gambar dll.. kenapa?? Padahal sdh update.."
,bagus dan kurang paham dalam menentukan mapnya
,"karna ada potongan ongkir, kalau bisa si gratis ongkir😁"
,alhamdullilah layanan grab masih bagus sampai sekarg
,"terima kasih ,,atas keramahan dalam mengemudi selama perjalanan"
,sangat membantuku semoga selalu layanannya ya
,hanya bagian pengiriman skrg harus pakai verifikasi merepotkan
,Pengiriman cepat dan profesional
,"Menurut aku... driver drivernya lebih ramah drpd aplikasi online lain.. jadi.. selain promo.. tolong tingkatkan juga pelayanan driver.. tidak hanya keramahan.. tp juga outlook driver... misal nie.. jaketnya yang udah pudar warnanya diganti,, atau helmnya yang sudah mulai tidak save (longgar) diganti.. sehingga pengguna lebih nyaman.. dan tentunya aman.. terima kasih.."
,ini ko ovo sma grab gk bisa terhubungya padahal no hp sama email sdh lengjap semua. setiap mau make apl ini pasti ad aj masalahnya
,"Aman, nyaman dan drivernya bagus bagus, tetap pertahankan"
,tolong yaa driver nya di sesuaikan daerah tempat penumpang karna saya sering kesulitan dengan driver luar daerah yang tidak tau jalan kota tempat saya tinggal terimakasih
,"Ada bug kdi aplikasinya, saya udh pesen tiba2 muncul kotak ovo. Terus pas cek status saya sebagai pemesan statusnya berubah jadi udh sampe padahal belum sampe tujuan. Jadi kasian sama bang ojolnya. Mau di cancel nggak bisa. Tolong diperbaiki lagi yah bugnya"
,bagus tingkatkan keamanan
,"pengiriman cpet,kurir ramah,,amann"
,"Kecewa! Karna setiap jastip selalu lama dapat driver smpek Berjam jam, bahkan tidak dapat, padahal sudah sering menggunakan apk grab untuk jasti"
,"5th pakai grab sampe jd member platinum. Kendaraan grabbike sering bgt ga sesuai& ga layak bawa penumpang. Waktu jemput lama. Helm udh ga layak. Pelayanan driver kurang. Berkali2 sy buat pengaduan ttp aja pelayanan spt itu. Grabfood harga makanan dinaikkan, by pemesanan, by kemasan tapi dikenain lagi buat kantong belanja, ongkir mahal. Pesanan sy malah diantar ke org lain dulu makanan sy keburu basi. Percuma member platinum, bayar mahal tapi ga sebanding sama kecepatan pelayanannya. Bikin kapok!"
,mb nya kurangin dong kasian yang ram nya dikit
,"kren bangettt nunggu 1jam foodnya ga dateng"" cara hubunginnya juga gak ada opsi.. pokoknya kren bngt grab.. bangga bngt"
,"ga worth it , susah cari lokasi kurang lengkap map nya"
,"bagus apk ini untuk aktivitas sehari-hari, membantu perjalanan untuk yg blm punya kendaraan atau sedang malas mengemudi,hehe"
,"Kemarin kemarin aplikasi ini enak banget, tapi kok makin kesini banyak banget kendalanya, alamat saya gak ke deteksi seperti biasanya, jadi tiap pesan harus jalan buat jemput makannya kedepan. Udah coba di bikin alamat baru tapi tetep tidak bisa, titik alamatnya tidak bisa dirubah, kalau gini terus ya pindah ke sebelah, tolong yah diperbaiki maps nya, susah juga jelasin ke driver nya, masih mending kalo drivernya ramah, kadang ada yang emosian, mohon ditindak lanjuti"
,"pengalaman pertama menggunakan aplikasi grab, ternyata penggunaan nya sangat mudah... , diluar perkiraan 😁"
,"saya lebih suka versi yg dulu, bikin orderan lebih cepat, fitur2nya mudah dimengerti & gambar2nya lebih sederhana.. apalagi sekarang kenapa apabila bikin order nentuin titik jemputnya susah bgt di sesuaikan (lgsg lompat2 ke titik2 lain).. jd kasihan drivernya kalo mau jemput saya selalu tidak sesuai titik jemputnya.. semoga jd bahan masukan untuk grab lebih baik lagi.."
,"bpknya ramah, Baik, cpt tepat waktu, makasih bnyak 🙏🙏"
,cepat dan pelayanan nya ramah tks grab
,mantap kalau bisa yg di pedalaman juga tolong di bantu map nya agar di perluas supaya saudara kita yg di pedalaman bisa juga menikmati grab untuk berkunjung kemanapun.trimakasih
,Bagus sih aplikasi grab tapi sayang ongkir nya masih terlalu mahal bagi saya
,Kenapa malah tidak ada tombol untuk membatal yang terbaru ini padahal itu sangat penting jika jarak terlalu jauh dari pengemudi
,"Semakin kesini semakin lemot, semakin sulit digunakan. Susah penempatan titik jemput dan drop off, nggak bisa dipadukan dengan google map, selalu bergeser ke titik dominan. Terlalu berat, kebanyakan bug. Kalau terus seperti ini .. Customer grab pasti pindah sebelah, nggak mau order Grab lagi, karena kelamaan kalau mau buat orderan"
,saya senang memiliki aplikasi ini bila saya mau pergi dan mau beli makan greb selalu ada
,Driver kenapa pada ngaret semua ya udah orderan masuk bukannya langsung berangkat malah nyantai dulu bikin orang terlambat
,nyaman sekali naik mobilnya
,Bayar tunai engga bisa mulu Gimanasi perbaiki lagi
,"sepanjang ini sbg pelanggan grab, service yg diberikan insyaallah bagus.. namun hematnya kadang2 saja.."
,"Grab kenapa sih? Masa harus buka maps dulu baru bisa dapat lokasinya, kayaknya dulu gak gini gini banget deh."
,perjalanan nyaman dan aman
,lebih suka pakai aplikasi grab daripada yang satu nya. Promo-promo nya lebih keren dan bikin puas. Untuk perbaikan mohon di daerah bontang aplikasi grabfood nya diperbaiki karena tdk bisa pesan terkendala metode pembayaran yang tidak bisa muncul sama sekali ..
,sangat membantu semoga lebih baik terus kedepanya
,grab sangat membantu sekali dalam situasi apapun alias dalam situasi butuh banget grab bergerak cepat . makasih grab
,"Lebih banyak promo memang menarik, tapi sangat di sayangkan beberapa driver ada yg bersikap kurang baik. Ada yang tdk jujur untuk jumlah pembayaran, ada yang bersikap tdk ramah. Customer memakai promo krna mereka mendapatkan fasilitas promo dari penyedia (grab)."
,Harga grab food terlalu mahal kalo di bandingin app lain
,Kenapa gak bisa buat pesen ojek online atau pesen makanan??tolong perbaiki secepatnya
,Kenapa si grab udh di atur titik nya tpi suka berubah sndri gk akurat deh tiap order jdi kena tambahan ongkir gara² titik gk akurat !!
,"Dah bingung aku kadang maps nya gk jelas kadang Aplikasinya keluar sendiri kadang-kadang harus login ulang, kadang error banyak kali masalahnya nya, tolong lah aplikasi sebesar ini masak sistemnya gitu perbaikannya lagi 👌kasian penggunanya apalagi tukang grabnya salah titik dibawa muter""lagi padahal jalur yg deket ada dibawa makin jauh wkwk 😁"
,"drivernya ribet, udah 3 kali order grabcar selalu dicancel karena alasan bawa barang bawaan sayur. padahal udah order yang grabcar XL. Payah!"
,Setelah upgrade malah jadi tidak bisa chat dgn driver pas pesan. Setiap kali mau chat pasti masuk ke sms. Baru bisa chat kalo drivernya chat duluan dan itu jg dari dgn cara pilih balas dari notifikasi bukan langsung dari apps grab nya. Mohon tolong di perbaiki apps nya krn sangat menyulitkan utk komunikasi dgn driver. Sudah coba chat dgn customer service tapi tidak membantu & memberi solusi sama sekali.
,"Skrg sih sya udh ogah bngt naik grab semenjak hp sya di bw si pengemudi...percuma lapor ke pihak grab dan pihak grab jg sdh dapat data si pengemudi tp nyata Ny sdh lama tdk ada kejelasan nya....jd buat kalian yg pesan grab,,,berhati2 lah....!!!!"
,"mkasih grab, pelayanannya mantap, slm sukses selalu buat grab"
,Ketika mau di gunakan alamat berubah padahal dah lama memakai aplikasi ini
,cukup kadang promonya susah di pakai
,Ada yg bisa jelaskan kenapa point ovo terus berkurang padahal tidak digunakan dan tidak ada notifikasi apa-apa. Mengecewakan
,"CS nya kebanyakan pada ga ada attitude, seenaknya tutup chat, kebanyakan ga pada menyelesaikan masalah customernya! Udah tau apk sering error, kesel."
,Saat driver sudah ok tapi driver dimap terlihat tidak bergerak Sehingga membingungkan konsumen driver datang atau tidak Mohon untuk perbaikan nya...
,"Grab skrg mkin ribet harus selfi, sdg kn buat selfie susah menghambat jika perlu naik grab bike atau grabcar mana di jalan harus gerakan kepala tengok atas bawah , terkadang gak bisa2 parah grab mempersulit pelayanan sekarang. Sebenar nya identitas udh cukup.saat daftar juga"
,Titik map atau lokasi pada hilang dan sulit temukan alamat penjemputan dan alamat tujuan. Semakin kedepan bukan semakin bagus malah semakin jelek app grab sekarang. Mengecewakan. Makanya saya pindah di app sebelah.
,"Ketentuan Grabfood terbaru sungguh sangat mengecewakan,kenapa harus ada syarat minimal pembelian,kita disuruh beli supaya lebih hemat kan,lantas kenapa harus ada minimal pembelian,dan limitnya juga tinggi itu pak,tolong jangan buat paket hemat menjadi paket bayangan yg fungsi nya cuma peras pengguna aplikasi, minimal order 50rb sekali pesan,saya ga se rakus itu pak,perbaiki atau semua pengguna paket hemat akan lari !!!!!"
,"-mahal. -kode promonya kurang optimal, gk sesuai dengan yang dikatakan. -sering bug -drivernya asal-asalan, harusnya di test dulu kemampuannya, mentalnya, moralnya, etikanya, bahasanya. jangan sering-sering mintak update kalau tidak ada beda dengan versi sebelumnya. mohon direnspon, terima kasih."
,"Aplikasi minta diupdate, sinyal lancar jaya, ruang penyimpanan mencukupi, sudah didownload sampai 99%, kemudian malah update gagal, tdk bisa menginstal. Sdh dicoba berkali² msh sama, HP sdh di restart, file besar lainnya sudah di hapus, cek kuota masih melimpah, coba download aplikasi lain di playstore bisa terinstal. Tp mengapa aplikasi Grab saya ga bisa terinstal² versi update nya. Kan jd tdk bisa digunakan, akhirnya pakai aplikasi sebelah deh"
,"Kok aplikasinya agak ""bodoh"" ya. Masa buka aplikasi yang muncul halaman pengantar doang. Ketika di back untuk milih layanan lain malah exit. Udah buka ulang, restart dsb masiih aja begono. Oiya sering juga ketika sudah order grab bike dan diambil driver tau-tau ilang sendiri dan muncul tampilan order ulang. Padahal orderan sebelumnya on going. Mohon segera diperbaiki. Tapi sebelumnya terima kasih karena sudah sering kasih promo."
,"Aplikasi grab ini, makin lama, makin berat buat handphone yang RAM nya 2GB, mesti nya di performa aplikasi di ringan kan, agar pengguna yang RAM nya lebih kecil bisa menggunakan lebih stabil, dan bermanfaat bagi semua. Terima kasih"
,"Aplikasi bodoh tulisan pilih petanya kecil paling bawah lagi, kenapa tidak dihalaman pertama pas masuk motor/mobil dan harusnya disimpan paling atas knp paling bawah? Bener"" bodoh yang bikin ini aplikasi bikin susah pelanggan aja pelanggan kan ga tau ada tulisan pilih peta soalnya paling bawah tulisannya dan sangat kecil."
,"aplikasi grab, bagus jarang banget mengecewakan penumpang, cepat dan driver nya kebanyakan sopan, ramah dan tahu rute jalan nya dan akun driver nya sesuai dengan aplikasi nya, walaupun kadang suka eror tp tetep konsisten..... tingkatkan terus y, pelayanan nya, sukses grab ."
,"Min saran kalo lagi order makanan atau kendaraan, munkin bisa di tambahin fitur seperti permainan atau game di aplikasi grabnya biar kalo nunggu pesenan nga bosan menunggu 😁"
,"Aplikasi handal, bisa jadi utk komparasi dan pilihan lain selain apps tetangga. Apa aja lengkap, user friendly mudah dgunakan, sangat jelas fitur2nya, bermacam2 fitur pelayanan, sangat recommended!"
,"Sangat membantu utk keperluan perjalanan, pesan makanan. Tinggal pesan dan semua akan ada di depan kt. Cuman sdikit kekurangan kadang ada driver yg entah kenapa suka cancel dan bisa berkali². Hanya krn kt menggunakan promo. Perlu rules utk driver yg semacam itu."
,"Kenapa ongkos nya nmbah mahal yah lebih dari 9rb biasanya 9rb 4 km pertama, sekarang 4 km pertama berbeda beda harganya. Beda dengan aplikasi kompetitor sebelah yang sama harga nya 9rb 4 km pertama. Saya kecewa banget dengan grab, lama lama kalau gini terus saya akan pindah ke kompetitor sebelah!! saya kasian ke driver-driver nya soalnya tarif makin mahal kemungkinan pendapatan driver menurun karena tarif yang tambah mahal cs berpikir dua kali untuk menggunakan aplikasi grab"
,"mau dowload nya lama susah, ini mau update jg lama bgt,, susah di instal aplikasinya,, pas bgt mau pesan suruh update dulu tp susahnya ya ampun, padahal sinyal bagus buat dowload aplikasi lain jg bisa,, alhasil nunggu berjam jam ni di pinggir jalan sampai selesai update."
,"Untuk pt grab, saya termasuk org yg sering menggunakan jasa transportasi sekaligus grab Express, tapi disini saya mendapatkan bug. Ketika saya beres menggunakan grab express, pasti saya tidak bisa memilih grab car/motor. Di aplikasi tidak muncul, saya harus instal ulang kembali baru muncul. Mohon untuk diperbaiki aplikasinya. Thx"
,"aplikasiny slalu minta upgrade trs, memori hp gk cukup"
,Dowload udah lama gak di pake pas mau pake dibekukan..suruh ajukan banding sama aja..hapus aj deh gapenting
,"sy sudah terima pesanan sesuai yg dipesan dengan baik dan sempurna.buat kurirnya jg baik sopan, terimakasih Grabmart"
,Maaf deh uninstal... Kecewa pake Grab mending GO-JEK.. Pake Grab kacau.. Resto nya di aplikasi Buka. Pas Driver ke Resto nya tau nya tutup. Kan kasihan Driver nya kalau gitu. Mending kalau 1 atau 2 kali. Ini mah sampe berkali kali. Udah gitu gak bisa di batalin lagi. Kasihan driver itu jauh jauh ke Reato
,"enak banget,perjalanan jadi lebih gampang mencapai lokasi yg dituju berkat ada grab.terima kasih👍"
,Setiap buka grabfood selalu lelet kadang nggak keluar2 menunya bikin kesel udah di update pun tetep masihh kek gitu
,"Aplikasi ini sangat bermanfaat. Tetapi ada bbrpa aplikasi yg kurang, seperti pada grab food, kadang tidak ada promo padahal udah beli dengan jumlah yg banyak, promo jg kadang tidak bisa dipakai :( hiks. Kadang juga orderannya lama banget nyampe nya. Tp sampai saat ini, saya rasa driver nya baik2. Tingkatkan terus untuk kualitas pelayanannya ya."
,"Buat ""opsi pilihan"" agar warung bisa membatalkan pesanan jika tidak bisa menyediakan menu yang dipesan oleh pelanggan"
,"untuk harga estimasinya kemahalan segitu jarak dekat, mohon untuk di perbaiki lagi"
,"Iihh kayak hantu aplikasi ini keluar keluar sendiri gak jelas,perbiki dong permasalahan dr kendala grab ini, biar pelanggan nyaman make aplikasinya,, buat gx nyaman aja bagi yg make aplikasi ini dr dulu"
,Suka pake grab mudah dn cepat hanya saja kadang kalau sedang order suka sllu di cancel sama drivernya.
,Dh bertahun tahun sy pakai grab sampai sekarang tidak ada yang nama nya jasa pijat bintang sy turunkan karna berkembang nya minim sekali. Kecewa sekali sebagai user dh setia di grab gtu gtu aja ga ada perkembangan yg baik
,Mau masuk ke akun sendiri aja rudetna mnta ampun! Bolak balik gmail dan apk tapii gabisa terus. Jelek bgt skrg grab! Keburu males pakenya jg
,"Makin hari makan lama kalo mau grabfood, pesan makanan kok bisa sampe 1 jam stengah. Makin jelek aja ni apk ga mmpu bersaing lagi."
,"sangat membantu bngt dlm perjalanan di waktu berangkat kerja,motor gampang nyelip...sst,,,,ssstttt...sampe deh🤗😁"
,Mau pesen makanan pake grab food tapi di appnya malah nggak ada gambarnya sama sekali.
,Tarifnya suka berubah2 padahal lokasi dan jaraknya sama. Aneh banget.
,untuk ukuran anak kos harus minimal 20ribu keatas baru dapet ongkir itu menyulitkan sih.
,"promo tidak bisa digunakan padahal tanggal nya belum kadaluarsa, kota nya sudah sesuai"
,"grab keren, pelayanan ok, pengantaran cepat, pokoknya recomended grab.. good job"
,"Sangat membantu, pelayanan ramah dan cepat hanya butuh beberapa menit saja. Mantab dah👍"
,"Sering kecewa sma drivee yang ngga bertagung jawab alias suka menyepelekan, dapet order ngga sat set malah kadang waktu tunggu yang harusnya cuma 3 menit jadi 15 menit"
,grab bike solusi paling praktis untuk kebutuhan transportasi yg murah meriah
,Mending tidak usah pakai grab karena jika order pakai pembayaran nontunai dan ada barang yang kosong maka dana selisihnya susah kembalinya dan chat customer servicenya juga sesuka jidatnya mengakhiri chat apa perlu grab diboikot dari NKRI karena saya rasa sering dana tertahan tetapi susah buat dikembalikan
,"Buat Owner Grab yg terhormat, kalo bisa diperbanyak lagi yah promonya.. terutama di jam malem hehe"
,"mantap, drivernya ramah, tiba dengan cepat. pokoknya super mantap. 👍👍👍"
,"Diskon nya sekarang pelit, apa lagi foodnya diskon 25% ada max nya lg, tambah biaya layanan sama aja boong harga total nya tetep segitu. Parah ahhh males order jadinya."
,Sanggat membantu saat lagi berpergian keluar daerah dan kita enggak perlu repot² mencari warung terdekat untuk membeli makanan
,"Padahal sinyal bagus dan lancar, tapi kenapa pas buka grab food gk ada gambar nya"
,aplikasi apaan ini...makin kesni makin gk jelas ...ribet pesen grab..pake kode segala loading untuk mendapatkan kode lamaaa klo bisa dihilangkan saja
,"Kecewa bgt sama driver"" nya kenapa setiap jarak deket gak mau ambil orderan kasian anak saya kehujanan tpi drivernya gak ada yg mau ambil. Huhu kecewa sekali"
,"Map beda di google map, susah menentukan titik jemput.. Pesan makanan nyasar jauh"
,"Mohon di AUDIT tuh para driver mobilnya, kelakuan jelek semua ga ada atitud sama sekali, mergukan perusahaan sendiri klo seperti itu,"
,"Terjadi kesalahpahaman antara driver dan penumpang, dmn masih dlm proses investigasi sp yg benar dan sp yg salah. Lalu akun sy di banned. Grab, anda seharusnya bersikap netral kl blm tahu sp yg benar sp yg salah. Anda mmg berhak memilih pelangganx, tp saya sbg konsumen jg pny hak utk memilih layanan online lainya. Msh banyak pilihan lain yg lbh baik. GOOD BYE GRAB !!! Tolong akun saya dihapus krn sy sdh tdk bs akses pd aplikasi sdgkan nama dan no hp saya msh tercantum."
,aplikasinya kok skrg jadi JELEK...susah d klik juga pemesanan pembayarannya ga bisa pakai ovo pula.
,"Ngaco bgt kmrn psn grabcar drivernya nolak diskonan, malah minta tambahan tarif, uda mh di app nya disuruh batalin pesanan bilangnya offline aja, khususnya driver grabcar diwilayah majalengka jabar, nama driver nya saya lupa soalnya uda suruh batalin duluan"
,"Bosss, map nya perlu update loh, disesuaikan dengan googlemap lah minimal"
,"Maps payah, chat payah, titik lokasi payah... Sangat tidak bisa diandalkan"
,sangat membantu kemanapun dan di manapun ada saat di butuhkan.. number one untuk kenyamananya..good 👌👌
,"Pelayanan dan penanganan masalah yg sangat lambat, ribet dan tidak terselesaikan"
,"pelayanan cepat, rasa enak, takoyaki premium, ga Amis...recommended pokoknya"
,"Banyak promonya tapi perlindungan driver ke penumpang kurangg. Hari sabtu kmrn sy pesan grab pas hujan, sy kira drivernya bakal ngasih jas hujan buat sy pake tp ternyata nggak dan jas hujannya cuma satu itupun dipake drivernya sendiri, alhasil sy kehujanan. Memang waktu itu gak terlalu deras tp gara² abang grabnya tdk ksh sy jas hujan sy jdi sakit. Lebih diperhatiin lagi ya. Terima kasih."
,"muathap tenan. kirim cepat, sesuai instruksi dll. baru pertama kali kembali ke grab. tambah sophiscated eh grab kini..."
,mudah cepat & sesuai ekspektasi dijalan.. mantap grab👍
,"Proses pelayanan dan pengantarannya dgn selamat di tujuan,tks grab car."
,pengemudinya ramah dan mau membantu karena alamatnya tidak akurat.
,naik grab lebih nyaman mempermudah kita mencapai tujuan.
,Tidk ada menu transfer ribet sekali tidak seperti apk sebelah mudah saja mau tf dari apk langsung tidak ribet
,"saat buka menu di resto suka halamannya blank putih, buang buang waktu aja"
,"tepat waktu,gercep dan mas ojol nya ramah dan hati-hati bawa penumpang 🤗👍"
,"sangat memuaskan grab nya juga sangat ramah..thank,s"
,"Dengan app grab ini semuanya begitu mudah,efisien&praktis. Byk promonya jg😍 Hanya 1 ja yg menurut pengalaman sy ada kekurangannya (walau semuany gk ada yg perfect) : ketika sy memesan makanan (grabfood) yg sudah sy tunggu hampir 0,5jam & ternyata sy kecewa ketika jasa pengemudi yg mau membelikan pesanan saya menelepon bahwa tempat penjual tersebut sedang tutup. Itu aja sih. Harusnya ada tanda untuk Cafe/Warung yg sedang tutup & makanan mana saja yg sedang tidak tersedia. Tapi sy tetap 💓 GRAB 😘"
,"Semingguan grabfood resto di klik seringnya nge'blank layar putih doang, ga muncul menu² resto.... Laper mau mesen makanan jadi badmood 🤦🤦🤦🤦"
,"Makin kesini makin aneh harga nya gak masuk akal, khususnya grab bike yaak.. Baik2nya gak kira2 padahal jarak dekat! Gak hujan jg! Bnyk promo tp gak bisa dipake trs buat apa! Kdg harga naik klo pas baru isi saldo! Aneh, #curang"
,"Tolong kenapa sekarang kalo milih lokasi sulit sekali ya? Saya ingin memilih lokasi menggunakan titik dan tidak bisa sesuai titik saya, titiknya selalu berubah sendiri saat saya arahkan ke titik saya yg akhirnya alamatnya tdk sesuai dengan titik saya, karena tdk bisa. Kalo begini trs, lebih baik aplikasi sebelah dibanding grab"
,"pelayanan grab ramah, tepat waktu, pengantarannya cepat"
,"Saat ingin aktifkan OVO, selalu muncul ""Ada kesalahan, coba lagi nanti"" gitu aja terus ampe anto punya anak 100 biji. GJLS"
,"udah 2x upgrade dalam beberapa bulan ini, baru buka app, langsung keluar, loadingnya juga lama kurang lebih nunggu 1 menit untuk ready dan bisa klik menu app, itupun sering keluar sendiri.. harus bener2 sabar.. 😣"
,disaat ......jek kagak bisa sambung grab yg paling sat set
,untuk grap saya suka mau di ajak ngobrol saya juga suka pokoknya the best lah
,Pengiriman pesanan cepat pengemudi ramah 👍👍🙏🙏
,"Gapernah ada promo,sekalinya ada promo gabisa dipake padahal udah memenuhi syarat-syarat nya aneh."
,"pengemudi ramah ,aman dan nyaman berkendaranya"
,"Minta beli makan terkadang ga sesuai pesanan , percuma bayar cash , bisa tanya apakah tanpa nasi, kujawab iya sama nasi .. begitu pesanan tiba, nasi ga ada & ga ada konfirmasinya sama sekali lagi"
,nyaman sekali dan ramah abangnya
,"Aplikasinya berat. Ngeload nya lama. Maps nya dibuat muter2 juga, jadi tarifnya lebih tinggi. Titiknya jg kadang ga bener. Di jam2 tertentu diskon malah ga bisa dipake. Tarifnya sekarang sering lebih mahal daripada gojek. Saya pengguna sangat aktif grab. Sehari bisa 4x. Agak terbantu sih dengan adanya layanan langganan. Tapi ya gitu, sering tarifnya tinggi bgt padahal cuma jarak ga ada 2km. Jadi ya agak percuma :("
,"mantap, merasa sangat terbantu dengan adanya Grab 👍"
,"Dulu sering banget pake app grab buat pesan grabfood, sekarang mau pesan tapi titik lokasi selalu tidak sesuai, jadi malas mau pesan pakai grab lagi. Tolong diperbaiki app nya, terutama di titik lokasi pemesan, kasian driver kalau harus putar2 cari alamat yang sesuai."
,"Kenapa sekarang kalo masuk ke grabfood pilihan makanan ga keluar gambar nya. Harus beberapa kali keluar masuk grabfood br keluar gambar makanannya. Trus loadingnya lama. Dan pada saat chat, tulisan yg saya save itu ga keluar jd hrs ketik ulang. Padahal biasanya tinggal klik trus terkirim chatnya. Sejak terakhir update malah aplikasi nya loading lama n gambar sering ga keluar. Mohon dibenerin asap yah, biar gampang lagi kyk kmrin2 klo pesan makanan n lainnya, biar mudah kayak biasanya. Makasih"
,"Saran saya tolong diperbaiki pengembangan nya. Sering kali pas mau pesan malah balik kehalalan awal alias macet padahal jaringan saya bagus ram hp juga bagus... Terlebih lagi kadang kali pesan malah gak dapat-dapat walau udah coba berulang kali hampir satu jam. Sekian, terimakasih."
,"Sangat tidak memuaskan!!☹, dengan vertifikasi Lewat kamera. Cahaya sdah lumayan terang, tapi masih blum diterima foto saya. Kurang bagus sekarang!, perjalanan yang kita ingin tuju dengan cepat, bisa terhambat.😔"
,jauh banget gogle mafs sama grab maps yg betul alamat tujuan saya persis yg di gogle maps tpi order grab malah beda tempat
,Overall suka sih sama aplikasi ini. Membantu banget dalam proses penghematan dana waktu jg tenaga. Kurangnya kadang sama pengguna nya aja.. apalagi kalau grabfood. Susah banget kalau pesen dan dianterin ke lantai atas sebuah gedung .. kan mager kalau harus turun ke lobby.. wk
,"Buka grab dan disuruh update. Sudah diupdate sampai 4x tapi begitu proses install malah ada tulisan ""tidak bisa diinstal...."" Akhirnya saya coba ganti dari data ke wifi, bisa diinstall tapi begitu aplikasi dibuka dan proses verifikasi selesai, aplikasi malah menutup dengan sendirinya, dan begitu seterusnya. Tiap mau buka, eh tiba-tiba langsung keluar lagi. Padahal tadinya sangat terbantu dengan Grab."
,"Makin kesini semakin mengada-ngada,pesanan belum selesai tapi di aplikasi sudah selesai,koneksi ke driver lewat aplikasi juga sering bermasalah,posisi pengantaran sering berubah sendiri,map sering bermasalah,bagaimana jika costumer mengira bahwa itu kesalahan driver?Grab hanya akan merugikan drivernya sendiri."
,"Fitur double order bikin tidak nyaman !! Skrang resto berlawanan arah, atau tempat pengantaran berlawanan arah juga bisa ikut nyantol di driver !! Driver pun kadang suka tidak bilang dulu kalau dapet double order, kalau bilang di awal mungkin masih bisa di cancel. 👎👎👎👎 Lebih baik ke tetangga sebelah aja."
,"Semua vocer tidak berfungsi,banyak diskon tp tidak bisa dipakai,sama vocer cianjur potongan 3000 jadi yg kepotong cuma 1 rupiah"
,Aps apaan gini klo mau bayar lewat ovo ngk pernah bisa aneh tpi uang saya ada disana lumayan ngk bisa digunaan terus gimana
,"makin mahal aja ongkir, setara malah sama harga makanan.."
,Semua nya bagus. Promo nya juga selalu ada sangat membantu saya terutama untuk memesan makanan . Tapi kalo boleh saran versi utk pesenan makan lebih bagus ditampilkan maps ny ketika sih driver menuju ke tempat makan pilihan soalnya versi skrg maps nya hanya muncul pada saar driver mengantar makanan ke konsumen . Jadi suka kesel karna cuma bisa lihat waktu yg kadang estimasi ny nggak tepat lebih puas kalo lihat maps lokasi ny dimana
,"Merasa terbantu dengan adanya grab,untuk perjalanan jadi lebih mudah,lebih cepat dan menghemat waktu.utuk goodfoodnya juga banyak membantu,pilihan menunya banyak,diskonnya itu loh buat menarik,pokoknya tingkatkan terus kualitasnya untuk grab"
,titik penjemputan tidak bisa kita sesuaikan sering meleset bahkan ga bisa. dulu ga kaya gini
,"saya suka dengan layanan grabfood nya . karena cepet sampe dan hampir tidak ada yang bermasalah. pernah sih sampe nunggu 2 jam tapi itu salah drivernya bukan jdi nilai minus untuk aplikasi nya. mohon untuk grabfood agar gambar nya bisa di sentuh jdi ke zoom, jdi bisa lebih puas liat menu nya. banyak-banyakin promo ya... Terimakasih 🙏"
,untuk saat ini muaskan untuk aplikasi ini semoga tidak mengecewakan 🙏
,"driver ramah,mobil bersih"
,"Kaga jelas, waktu mesan udah pasang promo... trus liat lagi pas makanan dateng harganya jadi berubah karena promonya d ilangin. Parah emang sistemnya"
,"Gak tau kendala dmn tp sy dr siang smpe mlm suuuusaaaahhh bgttttt utk update grab, kuota bnyk, wifi kuat, ruang bnyk., gak ngerti lg...."
,"Ada bug pada aplikasi ini, ketika memesan Grab Express jika sudah mendapatkan driver kemudian menekan pengantaran lain kemudian kembali ke menu utama tidak bisa. Jendela tampilan tetap di menu Express. Jika kita keluar kan aplikasi sama saja, solusi nya wajib memesan Express lagi agar jendela bisa ke menu utama. Mohon perbaikan sangat mengganggu sekali."
,"Kesel lama2 klu mau beli makanan kadang mau lihat menu di resto bisa, kadang sama sekali gk bisa diliat gambarnya putiiiiiiiiihhhh trs cape nungguin nya lamaaaaaaa...baru bisa ada gambar menu resto nya lg...aplikasinya gk kaya dulu gk pernah ada kendala.."
,"Terima Kasih Koko, Perjalanan nya lancar jaya, Thank You"
,"Kenapa setelah di updated applikasi gak bekerja dg bagus, pada halaman pertama hanya nampak folder, hotel, asuransi, dan ...., Saya sdah hubungi help center tp masalahnya masih sama, di sarankan utk un-install dan re-instal tp hasil tidak ada perubahan, trus sy tanya kawan setelah dia updated rupanya masalahnya sama dg saya. Brarti ini masalah pada aplikasibukan pada akun dan hp Tolong dong segera di revisi."
,"Halloo.. Saya mau ngasih saran nih sebagai customer diantaranya : 1) banyakin promo atau bonus voucher perjalanannya, entah itu potongan harga atau pun gratis perjalanan 2) untuk orderan nya tolong bisa kita pesan lebih dari satu driver minimal 3 orderan sekaligus, krn kita butuh bgt 3) untuk voucher langganan yang 5x perjalanan potongan harganya 11 ribu kenapa di daerah saya kota Sukabumi tidak bisa dipergunakan, mohon penjelasan nya Karena mubajir, jadi terbuang percuma.. THANKS grab"
,sangat bagus dan semangat meski masih lebaran
,"Aplikasinya terlalu lemot... sampai 140Mb lebih... Awalnya lancar2 aja... Sdh uninstall dan install ulang beberapa kali masih sama saja. Selalu berhenti di menu PERJALANAN dan SEWA... gak bisa muncul ke pemesanan, sampai tulisan ini saya buat, tidak ada perubahan... Bikin males install lagi."
,Sekarang titik di grab jadi tidak sesuai dan suka berpindah pindah. Dulu alamat bisa tersimpan sesuai dg titik dan pas. Sekarang grab jadi sulit menentukan titik yg pas dan selalu berpindah. Akibatnya pernah bapak grab selisih paham dg saya gara gara masalah lokasi penjemputan saja! Tolong grab diperbaiki kembali agar aplikasi dapat berjalan lancar dan baik!
,Kenapa grabike ga bisa yg keluar grab car mulu
,Udh di instal hapus lagi instal hapus lagi gra² pesen makanan smpe 1 jam gak dpt² driver nya udh sering gini nih. Mana laper
,"Cara masuk grab hampir sama kek gojek, tolong disederhanain lagi ya. Masa harus verifikasi pake WA dan bukan lagi SMS"
,"Sama seperti komentar yang lainnya masalah titik lokasi yang susah sekali dipaskan. Saya sudah ada alamat tersimpan malah tidak bisa terdetek, diklik manual tidak bisa, otomatis di peta apalagi. Padahal cek di peta google maps ada lo lokasi rumah saya"
,"Pada awalnya untuk beberapa saat sy sangat senang menggunakan aplikasi ini, karena memudahkan sy dlm melakukan perjalanan maupun pemesanan makanan...tetapi adakalanya sy merasa kecewa sekali ketika aneka promo2 menarik yg di berikan TIDAKDAPAT DIGUNAKAN maka dari itu sy berharap untuk segera diperbaiki segala kekurangannya agar semuanya normal kembali..."
,"Sangat membantu pas lagi malas keluar tapi pingin makan sesuatu, sayang ga bisa pesan di luar kota untuk berikan hantaran orang tua yang kebetulan tinggal di kota lain. Harusnya bisa ya, kita tinggal di lombok tapi pesan di surabaya untuk dikirimkan ke orang tua atau saudara yang tinggal di surabaya, kayak alfamagift gtu, pasti makin mantap deh"
,"Tiap kali mau orderan cuaca di app nya selalu hujan biar ongkir nya lebih mahal ya,padahal di lokasi cuaca sangat cerah bahkan panas"
,"Saya hanya ingin menghimbau,, demi keamanan, tolong 🙏sesuaikan plat Bk kendaraan /motornya sesuai grab, terkadang costumer bingung pas mesan, karna ada yg tidak sesuai plat dan motor,sampai kadang di cancel karna gak sesuai, takut ada hal² yg lain. Kalau remaja yg pesan gak apa bisa tanyak, ini orang tua nanti kan bingung dia mau cari². So,, tolong pemahaman nya Terimakasih kembali 🙏🙏"
,"Penggunaan penunjuk pada peta susah.. sudah di geser ke titik yang diinginkan, tapi otomatis berpindah ke titik lain.. Tolong di perbaiki.. driver jadi mengeluh karena pengantaran tidak ke titik lokasi pada peta..."
,"Aplikasi ga bagus,kirim barang instan aja berasa sameday.. terlalu lama dalam hal apapun !"
,Bagusssssssss puuuuuoooooollllll Tapi nilai yang asli itu:8/10 karena harga nya kurang murah dari harga yang dari tokonya
,"Menurut saya ini penurunan update baru yg menghilangkan posisi map driver saat pesan grabfood. Map hanya muncul waktu driver udah mulai jalan ke alamat pemesan. Kalo dahulu ketahuan jika driver lama ternyata sedang pergi dari resto nya. Kalo sekarang kita tidak tahu jika dibohongin, katanya sedang antri ternyata lagi jalan kmn. Paket murah untuk grabfood juga mengalami penurunan yg drastis. Nominal voucher menjadi 30rb dan ada minimal order 50rb. Itu gak menjadi murah tp menjadi lebih mahal."
,Aplikasinya ribet. Masukan ya....untuk ngisi titik jemput dan tujuan supaya dibuat lebih fleksibel
,"Bantu jawab ajasi, kadang promo yg gabisa digunakan pdahal waktunya masih panjang itu karena butuh update aplikasinya terlebih dahulu, jadi mungkin coba cek dulu ada update apk apa ga. Sebenernya ini apk bagus banget. Cuma akhir2 ini banyak banget driver yg suka seenaknya sendiri, terlebih bisa dibilang agak ga sopan sama customer. Misalnya nih suka tiba2 ngancel tanpa alasan yg jelas, pdahal udah ditungguin 10menitan. Kan php ya :("
,"buat drivernya kalau misalnya sekiranya gabisa ambil orderan jangan malahdiem buang2 waktu sering kaya gtu, pengen di cancel tp ga bilang nunggy di cancel cos buat yg td nya buru2 jadi makin kehambat"
,Untuk yang sekarang ini kurang berfungsi dan kurang mendukung untuk penyandang disabilitas netra dikarenakan kurang support di Android 10 aplikasi TalkBack tidak bisa membaca lokasi yang ada di layar setelah kita mencari tempat tujuan dan tempat penjemputan
,koneksi internet lancar tpi disebut ga online gimana sih
,penjemputan cepat dan service ok
,"Saya suka pakai grab. Setiap hari selalu pakai grab untuk pergi kerja, tapi ada kecewa nya sedikit. Terkadang aplikasi terlalu lemot, sehingga memakan waktu hanya untuk memesan. Sinyal bagus, kuota penuh, RAM hp masih banyak, tapi kok lemot??? Karna selalu disuruh pembaruan makin kesini bukannya bagus, malah makin lemot. Tolong kebijakannya, lebih baik tidak ada pemberitahuan dari pada koneksi aplikasi lemot, pesen grabexpress 1 tiba tiba yang datang 3 tanpa pemberitahuan. Tolong diperbaiki tanpa pembaruan update terus terusan. Terima kasih."
,sanagat membantu dan cepat responnya.
,mobil nya bersih dan nyaman
,"Grab mahal dan pelit. Diskon ongkir grab food cuman 1K paling banyak 5K itupun tergantung kelipatan orderan. Padahal udah sering banget menggunakan Grab Food dan Grab Bike. Tapi reward nya, bukannya kasih untung malah buntung. Dikira semua user Grab orang kaya?? Oya, terus untuk titik lokasi pengantaran yg udah jelas saya tunjukkin sedetil-detilnya malah para driver ngawurnya kemana. Tolong tuh diperbaiki lagi untuk penentuan titik pada map user biar driver ga ngaco."
,"Pak grab kok suka error ya? Kalo mau di pake pas keadaan genting suka error, dari kemarin juga grab saya tidak menyambungkan koneksi terus, padahal pakai data dan wifi sudah full gps juga sudah menyala, tolong di perbaiki lagi nanti kalau sudah benar kembali saya tambah reting nya, makasih"
,kok pakai Selfie blm mandi di suruh Selfie. btw tlng di tambah titik penjemputan susah saya cari nya tak terdaftar di grab contoh nya bintang Surya karoke
,mantap perjalanan jadi cepat
,"Pemilihan driver tidak masuk akal, sering dapat yang jauh padahal banayk yang dekat"
,Grabfood makin lama makin mahal. Hampirr gak ad voucher diskonny sama sekali.. dannn harga2 menu makanan juga mahalll bget di grabfood...
,sangat membantu untuk jalan2 dikota yg baru pertama kali kita kunjungi...
,"promo saat ini sangat terbatas, promo saya kadang tidak bisa dipakai sama sekali karna kehabisan, ditambah sekarang harga semakin naik, dulu harga murah dan tdk terbatas, jadi tidak nyaman pakai grab, paket langganan potongan hanya 4k dan 5k, separuh dr harga normal saja tdk ada, tolonglah grab kembali seperti dulu dengan harga yg murah dan membantu kalangan bawah"
,sangat membatu untuk pilihan berbuka puasa tanpa harus ribet keluar
,"Sistem bobrok, ada masalah selalu kabur dan tidak ad kejelasan. Setiap di chet csnya menyelesaikan tanpa ad penyelesaian masalah. Voucher gift saya itu beli bukan minta tolol. Ngomong penyelesainnya 2-3 hri. Saya buat laporan tgl 21 jan sampai sekarang tidak ad penyelesaiannya."
,tidak sesuai yang dipromosikan
,Ini kenapa grab gak ada fitur ngirim foto dari galeri ya?? .. kenapa harus langsung dari kamera susah mau ngearahin nya
,Sudah cukup baik namun masih ada yg perlu dibenahi dalam pengelolaanya
,pengalaman pertama pesan grab... Alhamdulillah baik
,pengemudi sangat baik perjalanan sampai dengan selamat
,"bermanfaat sekali. kedepan tlg di-update jgn cm pake OVO pembayaran onlinenya. tp BS pakai shopee, dana, dll"
,Sangat membantu. Solusi cepat untuk bepergian kemana mana. Terima kasih grab 👍
,perjalanan jadi lebih cepat
,"bersih dan nyaman, ramah"
,"pengantaran cepat, ramah"
,Sayang nya basic map nya tidak by google. Jadi agak susah buat cari alamat.
,"puas dngn layanan,cepat jg."
,bagus dan mantap pelayanannya
,baik dan cepat pelayanannya
,perjalanannya sangat nyaman
,maju terus utk aplikasinya n playanan nya
,sangat mendukung dan nyaman
,seneng dan cepat datangnya
,Ribet bgt proses pengembalian saldo belanja cok.
,"pengantaran tepat wktu , driver ramah & sopan"
,"banyak promo, murah, luvvvvv"
,"Alhamdulillah hari ini pertama menggunakan grab online lg dan pengemudi serta mobil nya semua baik sy puas , tks"
,sangat membantu jika tidak memiliki kendaraan roda empat
,"grab nya bagus, layanan mantap 👍🏻👍🏻👍🏻"
,"App grab lg error ya? Udh update barusan juga masih error, mau ngasih penilaian ke abg grab ga bisa"
,menarik banyak promo
,sangat sangat membantu aplikasi grabnya
,cukup nyaman abang juga baik
,perjalanan yg cukup menyenangkan
,pengemudi nya ramah banget dan membantu
,bagus bnyk promo gak kya di aplikasi sebelah
,"Setelah di update aplikasinya jd berat bgt. Stuck lah tiba2, susah utk chat, berat bgt smpe kayak ngehank aplikasinya. Pdhal wifi sy cepat, dan hp sy 8/128. Tolong diperbaiki ya. Menyusahkan sekali soalnya"
,"Repot, pake verivikasi selfi segala, dari tadi di coba gak bisa², telat sekolah kan jadinya"
,layanan cepat dan nyaman
,pelayanan bagus dan tau jalan dengan baik dan juga ramah orangnya
,Awalnya grab sangat membantu aktivitas sehari². Tapi setelah di upgrade kok jadi banyak perubahan yg mengecewakan. Trus juga gabisa ngeliat titik lokasi driver. Mau dibatalin gabisa. Saya udah nunggu lama. KECEWA BANGET BRO!!
,mantab 👍 pengemudi ramah dan cepat sampai tujuan.
,"pemesanan bisa langsung pesan 2 dong & dalam transaksi bila keluar dari aplikasi seharusnya bisa masuk lagi ketransaksi yang sedang berjalan, karena saya keluar aplikasi beberapa menit tidak bisa akses transaksi padahal mau top up dengan pengemudinya, kedepannya lebih bagus & sukses ya GRAB🙏"
,"Tampilan dan sistem grabfood yang baru membuat pelanggan cukup lama menunggu,,, 1pesanan lebih dari 40menit padahal jarak outlet hanya 10menit, dikarenakan pengemudi bisa mengambil double pesanan dari customer lain sehingga membutuhkan waktu tempuh yang lama walaupun itu menguntungkan bagi driver agar bisa mengantar pesanan dalam sekali jalan, tapi dari segi pelanggan tidak efisien karena prioritas driver terbagi. Mohon sistem dan tampilan map pada grabfood di evaluasi agar tidak merugikan.🙂"
,"Saya edit lagi Jika ada penilaian bintang setengah Saya beri bintangang setengah Promo tidak bisa digunakan Padahal jam, tempat, lokasi tujuan, kota atau tempat berlaku, metode pembayaran, minimum biaya, sudah sesuai. Tapi diskon promo tidak berguna. Aplikasi sebelah jadi lebih menarik."
,Parah sekarang ya mitra grab ya ampe bikin cewe saya trauma dan ga mau ketemu lagi ama orang2 banyak dan ga mau lagi pergi2 lagi make transport umum👎
,"Developer tolong ya diperbaiki aplikasinya. Update baru skrg gabisa liat posisi drivernya dmn pas awal""lagi pesan. Ud bagus tampilan saat pesan makanan tp sebaikny ad opsi ""lihat posisi driver/lihat map"" maka akan muncul map dimana cust bisa melihat posisi driver. Karena tidak semua cust. tidak peduli dmn drivernya, ad saja cust yg ingin melihat dmn driverny berada, ingin memantau. Opsi ""batalkan pesanan"" sudah baik krn stlh dpt driver, tdk lama opsi tsb. tdk bsa dipilih. Makasih"
,"Tolong untuk struk grabexpresnya lebih di perjelas lagi gambar, soalnya kami di bagian delevery food susah untuk menzoom gambar di struk grabexpress. Selebihnya sangat puas. 🤗🤗🥰🥰"
,"Saya cukup kecewa dengan grab akhir-akhir ini😔 setelah di update malah makin aneh. Setiap mau pake appnya, baru masuk tiba-tiba keluar sendiri. Saya coba berkali-kali, sampe lelah. Terus promo juga sekarang sedikit. Tolong di perbaiki ya🙏"
,"suka sama app ini karena mempermudah perjalanan,, mudah dalam pesan makan,, mudah kirim barang, cuma kurang satu aja kadang suka hilang sendiri pesan notifikasi yang masuk jadi harus terpaksa di uninstal dan di instal balik"
,Tidak bisa sama sekali install aplikasi grab dan update..tolong di cek dan di perbaiki aplikasi nya soal nya susah banget masuk ke Aplikasi loading berjam jam!! HP sudah di restart ttp aja msh loading!! Klo mmg di haruskan Update dr pusat langsung aja jgn suruh konsumen Update sendiri..udh di coba berkali kali ttp msh ngk bisa aplikasi nya tolong solusi nya!!
,"Kadang pas pesan drivernya dekat dari lokasi kita pesan, pas aplikasinya di close dan msuk lagi, drivernya tiba-tiba lokasinya berubah jauhhhhh bget. Kan bikin kesel, apalagi kalau lagi buru-buru. Tolong dong di perbaiki lagi kinerjanya"
,sangat membantu di saat kita butuhkan...👍👍👍
,mantap pengemudi ramah dan tepat waktu
,"grab sangat membantu,,dapat diskon murah bgt,,mkasih yaa"
,"respon nya cepat,orang nya ramah"
,Pengemudi suka membatalkan pesanantanpa konfirmasi padahal sudah nunggu lama. Kenapa ngga dikasih tau dari awal ngga bisa jemput. Mapnya juga kadang kurang akurat. Jalan yg aksesnya susah kebaca jalan yg aksesnya lebih besar ngga kebaca.
,"Mohon diperbaiki titik maps pada grab, sangat sulit di pas kan, bahkan di titik yg benar justru otomatis muncul alamat yang berbeda, saat diinput alamat yg benar, titik maps berubah ke titik yg lain 🙏"
,"ini sangat membantu saya dalam melakukan perjalanan,dan biaya lebih jau lebih murah dari ada Taxi,dan menggunakan applikasi grab pay lebih senang tanpa harus bayar chas dan dapat point lebih banyak,poin yg sudah terkumpul dapat juga kita tukar dalam berbagai cara,pokoknya sangat Top. terimakasih applikasi grab,karna dengan ada kamu perjalan saya lebih mudah."
,"Mohon maaf sebelumnya tapi grab yang sekarang sangat menyulitkan penggunanya,kenapa?karna nama2 jln kecil sudah banyak yang hilang dan hanya nama2 jalan utama saja yang terlihat.jika mencari mengunakan fitur search banyak nama jalan yg sama jadi penggunanya merasa bingung.cobalah untuk menjadikan ke versi maps sebelumnya yang lebih memudahkan untuk mencari lokasi(jika ada yang kurang mohon pencerahan)"
,Tolong harga nya disesuaikan lah sama aplikasi tetangga terlalu jauh beda nya 1 banding 4 DIBANDINGKAN APLIKASI TETANGGA MERASA DITIPU SAYA...
,Lagi maen game candy cras tiba2 ini aplikasi mendownload sendiri. .tidak ada manfaatnya
,"betulin dulu apknya. terlalu banyak bug. 1 map tiba"" hilang, 2 titik tiba"" berpindah ketika sudah di pesan 3 saat saya keluar dari apk dan ingin masuk lagi pesanan saya tadi ilang sedangkan saya sudah memesan driver. tolong di perbaiki apk ada untuk membantu orang bukan untuk merepotkan orang."
,Sumpah grab makin gk wort it buat anak sekolah. Dari harga 19rb sekarang jdi 24rb Lain kali adain harga buat anak sekolah yg menggunakan aplikasi grab.
,"aplikasinya bagus dan sangat bermanfaat, memudahkan dalam hal transportasi dan pengantaran ditambah dengan promo yang ada, cuman menurut saya aplikasinya masih sangat berat. semoga grab kelak bisa mengembangkan aplikasinya lebih dari ekspetasi."
,Kecewa gak bisa digunakn aplikasinya. Bagus di tutup
,Sangat baik dalam pelayanannya serta pengemudinya (motor/mobil) sopan & santun. Terima kasih.
,Knpa pembayaran tunai malah di tolak! Aneh sekali!
,"alhamdulillah ,, selama pake aplikasi grab , selalu bikin nyaman dan seru dlam perjalanan , dan untuk lainnya mungkin harus di perbaiki , seperti pembatalan tanpa sepengetahuan pengorder.... terimakasih.... sukses terus ya grab..."
,"TOP DEH pokoknya,, lengkap dgn complain,.. tp banyakin dong promo atau diskonnya, apalagi langganan,.. aplikasi yg sangat membantu perjalanan kami. aman dan cepat. tingkatkan lg kualitas layanannya.... 👍"
,"Kecewa banget sama ini aplikasi, masa nggak bisa membatalkan pesanan padahal baru bbrp detik pesan udah nggak bisa di cancel. Karena saya salah pesan. Udah gitu vouchernya pada nggak jelas. Terus biaya pengantaran, naik grab mahal banget. Sangat"" kecewa sama grab."
,"Untuk android tipe jadul, trllu berat. Aplikasi sering hang, bug, tidak respon, dan sering kluar dengan sndrinya. Jd ku kasih bintang 4. Slbihnya sangat membantu, trimakasih :))"
,"Untuk grab expresss car, sering kali mendapatkan driver yang lebih dekat dengan lokasi tujuan dibanding dengan lokasi pengambilan. Harusnya dicarikan driver yang lebih dekat dengan lokasi pengambilan bukan lokasi tujuan apalagi jika macat dan sedang sangat urgent lama bngt. Ada fitur batalkan, tetapi jika di batalkan 3x alhasil sulit mendapatkan driver baru dengan alasan ""pengemudi sedang sibuk"". Kalo tidak di batalkan lokasi pengemudi selalu dapat yang jauh, padahal instant car harusnya cepat."
,"aplikasi nya sangat membantu sekali❤️ tetapi grab yg sekarang kurang nyaman, soalnya terkadang jaraknya deket tapi tarifnya mahal, malah lebih murah jarak yang jauh sekalian.. tlong lebih di tingkatkan lagi sistem nya🙏"
,cepat respon drivernya & menguasai wilayah.
,Banyak diskon. Pengantaran tepat dan cepat. Tapi saya mengalami kendala menentukan titik alamat saya. Selalu selisih sekitar 500 meteran dr titik lokasi saya mengaktifkan GPS. Mungkin bisa dijadikan feedback utk sistem penentuan titik lokasinya.
,"Bagaimana mau pakai aplikasi ini. Aplikasi GRAB sangat berat di Hp Low End, RAM 1Gb. dipakai saja tidak bisa, selalu nge LAG. Tdk seperti aplikasi sebelah G***K. walau sering pembaruan tp tetap ringan, lancar dan bisa digunakan."
,"Layanan bagus, sopir yang ramah"
,"Grab baik,jujur,sopan. Martabaknya enak,mantab suka banget ok trims. 👍💯 lancar sukses slalu. Amien."
,Udah biaya pesanan mahal pengantaran lama.. keburu gak nafsu makan dah .
,"Murah, dan fasilitas lengkap"
,Kayanya kalo ada grab car sejenis kol bak bagus deh min. Biar yang order barang besar bisa di arahin ke cara kol bak. Kasian sama pengendara motor yg sudah sering banyak viral bawain barang barang ga wajar
,"sesuai waktunya, kurirnya ramah"
,"Pesan grab dari cinangneng tujuan bojong kulur, nunggu 1 jam blm ada driver yg ada lebih parah nya bawa orang tua Padahal di peta ada mobilnya AMATIRAN"
,Banyak promo nya tapi lebih murah maxim
,"Masuk akun ga bisa, bikin akun juga ga bisa sekarang ga kaya dlu gampang"
,suka banget ramah dan cepat
,"Saya lapar, udah drivernya gak dapet, resto gak jelas, gak bisa dicancel pula"
,pelayanan bagus ramah dan sopan
,"Terima kasih sudah menjadi lebih baik ,suka banget sama promo"" nya ,sangat berguna dan bermanfaat"
,pengantran cepat n pengemudiny ramah
,untuk sekarang lebih prever ke grab soalnya murah
,sangat membantu buat perjalanan transportasi
,"Driver ugal2an, udah salah malah pasang wajah marah kayak gak punya salah. Motor gak ada spion kiri kanan nya lagi . Ruwet"
,bagus dan harga terjangkau
,alhamdlh tepat waktu mobilnya smg lancar trs
,Ga konsisten promonya. Bilang sampe jam 22.00 jam 20.00 udah ga ada
,sangat membantu di saat lebaran saat orang butuh mengisi perutnya
,sopan baik mobil ya bersih sopirya santai nyaman
,cepat dan ramah drivernya
,"Grab makin ribet, mau order taxi aja harus verifikasi wajah segala🤦 buang2 waktu, jadi males pake grab lagi"
,"Sangat tidak membantu!! Tidak bisa melakukan pemesanan grab food sebagai hadiah diluar kota. Masih kalah sama aplikasi sebelah yang Bisa pesan makanan berbeda kota. Nanya ke CS kata nya bisa. Setelah melakukan pencarian alamat via peta, tapi gak bisa di klik."
,Kenapa menu grab driver tidak ada .
,sangat nyaman dan ramah
,tepat waktu n pelayanan ramah
,"pelayanan Mantap, bersih nyaman"
,"Susah untuk mendapatkan grab car di lokasi penjemputan jauh,mauoun lokasi asli pdhl kan saya jyga bayar tetapi kenapah gak mau ,membuat keluarga saya susah untuk kembali kerumah"
,tidak bisa mengakses lokasi tertentu
,cepat dan tanggap
,grap aplikasi yang sangat membantu mengatasi perjalanan saya.
,Tolong tambahin fitur bisa liat keberadaan driver
,aplikasi grab sangat membantu buat berpergian
,"sangat ramah, dan tepat waktu"
,Kacau mau masuk atau daftar aja harus log pake Facebook aneh gk cukup nomer telpon
,"maksih pak,rejeki lancar sehat selalu"
,Aplikasi jelek gk bagus gk bisa login 😡😡😡😡😡😡😡😡😡😠😡😠😡😠😡😠😡😠😡😠🤬😡😡😡😡😡😡😡😡😡😡😡😡😡😡😡😡😡🤬😡🤬😡🤬🤬🤬🤬🤬🤬🤬🤬🤬🤬🤬🤬🤬🤬🤬🤬🤬🤬😡😡😡😡😡😡😡🤬🤬😡😡😡🤬😡🤬😡🤬😡🤬😡🤬😡🤬
,Tolong untuk restoran ato rumah makan yg maen cancel SE enaknya saja bisa di kasih report langsung biar gk ngawur jualannya
,"Gimana bisa pengemudi dapet 2 orderan sekaligus, udah bayarnya mahal, pelayanan makin jelek aja, tau gini pakai aplikasi sebelah aja"
,murah sering ada promo
,Untuk Food dan Mart Berkali-kali Toko menimbulkan Masalah Dan selalu mengalami kesulitan pada saat laporan dan tindak lanjut.... .... Food untuk Ambil sendiri laporan diterima Dan di Proses Toko Per Hari ini ternyata ada Toko yang emang Tutup dan Toko yang Makanan sudah Habis. Dari Toko dan pembeli tidak bisa saling Chat.
,pertahankan layanannya yang sangat baik dan jujur trimakasih
,akhirnya bisa balik lagi ke aplikasi ini
,Hey bro i cant speak indo jadi gw akan menggunakan bahasa indo jadi gini Gitu aja sih
,terlalu banyak biaya lain2 yg sangat mahal
,"Mau login aja susah! Gak ada internet matamu, buat yutub lancar2 aja"
,"pengemudi sopan, nyaman mengemudi dan tahu alamat"
,driver banyak pilih2 saat jemput customer.. apa lg kalau grab car.. nunggu lbh dari 15 menit gk dapet2.. payah 👎
,mantap harus ada untuk pakai an juga
,membatu banget apa lagi banyak promo aihhdahlah kuy
,ramah baik obrolannya juga menyenangkan smg makin sukses buat bapak grab Trmksh
,"Grab anjg, verifikasi wajah tdk bisa, padahal udah lenggak lenggok seperti orang gila ttp gk bisa"
,sering batalin kalo tarifnya murah .
,"Alhamdulillah baru kali ini ad grab sampai kerumah,.pokoknya membantu bangetttt.."
,Good Dan Perbaiki lagi Sistem+Aplikasinya nya min 👍
,pelayanan sangat memuaskan
,"seru baik dan nyaman , aman terjamin"
,Driver nya sangat sopan dan baik
,baik sekali dan tingkatkan terus pelayanan customer
,nggak kecewa deh pakai layanan Grab tapi makin diabet semakin tidak user friendly bagi pengguna tunanetra
,"Dulu bisa gabung beberapa promo, tidak sekarang 😪"
,drivernya sangat baik dan ramah
,"makanya enak , pengirimanya cepat dan ramah"
,Pengemudinya bagus dan sopan santun.... Terimakasih... Semoga selalu sukses...
,sangat membantu untuk yg blm punya kendaraan.
,pokok nya keren kalau mau pesan makanan
,"grab sangat membatu perjalanan kami,"
,"Toko tutup tapi ngak bisa dibatalin dan grab pusatnya ngak bisa dihubungi, jadikan driver grab nya"
,"Ongkir nya GK kira"" mahalnya GK sesuai porsi yg harganya kita beli.."
,baik dan puas dgn pelayanannya
,sangat ramah dan cepat
,selalu ada promo biar konsumen tambah puas
,Susah mau verifikasi akun. Nggak kayak dulu. Gampang mau masuk.
,baru download dapat potongan sepuluh ribu lebih mantap
,Tidak ada fitur chat pada pesanan
,"sangat membantu,Grab car mantap"
,cepat sampai.. drivernya ramah.terimakasih
,respon cepat. pengiriman cepat
,good... sangat membantu saya ketika sedang dibutuhkan
,abang nya pada ramah membantu bgt pokok nya
,Sangat membantu buat transportasi
,ok mantap aplikasi nya sangat membantu sekali👍
,sangat nyaman pakai grab
,Mantap banget ya grab superapp yaaa
,saya merasa nyaman selama saya berlibur di jakarta dengan memesan grab motor
,di perbanyak jg mobil yg premium minimal inova
,"Aplikasi ini sangat membantu bagi saya. Hanya saja masih terdapat berbagai kekurangan, salah satunya pada bagian grab food. Seminggu belakangan saya melakukan pembatalan lebih dari 3kali hanya karena menu yang saya inginkan tidak tersedia(habis). Kedepannya saya berharap ada fitur atau keterangan setiap menu agar pembatalan serupa mampu diminimalisir"
,"Grab makin kesini makin makin deh.... Buruk..... Apalagi maps nya,,,, gak jelas bangetttttt.... Padahal udah lama banget Ake grab,, tapi entah lah.. makin kesini ngawur"
,"Semoga bisa di upgrade lagi ya soal map nya karena , jalan rumah saya tidak terdeteksi oleh map-nya grab, sementara jalan depan rumah saya terdeteksi, padalahal jarak antara jalan rmh saya sama jalan depan itu sekitar +- 500 m Semoga bisa di tingkatkan lagi ya"
,"Buat pengelolah GRAB KHUSUS GRABFOOD, kalo bisa sertakan nomor telepon restoran yg akan kita order,jadi sebelum order kita sendiri bisa memastikan apakah menu masih tersedia atau habis,masalahnya sy sring pesen GRABFOOD dan menunya lambat di update oleh restorant.jadi pas order udah ke potong saldo sy,tapi sy disuruh ganti menu oleh kurir karna pesenan gak bisa dibatalin.jadi trpaksa sy ganti menu yg sy gak suka bahkan gak makan.GRAB angan hanya mikir keuntungan kalian ya! TOLONG DI PERHATIKAN"
,"Sebenernya suka appnya tapi masih agak kecewa, 1. Promonya gabisa double dan banyak banget promo yang ada dilist tapi gabisa dipakai jadi lama banget harus nyoba dan baca satu satu 2. Gabisa kolaborasi tunai dan non tunai. Cupu bet. 3. Aku mau kasih tip non tunai, di pemesan yang tunai gabisa juga. Padahal kan bisa aja kita mau kasih tunai dan non tunai kalau emg perfoma drivernya bagus. Ntar kalau ga diupgrade baru ke 1 bintang, sekarang masih maklum."
,"sangat puas, semoga lebih berkembang lagi,"
,buat apa disediain menu paket hemat. kalo drivernya pilih pilih karna pake promo paket hemat! bikin waktu lama terbuang. setiap saya mau cancel pasti mikir mikir kalo dia akan sampe jemput saya tapi d tunggu2 pun jawaban gaada. bkin mau ngelakuin aktifitas lambat!
,"Tolong dong pihak GRAB konsisten dengan apa yang sudah ditentukan terutama untuk voucher2 yang kebanyakan tidak bisa dipakai karna ""voucher sudah habis"" atau ""voucher kadaluarsa"" padahal belum pernah digunakan/ belum mencapai tanggal kadaluarsa. Sedikit kecewa karna apk ini dulu menjadi apk andalan yang bisa dipercaya.. berbeda dengan sekarang yang semakin hari semakin menipis kinerjanya."
,kalau butuh kendaraan lebih enak nge Grab 😁
,makin asik pake grab. karena makin banyak diskon nya. tapi tolong saat kondisi ramai (hujan) kalau bisa di kondisikan agar saat order tidak dapat driver yg sangat jauh sehingga harus dicancel/ngancel beberapa kali karena posisi cst dan driver sangat tidak memungkinkan. *jauhnya kelewatan
,"Keren dan cukup membantu. Udah pake kurang lebih 5 tahun. Cukup banyak perkembangan dan inovasi yg memudahkan. Mulai dari jasa yg ditawarkan, fleksibilitas dalam memberi tip untuk driver, akurasi lokasi, dll. Terimakasih grab !"
,"Di GPS saat setel lokasi spesifik pengantaran selalu ""dipaksa"" memilih tempat sekitar. Nggak bisa persis lokasinya. Saya nggak akan gunakan dulu kalau nggak diperbaiki. ASAP suruh programmer mu lembur."
,"Bos Grab dan IT mohon design pas pemberian penilaian bintangnya diperbaiki, jangan pas baru tekan ke bintang no 1, langsung berubah posisi bintang di layarnya tiba2, ini menyebabkan kekeliruan kasih bintang, karena saat pelanggan buru2 kasih bintang tekan cepat bintang 1,2,3,4 lalu klik ok, malahan hanya keklik 1 bintang dan keklik ok. Ini bisa fatal bagi drivernya. Overall layanan bagus terutama petanya cukup responsif."
,"Min, Orderan jadi sepi. Penumpang banyak mengeluh hanya karena fitur app yang sekarang jadi sulit dimengerti. apalagi buat para ibu ibu atau umur diatas 30th. Mengeluh karena fitur app sulit dipahami, Contohnya : jika ketik alamat yg belum terdaftar di google, secara harus klik maps di pojok kanan atas (yang pelanggan belum tau). Sedangkan itu berupa logo kecil. Akan lebih baik jika disederhanakan yg bertuliskan ""cari alamat di peta"""
,Kk mohon di perbaikki ya soal nya saya sudah donload saya kan masuk saya daftar dulu tapi kok tulisan nya mohon maaf ngak bisa cuma bisa di Sumatra Barat jadi saya mohon ya kk lebih di perbaikki lagi tapi saya tidak akan menghapus nya saya mau apdet ya sudah ya kk mungkin itu saja yang bisa saya bilang Terima kasih ya kk😊
,"Payah...tiba2 ada notifikasi tentang pembayaran yg belum terselesaikan..pada hal sudah terlewati beberapa kali transaksi baru...dan saldo pun terpotong...pada hal setelah transaksi yg dinyatakan belum terselesaikan saya mendapat riword setelah selesai transaksi, karna emang sudah terbayar transaksi tersebut. Saya coba chat bantuan gak ada jawaban yg memuaskan, pada hal saya punya bukti transaksi yg dianggab belum terselesaikan...apakah ada yg mengalami hal serupa.."
,"Lebih bagus dan untuk kenyamanan bersama pemesan/pengguna jasa Grab bisa memilih jenis kendaraan/sepeda motor tertentu disaat pemesanan. Pengalaman saya sebagai orang bertubuh besar sangat tidak nyaman jika mendapat type kendaraan yg kecil 😭. Alangkah senang jika itu bisa😁😀. Mohon saran diperhatikan, terimakasih🙏🙏"
,"Sebenarnya sih sangat membantu, akan tetapi saat masuk ke aplikasi nya terkadang lama dan driver nya terkadang meminta kita untuk cancel atau driver itu sendiri yang cancel. Mohon di perbaiki terutama saat ingin masuk ke aplikasi. Terimakasih."
,"Poor service, kenapa?? Jam 9.45 keluar dri stasiun,buka app berkali2 tidak bisa2 dg alasan sinyal buruk, padahal buka YouTube lancar2 saja, hp di restart sampai tiga kali masih gabisa juga, saya menjauh dri stasiun,coba buka app lgi baru bisa, gasampai disitu, app membutuhkan verivikasi wajah,sya faham demi keamanan, but its really complicated to me, habis perjalanan jauh masih dibikin ribet padahal seharusnya mudah. Saya berharap ini menjadi perhatian serius utk perusahaan sebesar ""GRAB"".thank"
,Map di grab dan di google perbedaan jauh sekali perbedaanya .. Padahal alamat sudah sesuai
,"Aneh banget, tiba tiba akun saya di bekukan padahal ga ngelakuin hal hal yg mencurigakan, padahal keadaan lagi butuh."
,Aplikasi yg baru kita tidak bisa pantau apakah driver sudah menuju ke resto atau blm... Lebih enak kaya dulu..kita bisa pantau di map.. 1 lagi ....sekarang sering double order..bikin nunggunya tambah lama karna harus nganter 2 tempat.. Tolong di perbaiki systemnya ...
,"Klo nge upgrade harus langsung ga bisa di nanti dulu, udh tau memori w penuh kan jadi harus apus app lain, bt sumpah"
,Udah dipasangan voucher promo tapi harganya gak berubah heran
,mantap grab promo. bike termurah dari yang lain... semoga promo terus...
,"tolong dong alamatnya di sesuaikan dengan google map soalnya banyak driver yang biasa cancel karna alamnya ngak tentu misal cuma beda dikit saja. soalnya biasa ada tempat yang tidak bisa di pasangkan titik jadi otomatis harus sesuaikan lokasi terdekat, kaya mau pergi check up biasa ada apotik yang ngak bisa di pasang titik."
,"aplikasinya bagus sekali sangat membantu saya hampir setiap hari,, cuman ada beberapa yang harus diperbaiki seperti jarak drivernya jangan terlalu jauh selagi ada beberapa yang dekat dengan titik jemputnya yaa,, trus soal promonya kenapa hanya bisa digunakan dalam sehari itu cuma bisa dipakai sekali aja"
,"Utk saat ini saya beri 1*, krn app grab skrg ini kurang suport terhadap disabilitas khusus nya tunanetra sprt: 1. Ketika ingin mengisi pulsa utk membayar nya mesti di geser nah itu tdk akses utk pembaca layar hp di tunanetra, masa setiap ngisi pulsa di app grab mesti org awas terus yg menggeser utk membayar. 2. Utk memasan transport sprt motor ribet cara memesan nya tdk sprt app tetangga nya. Semoga ada respon dan ada perbaikan. Terimakasih"
,Verivikasi wajah naik turun g pernah berhasil g ada respon. Malah buat pusing aja naik turun kepala g ada hasil. Mnding ada tombol atau pake kedip mata
,"jujurnya saya suka sekali sma aplikasi grab ini. tpi ada hal yg membuat sya agak kecewa sama aplikasinya. contohnya, seperti kemarin ""paket hemat GrabBike"" saya gk bisa diperpanjang otomatis:') entah eror apa gimana saya juga gk paham. tpi temen saya yg pake ""paket hemat GrabBike"" bisa diperpanjang otomatis. mungkin memang blm rezeki saya gapapa, tpi saya sukakkkk!!! sama aplikasi grab ini banyak promonya, membuat dompet ku jauh lebih hemat dan membantu ku dlm bekerja!! thankks grab!!!!💚💚💚💚💚"
,"Sejak 2019 pakai grab, mau itu grabcar/grabike bahkan grabfood selalu bisa titik penjemputan dan pengantarannya (dirumah saya) tapi semenjak bulan juni jadi tidak bisa, titik sudah ditempatkan namun selalu berpindah dan memaksa ke jalan lain yang sudah berbeda blok dengan daerah saya, alamat rumah sudah terdaftar digmaps namun digrab tidak bisa digunakan alamatnya. Jujur hal tersebut sangat menyulitkan. Sudah update aplikasi 2x saya kira sudah diperbaiki, ternyata masih tidak ada perubahan."
,peta kurang update jalan dan tempat specifik kurang pas kalo driver yg selama ini saya oder semua ok memuaskan yg jadi kendala peta buat cari titik yg pas jadi sedikit kecewa dg itu mohon konfirmasinya yaa pihak grab
,Bagus dan sangat Membantu kemana kita pergi sangat mudah dgn adanya Grab ini.
,Kemana mana sangat mudah dengan menggunakan GRAB
,"Malam Ini di update,buat masuk ke menu makanan blank. Gimana mau pesan nya . Fast respont please"
,Map grab nya terlalu melebih2kan arah jalan...jadi sering mutar2 setiap mesan... Ada jalan terdekat selalu milih jalan yang terlalu jauh...jadi sering menunggu lama...mohon diperbaiki! Kasihan driver-nya kecapekan dan jadi sering tersesat👍
,"sangat membantu saya. note: 1.sering kali temui driver menggunakan kendaraan yang plat nomor serta jenis kendaraan yang tidak sesuai dengan yang ada di deskripsi profil driver 2.kode promo sering eror dalam penggunaannya 3.kenapa harga tarifnya selalu berubah-ubah? kadang 4ribu,bahkan bisa lebih dari itu."
,Secara keseluruhan puas sih dengan aplikasi grab. Untuk grabfood bisa ga sih d tambahin (optional) untuk biaya parkir. Soalnya kadang abang grabnya ga info ada biaya parkir. Waktu ambil makan kadang pas ga ngantongin uang kan jd bingung bayarnya. Mau ambil dulu iya kalau deket. Kadang d kantor kan jarak jalannya jauh. Thanks
,"sangat sulit menentukan titik penjemputan,, jadi seringkali miskomunikasi sama supir.. aplikasinya juga suka ngeheng ga kaya dulu.. pas heng touchscreen nya ga bisa jalan jadi kalo di chat sopir mereka cenderung nggas ngomongnya karena kesel sendiri.. promo oke tapi pelayanannya rendah sopirnya banyak yang ga sabaran terutama pas jemput orang sakit.. kayanya sebelum daftar jadi grab mending di seleksi lagi kaya ada training dan sebagainya.. jadi jangan cuma nyari yang bisa bawa motor/mobil doang"
,untuk pengantaran & grabcar / grabbike ok lah..tp untuk grabfood masih belum..karena biaya pengantaran yg seringkali tidak sesuai..padahal jarak sebelumnya hanya 1-2km tp setelah klik mau order tiba² jarak berubah bisa sampai 9-11km jd menyebabkan ongkir bisa diatas 25rb padahal cek dengan aplikasi sebelah ongkir cuma 2rb..
,Terlalu banyak update. Bukan tidak mau aplikasi semakin bagus tapi alangkah baiknya update-nya dengan tambahan/ beberapa perbaikan yang lebih baik. Dan setiap mau update selalu gagal:) udah habisin kuota buat upgrade eh gagal terus. Sudah kirim laporan diberikan keterangan bahwa akan ditangani dengan cepat. Okay saya tahu memang sulit untuk mengatur sistem. Tapi kenapa 5x upgrade selalu gagal:''') 1x atau 2x kirim laporan setidaknya secepat mungkin diperbaiki sistemnya:(
,"Sumpah dulu gue suka banget sama aplikasi ini. Tapi kenapa makin kesini-sini suka dapet driver yg kurang etika. Terus sekarang kalau dapet driver suka lama, apalagi kalo mendekat jam 6 pagi, mau berangkat sekolah. Itu lama banget dapetnya, suka kesel. Mana harga mahal banget. Terus kenapa saya tidak bisa mendapatkan notifikasi tentang promo-promo? Selalu kosong. Jadi saya kalau mau pesan pake promo harus nyoba-nyoba. Terus kemarin saya baru aja pake grab Express, awalnya kesel karna setiap mau pesen ga bisa terus, katanya ada perubahan harga. Pdahal udh berkali-kali saya restart supaya bisa tapi tetep aja gabisa, pas keesokan harinya baru bisa. Tapi payah banget kenapa pas mau buka aplikasinya malah selalu ke grab Express gabisa ke menu utama? Padahal saya ingin memesan makanan. Terus kalau gabisa ke menu utama, gimana saya mau pakai aplikasinya kalau saya sedang terburu-buru? Tolong dong lebih diperbaiki lagi grabnya. Kasian juga teman-teman yang lain yang seperti saya. Tolong lebih ditingkatkan, agar pengguna juga lebih nyaman dalam pemakaian. Terimakasih. Saya harap dengan saya kasih tanggapan, bisa dilihat, direspon, dan langsung diperbaiki."
,"Kenapa grab makin aneh ya, alamat saya malah sekarang gak bisa muncul di grab, udah di pilih titik lokasi di peta tapi gak bisa, malah kursornya gak mau di taro di titik yg dipilih. Alamat tersimpan pun terhapus, disuruh update alamat tpi gak bisa2. Masa tiap pake grab harus turun jauh dari rumah 🤦"
,"Sebagai org I.T. yg bisa membuat aplikasi kayagini, ini app kurang bagus. Dalam proses pendaftaran app pelanggan pun terlalu ribet interface dan seuence diagram alur nya. Its have to be more simple for user tho."
,"tambah mahaal aja, harusnya ada prioritas untuk jarak tertentu untuk ongkosnya"
,"Mohon untuk ditingkatkan perbaikan di : -driver : kadang di map ada driver yg dekat tp dapetnya jauh -food : toko kurang bervariasi dan yang dekat tidak terdeteksi.. Kelebihan aplikasi ini : +murah, banyak peminat, banyak promo, mudah digunakan, drivernya ramah dan masih banyak lagi.. terima kasih telah menciptakan aplikasi ini.. 😊"
,"Tarif harga nya mulai mahal, naik tanpa pemberitahuan. Promo terlalu banyak syarat dan ketentuan, sering tidak bisa digunakan. Grab point yg didapatkan sangat sedikit setiap transaksi, tidak seperti saat awal menggunakan grab. Tolong untuk grab food, satu driver mengantar 1 pesanan agar cepat dan efisien."
,"kenapa aplikasi sya mau pesan grab food kok tidak bisa..hanya gara"" tadi mlm sya pesan tau"" server error jadi nyandat padahal udah kelar yang antar...nih sya mau pesan lagi tidak bisa dri tadi malam. mohon segera di perbaiki...sya dpt email dri grab suruh uninstall aplikasi, sudah sya lakuin, hapus cache ya sudah. tapi tetap tidak bisa di gunakan."
,"Makin kesini makin ga jelas aplikasinya.. masa iya harga grab bike lebih mahal dari grabcar,padahal tujuan sama"
,"saya menyesalkan untuk aplikasi grab, untuk di beberapa kota ada yang belum menerapkan pembayaran melalui OVO, lalu saldo yang saya punya mau tak mau y nggak bisa dipakai.. klo dari awal saya tau, mungkin gabakal deh ngikutin intruksi dari grab untuk top up...!!!"
,"Sangat membantu, promo diskonnya banyak, tp sayang sejak di update ga bisa ke buka, blum tampil sempurna halamannya, langsung logout, jadi ga bisa transaksi,padahal paketku banyak yang belum habis"
,"Untuk sementara saya kasih bintang 1 karena masih adanya sistem GrabFood double order tapi berbeda restoran, saya merasa dirugikan karena saya pesan terlebih dahulu dan makanan saya sudah siap tapi masih harus menunggu driver di restoran kedua, alhasil makanan saya jadi dingin, tolong pihak aplikasi perbaiki/hapus sistem double orderan GrabFood yg berbeda restoran, karena kita sebagai pemesan merasa sangat tidak diprioritaskan"
,"Saya login di hp baru tp kode otp gak masuk2, sy coba lagi, dan tiba2 sy diblokir gak bisa masuk selamanya, sudah coba opsi banding, tapi balasannya ttp gk bisa krn menunjukkan bahwa adanya transaksi-transaksi mencurigakan pada akun Grab sy, sudah coba pake nomor ke-2 sy, anehnya grab gak bisa baca panggilan otp di sim2, yg akhirnya nomor sy ini juga dinonaktifkan permanen dgn alasan yg sama, padahal sy bukan transaksi fiktif atau manipulasi lain, sistem identifikasinya payah, yasudh bye grab!"
,"Grab sudah sangat membantu, tapi saran saya untuk grabfood ditambah lagi untuk option pesan manual.. mengingat banyak menu"" yg tidak tercantum di aplikasi, akan lebih sangat membantu lagi apabila ditambah dengan opsi pesan manual.. Terima Kasih"
,"nyaman cara bawa motor nya, sukses selalu, trims"
,mantap murah dan Cepat
,Mohon bantuannya tidak bisa menggunakan pembayaran non tunai menggunakan linkaja
,"Titik jemput atau titik antarnya selalu geser otomatis, gak sesuai titik tuju. Toleransi melesetnya bisa sampai 100 meter. Grab segera perbaiki yaa.. agar lebih nyaman. Terima kasih"
,Tolong perbaharui maps nya saya sering ditegur pengemudi anda karena dikira salah kasih alamat.contoh pesaing Anda maps nya selalu sesuai dengan google maps
,"Merasa terbantu banget dgn adanya grab, perjalanan jd lebih cepat. Tapi agak nyesek sih saat kode promo ga bisa dipake dgn notifikasi ""voucher sudah habis digunakan"" padahal belum dipake sama sekali 😩"
,"Sedikit kecewa dengan aplikasi ini, rewards bisa hilang tanpa di gunakan.. Awal berlangganan, rewards sudah terpotong entah mungkin karena bug.. Dan skrg berkurang lagi tanpa digunakan.. Tolong solusinya."
,"Dulu saya sering pake Grab tp skrg tidak. Karena maps ny sangat tidak membantu. Jika mau pesen di maps acak2-an, tidak bisa pin lokasi. Lokasi pun berubah-ubah pdhl sy tidak kemana2 hnya tiduran saja. Bagaimana mau pesen jk maps ny saja tidak jelas.."
,"Sekedar kritik. Tujuan utama / tujuan awal aplikasi grab adalah mempermudah transportasi orang , baik dengan sepeda motor maupun kendaraan roda empat. Tapi kemudian muncul features tambahan seperti angkutan barang, makanan dll. Promo² untuk tujuan utama sekarang tidak ada lagi, yang ada promo² features tambahan. Sebaiknya promo² tujuan utama, tujuan awal aplikasi ini diperhatikan dan ditingkatkan. Terima kasih"
,Makin jelek ni apk biasa nya apk makin lama makin bagus ini makin lama makin tambah ngasal
,"Tolong drivernya diawasi agar lebih tertib sesuai aturan. Plat nopol hrs sesuai di aplikasi, kelengkapan kendaraan hrs lengkap, harus ikuti aturan lalin, jangan langgar lalu lintas, dsbnya. Jadikan driver anda duta tertib berlalu lintas yg baik di jalan. Oh ya, 1 lagi.. Driver motor gak usah sok2an jd pembuka jalan Ambulance deh.. Karena bukan hak dan kewajiban mereka jd voorijder. Trims"
,"malem² laper pengin martabak untung ada grab, dpt disc. pula, terima kasih ya, semoga promonya lebih banyak lg.."
,Harusnya tuh di subang ada.. masa di subang tepatnya di blanakan nggada grab.. susah mau nyari makan kalo malem.. apa lagi klo mager🗿
,"Edit : Sangat membantu. Suka promo2nya ( food ). Cuma 1 kekurangan, ketika 1 order sedang berjalan, ga bisa order lagi, harus tunggu orderan sebelumnya selesai, ini memakan waktu. ( sekarang sudah tidak repot lagi ) Update terbaru : kekurangannya susah memesan beda kota / ganti alamat beda kota."
,"Setiap kali order pasti minta di cancel sama drivernya,,alasannya pasti lg nyari yang searah pulang lah,,kejauhan lah,,ada aja alasannya.tapi yang paling sering sih alasan seperti itu yang terucap,,udah gitu sekalinya ada yang mau pick up lama banget , mohon untuk di perbaiki lagi pelayanan nya,kalo misal kita sering cencel di blacklist,,pengemudinya yang malas2an penumpang yang jadi korban,,gimana mau jadi aplikasi transportasi yang maju kalo pelayanan nya kaya gini,,paaaayyaaaahhhh!!!!"
,"2 restoran dalam pemesanan, makanan saya pesan rasanya sudah dingin, padahal penambahan biaya pemesanan juga ada tapi gak prioritas... Jangan hanya ambil keuntungan saja.... Di tambah Biaya pemesanan yang tidak ada biaya tsb sebelumnya... Itu hanya akal akalan... Menambah keuntungan."
,"Karna Setiap Promo Selalu habis!!! Padahal Pakai aja belum 😊 Hmm semoga sadar deh dan dipanjang umur!! terus kenapa grab selalu sibuk, padahal hujan tidak Saya tambahin, saya pesan grab expeess tidak bisa tunai itu maksudnya gimana Kita harus pakai Ovo"
,"senang,nyaman drivernya gak banyak bicara tp sopan"
,lebih murah & ramah😁
,"Sering banget pake aplikasi ini buat anter jemput klo emang lagi butuh bgt, sering juga beli grabfood disini. Tapi makin ke sini makin gak jelas. Titik penjemputan yang diversi lama ada dan tersimpan tiba-tiba hilang. Di setting ulang pake petanya malah geser geser ke titik lain. Ini gimana dong, tolong diperbaiki."
,"Saya beberapa kali pesan grabfood di restoran yang sama kurang lebih yg jarak restoran tersebut 2,5km. Suatu waktu restoran tersebut hilang dari daftar grabfood pilihan. Untuk harga dan menu berubah. Di restoran yang sama titik dan tempat sama harga ongkir naik 3x lipat. Sementara resto lain yg berjarak hingga 5km harga ongkir lebih murah 3x lipat. Ada apa dengan restoran itu"
,"Aplikasinya bikin bingung, tidak user friendly, harus meraba, merasakan dan mencoba . Kalo udah pernah pakai baru tau caranya. Ditambah lagi mapnya yg hancur, dari posisi asal ke tujuan alur jalan sering banget bergeser tidak tepat, kasian drivernya. Sepertinya perlu team ui ux yg bener nih"
,gimna ini saya uda update dan mau order ga bisa bisa terus aplikasinya selalu balik ke awal...kecwa tolong d perbaiki tks
,"Semenjak saved map saya tiba-tiba hilang, terpaksa save lokasi ulang, tapi lokasi saat mau atur posisi titik map (saved map) selalu geser-geser sendiri (sok tahu) padahal alamat saya bukan disana, sudah gak nyaman lagi UXnya, gak mau pake grab untuk sementara sampai di fix, kalau perlu screen record bisa hubungi saya."
,Kenapa saya instal sdh selesai 100% tapi pada saat pemasangan selalu ada peringatan tdk dpt menginstal padahal sdh selesai download ?
,"Saya heran dan kadang kesal setiap go food selalu ditanyakan ""antar dimana, kemana, dimananya dll terkait alamat"" seolah olah tidak ada alamatnya !! PADAHAL ALAMAT SAYA JELAS NAMA JALAN, NOMOR RUMAH, SAMPAI WARNA RUMAH DAN PAGAR YANG DIGUNAKAN, APALAGI DI SEBELAH MANANYA SUDAH DISEBUTKAN JELAS !! Dulu juga pernah kehilangan HP di grabcar dan ternyata nomor driver tidak bisa dihubungi ! Dan ketika menghubungi bantuan di aplikasi grab untuk minta pertolongan ternyata tidak bisa juga !"
,"sangat membantu emak² irt seperti saya, terima kasih GRAB tapi mudah²han promo² nya lebih mudah di aplikasikan lgi, soalnya tiket diskon masuk terus tapi tidak pernah bisa digunakan jadi percuma numpuk doang di ""inbox"" ga ada yg bisa dipake satupun. Semoga lebih mudah & lebih baik lgi sistem nya"
,"Setelah update terakhir, size apps semakin berat. Saat buka apps nunggu loading di muka lama setelah itu apps tiba-tiba ketutup sendiri. Tolong di perbaiki bugnya ASAP."
,"Membantu. Tapi kenapa seolah-olah ""dipaksa"" perbahrui appnya? Mksud sya, terserah pengguna mo perbaharui appnya atau tidak... Pengguna seperti saya ini dilema. Mo memperbahrui, kapasitas handphone tidak memungkinkan. Kalau tidak dperbaharui, applikasi tidak dapat digunakan.. Setelah diperbaharui juga tidak ada perubahan yang significant. Pertimbangkan lagi pengguna2 sepeti sya ini. Terimakasih."
,"saya kurangin bintangnya, banyak banget kendalanya. dari titik maps yang suka bergeser, cancel orderan yang suka bug/error, chat driver via grab tapi diarahkan ke sms, loading yang tiada henti padahal sinyal lancar, menu voucher yang suka hilang dari aplikasi. Tolong segera diperbaiki secepatnya, lagi buru buru dibikin ribet sama hal gini🙏🏻"
,"Ada apa dengan sistem grab sekarang ya kok jd ada double order bahkan mungkin lebih setiap driver? Saya pesan makanan yg padahal tempatnya gak jauh"" banget sampai nunggu 2 jam saya rasa sistem ini jadi tidak efisien selain durasi pengiriman yg lebih lama juga jd kasihan sama driver bisa dapat komplain karena lama mengirim pesanan. Mohon sistem di aplikasinya untuk dapat diperbaiki lagi."
,Saya kecewa dengan aplikasi ini. Tidak tahu kenapa tiba2 aplikasi tidak bisa dipakai. Padahal saya tidak ada masalah.
,"Kenapa setiap saya mau melakukan perjalana, sy masukan alamat yg sy tuju,tidak pernah muncul di pencarian otomatisnya,padahal sudah di update & sudah di cari alamat detailnya, tapi di pencarian otomatis alamat yg sy masukan tetap saja tidak muncul, please ayolah diperbaiki."
,Permasalahan yg sya alami ckup bnyk: 1. Bug yg membuat fitur chat tdk bs di akses. 2. Pembatalan pesanan yang sulit dilakukan dan harus dilakukan via telfon. 3. Akun saya ditangguhkan saat akan login pdhal saya tidak lupa pass dn mencoba menggunakan fb atau gmail tp tdk bisa. Sya prnh mengirimkan email ke grab yg sblmnya bs dihub tp spertinya skrng sdh tdk aktif. Mohon jangan terlalu sering mengganti customer care jg. Saya akan uninstall apk ini. Trims.
,Apliaksinya bagus sih sangat membantu. Tapi untuk mitra-mitra nya kurang. Soalnya sering ngaret abis itu gak jarang saya dapet driver yang tiba2 minta d cancel dengan alasan yang gak masuk akal. Maksudnya kalo emang gak niat buat ngebid ngapain ambil orderan
,"Titik maps banyak yg hilang dan riwayat perjalanan grab express pada hilang, harus bagaimana ini"
,"Kecewa , sangat sangat kecewa dengan grab . Penjemputanya lebih sering terlambat dari pada on time . Trus katanya ada promo untuk dinikmati , eh tapi setelah dimasukan kode promonya , yang ada S&K lah , malah kadang belum dipake ada tulisan voucher habis . Tolong sangat , sebaiknya diperbaiki dulu segala sesuatu yang masih terbengkalai , yang belum benar . Jadinya tidak mengecewakan customer , terimakasih"
,"Knpa sih dengan aplikasi grab sekarang ko sangat mengecewakan gak kaya dulu, saya cepet2 mau pesan makan tapi malah gak bisa masuk ke aplikasi malah harus menunggu beberapa saat nyatanya lama sekali saya nunggu. Padahal udah tak upgrade tapi tetep aja lama."
,"Buatlah aplikasi yg sesederhana mungkin semudah mungkin untuk digunakan konsumen, jangan banyak aturan yg menyulitkan. Dulu aplikasi ini mudah digunakan mudah bikin titik jemput, mudah bikin titik tujuan. tp sekarang kok bikin pusing kalo order makanya banyak konsumen yang pindah ke aplikator lain karena sulitnya order di ""GRAB""."
,Bagus memudah kan perjalanan oke deh....!
,"Tidak memuaskan, dimohon untuk mencari karyawan untuk menjadi grab yang jujur, dan cepat tanggap, lebih bagus lagi kalau hafal jalan, padahal di maps sudah ada letak tempatnya, masih ada yang gak tau arahnya lewat mana."
,"sangat murah tarifnya,membantu konsumen"
,Makasih grab banyak membantu dan mempermudah apa yg kita butuhkan
,"Knp yah aku ga bisa daftar ovo di grab? Padahal sudah di coba berkali"" tetep ga bisa ke akses"
,"Untuk map di aplikasi tolong diperbaiki, karena jalan yg dilalui lewat map muter2 padahal ada jalan yg lebih dekat dan mudah. Ini mempengaruhi ke tarifnya jadi lebih mahal kalau muter2 jalannya."
,"secara umum OKE. tapi mungkin ada juga ketidaknyamanan, kalau pengemudi grabride & grabcar mengganti kendaraannya tidak seperti yg tertulis di aplikasi TANPA beri info. juga pernah 2x ada motor grab yg pelat nomor belakang tidak ada, alasannya sudah hampir lepas jadi dicopot saja. tetapi pengalaman perjalanan sejauh ini baik² saja."
,"Tolong diperbaiki mapsnya! Titiknya selalu melenceng tidak sesuai yang saya pin, apalagi nama alamatnya malah jadi jauh, aneh. Abangnya jadi binggung untuk nganter. Kalo gak ada perubahan juga, customer bakal ninggalin nih aplikasi. Segera di perbaiki! jangan cuma update terus tapi gak ada perbaikan."
,di pengantaran tolong map nya dibenerin. kadang suka zoom out sendiri dan susah banget buat zoom in. jadi ribet banget kalo mau tau posisi pengantarnya dimana. tolong di perbaiki. apa lagi kalo lokasi nya jauh jadi makin susah buat tau detail jalannya.
,Sekarang aplikasi kyak babik ga bisa cepat harus nunggu lama baru bisa proses jadinya lama pesan nyampe 1 jam baru datang
,"Pas log in bisa, tiba-tiba keluar sendiri trus akun anda ditangguhkan? Kecewa banget sih, karena udah banyak transaksi disitu dan grab aplikasi yang selalu aku pilih ketimbang aplikasi serupa. Dengan kejadian kek sekarang auto uninstal lah karena gak bisa dipake. Percuma ya kan?"
,"Bisa ambil beberapa orderan sekaligus bikin lamaaaaaaaa sampeny,padahal tulisannya efisien.. Buat siapa?? Yg pesen jadi rugi waktu.. Kelaparan... Pengantaran searah tapi tempat pesennya ga sama.... Jadi males mo pesen grabfood.. Uninstal dulu.. Besok kalo ga ada fitur ambil 2 pesanan sekaligus bagus lagi baru instal lagi."
,"Menjalankan Pekerjaan dengan keselamatan kerja, keamanan dan kesejahteraan kerja. K3. terima kasih untuk pelayanan Team Aplikasi Grab"
,"Tampilan pada peta dibuat lebih detail lg, untuk nama jalan, bangunan, dll. Akan sangat membantu jika mencari alamat di daerah. Titik penurunan penumpangnya harusnya bisa ditentukan oleh penumpang secara bebas. Tidak perlu ditarik ke tempat yang ditentukan oleh aplikasi."
,cepat dan gesit
,"Aplikasi yang mengecewakan. Apalagi setalah memakai aplikasi pengantaran. Setelah itu ga bisa lagi pakai yg lain misalnya grab car, atau kembali ke menu lainya. Setiap dibuka yg terbuka pasti pengantaran. Mengecewakan"
,"luar biasa baik,ramah,penolong"
,"Pesanan GrabFood tiba-tiba sampai padahal tidak ada notif dan status makanan saya sedang dimasak di dapur, dan saat dibuka diaplikasikan masih belum ada mang grab yang nerima pesanan, sudah dapat notifikasi ""sedang sangat sibuk sekarang"", biasanya setelah itu otomatis batal. Status itu berubah baru ketika pesanan saya sampai. Naasnya, saya terlanjur sudah pesan lagi di resto berbeda, dapat mang grab, dan sudah sampai lebih dulu. Total 200k+/2 pesanan. Beri waktu pembatalan pesanan lebih lama."
,"Maksa banget buat update padahal gak yerlalu btuh2 amat dan ngerasa gk ada bug d hp saya,sampah👎🏾"
,"Kenapa sekarang tampilanya beda, gg kayak dulu yg ada mapnya, bintangnya saya kurangi soalnya malah kurang bagus. Saran, adanya map sangat membantu sekali memantau driver, apakah sudah dekat atau masih jauh, selain itu juga konsumen seperti saya yg berhijab bisa bersiap siap dahulu untuk menemui driver jika hampir sampai. Kalo gini kan drivernya juga rugi nunggu lama"
,"Aplikasi nya bagus banget,sangat membantu. saya sangat suka sama aplikasi ini,saya udah pake aplikasi ini sekitaran 3 tahun tapi kok belakangan ini gak ada promo' yg bisa dipake bahkan dengan ovo pun tetap gak ada promo terutama tuh kalo hujan biasanya tarifnya mahal,mohon kalo bisa banyakin promonya dan kadang tuh klo saya coba make promo yg ada kok gk jadi? Itu gmn..mohon diperbaiki🙏"
,Aplikasi semakin buruk gak bisa ganti tujuan bagus sebelumnya bisa ganti tujuan kapan saja.
,orngx ramah pengiriman cepat sukses dan sehat slalu ya
,"Alamatnya ga lengkap seperti gmaps, masa tempatku ga ada. Mau pin sendiri pun ga bisa, otomatis dialihkan ke tempat terdekat, padahal calon konsumen yg mau dijemput dimana, dan tahu letak up to date dirinya berada."
,Sangat mudah dalam pemesanan
,"setelah di update, tombol top up lewat pengemudinya kok malah gak ada di layar pemesanan, dan pilihan isi ulang lewat pengemudinya di halaman malah ke browser.. tolong di bantu.. semoga cepat ada lagi utk tombol top up lewat pengemudinya.. terima kasih"
,"Tolong dibuatin juga pembatalan pesanan untuk GrabFood dari si pembeli, karena kadang suka telat kalau nunggu dibatalin sama yang nganter. in case restonya sudah tutup"
,"secara umun sy suka aplikasi ini. sangat membantu. mohon diperbaiki untuk Google map nya. saat mengetik tujuan ke BRI, misalnya yg muncul bnyk sekali dari berbagai kota padahal jelas2 saya sedang berada d wilayah kota ini. bahkan kota tempat titik pemesanan malah gk muncul. dan untuk grab now sering tidak bs digunakan"
,Awal saya sangat suka tapi akhir akhir ini mengecewakan knp setiap masuk di aplikasi grab secara otomatis langsung keluar sendiri dan itu harus di ulang sampe 10 kali atau bahkan lebih baru aplikasi bisa di gunakan. Sudah sya update tapi ttp saja begitu. Kira kira knp ini mohon penceraharannya🙏maaf kasih bintang 3 dulu klw udah benar lagi bru kasih bintang 5
,"pertama kali coba grabfood. saya mau kirim pesan karna tidak tersedia notice untuk produk yg dipesan. untuk ruang pesan juga kurang nyaman di mata. ruang chat yg sempit, obrolan yg otomatis, dan translate yang kurang perlu, ukuran font besar sangat mengganggu. dan entah kenpa tidak bisa menampilkan menu sebelum orderan pertama selesai. tapi untungnya ongkir murah. smoga jadi kritik yg membangun. sukses terus grab"
,"tidak ada promo yang bisa digunakan, adanya cuman paket combo. saya merasa grab memang sengaja untuk memojokkan supaya banyak yg milih paket combo karna dinilai lebih murah. dan yang lebih kecewanya lagi, inbox grab di perangkat teman saya beda sama punya saya. kecewa"
,"Sangat membantu, tapi ada beberapa tempat yang tidak terdeteksi di titik penjemputan sehingga sering menyulitkan driver untuk menemukan penumpangnya. Semoga aplikasi Grab bisa terintegrasi dengan google maps agar bisa lebih detail terhadap lokasi-lokasi yang belum masuk maping aplikasi"
,"Grab kenapa sih ? Masa gaada gambarnya sama sekali, harus sekuat apa sinyalnya ??"
,Sangat membantu semua aktivitas yang saya lakukan.. Dan bisa menghemat dari segi waktu dan kita bisa atur sendiri promo yang akan dapatkan dan semuanya benar benar berguna.. Salut buat grab yang mengikuti kemauan dari konsumen.. Tingkatkan terus buat promo grab bike dan grab food
,"Habis top up malah suruh instal ulang dan harus buang beberapa aplikasi termasuk gojek, wa dan instagram yg biasa saya gunakan (kirain memori penuh) tapi tetep aja setelah 100% balik instal ulang sampe lebih dari 10x...kenapa sich pake suruh instal ulang kan tau gitu gak top up dan gak buang"" aplikasi"
,Ini kenpaa aplikasi grab saya sering tidak bisa masuk masuk..tulisannya selalu aplikasi kamu akan siap dalam beberapa saat. Tapi berkala mau login tidak masuk masuk.. Saya coba hapus data dan bisa kembali login namun bbrpa kali kembali seperti kendala awal..jadi tidak bisa gunain grab lagiii disaat pas butuh mau gunain..jdi ribet kalo harus wara wiri hapus data.verifikasi ulang lagi..tolong bantuannya..trimakasih
,"Untuk kesekian kalinya driver menambahkan biaya lainnya tanpa sepengetahuan saya ,sudh chat pusat bantuan tidak ada tanggapan , terus akhiri chat ,aneh"
,"Sering eror ga jelas, resto terdekat jarak 2,7 km nggak bs nganter tp yg jaraknya 3,2 km bs nganter, ada yg nama restonya double, ada yg hilang ga ada nama restonya di pencarian wlau terkadang muncul, semakin hari semakin parah padahal tarif di naikan tp aplikasinya semakin buruk ga jelas sj jd mls."
,tidak akurat pada titik² tertentu
,"Tolonglah kalo notif tu bisa nggak gercep kayak app sebelah Go***... Tiap kali selalu drivernya datang, baru outlet yang buka app di hp, baru notif bunyi... Nggak bisa ya di buat tetap bunyi walau app ini di minimize atau di matikan.. Ada2 aja, buat proses pesan memesan jadi lama"
,"Saya kasih saran untuk aplikator grab, tolong pada saat kita pesan jangan kita ini menunggu terlalu lama (karena posisi driver terlalu jauh). Saya lihat di map banyak driver yang terdekat, kenapa harus di kasih driver yang posisinya jauh.. TOLONG PERHATIKAN ITU.. TOLONG PERBAIKI SISTEM.."
,"Tolong untuk toko yang sudah tutup di hapus aja, atau ada konfirmasi ke akun pedangan kalau beberapa hari tidak aktif sama sekali, biar tidak buang waktu menunggu"
,Maps nya tak seenak Google Maps. Tolong ganti seperti dulu lagi menggunakan Google Maps
,"Jika kita bandingkan dengan aplikasi ijo sebelah yang bisa top up dengan mudah pada menu isi ulang di aplikasi mobile banking. Tinggal klik isi ulang>gopay>nomor dan nominal.. selesai, biaya transaksi juga cuman 1000 perak.. ayo grab tingkatkan pelayanan"
,"mapss nya ga akurat, selalu dapat driver yang jauh"
,"saya mau tanya terkadang setelah habis cancel ato gak jadi,pada saat pesan lagi kenapa slalu gak bisa pdhl terkadang yg suruh Cancel dari pihak drivernya karna terkadang jarak jauh trus tarifnya suruh nambah saya gak mau lgsg suruh cancel... akhirnya dicancel.. habis itu pesan lagi kalo ga tarifnya tambah tinggi hampir 2Kali lipat ya pasti sibuk trus saya pesan.... ini kenapa seperti itu saya jd gak nyaman lama2 pdhl saya sudah anggota platinum tp kalo KayAK gini trus setiap saya mau jarak jauh.."
,"Tolong perbaiki lagi, karena aplikasinya gak bisa di install di OPPOO A37f Udh coba beberapa kali, pas udh ke unduh, mulai proses Instalisasi, tapi kemudian muncul notif bermasalah, coba lagi, tidak dpat di install Padahal Wifi saya kenceng, Penyimpanan Internal masih banyak. Tolong perbaiki lagi"
,sangat membantu masyarakat khususnya yg tinggal di kota dan mager buat keluar cari makan.
,"Suka karena banyak diskon n promo², pesan makanan jadi lebih murah. Gambarnya juga lebih terlihat pada menu. Terus tingkatin yaa.. untung buat driver untung buat partner untuk juga buat customer hehe sukses tuk semua yaa.. 😊 next kirim² paket dimurahin yess buat pemula² bisnis itu bentuk support bgt ceriuuss 😁"
,"Sebelumnya saya sudah ada riwayat pemesanan makanan. Jadi saat mau mesan makanan yang sama biar gampang saya pilih pesan ulang di riwayat pemesanan. Tapi alamat tujuan malah keganti alamat warung itu sendiri. Karena tidak bisa dibatalkan, akhirnya saya minta pengemudi mengantarkan makanan ke alamat sebenarnya dengan tambahan biaya diluar aplikasi. Sangat mengecewakan. Mohon dapat diperbaiki"
,sangat membantu kita yg butuh transportasi cepat dan efisien
,Aplikasi grab nggak seperti pertama kali muncul : dulu pelayanannya bagus dan aplikasinya juga mudah diakses. Tapi sekarang semakin banyak pembaharuan semakin jlek : barusan saya sudah menginstal aplikasi ini. Tapi pas dibuka aplikasinya keterangannya grab tidak menanggapi terus. Saya berharap kedepannya grab bisa lebih baik lagi dan bisa lebih akses untuk difabel tunanetra
,"Di-update malah jelek, titik susah dicari dan tidak sesuai sama mapsnya, mau pesan makan juga gak ada yang dekat malah tambah jauh jauh aneh tambah tidak jelas. Tolong segera diperbaiki! Agar pelanggan tetap nyaman!"
,"Kecewa sama grap sekrang,pesan grap food tiba2 warung membatalkan pesan secara sepihak, jadi dana ovo saya tertahan entah ke mana? Gak kembali. Klo kembali kena potongan lagi pelayan 20.000. Di cek di aplikasi historinya trnsaksi gak ada, sekarang ada bayar pengingkatan pelayanan tapi hasilnya zonk..."
,Banyak terima kasih. Sudah melayani dgn ramah.
,Sumpah jarak dekat sekali tapi udah mahal padahal sering pakai grab tapi sekarang kurang nyaman karena mahal banget
,"Aplikasi ini awalnya membantu sekali tapi semakin banyak minta untuk diupdate aplikasinya semakin tidak bagus, Notifikasi saya ndak muncul dan saldo ovo saya pun tiba-tiba menghilang 👎👎 tidak malah membantu malah bikin repot + promonya bikin bingung kadang di SK nya bisa dipakai 8x masih saya pakai 2x sudah tidak bisa dipakai lagi. ."
,"Baru nyoba promo, belom jadi digunain, tapi keterangan udah jadi melebihi batas penukaran 😡😤 jadi nuker aja blom!!!"
,Pelayanannya baik& cepat
,"Banyak Kekurangan,1.JARAK.Pemilihan rute dipilih rute paling jauh, padahal jaraknya dekat.sehingga tarifnya jadi tinggi.(beda dengan aplikasi tetangganya, mencari rute terdekat sehingga tarifnya murah)2.Promo Grab food,Bike,Car. ANEH!! jika dibandingkan dengan aplikasi sebelah harga sesudah PROMO sama saja dengan harga aplikasi sebelah yang tanpa PROMO, jadi kesannya PROMO itu cuma formalitas belaka.( FAKE ) Tolong Diperiksa Kembali Sistem operasinya, itu saja."
,Skrg gbsa cancel pesanan di grabfood.. gimana kalo mau ganti metode pembayaran atau ada tambahan pesenan.. ribet banget grab
,"pengemudi baik, mobil nyaman"
,Sementara 3 bintang dulu driver sekarang manja jalur macet gak mau ngambil minta cancel terus 😁
,Aplikasi sial SMA aja pakai promo klo pesann ya mahal Ngepain buat promo klo gak fungsi
,perjalanan jadi lebih mudah!
,"terimakasih,, pengiriman nya cepat selesai"
,mantap cepat dan efektif
,"ramah, nyaman dan bersih"
,Map nya bagus dan sesuai Estimasi
,"perbanyak promonya buat penumpang,"
,trimakasih pelayanan sangat memuaskan
,"aplikasi anti kritik, mau hubungin cs layanan tdk tersedia, kocak"
,sangat membantu disetiap perjalanan
,"Kenapa susah banget masuk nya,,, kode verikasinya gk muncul² bikin keseeellll"
,"murah, aman banyak promo"
,drivernya cepat dan di perjalanan ramah
,"mohon penumpang selalu d tawarkan menggunakan helm,semoga pelayanannya lebih baik lagi"
,"Sering white screen sekarang entah kenapa, Sebenernya saya pengguna setia aplikasi ini..."
,praktis dan simple
,Aplikasi Kebanyakan Erornya Gjls Woy Ini Kenapa Si Aplikasi Buset Baru Daftar Akun Udh Eror Aja Keluar Sendiri Pas Mau Masuk Lagi EROR Aplikasi Rusak Gimna Mau Bersaing Sama Sebelah
,bagus banget sangat membantu dari segala kebutuhan
,Kenapa ya ada notif tidak bisa bayar tunai ?. Lalu ada promo yang tidak bisa dipakai. Tolong infonya
,mobil bersih dan nyaman
,Sekarang peta tidak kerjasama dengan google map ya? Banyak lokasi yang gak update
,kurir nya baik ramah... pokok nya mantap
,Driver yg sangat bersahabat namun tetap waspada. salut. great. terimakasih ya pak
,sangat bagus dan sangat bermanfaat saat di butuhkan kapan ajah
,Mapnya tolong di update sesuai gmaps
,mudah dan cepat kalo ada saldo
,"butuh driver dilokasi terdekat ,,jangan yang jauh"
,"cepat, baik dan ramah"
,Paketan sdh sampai tp gak tau sampainya kemana. Tdk bisa melihat no telvon kurir krna sdh di selesaikan sm pihak kurir
,sangat praktis dan nyaman
,cepat proses pesanan drivernya apalagi yg grabcar hemat
,"Susah sekali mau cancel orderan grab food,,ribet banget"
,Update terbaru parah.... IT digaji ngapain aja.... Bukannya beres malah makin ancur aplikasinya
,"Gabisa aktifin ovo padahal tulisannya sudah aktif, tolong diperbaiki"
,Motornya kadang kadang beda yang di aplikasi
,"susah bngt nyari alamat dimap grab express, tolong diperbarui dong.."
,"Ngebantu banget, tapi coba mapnya pake yang satelit aja biar akurat"
,"terima kasih sudah mengantar ke tujuan dengan aman,nyaman serta selamat"
,murah dan belum pernah ada masalah
,sangat membabtu cepat nyaman ramah
,Untuk daerah cirebon. Menunggu nya lebih dari 20 menit. Sekalinya kena. Di cancel sama driver nya
,"saya sangat senang menggunakan aplikasi grab.selain mudah juga aman ,👍"
,di perbaiki lagi menunggu pengemudi terlalu lama tidak sperti dulu
,dengan adanya grab sangat membatu disaat kami membutuhkan bantuan
,cuma iklan nya yg sekarang...ganggu...horror tampang kucing ( kaya kucing penyakitan ) dan musik nya.
,apk yang bagus dan membantu juga terimaksih grab
,Apk nya nge bug terutama maps nya
,"Aplikasi taiii promo menarik pelanggan aja,"
,Aplikasi tolol buka menu malah putih semua pecat saja itu IT mu kalau GK mampu benerin aplikasi
,Bagus banget... Bisa mengurangi angka pengangguran dan dapat memberikan peluang untuk mendapatkan penghasilan
,"Aplikasinya bagus, boleh tahu apakah mesti install OVO juga terpisah dengan Grab ?? Tidak bisa digabung dalam aplikasi Grab saja OVO nya kah ??"
,Kalian kok pada ngeluh? Mungkin itu gr gr hp kalian sendiri... Dan untuk developernya makasih ya ini aku beri 5bintang ya
,"Kenapa kok gak bisa klik bayar tunai yaa, udah satu Minggu ini🥴 makin ribet ajaa ini aplikasi"
,"Tolong capture foto profil pengemudi dan sy minta nmr telpon dan alamatnya Krn ada barang sy yg tertinggal ,tks"
,sering banget di cancel driver nya.
,"Makin lama makin kocak, tolong telfon csnya di perbaharui! Buat toko yg tutup TOLONG KONFIRMASI TUTUP JANGAN LAH KAU BUKA DI GRAB NYA 😁 udh di cancelnya susah.."
,suka pake aplikasi ini banyak promo nya cukup membantu
,sangat cepet dan mudah mendapatkan grab...
,Diupdate malah gabisa dibuka. -_-
,pelayanan bagus..lbh murah senyum lg pak biar makin melimpah rejekinya.
,"pengiriman tepat waktu, terimakasih grab🥰"
,"Makin hari GRAB makin PARAH aja, setiap buka grabfood selalu BUG ! Benerin dulu BUG FIXINGNYA! baru UPDATE ! QA nya jg GA BERES masih banyak BUG udh disuruh UPDATE aja"
,cepat dan drivernya ramah
,"Bagus, cepat, murah."
,Grab lepas tanggung jawab untuk kehilangan barang yang disebabkan oleh driver grab. Hanya mengatakan bukan kesalahan dari grab. Padahal murni kesalahan grab tetapi tidak mau tanggung jawab sama sekali. Sungguh tidak profesional dalam menjalankan tugas
,"Tolong ya para drivernya dijaga privasi penumpang, jangan chat atau menyebar nmr hp sembarangan"
,"makasih banyak ya pak, bapaknya baik banget & ramah"
,"sangat membantu, perjalanan"
,kayak nya aplikasi makanan nya harus di perbaharui
,luarbiasa cepat pengiriman
,"Mobil bersih dan rapi, terimakasih"
,maps nya tolong lebih update daerah2 plosok..
,"Mohon dikasih fitur untuk ojek yg belum selesai udah bisa kasih rating pengemudi, tiba tiba dicancel ama kang ojeknya loh, udah nunggu hampir 10 menit lagi, kan keterlaluan bgt itu, kalau gk mau ya jgn diterima"
,ramah dan konsisten
,pelayanan baik dan cepat
,"grab sangat membantu dalam kebutuhan sehari"""
,cepat datangnya top pokoknya
,Pelayanan mantap banyak diskon dan murah murah
,"Driver lama banget bergeraknya, paraaaah. Tolong dong diarahin para driver atau ridernya. Pelayanan tuh penting"
,Grapfood untuk biaya pemesanan ko naik lagi. Segala pakai biaya tanam pohon😑 Kenapa gak sekalian naikan biaya jadi 10.000 biar kalian cepat naik haji😏
,"Aman, nyaman dan terpercaya serta ramah dan pelayanan nya memuaskan"
,cepat ada diskon lagi pake link trms grab sering2 ksh diskonnya👍🙏
,layanan transparan ekonomis dan profesional
,"drivernya ramah, sangat membantu disaat kita butuh tanpa harus minta tolong. sehat selalu ya pak...👍"
,pokoknya cepat laa pelayanan nya gak sia2 instal grab
,pelayanannya baik dan cepat
,"Ribet pesan kayak beli gado-gado, ngulek sejam, kita mau cepat malah terlambat jadinya"
,aplk sangat buruk sulit untuk di gunakan
,"Mantap banget, promonya banyak puas bngt dah pokoknya"
,perjalan sangat lancar banget sopir juga gx ugal-ugalan
,fast respon dan tepat titik jemput nya
,sangat puas cepat dan aman
,sangat ramah dan murah senyum
,sangat bermanfaat banget pelayanan nya juga sangat baik👍👍
,baik untuk hal perjalanan yg mendadak..
,pake grab lebih mudah dan cepat
,baik..sopan dan cepat lancar
,sanga cepat penjemputan ny dan sopan baik
,nyaman sekali naik grab. drivernya baik sekali
,"Driver sdah dpat, tapi ngak mau ambil2.. mngkin karena argo nya kecil.."
,sangat membatu. trasportasi yang tepat untuk kebutuhan sehari hari.
,Masa gk bsa ganti nomer dan email buat nyesuaiin sama ovonya. Kalau ini jdnya gk bsa pakek ovo saya hiks Maap bintang 3
,"Bagus tepat waktu, ramah"
,pelayanan dari pengemudinya sangat baik👍
,Alhamdulillah ramah baik cepat dan tepat waktu
,lumayan. bnyk promo. nyaman lah pokoknya
,Tolong sangat jangan jauh sekali selisih harga dengan kompetitor!
,Jangan kasih promo yang tidak bisa di gunakan Terimakasih
,Saya terlambat kereta karena harus menunggu lebih dari 40 menitan untuk mendapatkan driver
,Saya tidak pernah berlangganan grab unlimited tetapi otomatis saldo ovo terpotong
,gatau tapi bagus kok cuma aku aja yang ga bisa mendeskripsikan 🙂
,"Kalau bisa di tambah fitur untuk pembayaran Ovo dan tunai sekaligus, apa bila saldo ovo kurang bisa di tutupi uang tunai sisanya 🙏🏼"
,layanan baik driver ramah dan gak nunggu lama
,𝕎𝕠𝕪 𝕘𝕠𝕛𝕖𝕜 𝕝𝕦 𝕜𝕒𝕝𝕠 𝕓𝕚𝕜𝕚𝕟 𝕚𝕜𝕝𝕒𝕟 𝕛𝕒𝕟𝕘𝕒𝕟 𝕕𝕚 𝕜𝕒𝕤𝕚𝕙 𝕩 𝕡𝕒𝕝𝕤𝕦 𝕘𝕒𝕣𝕒-𝕘𝕒𝕣𝕒 𝕝𝕦 𝕘𝕨 𝕛𝕒𝕕𝕚 𝕙𝕒𝕣𝕦𝕤 𝕦𝕝𝕒𝕟𝕘 𝕝𝕒𝕘𝕚 𝕘𝕒𝕞𝕖𝕟𝕪𝕒 𝕥𝕠𝕝𝕠𝕟𝕘 𝕛𝕒𝕟𝕘𝕒𝕟 𝕜𝕒𝕤𝕚𝕙 𝕩 𝕡𝕒𝕝𝕤𝕦 𝕜𝕒𝕝𝕒𝕦 𝕓𝕚𝕤𝕒 𝔻𝕀𝔹𝔼𝕊𝔸ℝ𝕀ℕ 𝕘𝕨 𝕦𝕕𝕒𝕙 𝕛𝕒𝕘𝕠 𝕞𝕒𝕝𝕒𝕙 𝕒𝕕𝕒 𝕚𝕜𝕝𝕒𝕟 𝕘𝕠𝕛𝕖𝕜 𝕥𝕠𝕝𝕠𝕟𝕘
,cepat tanggap di keadaan tempat apapun....
,bagus dapat membantu perjalanan dengan baik
,Sangat puas dan sangat membantu trimaksi🙏🙏🙏😘😘😘Grab😘😘😘
,"asik, perjalanan jadi mudah"
,"sangat puas dan tidak mengecewakan, is the best pokok e👍"
,sangat bgus dan sesuai instruksi
,"Supir grabnya dngn plat nomor mobil B 2482 TRB kami pertama memesan dan sdh dpt supir grabnya bernama ANDY NUGROHO dngn plat nomor B 2482 TRB Mitsubishi Xpander Warna Hitam, lalu supir tlp saya minta di batalkan dan saya blng saya tidak mau, lalu supir tersebut klik tanda jika supir tsb sdng mengantar kami ke almat yang dituju pdhl kami tdk naik Grab pak Andy Nugroho &saya lihat barusan di aplikasi Grab A.n Andy Nugroho menyelesaikan pekerjaannya untuk mengantar kami& saya ada bukti percakapanny"
,Driver sengaja membuat lama penumpang biar di cancel
,Makin lama aplikasi ya makin lemot
,"kereeeeen, membantu kitaa yg susah nyari pekerjaan"
,"cepat, tepat, hebat !!"
,"Pelayanan yang baik,dan memuaskan untuk pelanggan grab."
,sangat membantu untuk mengisi kegiatan sehari-hari
,"Penjemputan lama banget Sialnya lagi dapet ojol, belom juga nganter mau dicancel ovo tetep kepake, walopun udah dicancel"
,perjalanan enak dan menyenangkan
,"ga ngaret, tepat waktu. mantap pokoknya"
,Error mulu mau beli pulsa ajaa ga bisa
,mantap sangat puas mengemudi ramah
,drivernya ramah mobil bersih perjalanan nyaman
,cepat dan tanggap
,"ramah dan tepat waktu,"
,"disaat yg lain error, ngebantu banget"
,Pergerakan dimaps saat driver menjemput lambat
,"Udh setian loh pake grab, baru nemuin pelayanan jelek bgt kek gini. CS NIFA gini nih cara pelayanan ke customer? Kendala belom ada solusi udh main di cut aja??????? Sopan sekali👏🏻👏🏻"
,terima kasih udah membantu perjalanan jadi mudah
,Grab banyak promo mantap sekali terus tingkatkan lagi pelayanan bagi customer🙏🏻🙏🏻🙏🏻
,Ribet mau pesen aja harus selfie ga bisa pula... Mending pake gojek atau maxim aja simpel
,trimakasih pak mudah mudah lancar rezekinya
,"saya suka pakai jasa grab, respon cepat."
,sangat membantu harga terjangkau
,drive nya sopan dan ramah.
,keren sangat cepat dan membantu👍👍👍
,sering2 ada promo di bike dan car
,pengemudi ramah dan ramah tepat waktu
,membantu dlam kesulitan mencari transportasi umum...
,pelayanan sangat memuaskan
,"aplikasi sangat membantu.. tapi ada satu kelemahan untuk penunjukan titik alamat tidak bisa dipilih sesuai keinginan, hanya titik terdekat tertentu sehingga driver harus muter dan telfon atau tanya alamat lagi ke tetangga, karena mengikuti gps."
,"driver datang tepat waktu,cekatan"
,pelayanan ny sangat bagus dan ramah
,"Auto unisntal pesen makanan 2 jam g dateng"" pembatalannya ribet lagi.."
,Abis di update Grab kok lama ya cari driver nya udah 30 menit gak ada driver yang mau ambil
,tenang & nyaman dlm perjalanan.. 👍🏻👍🏻
,sangat membantu prjalan saya.harga hemat di kantong
,sangat membantu dan banyak promonya
,"mobilnya bersih, driver ramah, sopan"
,Semakin hari semakin tambah ngeleg ni aplikasi😴😴
,"pelayanan supirnya baik,santun& sabar 👍"
,cepat dan tanggap
,sangat membantu... dengn adanya grab aktftas jadi mudah
,suka ....krna sering bnyak promo & banyak vocer
,LEBIH MUDAH PAKAI APP TRANSPORTASI ONLINE SEBELAH. COPO AJA GRAB APP.
,Padahal tarif dibawah 70ribu (include promo) pake debit online tautau kepotong biaya tol&lain2 sampe 20ribu padahal ga lewat tol sama sekali 😌 KOK BISA?? 🙂
,pengemudi bagus sopan dan ramah
,terus berkembang dan sukses selalu
,sangat membantu apabila mood sedang tidak ingin keluar2 rumah.
,terimakasih pak supir sudah membantu mengantarkan barangnya sampai tujuan
,harga murah kualitas tinggi
,Saya sangat kecewa dengan orang2 di kantor grab. Cara pelayanan nya saya tidak puas dan respon nya terlalu lama sampe tunggu 2jam. Dan pihak kantor sudah mencuri saldo ovo saya. Padahal kemaren saya sudah tunjukkan kasih tip ke driver sebesar 30ribu. TPI mereka tidak mau membalikkan uang saya.. Kalian makan uang saya yg 30ribu itu.. Semoga berkah buat kalian. Taubat kalian yg ada di dalam kantor. Terimakasih.
,Mapsnya sering bermasalah
,sangat cepat dan memuaskan
,Pelayanan sangat memuaskan
,cepat tepat tanggal dan sabar keren abng👍🙏👏💪💪💪💪💪
,"Saat Pndaftaran akun, Katanyaa Potongan Dri Apliksinya 20% tp Ternyata Smpe 35 %.. Bayangkan Saja, Saya Dpt Orderan jarak 4,5 km. Harga 27.000 di potong 35% = 17.500...Saya dpt apa? Bensin mobil sya Saja Pertamax, sdh online seharian cuma dpt 1 orderan...tolonglah Tepati Potongan Sesusi yg di Tetapkan sejak prndaftaran..20%. Potongan 35% Sngat Mencekik kami Miind Agar Kekayaan Mu Tdk Memiskinkan Orang Lain ( pengguna Aplikasi )"
,makasih sudah membantu mempermudah bepergian
,pertama pake aplikasi in cukup mudah buat sy ....
,Area jogja pembelian kisaran 100 meter sampai 500 meter ongkir 10.000 ribu Nyekik pelanggan njimm amjinnnnmm 🤯 untung ya untung tp kira kira lah
,"Kenapa ovo nya ga bisa di gunakan padahal sudah di isi dan ga bisa bayar menggunakan via ovo hanya bisa Cash pdhl sudah di update, dan sudah di aktifkan"
,gua bingung ini orang bikin aplikasi cari duit apa ga ya. verifikasi selfie ga jelas gua skip pake yg lain- mau collect data private ya. buat grab car ribet. buat grab food ok.
,aplikasi yg sangat membantu dalam perjalanan jauh
,"gila sih, promo grabfood jam 6-8 malem, saat jam 6 malem promony pindah jdi jam 2-6 sore, anak gw jdi kelaparan gegara nunggu ini dan akhirny tanpa hasil"
,Alhamdulillah driver nya baik dan ramah dan tepat waktu
,"terimakasih, grab membantu dalam perjalanan"
,Driver mobilnya suka nolak rejeki mentang mentang make grabcar hemat suka banyak yang cancel buat castemer kecewa aja
,sangat membantu sekali... sukses terus buatt deflover Grab
,Kenpa aplksnya gg bisa dibuka install udh di updet udh
,layanannya bagus. pokoknya top bgt
,"sangat membantu, memudahkan dalam segala hal"
,Ga bisa ngeapply voc:') padahal udh ngeklik beberapa kali
,Semoga lbh bnyak promo nya krn sering menggunakan grab ini biar bintang naik lgi 🤗🙏🙏
,"ngga rekomended sama sekali pesen buat makan sahur,nasinya Bauk. ayamnya mentah😪"
,"Kok yg punya gw mau order gak bisa Cash sih garis pake obo aja ,gimana nih GRAB"
,Masuk selalu kloning bukan karna sinyal...
,"cukup membantu, terutama grab food dan grab car/ motorcycle nya"
,pelayanan mantap dan akurat
,aplikasi terbaik untuk perjalanan
,nyaman dan ramah driver
,"Terimakasih pak sudah mengantarkan saya sampai di tempat tujuan, Bpak Drivernya baik dan sopan🙏🙏🙏🙏"
,ga bsa daftar aneh skali .
,Mudah dalam mencari transportasi
,sangat memuaskan dan motornya bagus
,tarif harus lebih mensejahterakan driver.
,semoga harga bisa lebih ringan lagih banyakin diskon
,Bagus sih tapi ga ada pembayaran via dana 🗿🗿🗿🗿🗿
,cepat dan tanggap
,"pelayanan yang diberikan baik banget , bapak sopir baik"
,Sangat puas dan lancar
,"Map gak akurat, mesen makan koordinat malah melenceng jauh nunggu sampe 2 jam.."
,Kenapa pulang pergi tempat yang sama selisihnya banyak sekali
,"Buruk.......... Terutama grab bandara sultan mahmud palembang, tarif Rp 82.000 kok Driver nya minta tambah buat parkir, jadi Rp 90.000 yang saya bayar. Sangat buruk pelayanan grab palembang."
,"bapak sopirnya sopan, dalam mobilnya juga bersih"
,pengemudi ramah dan tepat waktu
,ribeeeet verivikasi lama.. ga jadi pakai grab
,grab sangat membantu untuk kebutuhan sya
,Kenapa verifikasi photo selfi gak bisa padahal saya udah ikutin petunjuknya
,driver baik dan ramah sekali
,"Tolong Grab, jika merekrut diperhatikan dan dinilai etika pengendara. Hari ini adik saya di tabrak sama grab. grabnya nabrak adek saya yg lagi pulang kerja. Nabrak gara2 marah sama kostumer tidak jadi naik.. adek saya tidak tau apa2. Anda tabrak secara sengaja.. kalau aja plat no nya kecatet... . Gue laporin lu ke polisi... ngak punya otak bgt."
,Gak jelas....rumahnya dmna..dikirimnya kmn..salah terus...driver tidak sesuai intruksi..nunggu hampir 1 jam..sampe dingin makanan ku....buruk...
,"pelayanan nya baik ,cepat"
,aplikasinya bagus cuman banyak driver kurang ajar dan tidak ada tanggapan atau sanksi dari grab. Pindah gojek aja kalo gini
,"Kenapa gak ada info nya sih klo mau isi ovo lewat mbanking ada potongan nya.. Minimal isi ovo nya dirubah ke 10rb dong.. Mau belanja cuma kurang 1rb jd harus isi ovo banyak"".. Atau ditambah fitur nya biar bisa bayar pake ovo + kurang nya dibayar cash.. Jd lebih enak.."
,"Sejak adanya aplikasi grab kemana-mana tidak perlu kuatir lagi untuk cari transportasi, serasa punya driver pribadi siap antar jemput😁, sangat membantu terutama disaat pandemi ini, bagi saya lumayan nyaman dibanding naik kendaraan umum...semoga layanannya semakin ditingkatkan menjadi lebih baik lagi👍👍"
,tingkatkan terus pelayanan kepada penumpang
,Mennyatu halnya terpokus sebab di karenakan bisa kapan saja yang akan diperlukan jadila jawaban tersebut geribnile 99/persetasi ungkit karir
,mantap ini berguna banget buat pendatang dan tak tahu tempat yang di tuju...joss deh
,mantab. mempermudah perjalanan kita gaes
,sangat baik dan sopan...mksh grab car...kedepannya mgg semakin maju
,"perjalanan aman, nyaman"
,"cukup pas dan nyaman, ramah terima kasih"
,nyaman dan cepat
,"Kenapa sih ada yang deket sllu dpt grab yg jauh, aplikasi yang membangongkan, mn org lg buru2"
,kalau bisa mobil nya kasih pewangi
,Terima kasih buat grab karena sangat membantu sekali.
,"Per hari ini selasa pukul 14.16 wib tanggal 21 Maret 23. Pesen driver untuk orang tua saya dari Lengkong Bandung ke Soreang kabupaten Bandung sampai ditolak 4 driver grab bike. Kalau jauh mereka itu gak mau. Driver kota dengan driver kabupaten berbeda attitude nya. Tolong untuk driver agar ditraining kembali. Atau dibuat menu tambahan driver bisa memilih tujuan pick up. Jauh atau dekat. Jangan dari sistem, karena akan sering dicancel/tidak direspon dari drivernya padahal lokasinya dekat."
,sangat puas dgn pelayanannya
,Aplikasi bagus dan gampang pakainya
,"pelayanannya sangat bagu,orangnya juga baik hati"
,mantap sesuai instruksi & aplikasi
,"Semoga dpt menghasilkan cuan lebih lagi dari aplikasi ini, thank u grab"
,sangat tepat dan cepat
,alhamdulillah. respon oom supir ramah. bagus. walau ada derama di buat wak google 😅. ttp sabar si oom.. semoga besok besok kalok order greb. semoga bisa ketemu lagi ya om.☺🙏
,Aku suka ini karena bisa membeli makanan di aplikasi ini untuk anak saya
,"senang,,, krn selalu ada promo"
,suka sekali bneran pas ada promo hhe
,perjalanan yg sangat nyaman
,"Sekarang semua tergantung kepada Grab Support Indonesia, karena yang mengatur adalah sistem dan server yang di dalam Aplikator Grab."
,SD-2-0HY7FAVAAWHUVKFAGMD4 ini barang pengiriman saya mana? Driver ga ada hubungin sama skali baik chat atau telepon pas udah masa barang dicantel dipager luar????? Mana nih team CS grab jg no respon. Apa minta di post dulu ke media konsumen baru ditindak?
,Pengemudi tidak ramah dan lama banget
,Layanan grab baik semakin baik..trima kasih
,good grab nyaman dan aman
,"terima kasih, pengiriman sangat cepat"
,sdh bagus utk pelayanan dr setiap kurirnya..
,aplikasi sangat membantu kebutuhan sehari hari
,"terimakasih, pesanannya tepat waktu 👍👍"
,Masa saya tidak mendapatkan kode 6 digit sudah berulang kali saya coba tapi masih belum dapat juga.........
,ramah dan sopan jdi nyaman smpai tujuan
,"Update Mulu setiap mau di pake ,,, bikin lama"
,mantap semoga banyak promonya
,Dah update tapi layar putih teruuusssss👎🏽
,aplikasi nya bagus bangettttttttttttt
,sangat membantu pas ada promo besar
,Semakin maju performa & profesional nya...
,Grab sangat membantu..Tambah sukses dan semoga Drivernya makmur.
,"Knpa grabfood saya tidak bs order makanan?? Slalu informasi nya ditolak pkai metode lain, sedangkan di hp lain bisa order."
,"Saya order grab food di pempek Gaby, saya hub grab untuk edit pesanan Krn saya yg salah, respon grab nya lama amat shg sudah dpt drivernya. Kesel lihat respon cs grab nya. Akhirnya order grab food tdk bisa di edit dehh....jelek amat sihh grab pelayanannya"
,"Gk mkst, download aja gk pernh,sekalinya download pngen daftar ktanya akun telah dibekukan, gk nyambung"
,"sy baru 3x pakai jasa grab, thenks ya.. smg semakin mantab"
,suka banyak promonya
,"sya ksh sgini krna sya sblmnya sneng dgn grab ini, tpi sya mesen grabfood jam 12 mlm knapa di anggap fiktif pdhl sya bnr"" memesan. sya tau bnyk pesan fiktif tpi yh seenggaknya tlng pstikan dlu, sblm mnilai. ini msukan bwt driver grab. jika emng di pstikannya lwt tlpn, klo org nya gk ada plsa sperti sya sblmnya, pesanan sya di anggap fiktif krna sya tdk menelpon, pdhl sya jujur tdk ada plsa sma skali mkanya tdk bisa mnelpon.. dan jga klo bisa yg nlpn pihak driver ."
,cara membawa mobil sangat nyaman
,lumayan cepat aplikasinya
,Pengemudi dimana dimana tapi susah banget.padahal buru buru....tolong dong tingkat kan lagi pelayanan nya
,app yg bermanfaat. Good job buat para developernya
,Saya punya saran smoga ke depannya sistem pembayaran pesanan ovo dan tunai bisa di gabung seperti aplikasi sebelah
,Dapat order fiktif Cod dari customer kok minta ganti ruginya ke pedagang.untungnya si pedagang mau mengganti uang orderan tsb krn kasihan dgn si driver.cuma yg disayangkan sikap arogan dr teman2 sesama driver grab yg lain.tolong diperhatikan hal hal yg demikian dapat merugikan bagi semua pihak
,aplikasi yang sangat baik dan membantu
,"Alhamdulillah orang nya sangat baik ramah dan sopan, semoga di lancarkan resikonya aamiin yra"
,sangat membantu perjalanan keluarga 👍👍👍👍
,Tolong alamat rumah saya Cipinang kebembem gang 3 rw 13 tidak tersedia di grab. hanya ada di gojek dan shopee driver ☹️ tiap pesan grab selalu pilihnya masjid nurul hidayah itu masih lumayan jalan kakinya. kalau pesan gojek lama nunggu drivernya. jadi mau ga mau pesan grab. tolong disediakan alamat rumah cipinang kebembem gang 3 rw 13 kel. pisangan timur. terimakasih.
,Grab onlain sangat menbantu keperluan perjalanan kemana aja sekalipun cuaca hujan terimakasih
,"Padahal tinggal di perumahan tpi gk pernah nemu driver langka bangettt, apa efek lebaran ya pada pulang kampung 😭😭😭😭"
,"ramah,nyaman top markotop"
,cepat respon pengemudinya. 4 menit sdh sampai di titik penjemputan
,kok harus pakai foto selfie segala geu kan gk suka foto selfie sungguh ide yg sangat tolol
,"mantap banget dahh grab, apalagi abang abangnya tau jalana banget"
,"Aplikasi gak guna,, Dulu sih bagus, tp sekarang parah bener, buruk sangat udah brpa kali d instal udah brpa kali juga d upgret tetep aja jelek. Mau pilih menu makanan gambar menu gak muncul blank kabeh. Ku kira kuota ku habis d coba pakai wifi ttep aja blank gambarnya.. Sueee... Uninstal aja udah sekalian. Kesel."
,"Grab ko makin kesini makin hancur ya, semua coba promo tidak bisa terpakai padahal sudah memenuhi kriteria,mana harga paling mahal 👎👎👎"
,"Sudah download 3x, dan sudah akan mulai menggunakannya, setelah mengisi nomor hp, saat dikirimi kode aktivasi, belum sempat membaca kode aktivasi yang dikirimkan melalui sms, selalu keburu ada notifikasi ""akunmu sedang dibuat, tunggu sebentar,..."" langsung aplikasi terbuka seperti tampilan beranda, belum 5 detik, aplikasi tertutup tiba-tiba. Setelah dicoba berkali-kali, aplikasi masih tetap selalu tertutup tiba-tiba. Akhirnya diuninstal dan didownload ulang ... sampai 3x... aplikasi tetap error"
,Sayaa sudah pesan makan dan pengemudinya membatalkan pesanan disitu saldo saya tidak kembali
,"aplikasi grab amat sangat membantu selain murah driver juga ramah2. tetapi keluhan saya, lokasi pin sering berubah-ubah dengan sendirinya, padahal sudah diatur dan itu menyebabkan driver kebingungan mencari alamat saya. tolong ditingkatkan lagi."
,"Kadangkala kalau menu restorannya udah abis telat diupdate di pilihannya, jadi kecewa, baru udah dipesan dikasih tahu habis. dan tulisannya sudah dipesan, udah terlanjur gak bisa batal, mohon dipercepat atau diperbaiki sistemnya. Thanks"
,Tolong pihak grab tangani dan respon pengaduan saya perihal driver atau mitra grab food telfon sy dengan bahasa bersifat pribadi dan tidak sedang dalam bekerja ....
,"Biaya pemesanan naik terus percuma kasih disc, masa biaya pemesanan naiknya gak kira2"
,"Terpaksa uninstall karena akun saya dibekukan hanya karena login di smartphone yang berbeda, itupun melalui jalur OTP verifikasi dan ketika daftar dengan nomor baru pasti selalu di bekukan lagi seolah sistem telah mencatat nomor perangkat yang saya gunakan dan secara otomatis menonaktifkan, walaupun itu account baru dengan nomor yang berbeda. Sistem anda terlalu pintar sehingga menyusahkan penguna. Pindah GO-JEK aja lah...."
,"Mohon kalau plat yg datang tidak sesuai dengan yg kita pesan, suruh konfirmasi sebelum driver sampai tempat penjemputan. Karna kalau tiba-tiba sudah sampai titik penjemputan dan ternyata plat berbeda kita mau batalkan jg kasihan. Kita butuh kenyamana.! Terimakasih"
,"Support nya jg buruk pelayanannya, berasa chat sama bot, tolong sistem tracking map nya di perbarui, bagus versi lama, sekarang tiap milih titik bergeser sendiri, alamat sudah benar disuruh perbaharui, aneh sekali, default lokasi nya jg tracking nya tidak sesuai,,"
,"APA APAN GRAB ADA PUNGLI KURIR NYA. SAYA SUDAH BAYAR ONGKIR, KELUARGA SAYA YANG MENERIMA BARANG DISURUH BAYAR PULA!!!!!!!!!"
,Tetap pertahankan kualitas dan tarif ekonomis
,"Kalau bisa maps nya Di tulis MAPS bisa mudah untuk pengguna baru/lama yg belum tau. Di kasih warna berbeda pada mapsnya. Serta kan pandu nya. Jangan hanya yg itu"" aja dari pertama Ga ada perubahan untuk maps . Sangat tidak membantu."
,"Makanan resto di mark up 30%, driver potong 20%, biaya aplikasi, orderan digabung tapi motong argo pengantaran. Menang banyak ga tuh???"
,pesanan enak dan kurir ramah
,"Jelek ,mapsnya kurang canggih setiap ketik nama alamat ga pernah akurat,malahan ga sesuai ketikan. Beda sama gojek canggih sekali ketik langsung muncul. Mungkin grab meski diketok2 baru ketemu. Payah,perbaiki sistemu itu kalau mau bersaing."
,Bisa di perbaiki gak map nya jangan ambil jalan jauh yang Deket aja
,"Ga ngerti sama grabfood sekarang. Dulu kalau pesan makanan setengah jaman udah dateng paling lama ya 40 menit. Sekarang pesan makanan cuma depan kompleks butuh waktu 1 jaman bisa lebih soalnya katanya biar efisien, makanannya di kelompokkan sama yang searah. Ga efisien sama sekali. Searahnya juga kayak gimana nih soalnya beberapa kali pesan tuh ya masnya ngelewatin kompleks saya dlu buat ngaterin yang lainnya trus putar balik lagi buat anterin pesanan saya. Tolong dong ininya diperbaiki😭"
,"Kenapa di update malah jadi berubah semua alamat rumah, taroh pin di titik yg di inginkan tidak bisa,mau ke titik yg sudah dib tandain oleh pihak grab. Lebih baik pindah ke sebelah yg bisa di sesuaikan titik nya."
,"Memudahkan, dan mudah digunakan. Selain itu juga menghemat waktu, menghemat uang (parkir+bensin), menghemat tenaga. Tapi juga bikin makin sering jajan, apalagi ada promonya sayang kalau tdk dipake (Ha... Ha.. Ha...)"
,Maaf rating terpaksa sya turunkan. Krn bbrpa kali sya sdh order makanan dg sistem pembayaran tunai. Knp skrg pembayaran tunai tidak bisa dilakukan? Hadehhh 👎👎👎👎
,"Gak usah bikin bikin mode hemat lah. Kalau harus nunggu cariin driver sampe 30 menit, ujung ujungnya di cancel otomatis. Oalah gojek gojek mau ngasih pelayanan gratis, tapi gak ikhlas. Mana biaya layanan makin gak masuk akal."
,"😔 butuh waktu berjamm jam, untuk memesan .perut lapar jadi kenyang"
,"Tidak Konsisten, selalu memberikan saya pengemudi dengan posisi yang jauh dari posisi saya padahal kalau dilihat banyak disekitar saya. dan kalau dibatalkan karena mau ganti tujuan sama kejauhan, giliran pesan lagi malah depersulit bilangnya inilah itulah..."
,"Kecewa. Untuk grabfood, jika ada makanan yang dipesan ternyata tidak tersedia dan sudah terlanjur memakai kode promo, promo jadi dibatalkan dan bayarnya jadi pesanan tanpa promo. Juga ketika membatalkan pesanan karena kondisi di jakarta dan ada sistem plat mobil ganjil genap, ditambah mendapat driver yang sama beberapa kali yang meminta saya yang membatalkan, setelah beberapa kali jadi tidak bisa pesan apa apa."
,"saya sebagai pengguna GRAB saya suka dengan app ini,apa lagi setelah menggunakan OVO saya sangat puas,karna banyak diskon yg memuaskan,tapi maap klo boleh saran,tolong mapnya diperbaikin lagi,agar akurat seperti keberadaan customer berada,saya sebagai perantau tidak tau alamat lengkap posisi saya yg akurat,saya udah 3x menggunakan posisi yg sudah ditentukan map aplikasi grab ini,tapi pas pesanan grab pood diantar kelokasi yg otomatis diisi oleh aplikasi ini,tidak akurat sama posisi saya yg berada"
,"Klaim pengiriman barang saya ditolak, padahal tiap kali kirim barang selalu gunakan asuransi barang. Lalu dalam penolakan tidak jelas alasannya, katanya sudah hubungi saya tapi hp tidak ada no atau pesan masuk ke hp.. Hadeeeh ANEH emang, gimana mau dijadikan mitra dalam bisnis kalau pelayanannya gini."
,Pelayanannya kurang bagus.. Penjelasan membingungkan terlebih jika pesan makanan.. Dah lama banget.. Dua kali.pesan dati.jam 1 malam sampai sekarang masih proses. Gak bisa di cancel.. Kedua kalinya sekalinya pesan warungnya tutup.. Gimana sih nieh grab bukannya smakin mudah malah smakin menyulitkan
,"Sudah sering ngalamin Grabcar daerah Jakarta sering kali tidak bergerak dan tidak merespon saat di chat dengan maksud ingin calon penumpang yang membatalkan pesanan saat driver tidak menginginkan pesanan tersebut. Mohon Grab meningkatkan hal ini, misalnya memberi batas waktu balas chat penumpang, jika tidak balas mungkin rate bisa dikurangin atau lainnya."
,Sudah 3x pesan makanan yg tiba2 cancel sendiri oleh aplikasi....kita pembeli tidak bisa cancel.....sudah nunggu 3 jam lebih.....baru ada info pengemudi tidak ditemukan.....Laah dari awal info pesanan sedang disiapkan..... Agak telat lebih ramai....dll Ini aplikasi emang gak mutu.....harusnya liat pembeli yang sudah langganan prioritas jangan sampai kecewa. Daripada emosi saya hapus saja aplikasi ini.... Menjengkelkan....!!!!
,"Selalunya kalau masuk disuruh update trus, abis itu aku update tp gk bisa terus padahal udh 100% tp gk bisa trus aku ulang sampe 5 kali tetep gtu aja,, tolong biar gk update trus dong seenggaknya sekali langsung bisa, ini sampe 5kali, abis itu dibilang gk cukup ruang pdhl gk tuh aku nurut dah hapus apk tp as dihapus aku mau update lg ky gtu trus...🥱menurut aku msh sukur dikasih bintang klo pelayanannya ky gini mah........."
,"Ga suka sama double order, makanan yang harusnya udah sampe ke tahan nganter yg lain udah si anternya jauh, pas anter ke tempat saya makanan jadi dingin keburu laper, pernah jg makanan sampe bocor minumnya. Tolong di hapus aja yg double order ga efisien 😤"
,"Saya pesen GrabFood dengan fitur ambil sendiri,,pas mau saya ambil nyampe di lokasi ternyata resto tutup,, sedangkan kita tidak bisa chat ke penjual, karena harus penjual dulu yang ngechat,, sangat tidak masuk akal,, cok"
,"Mohon pihak grab di evaluasi sistem pembatalan, penumpang sering membatalkan tapi kenapa performa driver yg turun, driver udah capek2 cari alamat, sdh sampe di cancel, kadang baru terima sdh dicancel, dan performa langsung turun . Sistem ini gak adil buat driver, ketemu aja belum dengan penumpangnya tapi performa turun kalau dibatalkan, padahal bukan driver yg batalkan."
,"Makin lama aplikasinya makin gak jelas,pesen banyak makanan diatas 100 lebih,tapi sama sekali gak ada voucher diskon gak kaya dulu,udah gitu drivernya sering salah,kalo pesen banyak makanan tidak sesuai yang saya minta selalu aja ada yang salah,terkadang saya juga nunggu lama itu yang bikin males saya pesen makanan di grab."
,"Okeee saya ubah ulasan saya barusan setidaknya uang saya kembali jadi saya bisa pesen ulang geprek yang saya mau, dan cepet pengembalian dananya. Tapi tetep untuk sangat saya sarankan upgrade aplikasi jika sesi berakhir tetap bisa menghubungi drivernya, jadi saat driver salah memberikan barang dll masih bisa minta antarkan kembali."
,"Parah memang sekarang gojek sekarang, makin kesini makin parah., orderan tidak ada, ongkos mahal, banyak biaya ini, itu, ongkos ke. Driver gk jelas, potongan ke restoran paling besar dari aplikasi lain... Makanya wajar banyak customer pada pindah ke aplikasi baru..."
,Kenapa begini sekali aplikasi grab cuatomer kah. Pesanan ambil sendiri tidak bisa di cancel alasannya sudah di ambil driver kan aneh. Mau hubungi merchant tidak bisa. Nomor merchant juga tidak ada. Jadi solusinya apa coba ini
,aplikasi ini tidak bisa di unduh lebih baik unstal aja dari pada borosin kuota pokoknya aplikasi ini jelek deh aku udah coba 5 kali engga bisa bisa padahal sinyal bagus dan kuotanya masih banyak dan ruang penyimpanan nya masih banyak
,Kenapa akhir akhir ini aplikasi makin jadi kacau ya... Saya mau beli grabfood Dengan metode pembayaran tunai gak bisa?? Itu kira kira kenapa ya minn.... Tolong di teliti lagi dong buat pembayaran nya
,"Bayar tunai di penang malaysia atas pesanan makanan tapi driver katakan belum di bayar dan tidak ada sistem di aplikasi grab yang dapat di jadikan bukti atas pembayaran tunai tsb. Oleh pihak grab di suruh mentransfer lagi senilai yang sudah saya bayarkan pada driver, padahal sudah saya jelaskan secara detail berulang kali pada pihak grab. UNINSTALL aja aplikasi yang dengan mudah nya di kibuli driver tanpa ada nya usaha untuk mencari bukti berupa rekaman cctv di lokasi pengantaran ."
,"Tolong untuk cs yang sabar dong, jangan maunya order driver langsung nongol depan pintu lu, se enaknya aja main cancel. Driver perlu pake sepatu dulu/jaket. EGOIS! Kalo mau cancel konfirmasi, biar kita gak sia"", udah mau sampe di cancel.! Kalo gitu bikin performa akun hancur."
,"Gagal masuk trs, udah di coba berkali² padahal kuota cukup jaringan jg bagus. Tulisan nya perbaharui muncul trs, tp setiapdi perbaharui gk bisa2...."
,"Setiap kali klik restoran di grab food pas dibuka selalu aja white screen padahal sinyal lancar aja, niatnya mau pesan makanan malah white screen gak ada menu nya buat pesen akhirnya terpaksa saya uninstall ini aplikasi mending pesan makanan di go food"
,"Semakin di update, semakin gak karuan ini apk.... Lemotnya bukan main.... Padahal baru ngisi paket internet, loading truzzzzz Tolong... Perbaiki sistemnya biar tetep setia pkek grab... Maaf, saya uninstal biar gak full penyimpanan di hp🙏🙏🙏🤲"
,Dulu bisa gunakan ojek online sekarang gak bisa bisa nya cuman taxi doank dan setiap menu tutup yaeh tinggal di kensel ajha ini malah suruh nunggu tau tau nya gak jadi saya harap aplikasi ini kembali seperti dulu
,"Say kasih bintang 1 j etr klo oke sdh diperbaik semu naru kasih bintang full, soalnya skrg aplikasinya semakin menjadi jadi.... Ga seperti pertama x n ad grab. Aplikasinua sering tdk bisa dibuka, diwonlond ga bisa2,kalau bisa pun"
,"Apa-apaan sih nih aplikasi, kenapa rata-rata di warung grab pemesanannya tinggi banget hari ini, sampai dibatalin otomatis, padahal pemesanan drivernya itu manual dipilih prioritas."
,Untuk pembuat apk nya tolong dong usahain jangan ada kesalahan di apk nya yg dapat membuat pesana bisa menanjak jauh sampe diatas 50ribu yg mana jarak pesanan dari lokasi saat ini samai lokasi tertentu cuma 6 km . knp apk nya milih driver nya yg terlalu jauh dari lokasi yg tadinya 40ribu jadi 75 ribu itu terlalu mahal untuk jarak lokasi yg bisa di hitung 40 ribu jarak pemilihan drivernya terlalu jauh jadi agak nunggak ongkosnya saya kira ada diskon promosi eh g ada tolong pihak apk nya
,Sumpah kesel bgttt sama mas² grap nya minta uang tidak sesuai apknya. Kalo buat parkir masa Sampai 8k lebih ya terus maksa² dan marah² maksa minta tip. Saya sebagai pengguna grap yang sudah lama sangat² kecewa pertama kalinya diperlukan begitu sampai saya ingin berhenti mengunakan grap.😥
,Sangat tidak puas dan sangat aneh pesanan sudah di cancel tapi datang lagi dan lagi banyak drivers yang maunya ordernya di luar grab sangat kecewa padahal sudah nyaman pakai aplikasi nya
,"Mantap. Banyak Promo menarik. Iklan di banyak di media online, mempermudah kita temukan banyak promo"
,"Fasilitas sangat membantu tapi pembaruan melulu padahal nggak banyak beda. Dan layanannya (terutama promo) jadi anggota platinum bukan tambah mudah, malah tambah banyak syarat dan ketentuan. Dan untuk help centernya sangat tidak efisien karena sy pernah melapor karena tidak sengaja tidak membayar OVO ke driver tapi tidak ada follow up."
,"kurir nya ramah pesanan sampai depan rumah,"
,"sy suka grabfood,,jd gk perlu susah² beli makanan jauh apalagi nunggu,,tinggal klik duduk manis dianter ma bang grab. cuma saran sy utk restonya tlg dikasih gambar menu, cz cm ada daftar menu dan harga sj, jd kadang ada resto yg menunya tdk sesuai ekspektasi, sm resto jg bisa dikasih review pembeli, biar pembeli lain bisa melihat penilaian sebelum order. ""curhat baru sj kecewa order grabfood udah harganya tdk sesuai aplikasi, lebih mahal, menunya sedikit sekali, rasanya 0...😭😭"
,terimakasih service yg sangat ramah
,"Ini saya rate untuk grabfood saja ya. Baik untuk grabfood ini lumayan bagus, banyak diskonnya kadang juga ada diskon sampai 90%, tapi untuk fitur-fiturnya kadang salah. Contoh : tulisan jarak restonya dari rumah 2,7 km, giliran saat mau milih makanan di resto tersebut tiba-tiba tulisannya jadi 3,6 km, lalu yang tulisannya promosi disekitarmu, eh beberapa resto didaftarnya gk ada diskonnya. Maaf saya bingung bagaimana menulisnya, jadi mohon maaf kalau susah dimengerti."
,"Alamat rumah ane sama lingkungan ane tinggal hilang semua min , gimana caranya supaya bisa ada lagi , padahal kalo liat google map alamat ada semua pas buka aplikasi grabe mao pesen alamat ga ada semua"
,"Promonya banyak yang tidak bisa dipakai walaupun ketentuannya sudah cocok (dan lebih baik bagi promo yg gabisa dipake ga usah dikasih liat di section promonya saja sekalian) Dan sempat saat melakukan perjalanan, pembayarannya tiba-tiba lebih mahal 5rb padahal saat memesan tidak ada biaya itu dan ??? saya bingung Untuk para drivernya not bad lah."
,"Aplikasi bikin emosi ,map nya gak bener setelah update terbaru, gak bisa diarahin sesuai map Klo update itu mempermudah bukan malah bikin orang malas pesan krn peta gak bisa diarahin sesuai , selalu geser dan alamat yg tersimpan hilang ,gak bisa di pin lgi"
,Sangat membantu memudahkan semua kebutuhan
,"Aplikasi nya sudah bagus tapi terkadang map nya ngaco gak sesuai gps. Kalau pas lagi gak buru buru gitu bisa disesuain sendiri, tapi kadang kalau pas buru buru gak liat poin penjemputan kan kasian driver harus nyari nyari titik penjemputan yg gak sesuai gps. Aku bandingkan ya kalau Go-jek titik penjemputan langsung sesuai sama gps. Gitu sih makasih. Payah ni masak promo belum dipakai udah gak bisa digunakan karena udah habis."
,"Mohon perhatiannya dari grab supaya menertibkan driver yang menawarkan E-toll driver dengan harga mahal (sekitar 60.000,-) jika lewat jalur tol. Pada hal saya sebagai pelanggan sudah punya kartu juga dan tidak pernah semahal itu harga toll ke Tangerang. Sudah banyak driver yang saya perhatikan seperti ini. Sikap seperti itu bisa merusak kepercayaan pengguna jasa dari grab. Atas perhatiannya saya ucapkan terima kasih"
,Ett gimana sih grab notifikasi promonya. Ngasih promo gak bisa dipake. Berlakunya masih lama dan masih ad 8x tapi ga bisa dipake. Pas sy liat notifikasi nya ternyata ad yg error. Isi notifikasi nya promo grabbike tp judul/subjek nya grabfood. Gimana nih ga konsisten kasih promo. Sy juga udah komplain lewat email.
,Udah 3 bulan ini full naik grab bike kecuali tiap minggu gada sama sekali diskon? Malah harga naek
,"Waduh..hanya ngecek menu aja langsung akun ditangguhkan dan dalam ketidakwajaran ..padahal saya mitra merchant Grabfood tujuannya memastikan menu"" ada yang perlu ditutup atau perlu dibuka.# Saya tambah tiga * lagi, karena saya ganti nomor akun..dan email ternyata sudah bisa menggunakan grab lagi. Tapi yo perlu ditingkatkan lagi jangan sampai setelah di update malah..jadi membingungkan ga bisa dibuka. Tks"
,"Susah buat login, padahal aplikasi sering di upgrade. Tapi tiba-tiba akun keluar sendiri dari aplikasi, dan ketika mau login sangat sulit selalu tertulis akun ditangguhkan. Sudah memberikan komplain, dapet SMS sudah diaktifkan kembali tapi tetap saja susah login. Gimana sih ini grab? :("
,"Aplikasi jelek dan gak layak di download , masa udh lebih dari 3 kali instal gak bisa bisa padahal sekali imstal aja cukup banyak makan kuota...aplikasi yg sebelah paling the best , instal nya mudah dan registrasi nya juga gak ribet , kapok dan gak minat lagi dasar aplikasi jelek..."
,"app nya membantu ,harga yg dipasang relatif murah ketimbang pesaingnya,tapi akhir2 ini harga nya naik asalnya harga yang dipasang 7ribu untuk jarak dekat,dan kalau bukan jam sibuk bisa lebih murah lagi,sekarang harganya naik jadi 9rbu mau jarak dekat dan bukan jam sibuk.udah gtu promo nya jadi lebih sedikit"
,Keluhannya langsung di tanggapi dan appnya udah ga nge bug lagi makasiii
,Kenapa tiba2 ada pesanan grab express utk saya ya? Drivernya sms saya dan di inbox juga ada notif pemesanan. Pdhl saya bahkan tidak pernah melakukan pemesanan grab express. Menghubungi pusat bantuan juga tidak membantu. Super apps dari mana seperti ini sistemnya
,Apk jelek gabisa login terus Masuk Aja susah
,"Grab sangat membantu disaat yg tepat dan dibutuhkan, terutama di bandara2 di beberapa kota di Indonesia...Good Job Grab.."
,"Sudah download apk grab tetap saja gak bisa, sdh ganti no hp dan email tetap saja gak bisa katanya error dan error dari sistem, hp sudah d kembalikan ke setelan pabrik juga tetap gak bisa. saya sebagai penumpang kecewa sangat, tidak bisa menggunakan grab penumpang selalu error dan error. Dari pihak adm nya juga tidak ada tanggapan atas komplain sepertinya tidak profesional grab."
,Benci banget sama grabfood double order. Lama tau ga. Mending ga usah diterima ordernya daripada pake double order.
,"sabar blm di beri bintang sempurna, kerena msh ada Hal² yg membuat customer tak nyaman"
,"Kecewa dengan sistem yg baru double order. Waktu itu saya pesan untuk tamu, jam 19.30 baru sampe jam 22.25 parah banget, pesen minuman,alhasil tamu sudah pulang dan sampe icenya leleh gak ada rasanya. Padahal jarak resto ke lokasi order sekitar 4km"
,grab memang mantap sangat membantu buat anda yang malas keluar untuk pesan atau belanja
,Mobilnya keren mobil listrik nyaman halus tidak berisik 💯👍👍
,"C-3 Grab kapan bisa dipakai Order Jauh, saya di Jakarta bisa order buat anak kesayangan dikuningan Jawa Barat, tolong dipikirkan ""Apapun masalahnya tetap grab holding mah minta maaf atas ketidak nyamanannya"" abis itu masalahmah tetap aja berlanjut"
,Buruk sekali grab makin kesini aplikasi tidak memuaskan... banyak jalan yang bisa dilalui namun pihak grab selalu memilih dengan jarak yang paling jauu yang mengakibatkan biaya melambung.. mohon diperbaiki untuk jarak pilihlah dengan yang terdekat
,Aplikasi gak jelas udah 2 minggu tidak bisa di pakek padahal sudh sering pakek Semoga lekas di perbaiki aplikasinya
,"terimakasih, driver grabe sangat membantu penumpang nya"
,Tiap mau dipakai apk minta diupdate dan menghapus apk yg lain. Setelah di update selesai waktu menginstal gagal terus. Dan akhirnya meminta update ulang dan meminta ruang yg mengharuskan ada apk lain yg dihapus. Sebenarnya sudah lama sangat tidak puas dengan grab.
,"Mohon maaf saya uninstal grab, karna skrg harga nya itu ga masuk akal, promo tidak ada lagi, sekalinya ada tidak bisa digunakan. Dulu grab sangat membantu karna angkutan umum kan hanya lewat jalan besar, dan ada beberapa jalan yang tidak dilalui angkot, tapi skrg grab luar biasa harga nya. But, thank you karna walaupun begitu pernah menjadi transportasi saya 😊"
,puas..pelayanannya baik dan ramah
,"Baru di install terpaksa saya uninstall, untuk menentukan lokasi aja sangat susah beberapa kali saya posisikan dengan benar selalu berubah-ubah. Percuma disediakan kolom untuk mengisi alamat yg benar, setelah alamat dimasukan tapi tidak bisa dikonfirmasi."
,"drivernya sering nolak dengan berbagai macem alesan, pdahal tiap hari saya pesan dari tempat yang sama. udah gitu bapaknya gamau cancel malah suruh penumpang yang cancel, toh yang ga bisa jemput bapaknya. app nya juga cm bisa sekali pesan aja, ga kaya g*jek yang bisa pesan 2x dalam satu waktu, padahal driver grab yang gamau jemput. saya pengguna grab cukup lama tapi dari dulu seperti itu. tolong di upgrade"
,Suka aplikasinya gasuka sama driver nya
,Saya sangat puas dengan pelayanan grap yg cekatang antering saya ke tempat kerja dan saya bemberi grap bintang lima karena saya puas mungkin itu saya yg saya sampai kan Terima kasih atas pelayanannya
,"Tolong diperbaiki ya. Akhir-akhir ini aplikasinya selalu crash, padahal sinyal bagus dan gps juga tidak ada masalah. Pertama kejadian saat sedang order dan itu mengganggu sekali, padahal sedang terburu-buru :( Saya jadi lost contact dg driver. Sudah direstart dan install ulang tetap sama. Sekarang saya uninstall dulu padahal saldo ovo masih banyak :("
,"Aplikasi mudah, sangat bagus, pembayaran bisa tunai atau non tunai, lokasi driver tidak terlalu jauh jadi tidak menunggu terlalu lama.maaps sesuai, banyak pilihan pelayanan,. Untuk promo mungkin bisa lebih sering.."
,"Grap yg saya tahu dan menggunakan aplikasi ini sangat membantu dalam tranportasi Cepat Tepat dan Aman karena terorganisir tercatat dan terdeteksi ini yang PERLU dengan sopir siapa, kapan , kemana , dan lebih enaknya lagi Harga tidak semaunya sudah tercatat,terkalkulasi , AMAN cepat buka aplikasi ini cocok dimasa eraglobalisasi yang serba membingungkan Sukses selalu."
,"orgnya ramah,nyaman berkendaraannya n amanah"
,Udah top up tapi ovo cash gak bisa di pakai di apk nya. Knp ini min?
,"Gak jelas banget, lagi pesan makan tapi ternyata resto tutup dan pengemudi hanya ngebatalis di aplikasi nya saja sedangkan di aplikasi saya belum, saya mau ngebatalin sendiri tetapi tidak bisa, mau nelfon cs grab nya tidak bisa juga, jadi tolong dipermudah ya aplikasi nya jangan dibikin ribet, kan saya mau pesan makan yg lain jd tidak bisa . Makasih"
,"Kepada developer grab, saya ucapkan terima kasih, overall aplikasi ini bagus menurut saya. Akan tetapi ada beberapa fitur yg perlu disesuaikan / diperbaiki seperti : 1. Untuk kode promo, yg sudah tidak valid atau tdk bs dipakai tdk perlu ditampilkan, dan utk kode promo yg valid utk ditampilkan semuanya 2. Keterangan utk pengemudi yg telat pick up kita, kl bs ditampilin secara full keterangannya bahwa saja reward yg didapat apa utk kejadian sprti itu, utk saat ini yg muncul ketnya msh terpotong"
,"gmn gue mau pesen grab klo akun nya d tangguhkan terus, udh 5 akun d tangguhkan aplikasi apaan kek bgitu"
,kenapa saat destinasi nya gak bisa nampilin peta. yang ada disuruh nulis lokasi. lah lokasi rumah saya gak ke detek di google map. baru bisa tepat kalau di arahkan dengan map. ahh bangke bener!!!! susah gunain aplikasi kurirnya!!!!!
,"Pesanan saya sudah 3x di bawa lari ga nyampe ke saya di makan mereka sendiri , tolong pihak grab di kasih pelajaran"
,pelayanannya luar biasa
,agak mengecewakan.. sering dan byk resto yg ttup tpi gk matiin aplikasi.. sumpah bikin gedeg.. mana ngebatalinny agak ribet.. kasian driverny kena prank resto2 yg gk bertanggung jawab.. saya bikin ulasan kek gini krna sering diprank resto yg gk matiin aplikasi meskipun sedang ttup.. andai dari pihak grab lbih protektif lgi buat resto2 yg kek gini
,"Tolong di perbaiki lg lh,masa lama kali proses pesanan nya mau 1 jam lebih kadang,keburu hilang laparnya kelamaan nunggu"
,"aplikasi dan moda transportasi nya cukup membantu , usul aja kalo bisa ditambahin fitur tracking perjalan/order dari user lain( keluarga, teman atw kerabat yang sedang memakai jasa grab yang memang setuju men-share aktifitas perjalanan mereka), dengan tampilan di android yg mirip dengan proses order seperti biasa."
,"sangat membantu,selalu ad saat d butuhkan,pelayanan maksimal terima kasih"
,"Kebanyakan update tapi fitur masih sama, gak ada perubahan signifikan, malahan kalau pilih menu gak ada gambar 😏 udah gitu maps selalu gak sesuai harus berulang kali kasih tau driver malah kita yg kena semprot driver padahal dari awal udah pas 👎👎👎"
,"Biaya pemesan itu untuk apa?, ditambah lagi double order,, bikin nunggu lama, beda resto lagi, kita it lapar nah kalau nunggu lama gmana,, waktu juga ngga efesien,, selama pihak aplikator belum memperbaiki sistemnya tetep kasih bintang 1,,"
,"aplikasi sangat burukkk, syaa sudah nunggu pesanan makanan saja sejam dan ternyata di restonya pesanan saya tidak masukkkkk"
,"tolong min masih ada bug di pemesanan pengantaran barang,setelah pesan,layar aplikasi jadi flicker,masuk ke peta lalu ke opsi pengisian alamat,begitu terus ga bisa di apa apain,di install ulang,tetep aja begitu lagi."
,nyaman dan ramah
,masih perlu di perbaiki masih ada oknum
,"Kapok order grabfood pake pengiriman mode hemat. Estimasi pengiriman mundur2 terus, sampai anak2 saya mngeluh terus karena merasa lapar. Driver dichat juga ga respon sama sekali. Lebih bagus pake GOJEK atau SHOPEEFOOD."
,"Tolong dong saya mau pesen grabbike kok suka susah... Biasanya ada gambar motor nya driver sekarang kok tidak ada ya...tolong perbaiki lagi sistem nya... Sudah langganan tapi di update malah jelek... Bagusan versi dulu.... Mudah saat pemesanan,, sekarang terlalu ribet"
,"Saya salah 1 pelanggan Grab sdh bertahun2, tapi akhir2 ini kecewa kenapa susah sekali setiap kali mau pesan atau sewa mobil harus scan dgn foto wajah, berulang kali dan sudah mencoba terus foto wajah tidak bisa, sampai habis waktu hanya utk ferivikasi wajah! terpaksa beralih ke aplikasi sebelah dlu yg lebih mudah, g kelamaan harus foto wajah dlu baru bs pesan.."
,"Parah sekali, aplikasi grabmart tidak bisa diakses, chat cs nggak ada solusi, dikirim email juga susah, responyna itu terus padahal sudah sya jelaskan, untuk video rekaman layar tidak bisa dikirim via email karena kapasitas nya besar, Parah sekali"
,"aplikasi mantap, mudah digunakan dan fiturnya lengkap. Drivernya juga ramah-ramah👍"
,Sangat mudah dan cepat
,"Diskon nya gila-gilaan! Tapi aplikasi error saat memberi rating ke merchant.. hanya bisa kasih bintang. Untuk nulis saran si bagian bawah aplikasi tidak bisa di scroll kebawah.. dan saat membuka may reward, tulisan di bagian bawah bertumpuk-tumpuk sehingga tidak terbaca"
,"Rutenya jauh banget kalo di map jadi muter² jauh, boros jadinya"
,"Saya lebih suka pakai aplikasi ini mudah digunakannya, saat mencari alamat yang dituju juga lebih mudah, ada promonya dan bisa menggunakan point untuk potongan biayanya. Setelah di upgrade ternyata banyak fitur baru, seperti perkiraan sampai, alur perjalanan yg lebih akurat. Semoga saja tidak ada error error lagi. Terima kasih🙌"
,Knpa sekarang aplikasi nya tidak bisa di update ya jadi susah
,"Saran dong, bisa edit bintang ke driver. Jadi waktu g sengaja klik 1x bintang, trs hp force close tidak merugikan driver. Pengalaman pernah terjadi baru klik 1x, tiba2 hp force close. Waktu buka aplikasi lagi, ternyt bintang yg tercantum cuma 1."
,"Untuk order grabfood,kenapa yg ter update resto yg terlaris aja,bukan resto yg terdekat,gmn mau cepat sampai makanan,kadang kan ada yg ga paham itu resto adanya dmn,main order aja, ga taunya ya jauh, misal bisa di santap masih anget, tapi karna jauh jadi udah dingin, kan jadi nak nikmat!!!!!!!"
,"Maaf, saya hanya kasih bintang 2. Tiap mau pesan grabfood, selalu tidak bisa dan muncul notifikasi ""kami mendeteksi ada aktivitas tidak biasa pada aplikasi anda"". Terus terang saya males utak atik buat benerin. Mending buka aplikasi food lain."
,"Membantu sih, namun saya tidak nyaman kalo pesen grabfood saya sering nunggu lama karena driver mendapat dua orderan diresto yg sama makanan yg saya dapatkan sudah dingin tidak lagi enak seperti biasanya dan sudah tidak sesuai harapan seperti biasanya, okelah mungkin membantu bagi driver karena double order , namun saya tidak nyaman dengan kondisi tersebut karena tidak sesuai jam atau menit yg telah ditentukan untuk semestinya."
,Poto selfi bagi costumer maunya di hilangkan karena sangat mengganggu sekali. Kalau mau cepat terganggu dengan poto.kalay ada cahaya ya gak apa. Jika klau tidak ada kan bisa berabe. Itu bisa menyebabkan orderan buat greb menurun sekarang. Karena costumer mau nya yg praktis dan cepat
,pelayanan Bagus dan tidak mengecewakan
,"aplikasi nya oke tapi rute perjalanan yang di tampilkan terlalu berlebihan contoh ada putaran atau pun rute yang lebih dekat dan efiisen namun dibuat lebih jauh sehingga jarak perjalanan makin jauh dan biaya bertambah mohon diperbaiki .Juga bila ada promo dikatakan maksimal 4x perjalanan namun nyata nya 1 X perjalanan voncer sudah habis,itu aja sih yg lain uda oke terimakasih"
,Saya tidak suka dengan cara grab memanipulasi jarak orderan. Itu membuat biaya yang lebih besar. Mesen food harusnya jaraknya cman 2km. Tapi di aplikasi sampai 5/6km ? Ongkos nya jadi sangat mahal. Walaupun di food ada promonya tapi sama aja bohong. Tolong di perbaiki lagi. Atau ini semacam permainan?
,Jujur yaa.. lebih suka versi lama.... Nge bug mulu yg baru... Maps sering putih aja tampilannya.. ga nyaman banget make versi baru ini Lalu... Kalau restonya tutup dan saya ga bisa cancel gimana.. ?? Sudah klik layanan pelanggan malah ga bisa.. untuk resto kalau tutup jangan lupa ya d off dr aplikasi...
,sangat membantu perjalanan...
,"aplikasi ini benar-benar memudahkan dalam kehidupan sehari-hari, simpel dan mudah, harga miring, banyak diskon, driver cepat didapatkan. tapi kadang diwaktu tertentu (pagi/setelah hujan) saya sering mendapat driver yg lokasinya sangat jauh, padahal ada driver dekat saya. saya harus cancel berkali kali, parahnya kalau saya sedang terburu buru dan karena terlalu sering cancel saya diblokir 24 jam, sangat menyita waktu. tolong perbaiki lagi sistemnya."
,"Aplikasi berat,sering keluar app secara tiba2, mencari driver terlalu lama pdhl tidak di jam sibuk dan yg terakhir tampilan tidak menarik. Jika sdh ada perubahan akan sy rubah bintangnya!!"
,"sekalipun promo tak bisa terpakai,mohon lain kali diperbaiki agar bisa terpakai dan terkesan bukan php.saran saya yg bisa terpakai diperlihatkan saat akan pemakaian.dan saat tidak bisa digunakan tidak perlu ditampilkan.mksh sudah membantu masalah cepat selesai.tolong biaya pemesanan entah di food atau bike dihilangkan.ga jelas fungsinya.secara keseluruhan bagus dan sangat membantu."
,pelayanan yang baik dan maksimal
,aplikasi ini sangat membantu 👍 keren abis awalnya ga bisa gimana cara pesan nya 🤣 dan akhirnya bisa🤗
,"TERIMA KASIH GRAB yang telah banyak membantu selama kurang lebih 5 tahun keperluan keluarga saya dan saya pribadi Dan dengan driver driver yang ramah sehingga keluarga kami nyaman dengan grab..tapi hari kemarin anggap aja suatu kebetulan..kami pesen grab car dapat driver yang bener bener kurang atitud... Bahkan sampai berantem di depan anak anak kecil pula,sehingga menjadikan rasa trauma bagi anak anak..dan mulai hari ini saya pribadi akan berhenti dulu dari aplikasi ini entah sampai kapan 🙏🙏"
,"Beli pulsa ga bisa percuma top up aplikasi gagal g bisa buat darurat antes, bnyak yg pindah aplikasi coba dikoreksi"
,"Masalahnya sama dgn yg lain oerihal gps yg tdk akurat, tolonglah u pihak pengembang secepatnya diselesaikan dan dibuat perbaikannya. Ga enak juga konsumen yg kena damprat driver pdhal kita sudah sesuai aplikasi"
,"Aplikasi penguras duitt, tempat tujuan dekat tpi kasih harga tinggi bangt, rasanya dulu2 harga grab gk semahal ini, lah ini kenapaaa jdi mahal bangt, promo pun dikit .. gantiii aplikasi"
,"sangat rekom sekali, yg malas bawa mobil,, serasa punya supir pribadi.. 😍"
,"Paling enak nih kalo mesen lewat grab,cepet nyampenya..kadang ada promonya yg bikin makin cinta sama grab..🤩😍"
,"Apk gajelas bangsin...masak udh pesen 3 kali estimasi pengiriman selalu bertambah, mohon di perbaiki, kalau tidak ada drivernya harus di kasih opsi. Anjayyyy"
,"perjalanan nyaman dan lancar, sehat selalu bapak semoga dilancarkan rezekinya"
,"Kenapa habis update, pilihan untuk pesan mobil, motor dan makan tidak muncul lagi di beranda."
,"kalo siang cari mobil cepat, cuma kalo tengah malam, masih susah dapat mobil, mungkin karna kami di kota kecil"
,"Kenapa saat menulis alamat dan menentukan titik alamat sedikit sulit, krna jalan kos saya gk ke diteksi hmmm :'"
,terimakasih banyak buat supir grab nya... pelayanan ramah baik hati . ngobrol nya enak sopan ..dan baik hati..keren pokoke supir nya..mantap..
,"Tolong untuk driver jangan malas klo saya pesan makan biar praktis makanan di antar smpai dpan pintu , bukan malah saya yg jalan k bawah trus cari driver di simpang .alamat sudah jelas ,tpi msih aja dongo map .🥴"
,Pengemudi bilang oke untuk menjemput nyatanya sudah lama sekali menunggu tak kunjung datang. Udah tau urgent ! Di pesan tidak dibalas ditelpon tidak diangkat ! Kebiasaan Grab !
,"Ih diupdate malah lemot, kaga bisa kebuka menunya.. Kadang cuma layar putih doang 😤"
,Semalam saya naik grab atas nama wahyono grab myvi warna biru nomor plat 7555..saya punya telpon jatuh saya col 3 x boleh masuk tapi tak mau angkat...saya col lagi tak boleh masuk..kenapa tak mau kasih balek yaa..minta ongkos hantar pun saya boleh bagi
,"Ya ampun, kok punya saya jadi lemot sekali. Padahal dulu gak kayak gini. Dulu saya sering pesen makan lewat aplikasi ini. Sekarang loading"
,"Aplikasinya lemot kaliii, capek aku, asik keluar aja dari aplikasi, Sampek ku apos aposin pun aplikasi lain masikk lemot juga pengen ku banteng aja rasanya hp ini iya"
,"Apk pesan mobil kok yang muncul cuma promo,asuransi, hotel, pulsa Lha gimana mau pesen grabcarnya"
,"Modus baru pengemudi grab. Kemarin saya diturunkan di tujuan saya kemudian driver grab car dg nopol AB 1663 OY Siagra meminta uang tips tambahan sebesar 15% diluar tarif grabcar sehingga kami merasa dirugikan . Ketika saya mau memberikan penilaian di aplikasi grab trnyata tanpa sepengetahuan saya, driver membatalkan pesanan sehingga sy tdk bisa memberikan bintang. Mohon ditindak lanjuti driver2 curang spt ini. Trims."
,Bagus tpi ada yang kurang coba kasih pendaftaran goofod sya sebagai jualan makanan kepengen sekali penghasilan tambahan ??
,"kenapa ya driver food kalo uang cash bilang suka gak ada kembalian atau gak ada uang,dr beberapa tmn juga ngalamin..lalu pas bnr2 mentok gak bisa tuker,tiba2 ada..."
,"setelah daftarkan cc ke aplikasi grab, tiba2 ada trx sebesar 149rb, padahal gue bukan trx gue 😭"
,"giliran d update malah mahal dan gada bedanya sma yg discount,,, biasanya ada bedanya harga normal sma yg discount,,,"
,Selalu ber ubah ubah titik maps tak bisa dipastikan...lokasi dia kurang akurat tolong diperbaiki.terimakasih
,"driver ojol nya masih banyak yg tanpa masker. ini udh yg kesekian kalinya begini. tolong dong spy driver nya bisa di cek lagi pakai masker atw gak. karena kita juga masih berdampingan sm ""COVID"""
,"pesanan makanan tidak bisa dibatalkan, padahal sudah terlalu lama menunggu tidak ada mitra yg pick up"
,Order makanan sejaman lebih gk dpt driver bukannya bisa dicancel malah disuruh ngecht operator yang balesnya otomatis kayak robot.tiba tiba sejam berikutnya baru nongol drivernya giliran minta di cancek aja malah gak bisa👎
,Bagus tapi kenapa ya kalo saya lagi lihat lihat makanan di gofood itu selalu tampilanya putih padahal sinyal saya baguss
,Fitur baru pilihan pengantaran kurang signifikan ujung2nya sama ajah.
,"masa gak bisa perjalanan Deket grab bikenya,malah disuruh ganti destinasi.Orang lagi perlu juga,bawa barang dll sendiri gak bisa"
,"Bener2 ya.. paket berhenti tgl 4, saldo kosong biar ga perpanjang... E ngisi saldo tgl 6 msh aja motong otomatis."
,ongkir suka g jelas berubah2 trs..apalgi skrg diskon ongkir g bisa dipake tarif ongkir mahal blm biaya pelayanann..jdi males belanja jg.huh payah.
,"cepat waktu dan pesanan nya tidak mengecewakan, jadi langganan deh"
,"Proses cepat, layanan baik & tarif sangat bersahabat, terima kasih smga tmbah maju & sukses selalu"
,"Masih sering error,jaringan juga ngelek ngelek parah ini kenapa cok,padahal juga lagi buru buru,kalo bikin aplikasi yang niat plis SEKIAN"
,"Tarif tidak sama dgn sebelumnya ygbdi pesan, malah tambah mahal...kecewa banget"
,"Terparah sih grab. Saya mesen grabfood start jam 08.30 sampai satu harian ga sampai. Gimana mau nyampai drivernya gak ada tapi pesanan sudah sampai di resto. Mau dibatalin juga gak bisa tapi ovo saya kepotong, saya sampai ke restonya siapa tau resto bisa batalin rela hujan²an tapi hasilnya nihil juga malah ongkos habis kesananya. Bahkan bintang 1 aja gak pantes didapatkan aplikasi ini. Sumpah benci bangetttttttt"
,Berkali kali upgrade gabisa jga.. padahal memory hp cukup untk upgrade.
,Aplikasinya bagus tapi tolong tambahkan fitur untuk bisa ubah rute. Jadi aku kasih bintang 4
,"Tiapkali order makanan pakai promo pasti ga di proses,bukan cuma sekali lohh gini trus."
,"Ga layak dapet bintang, masa gua mesen dr jam 10 estimasi nambah terus dr setengah 11 ampe setengah 1 nnt nunggu brp lama lagi"
,Alamat tidak sesuai titik penjemputan Lama menunggu driver datang Driver masih saja ada yang minta uang lebih Tolong diperbaiki demi kenyamanan penumpang
,bagus buat pesen makanan dan juga bisa diantar dan ambil sendiri gofood nya bagus 👍👍👍👍👍
,"ini tolong dong kalo bisa dibatasi untuk usia para drivernya, susah bgt kl dpt yg tua2 gabisa liat maps 🤦‍♀️🤦‍♀️"
,"Kenapa pas daftar kok gak bisa ya? Malah ada tulisan ""something wrong"" terus tiba tiba akun saya ditangguhkan. Tolong diperbaiki lagi."
,"Semalam order makanan dgn metode pembayaran ovo, terus yang punya warung membatalkan orderan saya. saldo ovo saya yg sudah terpotong, kenapa belum di kembalikan... Sy udah melapor di admin responnya nya katanya tidak tersedia"
,"Driver slalu dpt yg jauh2.,padahal di depan mata banyak yg lewat.,tidak di anjurkan untuk yg buru2 kejar waktu.,"
,Titik pengantaran dan alamat pengantaran beda posisi dengan alamat sebenarnya dan beda kecamatan juga jdi bikin pusing.. tolong diperbaiki ya
,Grab skrng kenapa sudah tidak bisa bayar tunai setiap mau pesan grabfood psti slalu di tolak kalau pilih pembayaran tunai
,Warung belum buka kadang uda buka di aplikasi sedangkan customer gak bisa cancel hrus telpon k pusat.
,Kenapa Akun saya ga bisa upload photo untuk menambahkan menu baru selalu ditolak tidak sesuai tdk valid ( Cussuca Hampers)
,sangat membantu terimakasih pelayanan nya sangat ramah dan harga juga terjangkau pertahankan
,"Jeleknya grab kl Merchant blm approve ga bisa di batalin, jd nya ga bisa pesan yg lain. Padahal udh hampir sejam nunggu."
,Bbrpa driver pilih2 jarak perjalanan padahal dulu pertama kali ada grab jrg bgt dpt cancel penolakan perjalanan !!!
,"selalu ada promo nya,mager di grab in aja,lebih murah drpd go show ke respon ya.terimakasih grab.love it!"
,"Aplikasi grab cukup membantu untuk yang sering bepergian, kalau ada OVO lebih baik soalnya banyak promo"
,Terus dipertahankan dan ditingkatkan pelayanannya agar semakin mudah cepat dan aman.
,"Sangat kecewa..tidak bisa pembatalan pesanan secara tdk sengaja,ni namany pemaksaan beli"
,"Ini grab gimana ya, bukannya tambah bagus malah tambah parah, pesen grab express, drivernya g mau ambil, d tlp g diangkat, d chat g d balas, d cancel g bs, akhirnya tlp CS telepon itu pakai duit, bayar, g gratis, bayar cuy, udh d cancel, trs pesen ulang lagi, dapetnya drivernya dia lagi, dia lagi, ini grab udh tau driver td g mau ambil pesenan, trs d kasih driver dia lagi, Tlp CS lagi minta d cancel, ini konsumen dipaksa untuk Tlp CS biar ngabisin pulsa konsumen, biar lebih untung atau apa?"
,"kenapa disuruh perbarui nomer,trus pas udh dimasukin nomernya ga bisa,pdhl nomer udh ganti ttp gabisa semua,jd akun gabisa di pake,mau buat akun baru juga ga bisa"
,Mengecewakan.. Tolong diperbanyak dan ditingkatkan lg driver grabcar yg suka mengcancle pesanan tanpa alasan yg jelas....... Sangat mengecewakan.......
,aku grab cuma 5k aja murah banget. langgeng terus ya grab murah rejeki aku tau grab pasti udh dapet untung tp makasih bgt loh buat aku yg kaum mendang mending
,"Mohon untuk diadakan training terlebih dahulu untuk para driver. Apabila memang sudah terlaksana, mohon untuk diadakan brifing disetiap bulannya. Tentang berkendara dijalan. #Sayamasihinginhidup🙏🏻"
,"Di update kenapa log out? Dah lupa pake email yg mana, kalo bikin baru harus selfie, ga simpel"
,kalo ada bintang 0 udah tak kasih tuh! 3 jam nunggu pesanan tiba tiba driver tidak ditemukan. knp ga dari tadi aja bilang driver nya gaada!
,"kurirnya baik bget sabar nyari alamat,ramah banget kliatan baik hatinya...sehat terus mas kurir"
,"Sekarang order grab bike kok susah ya,yg muncul selalu grab car terus-terusan. Grab bikenya tidak muncul"
,Mohon untuk lokasi penjemputan atau tujuan ditambah dan bisa memilih dimana saja lokasi penjemputan.karena di beberapa daerah ada yang tidak tersedia Terimakasih
,Grabfoodnya lama banget. Harus nunggu driver ngumpulin pesanan banyak orang. Belum lagi titik map sering meleset.... 🤦🤦🤦🤦🤦. Payaaah.
,"perlunya di perjelas lagi titik map untuk tujuan,selebihnya udah bagus.drivernya ramah"
,"Makin kesini makin banyak lag sama bugnya Kalo emang niat gak mau kasih diskon yaudah Setidaknya bisa pesenlah, ini dibuka cuma muncul nasi padang sama lontong kikil Orang juga mau makan yang lain kalik"
,"Drivernya orang gila semua,daerah tambun gajelas grabnya .. pilih pilih customer gamau bawa anak bayi sama ibunya cuma karna saya bawa anak 3 dan jarak saya pesan sama tujuannya itu deket ,sehari 5 kali cancel alasannya beda beda yang lagi makan lah lagi sholat lah gak bisa jalan lah harusnya pesen grab XL lah karna orangnya lebih ,jelas jelas anak kecil ,disitu aja tulisannya 3-4 orang apasi driver gajelas .. driver pilih pilih cust semoga kedepan kalian SUSAH DAPAT ORDERAN!!!!"
,Gak bisa daftar dan gak bisa kepake padahal no hp udah bener tapi gak ada kode ferifikasi aplikasi gak niyat
,"Saya pesan makanan tengah malam, makanan sudah disiapkan oleh resto, sudah bayar pakai ovo tapi driver tidak bisa dihubungi, resto mencoba menghubungi juga tidak bisa. Kemungkinan ketiduran atau ada kendala dijalan what ever"
,"Lol skrng grab, diskon dikit amat sekarang + harga lebih mahal kadang2 dari sebelah dan reward2 di platinum khususnya B aja"
,"Aplikasi super mempersulit , setiap mau di pakai selalu harus update and lola kali aplikasi nya"
,"Potongan ke driver nya jangan terlalu besar donk, kasihan driver nya, dari kita ongkos nya besar, nyampe ke driver jadi kecil, karena byk nya potongan2...."
,Adain gratis ongkir jangan cuma pake ovo doang dong. Mapnya tolong di upgrade lagi . Titiknya ga sesuai
,Sangat Mengecewakan dipesan diaplikasi promo grabike hemat eh giliran uda masuk berubah jadi normal penipuan secara halus.
,Fasilitas Grab Now sangat memudahkan disaat terburu-buru. option yg tidak dimiliki ojol lainnya..
,"Grab Jadi lama nunggu driver nya padahal dlu cepet banget driver nya datang, kenapa sering eror aplikasi buat driver nya jadi driver nya muter-muter.."
,"banyak upgrade, tp bikin lemod, jelek nih👎 verifikasi ga jelas apaan. Suruh selfie tp ga jalan sama sekali, basi"
,Agak sulit memasukkan data. Tidak seperti awal aplikasi model dulu mudah
,"Usul saya bila ada pengemudi yg datangnya telat lebih dari 15 menit dan tidak bisa dihubungi dan tidak mau membatalkan perjalanan harus diberikan teguran dan sanksi yg tegas seperti denda yang besar, karna hal ini sangat merugikan saya sebagai pengguna layanan grab."
,ya saya harap grab bisa membantu mobilitas masyarakat Indonesia dan berikan juga diskon gede supaya bisa menarik user lebih banyak lagi
,"Drivernya ngaret banget yampun. Gk gerak, tp gk mau ngebatalin. Alhasil udah nunggu lama tp gk dtng² dan akhirnya nyari lg.."
,"Masukan sy: tolong aplikasi grab di lengkapi fitur sharelock, kadang Gps suka ngasih jalan muter2 dan kadang suka gak ngepas 🙏"
,gimana sih ini grab . bbrpa minggu gk pernh buka giliran.mau.buka kok suruh verifikasi ke email yg gk pernah aku masukin.lgi anehhh deh.lm lm ..kan saya daftarnya pki nomer telp bukan emaill
,Moho diperbaiki sudah nunggu set. Jam belum dtg juga drivernya gitu mau ganti error terus
,"Aplikasi korupsi... Masa mengisi saldo ada biaya admin ( oke wajar ), lahh menerima saldo pun ada biaya admin???... Dasar koruptor kalian... Mengisi 100k, terus + biaya admin, Lahh yang diterima pun jadi berkurang 99k... AMPAS"
,"Susah banget menentukan titik maps ketempat tujuan dibuka maps nya malah gmuncul nama""titik lokasi kyk dimaps"
,"Ni grab kok nggak bisa nyari driver yaa, dah 2 hari ini nggak bisa di pake apknya."
,Klo udh di suspend gak bisa pake aplikasi nya lg ya..?? padahal yg minta cancel driver nya..
,nyaman perjalanan tepat waktu dalam penjemputan dan dalam antarannya terkejar jadi sesuai dengan harapannya
,untuk pengaturan map di grab di perbaiki. krna gk bsa singkron dg map yg ada di google
,"Halo admin, grab yang tercinta, tolong pertimbangkan buat Adain split payment donggg, bisa pake ovo kalo kurang bisa ditambah cash jugaa plis kek apk sebelah. dan semoga bermurah hati bisa nambah promo promo, terimakasih, i purple u apk ijo 😔👍🏽"
,sudah ketikan sedetil mungkin di keterangan tambahan titik jemput supaya memudahkam driver tidak bisa baca akhirnya tetep balas chat. telp2 waste of time
,"sangat cepat bisa di andalkan, saking cepatnya baru pesan tiba2 dateng aja"
,"Gausah kerja sama LinkAja klo ga bisa dipake mah, peruma. Pake promo sama ga pake juga tetep ga bisa."
,sangat membantu perjalanan jadi sangat mudah di jangkau dengan estimasi waktu dan biaya yang ekonomis
,untuk kesekian nya saya pesan melalui grab semua oke gak ada masalah sukses selalu
,"Aduh Grab payah lokasi grabfoodnya selalu nggak akurat, suka balik ke alamat lama."
,"Sering minta update, stiap hujan/tengah malam selalu susah dapat driver, driver penumpang & driver food sama aja, gak kayak si ijo sebelah yg sat set, Nyesel bgt download aplikasi grab"
,"Susah dapat driver..begitu dapat, tiba2 driver banyak yg cancel tanpa pemberitahuan apapun"
,Sangat tidak memuaskan tidak ada pemberitahuan kalau toko sedang tutup dan tidak bisa dibatalkan pada akhirnya bayar dobel
,"grab is the best pokoknya, mobilnya nyaman, pengemudi jg tahu jalan."
,"ini kenapa gak bisa login, udah dri lama gak pernah bisa diloginin ktanya bermasalah"
,Tolong bantuanya saya berada di malaysia menggunakan gran ini kenapa di aplikasi grab grabcar nya tidak ada..? Sedangkan di indonesia ada grabbike dan grabcar nya.
,"Nggak bisa dipakek mesen makan. Pembayaran tunai ditolak. Nggak bisa daftar ovo. Bukan bikin mudah, malah tambah sulit"
,membantu dalam perjalanan pulang yang hingga larut malam masih melayani sarana transportasi yang aman . terima kasih
,"Aplikasi sering bug, buat liat makanan malah muncul layar putih"
,"bagi saudara atau kerabat yg membutuhkan transfortasi grab aja pilihan yg sangat dianjurkan/ baik, drivernya ramah service nya memuaskan"
,"dengan jarak dan pelayanan'nya..,, tarif tersebut sangatlah kurang buat mensejahterakan Mitra GRAB."
,"makasih banget,,aplikasi ini sangat membantu sekali buat saya,,bepergian jadi gak khawatir meski gak punya mobil sendiri..🙏🙏"
,Pas buka aplikasi mau pesen aplikasinya keluar2 terus. Jadi susah mau pesen driver
,masih agak susah mau kasih titik di peta dibanding sama aplikasi sebelah
,sangat memudahkan dengan adanya aplikasi grab ini.. dimana saja kapan saja selalu bjsa ngapain aja 🥰🥰 Love banget dehhhh..
,aplikasi bagus dan sangat membantu. catatan : gw kurangin bintangnya ngaco biaya lain lainnya banyak bat asu
,"Pengemudinya lama jadi terlalu lama juga nunggunya kurang nyaman tolong agak di cepatkan jika lagi buru""lgi butuh gmna kalo lama kya gini"
,Payah untuk grabfoodnya. Order makanan tapi cuma bisa di proses pertama proses berikutnya keluar notifikasi pengemudi sibuk. Makin kesini makin kacau aplikasi ini.
,the best grab pelayanan driver nya ramah dan promo selalu ditingkatkan. saya selalu pilih grab klo naik
,"Uograde kok semakin mencari alamat susahe pol, mana pilih peta ga kliatan denahnya, masak haruz dizoom dulu sambil ngurutin jalannya, yo kelamaan... payah"
,membantu banget buat bepergian dengan jarak yang jauh driver nya ramah dan nyaman
,"sebenarnya aplikasi ini memang sangat membantu, tpi keknya hrs ada fitur kritik buat pengemudi yg cancel pesanan deh wkwk"
,"Sistem grab sekarang jelek banget, driver doubel orderan terus jadi anter pesanan lama dan makanan udah dingin. Tolong cari driver yang ga ada orderan. Ini ga. Nunggu 1.5 jam driver belum nganter ke orderan sebelumbya dan belum sampe di resto."
,"Banyak discount, layanan cepat di akses dan mudah proses nya .. cakep"
,"UI nya sangat bagus, keren intinyamah, layanan adminnya juga incredible"
,"bagus,dan ttp bisa dpt diskon dlm pembayaran cash ,sy suka bgt,cocok utk yg suka byr cash"
,luar biasa gak lama nunggu jemputan nya dan pastinya murah meriah
,penjemputan tepat waktu dan cara mengemudi kendaraannya bagus serta driver nya sopan
,"pesan grab nya ga pake lama , pesan langsung ada , mantab"
,Sangat membantu buat yg mager. Promonya juga banyak. Maju terus grab
,"Update bukan nya makin bagus malah parah, pesen food salah menu mau ganti malah gabisa"
,mangkok pangsit nya jadi wadah mie. unik bisa dimakan mangkoknya.rasa juga enak mantap
,pertahankan msh ada pelayanan Grab motor dengan jarak jauh yg msh terjangkau.. terimakasih
,"Sehabis update yg paling terbaru tampilan cuman layar putih saat membuka resto, hp oppo Reno 5"
,"Ternyata Grab banyak buruk nya, menggunakan aplikasi Maps saja tidak akurat, mau panggil Driver aja harus verifikasi dulu, ribet amat ini aplikasi"
,"Ini developernya gimna sih, sinyall baguss kondisi hp ga rusak buka apk loading buat beli 1 barang doang lamaaaa!!!"
,Kak kenapa ya kok saya susah dapat driver padahal saya sudah pesan dari jam 8 tapi masih mencari driver
,"sangat membantu kalo lgi keluar kota, mau pesan makan atau nitip pesan barang dan lagi malas keluar🤭"
,Gak bisa cancel padahal Driver gak ambil udah nunggu 1jam gak diambil malah gak bisa di cancel dari aplikasi
,kenapa sih verifikasi ribet bener coba di simpelkan saja biar lebih mudah apalagi saat verifikasi wajah itu ngulang ngulang terus
,"titik map berantakan, aplikasinya lemot di upgrade malah jd jelek"
,Parah banget susah dapat pengemudi..pesan makan nyari pengemudi bisa 20an menit padahal tinggal di pusat kota...pesan grabcar dan motor pun susah
,"Baru pakai Grab sih, sejauh ini tdk ada mslh dan harganyapun lebih murah dari sebelah... Mudah mudahan pelayanannya lebih baik lagi..."
,walaupun suka salah titik tapi harganya terbaik buat kaum miskin kayak saya 👍 kedepannya tolong jangkauanya sampai keplosok kampung juga biar enggak kaget kalo balik merantau biasa pake grab dikampung g ada grab kan g lucu 🥲
,"Halo grab, kenapa ya, setelah di update terbaru jadi sering ngadat?"
,"Ga bisa log in atau daftar ini kode wa ny ga masuk"" katanya ada yg salah terus dri bulan"" kemarin g paham lgi:("
,"Grabfood nya kok bisa ya, 1driver ambil orderan banyak customer Makanan/minuman yg di anter jadi dingin/cair sampai rumah Jadi lama sampai nya, ini di anternya sesuai orderan pertama atau lokasi mana paling deker dr resto ya. Dan ini berlaku di seluruh daerah atau hanya driver2 nya aja yg sengaja numpuk orderan"
,"Saya sangat kecewa ketika menggunakan layanan tanpa driver.. Restoran tutup, makanan gk dapet, ovo saya hilang.. Gk ad tombol hub restoran.. Gk ad tombol pembatalan dan gk ada tombon bantuan untuk masalah ini.. Tombol bantuan menampilan masalah yg lain saja.. Gmna cara balikin ovo saya?"
,"Untuk grabfood sangat mengecewakan.,ongkirnya mahal,ditambah ada biaya pemesanan."
,Plis jikalau sudah update jgn sesuka hati merubah lokasi jadinya kurir yg susah kalo emg ganiat mempermudah hidup delete aja nih apk dari playstore nambah2 dosa aja developer nya
,"dulu saya daftar grab lewat no.hp dan email.. sekarang email q hilang di hack, trus kok masih disuruh masukan email.. padahal sudah masukan no.hp"
,keren dan bagus untuk di pakai setiap kebutuhan yang saya pesan atau juga dalam perjalanan yang baik
,Yang buat aplikasi sehat ngga? Mau aktifin ke ovo gabisa udah di coba berapa kali masih ada terjadi kesalahan
,lebih cepat proses pengantaran ya.. dan ongkirnya lumayan terjangkau
,"bagus, tp makin kesini makin mahal & promonya buat grabbike gaada"
,"driver tidak menjemput penumpang, padahal sudah pick up dengan alasan sudah kedinginan dan tidak bisa di cencel"
,.bener2 di denpasar gak ada dirver.. nunggu 1jam baru ketemu driver..😫 apa lagi kalo DO udah di cansel tp di aplikasi tetap cari driver terus..
,"Makan tempat banget tolong! Ukuran aplikasinya super besar, baru install blm ada seminggu udah ngabisin ukuran 1GB aja. Emang ini hape isinya app itu doang apa?"
,"Sangat memuaskan, cepat, tepat dan hemat. Bravo Grab Indonesia..."
,"Di aplikasi udh bayar biaya parkir,tapi driver tetap minta,sebaiknya biaya parkir yang di aplikasi di hapus aja"
,Alhamdulillah ada aplikasi grapcar hemat jadi lebih hemat dan nyaman
,"Tolong lebih di perbaiki lagi,...sinyal full tapi buka grabfod sering ga bisa"
,"Ini kenapa bos akun saya sudah lama gk di pakai/instal giliran sekarang di instal mw login kok akunnya di beku kan,salah apa coba."
,sangat memuaskan di samping biayanya sangat terjangkau dan murah ramah di kantong
,Bintang 2 ajalah. Krna sekrang grab untk ongkir trlalu mahal jd untk hrga aja trkdang lbh mahal ongkir nya dr pada yang di pesannnn🤨🤨
,"Kenapa sudah di update nggk bisa dipkai aplikasi grabnya ,mw pesan makanan ditolak terus ,,"
,bagus membantu sekali cuma banyak sopirr yg bilang terlalu sedikit ngambil keuntung katanya pengen di kurangi 10% dari apl nya tl
,"Hejj Grab, tolong itu kalo dihubungi terkait pembatalan pick up makanan restoran atau tempat makan yang ternyata tutup diangkat telponnya biar pengemudi sama customer enggak bingung dan masalahnya bisa cepat teratasi. Restoran atau tempat makan di grab juga kalo memang ada yg tutup jangan ga ada tanda tutup disitu. Hadehh pusing orang dibuatt, mana dihubungi dimatiin berapa kalii....pulsa sy kepotong 🙂."
,"good 🙏👍👍👍👍 Sangat banyak² berterima kasih kepada pihak grab,karena sangat membantu dan meringankan semua solusi selera 🙏😁"
,"tidak di rekomendasikan tuk mencoba fitur lain selain ojek motor, mobil & layanan makanan. pelayanan cs yg amat buruk. menunggu.. menunggu.. lalu di End Chat begitu saja. gila sih."
,"Suka banget, andalan buat pesan makanan. Banyak promo juga. Terima kasih"
,"Setiap saya pesan selalu tidak ada pemngemudi berkali"" udh coba ttp ga bisa"
,terima kasih grab sudah membantu dan mengantarkan pasien dengan ramah dan sabar
,min tolong dong maps nya bnerin. udh saya kasih sesuai titik eh mlah nympek nya nggk sesuai di titik. nympe di gang sblah. untung kurir nya mau jln kaki tdi..
,"Mau aktifasi ovo aja susah bner, kaga work*. Aktifkan udh dan biasa, tapi begitu lagi disuruh aktifkan terus.. Ini BUG atau emg gabisa sih"
,Lemott nih apk grab nambah kesini nambah ga jelas. bilang ga ada sinyal WA sya jalan terus.. hadeuuhh
,"Sebenarnya apkikasinya bagus ,,banyak promo menipu ngak bisa di pake,,baru masukan 2 kali udah di tanguhkan,,ngak kaya gojek"
,sangat membantu cm masih sedikit drivernya yg mau klo jam2 sibuk..
,tolong turunin harga nya dong atau sering kasih promo untuk grebbek karena saya selalu pakai grebbek untuk pulang atau pergi kerja
,"Mohon maaf, kok titik mapsnya jadi tidak bisa akurat? Dulu bisa, tapi sekarang waktu dipasin titiknya geser2. Udah search nama lokasi juga tiba2 tidak ada. Mohon diperbaiki, banyak customer kecewa dan tidak enak dengan driver karena mencari alamat tidak sesuai."
,"Banyak titik alamat yang hilang, tidak mempermudah, tapi makin mempersulit... Pindah gojek aja.."
,"lumayan lah pas lagi butuh tapi grab nya pengenya ma yg agak cepat ,jngn lambat lambat hehehe"
,Saya sudah sampai member platinum tapi setiap pesan grab selalu dapat driver yang jauh. Sekitar 3-5 km. Belum lagi masalah point yang didapatkan semakin sedikit dan semakin mahal. Katanya member platinum itu prioritas. Nyatanya yg saya dapatkan malah sebaliknya. Nunggu terlalu lama. Dapat driver terlalu jauh. Point sangat sedikit
,Mau langganan ongkir unlimited gak bisa mulu. Mau aktifin ovo juga fail mulu. Ongkirnya juga sekarang mahal banget
,"disaat cuaca hujan semua orderan lwt grab tdk ada yg bisa di follow up oleh grab, orderan tertunda semua, sampai menunggu 2jam, sangat mengecewakan customer"
,"Portal billing Grab Corporate suka tidak muncul saat mau order, untuk perangkat android, TOLONG FIX Bug ini"
,perjalanan yg cukup memuaskan krn drivernya menguasai jalan dan tau mengambil keputusan jika terjadi macet
,"grab memang terbaik, cepat sampainya dan aman dalam perjalanannya"
,"Aplikasinya ok, kl ada komplain lsg ditanggapi dengan cepat, terima kasih grab"
,Baru berapa detik setelah melakukan pemesanan makanan gak bisa dibatalkan maupun mengganti menu yang diinginkan
,"Tolong maps buat GrabFood nya di benerin, masa ga ada alamat saya malah di tunjukin ke rumah orang lain. Udah di ketik tetep ga ada pilihan nya."
,"dibanyakin promo yg mudah di aplikasikan, jangan promo bersyarat"
,Tolong dong di perbaiki kok lemot amat setiap mau order titiknya di paskan pasti melesat jauh ini gimana sih
,"sangat mantap dan enak sekali, bisa jadi langganan nih, skss sll ya KK buat restonya♥️♥️♥️"
,Aplikasi kaga jelas...pengen masuk kaga bisa padahal pas masuk pertama kali menggunakan nomer hp yang sama... mendingan pakai aplikasi gojek kaga ribet
,"terima kasih, ditempat yg susah sinyal dan Medan yg sepi , tetap terlayani dengan baik"
,Grab.. sekarang mahal. Food ada tambahan biaya pesanan. Pindah ajalah cari yang murah
,"penjemputan cepat, tdk terlalu lama menunggu, driver nya baik, ramah"
,"Mapnya sekarang suka loncat2 gak jelas , tolong di perbaiki lagi sistemnya"
,Ini ngapa sih klik warung kok ga keluar ngeblank terus. Kagak jelas!!!!
,Saya sudah bertahun2 pakai grab Pernah kondisi hujan jm9 malam bawa istri dan bayi. Pesen grabcar tidak mau jemput dgn bnyk alasan akirnya pembatalan. Pesen sampe 3x yg didapat driver yg sama. Akirnya pesen grabike pertama driver g bs dihubungi dan terus menjauh. Kedua driver tdk jalan ketiga baru dapet dan saya harus pesan 2motor karena q untuk istri saya. Sungguh mengecewakan. Kejadian di kota tegal. Bukan di plosok desa. Tapi dikota. Saya kecewa anak istri saya telantar di tengah hujan 1jam
,Apa ini tiba-tiba akun grab saya gabisa masuk (gagal saat otp) padahal nomer udah sesuai
,Kenapa saya ga bisa pergi ke mana mana? Semua jalan di blokir apa apk grab ini cuma di peruntukkan untuk daerah kota saja? Makanan juga di tutup trus apa fungsinya? Kecewa
,resto tutup apk jalan cutomer gag bisa cancel abang ojek juga tkut kehilangn bintang. kalau pun di cancel pasti timbul reaksi beruntun nyusahin aja lo...
,"Oke saja, tp untuk tarif masih lbh mahal dari kompetitornya. Selisihnya lumayan."
,"Login aja susah, harus pake 2 nomor. Kalo nomor yg buat login ilang. Gak bisa login lagi"
,"so far sangat membantu banget,aplikasinya juga stabil."
,"Sejauh ini bagus bagus aja, gak ada kendala, perbanyak voucher, dan promo ya grab"
,"Susah bngett login nya, dan pling gak akurat milih lokasi padahal udah di setel lokasinya tetap ajah"
,"mau order grab car jarak 2,7km tapi gabisa keterangannya terlalu jauh🥲"
,"Grab kenapa mapsnya ribet, banyak titik yg ga ada, padahal diaplikasi sebelah ada.malesin"
,sangat memuaskan dan membantu sekali di saat darurat butuh jemputan n butuh makan terimakasih grab
,App Grabnya pada peta gada titik hijaunya jadi kalau nentuin lokasi yang mau dicari susah dan jadinya mempersulit
,"aplikasi ga jelas , tibatiba gaaada konfirmasi perpanjang paket tiba2 saldo ovo kepotong sendiri. Nyesel pake aplikasi ini"
,"trimksih atas jsa transportasinya,,,saat mndaftr pesan jngn trllu ribet,,,lbih mudah lg,,td kndla d foto smpt lma krn podosi hrs pas,,,sdng yg d fto kn orang tua jd untk kdepnya lbih mudah lg"
,Aplikasi yg sangat membantu Mobilitas dan keperluan sehari hari
,Grab bike hemat nya nggk hemat sama sekali harganya sama aja kek grab bike biasa Driver nya lama nggk langsung jalan
,App error tidak ada pembenahan sama sekali. Tidak bisa di andalkan
,"Ribet bgt, kalo mau cari grab minta kode. Ubah lagi ke yang dulu, masa penumpang yang nyar."
,lebih mempermudah dalam setiap perjalanan dimana pun
,"Tidak bisa daftar karena alasannya ""akun anda ditangguhkan"" Maksudnya apa coba, belum juga bikin akun"
,Bukan nya mempermudah malah mempersulit. Mau daftar baru saya susah ribetnya minta ampun
,"Aplikasinya membingungkan orang, masak mau pesen motor ato mobil di menu aplikasi gak ada"
,"Grabfoodnya sudah mengisikan alamat dengan lengkap beserta nomor rumah, tapi tetap harus mengisikan nomor, dan akhirnya tidak bisa karna berkendala di nomor rumah"
,Mantaapp skr grab ongkos lbh murah ga sprt dl mdh²an ga akan naik lg dan sllu memberikan kenyamanan untuk para pengguna grab
,Ya sampai sejarang bagus rapi menyenangkan Moga yang akan datang bisa dipertahankan dan ditingkatkan
,"Sudah sering terjadi dan sangat tergangu, mesan makanan sudah tekan tambah malah tidak tertambah ke pembelajaan."
,"Saya lupa password, email reset sudah masuk, tp kenapa waktu di klik selalu page expired?"
,"saya selalu bangga dengan aplikasi ini... sangat mengutamakan mitranya,baik mitra pelanggan ataupun mitra pengemudi top pokoknya,,,saya selalu antar maupun jemput anak saya apabila istri saya tidak ada waktu... aplikasi ini yang no 1 saya pakai 👍🏻😘😘😘"
,Grab tolonglah kalaw ada toko/reato yg tutup jangan di open di aplikasinya. Kasian driver sama pelanggannya. Semua itu waktu loooh
,"jangkauannya lebih di perluas LG dong,kadang masih suka lama nyari driver terdekat"
,tingkat kan lg untuk pencarian alamat. soalnya sy susah betul untuk nentuin titik alamat rumah.
,"Promo banyak, harga murah dan cepat"
,"bintang 2 aja dulu,, sebenarnya grab itu lebih murah dari ojol yg satu lagi,, tp titiknya sulit dimengerti,, dan ga semua lokasi masuk map... klo ojol yg satu titik lokasi udh ada dimana2 tp ya itu harga agak mahal dikit, kan lumayan buat kita2 😁😁😁 , nanti klo ada perbaikan saya tambahkan lagi bintang nya"
,"Aplikasi nya bagus, tapi promonya ngak bisa ditukar alasannya sudah habis digunakan padahal masih satu kali digunakan, ngak sesuai harapan. Terus no plat kendaraan sama pengemudinya bisa beda beda."
,Mohon dengan sangat. Ditertibkan jenis motornya untuk sama dengan yang tercantum. Saya kesal kalau awalnya matic harus dapat model (maaf) motor laki terutama yg miring sangat sadel nya spt satriya. Tidak nyaman. Mau cancel kasihan driver kalau nggak di cancel saya sendiri yang nggak nyaman.
,membantu saat lg males keluar atau pas gk ada motor dirumah
,Lokasinya sangat susah
,nyaman dan ramah
,"Banyak errornya sekarang, jadi ga nyaman kalo pesan grab food"
,suka sih dengan promo2 nya.. tapi lebih bagus lagi kalo grab food ada penilaian dari pelanggan tentang makanan nya.. jadi pelanggan tau tempat yang rekomended.. kayak model di Shopee atau online shop gtu lah.. jadi bisa di buat masukan untuk penjual makanan juga..
,"bagus sopir sopan dan perjalanan kami lancar, terimakasih"
,"Kpd pengembang aplikasi, tolong diperhatikan pd tampilan menu makanannya.. Akan lebih baik lagi bila setiap menu makanan ada gambarnya, jadi org yg mau milih menunya bisa tau klo menu yg dipesannya seperti apa... Segera diupdate ya..."
,"Upgrade terbaru akan membuat aplikasi ini lebih rewel dari sebelumnya antara lain: titik map jatuh sembarangan, promo semakin rendah, dan penembakan signal driver bukan yg terdekat. Selamat mencoba..."
,terimakasih developer... aplikasi sangat berguna...cuma sayang membutuhkan memory dan prosesor tinggi... lebih baik kalau di sederhanakan dengan fitur dan tampilan yg minimalis tapi fungsional...dan suport di hp low end... yang lebih menyedihkan developer tidak pernah merespon semua komen...
,terima kasih grab sangat membantu kapanpun kami membutuhkan
,sangattttt membantu.. terima kasih babang grab.. aplikasinya juga bagus.. good job semua.. 👍🙏🏻
,"Aplikasi grab yg baru pas order makanan kita nggak bisa lihat drivernya di map karna map nya nggak ada,kemudian driver bisa pick up dari 2 resto dan 2 customer yang berbeda, bikin pesanan saya jadi lama nyampe nya, kenapa nggak di selesaikan satu persatu dulu, grab makin lama makin buruk, anjing"
,"Aplikasi nya bagus dan snagat membantu saat pandemi, tapi terkadang susah dapat driver aplagi pas cuaca buruk. Kalau sekali, dua kali di coba terus nyari drivernya ga papa sih maklum. Tapi biasanya saya bisa nyoba sampai 5 kali tidak dapat-dapat. Mohon perbaikan mekanisme nya yaa.. semoga diterima masukannya. Makasi grab, makin jaya!"
,"Udah beberapa hari ini saya sebagai driver selalu berselisih paham dengan konsumen yang alamat kirimnya tidak sesuai dengan di aplikasi. Konsumen ngotot sudah benar. Karena penasaran, saya coba pake aplikasi konsumen saya, dan ternyata benar aplikasinya yang cacat, titik selalu geser, tulis alamat tidak muncul (padahal di Google Maps dan Gojek alamat tersebut ada). Tolong dong perbaiki. Baru semalem saya dapet orderan jarak antara titik kirim sebenarnya dengan yg di aplikasi selisih sampai 3KM!"
,baru pertama download dan pertama kali order ternyata lebih mudah dan cepat..trima kasih
,cepat dan tepat wkt
,promo nya engga ada yg bagus
,"Plis buat grab nggak usah ada double double order, banyak banget kerugian dari sistem double order. pertama waktu pengantaran terlalu lama dan barang yang diterima kurang atau tidak sesuai. Jadi diharapkan bisa fokus ke satu pesanan saja, agar kejadian tadi tidak terjadi lagi. Terimakasih"
,"kenapa sekarang grab ga bisa diatur titik di peta? lokasi yg setiap harinya ada, sekarang tidak ada. lalu ga bisa geser peta, hrs jalan ke lokasi yg bertitik (yg sdh ditandai oleh grab) masa harus nyebrang atau jalan jauh dl untuk naik grabdrive? titik penjemputan tidak bisa di gedung atau jalan yg sedang kita tinggali."
,"Aplikasi tidak bisa respon, katanya gara2 koneksi internet lambat, padahal aplikasi lain gak masalah. Tapi kuota internet terus kesedot padahal gak ada respon apa2 dr aplikasi grabnya. Di install ulang malah reward makanan pada gak bisa muncul. Padahal ada tulisan ""ada 73 reward makanan menunggu"" tapi sama sekali gak bisa dipakai. Tolong diperbaiki masalahnya dan jangan kelamaan soalnya tiap minggu saya selalu pesan makanan lewat aplikasi grab dan menggunakan reward makanan. Terima kasih."
,"Diminta verifikasi wajah tp ga bs,emosi bgt rasanya.waktu habis sia2 gara2 cm mau verifikasi wajah😤😤😤😤"
,makin bagus untuk pelayanan tetapi sangat disayangkan sekarang jadi ada iklan
,"Drivernya baik dan ramah, mengemudi dengan tenang dan nyaman."
,Aplikasi grab lama sekali terbuka bisa sampai 5 menit baru terbuka. Sulit sekali jika sangat butuh saat itu atau dalam keadaan darurat tidak dapat menolong penumpang hanya karna aplikasi lama terbuka. Mohon aplikasinx diperbaiki
,"Aplikasi yang sangat bagus, memudahkan kita dalam banyak hal, untuk perjalanan, pesan makanan dll. Menurut aku grabfood ini worth it banget di tengah pandemi untuk mengurangi kerumunan. Saran saya sih, banyakin promo aja yaa biar tambah sering pake aplikasinya :)"
,"Bintang 2 dulu ya, saran nih. Kalau misalnya ada menu makanan yang tiba-tiba gak ada sehingga nilai pesanan kurang dari promo, promonya jangan batal dong :D. Kan jadi lebih mahal, dapatnya lebih sedikit, pihak resto gak tanggung jawab, grab-nya juga gak kooperatif buat memuaskan pelanggan. Sekian, terima kasih."
,terima kasih sudah dianterin dengan selamat dan sampai tujuan Abang ojol
,sesuai intruksi dan datang lebih cepat dr waktu estimasi
,"Saya sudh sering pakai grab baik mobil atau food tapi astaga pesen makan harus nunggu 1 jam pdhal status sudh dianter driver beritahu dpet 2 orderan tpi ga mikirin yg pesen duluan siapa dan makanan yg dibeli apa keburu dingin atau ga layak makan lgi 😡sabar klo bisa batal mending batal uang kembali masalahnya ga bisa batal, ga mikir pke otak apa ya pesanan saya bisa cair ga enak dimakan lgi, kapok kayaknya beli pke grab lgi 👎merugikan saja ga boleh batal tpi hrus menerima keadaan! makan"
,"perjalanan menyenangkan ngobrolnya seru, mengemudinya aman dan nyaman"
,"Saya sangat kecewa akhir akhir ini pada jasa layanan grab, dr layanan grabfood yg sering bermasalah karna kode promo yang tidak bisa di gunakan, dengan server ""voucher sudah di gunakan"" sekarang ngawurnya adalah batas pemakaian yg dr jam 8pagi sampai 12malam. Tp ketika saya pakai di jam 8malam selalu tidak bisa. Saya mohon untuk bisa di perbaiki lagi sistem yang ada. Terimakasih"
,"Udah order, udah bayar via ovo, driver udah pesenin...eeee tau2 ""Maaf, pesanannya kosong/abis, mau ganti menu apa?"" atau ""Maaf restonya tutup/udah ngga jualan"" atau ""Maaf harga naik tanpa pemberitahuan update di daftar harga/menu grab"", dll, jadi bingung deh...mau back to daftar menu ngga bisa, ya mana kita apal menunya apa aja....belum lagi nyesuaikan harganya...alhasil biasanya jadi pilih menu random asal2an...🙄"
,Seneng pakai grab karena pelayannannya sangat profesional dan aman.
,"Tolong dong ini kenapa, tiap mau buka store layar putih, semua, begitu mulu,,"
,"pesanan direspon cepat,masakan nya mantab.."
,"Gak jelas ni aplikasi,tolong di benerin dong. Masa ada orderan grabfood ga ada bunyi notivikasi & pesanan juga gak langsung tampil semua awal di bula, keluar aplikasi dulu,terus masuk ke aplikasi lagi,baru muncul seluruh pesanan nya,hedeeeh"
,"hilngkan biaya pesanan dulu gak ada biaya pesanan, pajak resto juga dihilangkan"
,Tiap grabfood lama bgt prosesnya karna driver double ordern.. mending 1 driver 1 orderan aja.. kasian drivernya jdnya...
,"1. Secara program aplikasi baik, mudah digunakan, sesuai kebutuhan. 2. Kondisi di lapangan, pengemudi utk layanan transportasi baik, ramah & mengerti kebutuhan pelanggan. 3. Mengecewakan utk layanan pesan antar makanan (GrabFood). Hanya 50% yg baik krn cenderung tdk mau berkomunikasi perubahan harga, driver cenderung menolak kl pesanan menggunakan kode promo. Bahkan ekstrimnya ada yg sampai2 mengutak-atik harga pesanan (dg dalih dari restoran) sehingga kode promo pelanggan tdk berlaku lg."
,buka aplikasi yg ke 3...tarifnya beda...naik terus...pdhl tujuan sama..
,Sebenarnya dari awal bagus banget sih kecewa grab tak tau titik lokasi penjemputan 🤨😥
,driver grab jarang mau antar jemput ke tempat tujuan yang agak kurang pengguna aplikasi grab
,"Sebenernya kebantu bgt dgn adanya grab, tp kadang drivernya ga se smart HP nya.. Dan tolong budayakan membaca sampai akhir, ngetik panjang lebar di catatan pengemudi, tp msh chat nanya"".. Kadang juga itu catatan pengemudi ga muncul di apliksi drivernya, KENAPA ?? Tolong di perbaiki dalam hal catatan untuk pengemudi !! Buat apa ada catatan pengemudi, tp suka ga muncul di aplikasi drivernya 😑"
,"makin buruk.. gps sering error,, kasihan drivernya jemput gak sesuai.. mau pesanpun kadang susah karna harus setel titik lokasi lagi dan di tambah menu baru yang bikin ribet. aplikasinya lebih bagus dan canggih punya uber grab masih di bawahnya jelek.."
,"Aplikasi yg sangat luar biasa membantu kemanapun kita pergi. Saya rasa disini semua ulasan masalahnya dari ""grabfood"", untuk grab penumpang, grab barang, dll nya tidak masalah ataupun untuk promo dll nya, cuman kurang paham aja mereka cara mempergunakannya. Semakin majuu terus grab indonesia!! Thanks"
,"pelayanannya mantap,,,cepat dan lokasinya akurat"
,"Suka dgn layanannya, memudahkan segalanya. Lebih menghemat waktu klw mau ngerjain sesuatu tapi sedang dlm keadaan lapar. Langsung pesan aja terus kerjaannya bisa dilanjutin, tinggal tunggu mknannya dtg.. top lah app ny"
,"Saya sangat suka dengan ada nya aplikasi grab ini, semoga kedepan nya grab semakin banyak fitur2 terbaru,, dan untuk pengemudi yg masih muda terkadang suka genit dan membuat penumpang nya kurang merasakan kenyamanan semoga kedepan nya bisa lebih di perbaiki terimaksih, sukses selalu untuk grab😊"
,"Heran sama aplikasi ini. Performa semakin menurun. Setiap buka aplikasi selalu minta di update, tapi dilanjutkan update di playstore ngga bisa2.. padahal jaringan bagus. Dan coba update aplikasi lain di handphone saya masih bisa. Memang aplikasi grab nya yg bermasalah berarti. Saya jadi tdk bisa menggunakan aplikasi ini seperti biasanya."
,"Setiap hari memberi breafing mengenai keselamatan kerja , yg sesuai prosedur kerja, terutama untuk pekerja yg bekerja di ketinggian , yg seandainya tidak hati2 dlm melakukan pekerjaan akan fatal jadinya, oleh krn perlu safety officer untuk mengingatkan para pekerja di ketinggian harus memakai full body hernest, yg di cantolkan ke perancah bangunan ( Scaffolding) agar selamat, krn , sangatlah fatal seorang yg jatuh dr ketinggian."
,"sangat baik, sudah mengantarkan anak saya dengan selamat trimakasih pak,SMG bapak sehat sllu dan banyak rezekinya 🙏🙏🙏"
,sangat membantu dalam perjalanan
,Ini apasih? Disuruh update beberapa kali tapi gak bisa di update. Padahal memory cukup kuota cukup. Udah beberapa kali kayak gini. Lama2 jadi males pengen uninstal ajadah.. Padahal dulu langganan terus sm grab ini dibanding ojek sebelah.
,"maps tiba-tiba ilang. udah di uninstall trs coba install lagi tapi tetep aja ga muncul mapsnya. yang muncul malah terus-terusan ""Grab mengalami masalah dengan layanan Google Play. Coba lagi"" skrg tiap order grab food atau grab bike jadi ga tau driver udah sampe mana.. tolong dong ini gimana :(("
,"Terimakasih grab wkwk ada promo banyak jadi bisa hemat,makasih banget ya"
,"Tolong buat drever greb,saya pesan greb dari Jan 04:20 ke status pasar Senen,kreta keberangkatan jam 05:40,di aplikasi keterangan drever sampai di titik penjemputan harus,7 menit,saya tunggu sampai 04:45 ga muncul,di tlf draver ga di respon, kalau memang ga mau ambil pesanan di kabarin, bukanya di cuekin,gara2 nunggu draver ga jelas,saya ketinggalan kereta"
,"aneh dah applikasinya, saya pengguna lama. tetapi dr kmren kga bisa buka or login.. saya kira harus di update aplikasinya. tp setelah di up date tetep sama ajah heu. tolong di perbaiki dunk applikasinya.. saya chat lewat FB sama ajah tidak ada yg pilihannya. mengenai masalah APPLIKASI yg tdk bisa di buka or login.. ternyata kudu di unistal baru bisa terbuka nd pergunakan."
,"Ux nya malah gak bagus setelah diupdate. Kalau yg lama to the point ke pesan grab. Fitur berita, game, quiz gak penting sama sekali Mending ada fitur untuk menyembunyikan menu. Bjar gak.penuh"
,"Aplikasi ini membantu banget. Untuk pergi ketujuan lebih mudah, pemesanan makanan yg gak ribet disaat lapar, tempat beli pulsa listrik dan kuota. Pelayanan driver yg ramah. Tingkatkan terus dan banyakin promo.. Hehej"
,"pelayanan bagus,,,, cepet,,,, tampa hambatan kerenn"
,"sangat membantu dgn jasa yg diberikan.. namun dlm situasi tertentu kadang msh ada driver yg enggan utk mengantarkan pelanggan ke tempat tujuan... alasan macet atau jalan bnyk yg ditutup shingga hrs ditempuh dgn berputar2... namun secara kseluruhan, sangat bnyk membantu dlm layanan transportasi umum. sukses selalu seluruh keluarga besar grab! dan mohon diperhatikan jaminan kesehatan dan kecelakaan para drivernya. trims"
,"tidak menarik seperti dulu, makin mahal dan pelit promo"
,"Ini kenapa gabisa pesan ya? Saya pencet tombol pesan gabisa, stuck disitu terus. Saya kira hp saya yg error smpe uninstall aplikasi grab nya, eh taunya ternyata error dari aplikasi nya 😑 padahal baru belum lama update tapi kenapa malah error begini? Tolong ya kak segera diperbaiki, kalo terus seperti ini pelanggan bisa kabur loh"
,"Bagus, sebagai pengguna grabmart saya kesulitan dengan struk yg tidak bisa di print, kadang 1 orderan ada 30 item lebih, ribet sekali menyiapkan itemnya harus scroll down/up. Kalau bisa print kan enak, tinggal dicentang mana yg sudah di siapkan mana yg belum, mempercepat waktu tunggu driver juga mengurangi resiko item yg tidak masuk kantong."
,"Driver ramah, sangat membantu informasi yg kita tanyakan"
,"tolong dong lebih di tingkatkan lgi aplikasinya.. masa masalah sabungan trs sih kalo mau masuk grab nya, pdahal paketan aktif trs, di coba pake wifi juga gabisa.. tolong di perbaiki lagi.. trims."
,"Secara garis besar sih bagus, masalah costumer atau driver itu kembali ke individu masing-masing. Cuma kalo bisa tambahkan gambar produknya pada grab food jadi setidaknya customer bisa tau wujud makanan yang dibelinya tanpa jauh dari ekspetasi."
,Untuk mobil yang bayar tarifnya pake promo suka pada nolak
,"Saya turunkan bintangnya, karena mulai jelek aplikasinya dalam hal boating dan cek map walaupun di instal ulang juga tetetp sama. Padahal awalnya bagus banget ini aplikasi, tolong dong admin perbaiki bugs nya. Saya dan dan uninstal dan instal lagi tapi tetep bermasalah. What wrong.....😭"
,Kadang aneh padahal sering make aplikasi ini tapi harus di install terus
,Alhamdulillah.... sangat membantu di setiap urusan cepat.mantaaap
,"Sejak Aplikasi favourit sejenis ditutup, sy lebih sering pakai GRAB dibanding ""Satu""nya, karena GRAB (lebih) Tidak Pelit Promo, namun yg mengurangi nilai adalah Tarif yg Bisa Berubah Sewaktu² dan Driver yg Datangnya lama, krn Posisi Jauh tapi bisa terima Orderan, pdhl ada Driver yg Lebih Dekat lg Kosong, aneh juga Aplikasi ini."
,"Selama memakai aplikasi ini, jauh lebih memudahkan saya utk menemukan kendaraan, memesan makanan dengan mudah tanpa membuangbuang waktu. Jauh lebih hemat waktu dan hemat uang juga. Semoga fasilitas dan pelayanannya bisa lebih bagus lagi."
,"mantap, banyak promo atau voucher"
,"Bagus sih, tapi ada kurang nya ni, karena terhubung ke akun ovo nya, jadi begitu di pesan langsung terpotong uang kita, tapi ada oknum Driver yg mengatakan bayar tunai, seperti saya kemarin eh ternya uang saya di ovo terpotong,jadi dua kali bayar deh, kalo bisa di perbaiki sebelum di potong harus ada persetujuan dulu di akun grab kita atau ovo gitu"
,"Saya mau update selalu gagal, padahal sudah 100% tapi ngulang lagi dan lagi, padahal penyimpanan masih banyak eksternal maupun internal sudah saya cek, ruang penyimpanan sangat cukup, tetapi kenapa selalu gagal update grab?? Padahal saya coba update applikasi lain selain grab bisa. Tolong diperbaiki"
,sangat bisa mengatasi masalah transportasi sehari hari dan sangat terjangkau tarifnya
,"Ini grab mapnya yang ngaco atau drivernya yang gatau cara pake map. Yang jelas, saya kesel, yang tadinya saya nunggu drivernya cuma 6 menit, jadi 20 menit. Alhasil nyampe ke tujuan lama. Dan saya jadi telat. Untuk mapnya tolong diperbaiki. Terimasih."
,"Sejauh ini saya pakai aplikasi sangat membantu dikala sedang lapar (GrabFood), kirim barang (GrabExpress) dan konsultasi kesehatan (Gooddoctor). Saran ditingkatkan lagi untuk tampilan pada GrabFood di daftar resto yg muncul ada tampilan peta seperti di google Maps pada bagian atasnya dengan pin-pin dan list daftar resto dibagian bawahnya sehingga kita bisa melihat dan mengetahui posisi titik resto yg ada dengan titik pengantaran."
,"Tolong dong ,untuk grabfood di buatkan penilaian makanan dengan komentar dan foto makanan ,klo cuma kasih bintang kita jadi ragu mau membeli makanan karna tidak tau dari pendapat orang-orang yang sudah pernah memesanya. Please ,tambahkam fitur ini"
,"Saya senang berpergian pakai grab, tp fitur yg harus ditambah adalah penumpang bisa memilih antara tarif yg sudah termasuk tol dan parkir atau belum termasuk jadi kami penumpang lebih nyaman dalam hal pembayaran, terutama kami penumpang yg harus mmbuat laporan pengeluaran keuangan. Tks."
,"Plis dong diperbaiki lagi app nya. Sebelum update. Lokasi sesuai dengan yang kita pin. Setelah update. Ambyar banget! Lokasi geser terus... Biasanya hampir setiap hari grabfood. Sekarang males banget gara2 titik selalu geser dan gak sesuai! Males banget dikomplain sama driver gara2 titik g sesuai, jutek banget. Driver gak mau Anter ke rumah. Cuman mau sampe titik sesuai aplikasi. Padahal sudah Dichat hanya beda 4 rumah dari titik lokasi."
,Mau cari makanan banyak yg ga kebuka.. apps nya payah padahal signal bagus
,sangat membantu ketika butuh fasilitas kendaraan umum
,"Grab Sekarang Lebih Mahal , Promo Juga Jarang. Tidak Seperti Dulu Yang Tarifnya Murah & Sering Beri User Promo. Kalau Begini Terus User Juga Banyak Yang Pindah Ke Lainnya. Terima Kasih"
,"Saya pelanggan Grab sudah lama (Gold). Muncul Perbarui alamat Rumah. Mencoba menambahkan dengan Pilih di Peta titik lari2 tidak bisa diarahkan. Dengan mengetik alamat rumah malah aneh jarak 0,6 km. Saya cek dengan Google Maps ada alamat saya sesuai titik. Saya cek dengan aplikasi s*****food ada dan sesuai titik juga. Saya coba Menu Partisipasi Anda - Kontribusi ke Grab malah DITOLAK dengan alasan ALAMAT SALAH. Ada apa dengan Grab?"
,"cukup baik layanan di grab, tapi kadang masih ada driver dan resto yang kurang jujur"
,"Agak ribet, keseringan pake buat antar barang, mau balik ke menu utama jadi ga bisa, selalu keluar sofeware terus, tolong di perbaharui yang simpel dan praktis.."
,Kenapa sekarang grab jadi gak jelas begini ya? Rute dekat yang harusnya tinggal lurus doang tapi dibuat jadi muter muter gak jelas dan alhasil ongkosnya jadi mahal ditambah lagi driver mobil nya yang suka seenaknya nambahin biaya tol padahal perjalanan tidak sama sekali lewat jalan tol. Tolong lah di perbaiki sistem nya. Saya ini pengguna lama dan sudah nyaman sekali memakai aplikasi ini. Jangan buat saya kecewa dan pindah ke aplikasi sebelah.
,"Penjemputan penumpang yang tidak masuk akal. Perjalanan dari titik A ke B, kendaraan penjemputan datang dari titik B. Sangat tidak efisien dan efektif. Durasinya penjemputan lama sekali. Dan masih banyak komplain lainnya. Memilih titik penjemputan secara manual sulit sekali, sering lari kesana kemari. Memilih lokasi penjemputan dan pengantaran tidak bisa manual, selalu lari ke sana kemari. Kutu busuk yang gak hilang-hilang."
,"Untuk hari ini 11 oct 2019 , saya benar"" sangat kecewe dengan grab, ketika saya benar"" urgent.. ingin menggunakan aplikasi grab tidak bisa untuk memesan.. Selalu dapet remaks ""ups ada yg salah"", semua cara udah di lakuin update, sinyal kuat, di coba wifi juga gk bisa.. ada apaa ini dan hilang semua acara saya..."
,"Mohon maaf sebelumnya Kenapa ya pas aku mau pesen grab bike terus mau ngeklik alamat tiba"" apk nya berenti dan keluar dengan sendirinya. Mohon jawabannya dan pas itu dia ga bisa terlihat mapsnya dan hanya tampilan putih yang ada. Sekian dan terimakasih"
,"Mahal,sudah gak pernah ada promo lagi Mending gojek"
,"terima kasih grab, pelayanannya cepat dan drivernya ramah²..😊 hanya, untuk edit lokasi tempat saya berada saat ini mengalami kesulitan.. hanya bisa menentukan lokasi pin, itu saja kadang lokasi pin saya di awal dengan saat driver menuju lokasi bergeser dgn sendiri nya.."
,"rata"" driver nye ramah dan gak banyak komplain mau lokasi kita kaya apa jalan nya dan jarak nya...tapi susah di dapat drive nya. tingkatkan lagi pelayanan nya supaya kami lebih mudah dapat driver."
,"Suka keselll yaa ... Mau chat selalu gak bisa terus, mau kasih kabar untuk pesanan makanan tidak bisa Apa lagi untuk berkomunikasi antar jemput .harus selalu di telepon biasa dulu . Mending kalau punya pulsa . Sekrang zamannya Pakai Wa .. . Tolong dong di perbaiki lebih baik lagi ."
,"dulu saya klo kemana²selalu andalkan grab karna mulai dari nyamannya dan tarif yg sangat menarik dari promo bulanan membuat saya ingin bepergian tiap hari, namun semakin ke sini apk grab semakin membuat saya kecewa karna harga yg lumayan tinggi membuat saya kebingungan untuk membayarnya promo grab juga semakin lama semakin engga berguna karna tidak sesuai dengan jatuh tanggal yg tertera terkadang baru di pakai sekali promonya sudah tidak bisa di gunakan lagi KECEWA!! 😭 😭 😭"
,indikator posisi titik jemput di aplikasi tidak sesuai dengan yg disetting penumpang. itu lumayan membuat driver tersesat & sy terlambat. ketidakakuratannya masa bisa sampe 100 m lebih.. 😑
,"Ada motor, mobil, makanan, anter barang, langganan, pulsa, hotel, rute, video, tagihan, belanjaan, bis jadi maksud tujuan grab apa? Klo moda transportasi yaa transportasi aja.. kebanyakan layanan malah bikin aplikasi tambah kompleks akhirnya lemot.. klo emang transportasi yaa fokus dulu transportasi dari pada maksain versi baru malah lemot. Susah dipake klo di playstore ada bintang yang minus gue rasa lebih pantas buat aplikasi ini👎"
,"Promo tidak bisa dipakai,padahal sudah sesuai ketentuan yg tertera,payah👎"
,"Menu histori chat dgn pengemudi gk fungsi. Jadi kita kesulitan saat butuh / ada barang ketinggalan.. tlong fungsikan menu history chat di aplikasi ini. Sangat menyusahkan !!! Terutama grabfood Kalau seperti ini terus, bisa2 kalah sainh sama aplikasi sebelah"
,Sangat Membantu untuk bepergian
,"Saya kecewa karna driver grabfood tidak jujur, saya pesan makanan tgl 28 total 37.000 saya kasih 100.000 tapi sampai saat ini belum juga dikembalikan sisanya di wa pun tidak ada respon. Tidak jujur sama sekali!!"
,saya pesan ingin sesuai dengan aplikasi tapi para pengemudi tidak ingin disesuaikan dgn aplikasi hasilnya saya dirugikann dan disuruh bayar lebih yang seharusnya harga 370k jadi 700k sangat kecewa.
,sagat membantu kebutuhan tranportasi darat.
,Sangat membantu dalam kebutuhan dan kegiatan keluarga kami
,"Titik penjemputan sama tujuan dibenerin dong.. Susah banget klo didalam kampus, masa kudu sama persis sama tempat2 yg udah terdaftar di peta, gunanya milih di peta apa coba klo gk bisa milih sesuai titik posisi kita sbenarnya."
,"Aku gangerti ya kenapa sekarang grab gabisa cancel kalo pesen grabfood. Aku ngerti sih, biar kita ga seenaknya cancel. Tapi satu sisi kita juga jadi dirugikan, karena kadang apa yg kita pesen di menu grabfood, ternyata menunya kosong hanya tersedia yg lain. Tapi pihak restoran sudah nerima pesanan aja, sedangkan kita udah gabisa cancel. Mohon untuk dipertimbangkam kembali ya grab. Thankyou"
,sangat membantu dalam perjalanan
,"Untuk pelayanan pd aplikasi ini sudah memuaskan bagi saya, namun saya agak kecewa setiap kali terburu buru mau pesan grab, entah mengapa baru masuk tp tiba"" keluar dengan sendirinya dr aplikasi,, jujur jika begitu berulang ulang bisa menghambat waktu perjalanan, awalnya saya kira apakah krn blm di update aplikasi ini dr ponsel saya, tp kejadian sama pun terus berulang setelah saya update sekalipun, mohon maaf bila ada salah"" kata , dan mohon diterima sekiranya masukan nya🙏"
,"MANA PROMO MU, dah ga kuat kasih promo yaa"
,Sulit banget menyesuaikan titik lokasi! Masa titik lokasi yang dituju terus menerus menuju ke titik lokasi lain yang kalau ditempuh jauh banget selisih jarak bermeter-meter! Ini nih yang suka di komplain driver kalau gak sesuai titik! Tolong segera diperbaiki!
,"Kacau...! Nama lokasi kita nggak muncul lagi di pencarian, padahal dulu ada, padahal di maps sekarang ada, padahal di aplikasi ojol lain juga ada.....? Mau pasang pin pun geser melulu. Dah di set titik pinnya geser lagi geser sendiri"
,"Alamat ga ada di list, tapi kalau dipin manual juga ga bisa. Titik pin geser2 sendiri sesuai rekomendasi grab, padahal itu bukan titik yang dimaksud. Sebagai aplikasi jemput/kirim-antar, ini kesalahan fatal sih. Yakali pesenan saya mau dianter ke rumah tetangga, kan nggak. Dan jangan reply kami dengan 'hubungi cs', karena ini kesalahan yg bukan cuma 1-2 orang yg ngalami. Tapi SEMUANYA. Apk kalian yg eror."
,"Sangat terbantu dengan promo grab bike. Tapi sudah beberapa pekan ini saya udah gak bisa menggunakan kode promo yang muncul di notifikasi saat pemesanan grab bike, dengan keterangan ""batas penukaran sudah habis"" . Padahal di notifikasi yang masuk, kesempatannya bisa sampai 8x perjalanan , maksimal 2x perhari, dan jangka waktu yang lumayan masih panjang. Jadi berasa di php kode promo karena gak bisa dimanfaatin sama sekali :("
,"aplikasi sangat membantu dalam berbagai kebutuhan,apalagi dengan banyaknya promo,tapi mohon lebih diperhatikan lagi karna kadang2 promo yang tersedia dan ""masih berlaku"" tidak bisa digunakan sama sekali padahal belum dipakai,lalu mohon diperhatikan juga untuk kebersihan helm yang disediakan untuk customer grab bike terkadang sangat kotor dan membuat risih"
,sangat puas dengan pelayanan grab
,"Aplikasi semakin berat, saya hanya butuh fitur dasar seperti motor, mobil, isi pulsa, top up saldo dan makanan. Fitur berlebih seharusnya diletakkan pada aplikasi berbeda! Tolong tidak memaksa saya setting lokasi akurasi tinggi, justru sering salah memberi lokasi yg benar & cepat menguras baterai. Tentu saja saya akan memberikan lokasi yg tepat dengan titik pada peta! Tolong agar bisa top up ovo selesai beli makanan, dan jika saldo ovo kurang untuk beli makanan, tinggal saya bayar kekurangannya!"
,"Aplikasi yg bagus, untuk tampilan bisa di bilang simple dan mudah digunakan, sistem pembayaran pun mudah.. Untuk saat ini belum menemukan kekurangan yg berarti dan apabila ada pembaruan untuk kedepannya mudah2an tidak ada kekurangan yg berarti.."
,"Maaf sebelumnya.. untuk grabfood sebaiknya apabila menu yang sudah habis saat itu juga ada keterangan habis /sementara habis. Karena kasian rider dan customer nya. Rider sudah ketempat resto yang dituju.. tetapi menu pesanan customer habis, jadi customer harus mengcancel nya. Dan customer yang sudah dapat promo dari menu tersebut, karena habis ganti menu otomatis promo tidak berlaku.. terimakasih kritik dan saran dari saya."
,mantab bgt grab murah lagi . sangat membantuu
,Terimakasih grab sudah sangat responsif terhadap permasalahan saya
,"udah lama gak buka grab, tiba tiba masuk udah dibekukan akunnya karena aktivitas mencurigakan, selama saya saya pake grab pun selalu cash dan jarang ngecancel.☹️"
,supirnya sabar dan baik...terima kasih
,"Setelah update kok mapnya berubah jauh... makin susah buat nyari lokasi... tolong dong diperbaiki.. ya kali 1/2 jam dah muter"" engga ketemu sampe dibantu google map pun masih sangat sulit buat di cari.. sekali ketemu pin terpasang malah loncat ke posisi lain..."
,"3B dulu aja karena banyak driver suka gk sesuai Aplikasi pembayaran nya ,malah nambah mulu"
,"Awalnya suka banget sama aplikasi ini karena banyak promo yang ditawarkan, akan tetapi sedikit kecewa karena kalo mau cancel harus telfon cs dulu (kan ribet banget) dan gak bisa mengganti menu makanan di grabfood saat orderan sudah diterima. Padahal mah aplikasi lain bisa bisa aja."
,"Aneh, semenjak pembaruan kemarin malah gajelas, sekarang mesen untuk jarak yang jauh gabisa, ga kebaca di maps, gakaya sebelumm nya bisa, dan banyak bug juga, tolong di perbaiki secepatnya pihak grab terimakasih."
,"Sangat mengecewakan, imei ponsel di suspend system saya report malah suruh saya ganti ponsel, emang kalian pikir ponsel itu murah y?? Suruh ganti” begitu saja. Jika memang 1 ponsel tidak boleh melebihi 1 akun, harap system grab setting secara benar seperti aplikasi lainnya yg tidak diperbolehkan 1 aplikasi memiliki beberapa akun.contohny tidak menyediakan fitur logout, hanya menyediakan fitur ganti nomor agar akun tidak bisa logout, dan nasabah tidak tertipu oleh fitur logout itu."
,Tolong di perbaiki beberapa masalah di aplikasi ini... Map tidak bisa di sesuaikan harus ada alamat yg sudah tercantum di aplikasi grab baru bisa sedangkan untuk titik tidak akurat. Panggilan dari driver atau pelanggan sering tidak ada suara. Chat terkadang untuk beberapa driver tidak bisa di baca Nb. Untuk sementara saya turunkan peringkat bintang sampai ada perbaikan dari keluhan saya..
,Grab express katanya mau kasih THR.. tapi giliran mau kirim barang.. drivernya gak dapet2.. niat gak sih mau kasih THR?? Parah.
,"Makin gak jelas setelah di upgrade, harga makin lama makin naik sedangkan muncul notif promo tapi selalu gak bisa di pakai alasan voucher sudah habis di gunakan padahal belum pernah dipake, di layanan paket juga gak ada paket buat go ride nya,, kecewa lah"
,"Untuk saya ada beberapa bug, 1. Tidak bis batalin pesana, dwngan alasan pesanan sudah di ambil oleh driver, 2.tidak bisa tersambung ke bantuan playanan 2. Terkadang uang di ovo tidak kembali setelah pembatalan pesanan. Poin 1 dan 2 biasanya berhubungan, jadi jika ingin membatalkan tidak bisa"
,udah bagus sih grab. tapi kalo bisa ya point yg ditukarkan buat tarif lebih murah bisa dikembalikan apabila tibatiba harus dicancel kalau resto tutup atau pengemudi sedang jaih dari posisi kita. karena ngumpulin point nya ga gampang dan ketika dipakai terus dicancel rasanya sedih:(
,"Update error terus, akhirnya berhasil setelah pindahkan aplikasi grab balik ke penyimpanan internal. Kalau di kartu SD gagal terus update meski udah clear cache dll. Gak tau masalah di sistem HP apa di aplikasi Grab nya. Fyi aja. Thx"
,"1. Update baru membuat titik maps sulit dipilih. Alamat yg sebelumnya bisa dititik dengan benar menjadi hilang atau sulit dititik setelah update 2. Fitur chat dg driver jangan otomatis terputus setelah pesanan diselesaikan, berikan jeda 30 menit atau 60 menit. Untuk antisipasi jika ada komplain dan keluhan."
,"Kesel saya sama aplikasi grab sekarang , kadang alamatnya gabisa, ada bacaan eror, trus kadang udah pesan grab tiba2 keluar pas masuk aplikasi lagi ada bacaan ""kami gagal menghubungkan anda pada server kami, coba beberapa saat lagi"" 10 kali buka apk nya gitu mulu padahal udah di upgrade dan hp pun udah di restart #stoppakaigrab 😑😑😑"
,"banyak bgt order fiktif,hati hati ya teman teman driver,komisi kecil sekali ketipu ngenes,untuk aplikasi masih membantu cari cuan sih,cuma harus bener bener waspada aja"
,dengan aplikasi grab semua urusan terkendali
,"Pelayanan cepat, pengantar ramah. 👍👍🙏🙏"
,"Ntah kenapa alamat rumah gaada pdhl di apk sebelah ada dan di gmaps sudha terdaftar suka ngeselin, ksian drivernya"
,"Pesanan saya selalu di batalkann, padahall saya lagi terburu buru"
,"Saya beli makanan, trnyt menu aslinya sdh berubah mjd tdk sesuai yg di daftar menu grab resto tsbt. Menurut resto katanya sdh dilaporkan perubahan namun msh blm diubah oleh pihak grabnya. Mau cancel ktnya gabisa, hrs ngomong ke CSnya dulu utk cancel, tp respon CSnya lama bgt, tau² makanan menu apa itu dateng dan jd gabisa dibatalkan. Mentang² saya order pakai OVO jd apa saja yang datang, saldo tetap terpotong. Saya gak 1x 2x begini, awalnya saya maklumi tp klo begini trs terkesan seperti sengaja"
,"reaksi cepat, drivernya tanggap, harga nyaman"
,"Aplikasi semakin berat, saya hanya butuh fitur dasar seperti motor, mobil, isi pulsa, top up saldo dan makanan. Fitur berlebih seharusnya diletakkan pada aplikasi berbeda! Tolong tidak memaksa saya setting lokasi akurasi tinggi, justru sering salah memberi lokasi yg benar & cepat menguras baterai. Tentu saja saya akan memberikan lokasi yg tepat dengan titik pada peta! Tolong agar bisa top up ovo selesai beli makanan, dan jika saldo ovo kurang untuk beli makanan, tinggal saya bayar kekurangannya!"
,Sekarang pesen di grab food bukannya efisien tapi tambah lama...karena driver bisa terima lebih dari satu dari orderan..pesen yang satu di mana yang satu di mana..nganter kemana pertama trs baru nganter kedua. Klo dapat yg pertama mending. Nah klo dpt kedua. Untuk promo2 nya jg berkurang
,driver ramah dan mobil nya nyaman
,"Kita kurangi bintang nya ya... Hampir setahun menu kita di tukar. Kita ikuti prosedur, 3X Upgrate menu + kunjungan surveyor, tapi ga ada hasil. tetap saja menu yg di tukar ga di upgrade. Kasihan user sama driver .."
,"untuk aplikasi ini ada semacam bug, jadi ketika pesanan sudah msk keranjang, lalu aplikasi saya tutup ketika ingin membuka grabfood pesanan yg di keranjang nyangkut..gk bisa d hilangkan lalu saya tidak bisa memesan kembali karna ada notif keranjang sebelumnya yg g bisa d hilangkan"
,"Masih banyak mobil grab yang no polisi kendaraan nya tidak sesuai dengan yg terdaftar. Trs masih ada mobil keluaran lama tapi tidak terawat, jorok, seperti tidak peduli kenyamanan penumpang. Mohon Grab lebih diperhatikan lagi hal2 yg kurang nyaman."
,"Setiap komplain tidak pernah di tanggapi, sekalinya di tanggapi tidak memberi solusi bahkan memberi tahu penyebab masalah yg di alami customernya di aplikasi pun tidak, rute dekat malah di alihkan ke rute jauh, tidak bisa connect ovo, komplain lewat email, twitter reaponnya lama tapi tidak memberi solusi."
,"terima kasih pesanan sudah diterima, drivernya ramah"
,Lumayan bagus juga mantap lah👍
,"Aplikasi nya error banget, masak aku baru bikin akun udah di tangguh kan aja kan jadi gak bisa ngegrab lagi. Dan promo² nya biasanya error. Tolong di perbaiki lagi aplikasi nya. Akun tiba² hilang,alamat susah di atur tidak enak banget. Maaf saya kasih bintang 1"
,"cepat, tepat, tp meleset sedikit di maps😅😅🤣🤣🤣🤣"
,Saya suka software aplikasinya bagus titik alamatnya muncul lengkap sampai ke nomornya dan tepat. Jalur navigasi warna hijau juga ada saya bisa memonitor perjalanan dan satu lagi template chat bisa disimpan sehingga tidak selalu harus nulis baru
,"Aplikasinya sangat membantu.. Minus nya 1 Pesan untuk driver, saya minta tolong jangan terlalu mengumbar pivasi penumpang anda, setiap saya pesan grab kebanyakan driver nya itu suka ngobrolin kejelekan penumpang nya, Bukan sekali dua kali saya sering mendengar nya. Terutama driver grab motor. Saya hanya merasa kasihan saja kepada orang yang jadi bahan obrolannya. Bagaimana jika orang itu anda?.. Terimakasih."
,"Saya tadi pesan grab, beberapa kali pengemudi minta dibatalkan, katanya kejauhan padahal 7 menit dari tempat, Secara garis besar banyak pengemudi yang tidak profesional.. Mungkin jarak yang dekat,jadi harganya murah,banyak pengemudi yang tidak mau ambil.. Kalau masalah itu kan sudah sistem aplikasi yang sudah tertera harganya. Nanti saja kan bisa dilebihkan bayarannnya.. Kalau kata saya mah pengemudi grab Ikuti saja sesuai sitem grabnya."
,"Minta update tapi pas dklik ga muncul update nya. Trus buka aplikasi nya lamaaaa.. pas ada pesanan butuh beberapa menit baru kebuka. Waktu coba aplikasi sejenisnya, lancar. Berarti bukan salah sinyal. Coba tolong dibenerin ya kakak.."
,"ini kenapa motornya suka gak gerak-gerak, kostumer jadi ovt yang berujung cancel karena kelamaan driver gak gerak-gerak. Eh pas di cancel drivernya muncul, klo udah gini salah siapa? Hampir aja berantem sama driver. Oh iya selain itu update lagi dong petanya di kasih nama jalan kek biar penumpang tau sekaramg dia ada di posisi mana, kan ngeri klo misalnya penumpang di culik ma driver."
,"MAkin parah, gak bisa donlod aplikasinya, semua data sudh di hapus, semua aplikasi juga dah di hapus tetep aja gak bisa juga, aplikasi ngabisin kuota aja, sama aja aplikasi sedot kuras kouta sampe abis. Perbaiki sampai puasa kinerjanya. Trimz"
,"dari 3 hari yg lalu saya coba download ulang setelah copot grab karna sistem lemot parah, sampai sekarang gak bisa kedownload2 lagi pdhl udh hapus beberapa aplikasi yg besar juga, dan kapasitas hp juga masih muat untuk download grab ini. parah banget susah untuk dipakai lagi. pdhl butuh bgt untuk transportasi kerja sehari2"
,"Tiba tiba account ga bisa digunakan, pas minta bantuan katanya ada transaksi transaksi mencurigakan , padahal saya layanan grab . maksud transaksi mencurigakan apaan ya ? Dan coba buat akun lain pun tetap ga bisa digunakan aplikasi grab nya . intinya apk grab tidak bisa digunakan di hp saya"
,"Setelah sekian lama saya gunakan apk ini,hari ini anda telah kecewakan saya,paket saya tidak sampai alasan titik tidak sesuai,dari kemaren sudah berkali kali order dengan titik yang sama tanpa masalah.saya dan yang senasib lebih memilih apk lalamov yang keren dan kece"
,"3hari belakangan ini Pesan grab mobil tapi jarak tempuhnya jadi jauh banget ,pakai aplikasi lain hanya 2km .Tapi pakai grab bs 4km lebih dibawa muter membuat tarif jadi mahal.Dan mau update aplikasi tdk bisa diklik /mental"
,"Maps nya jadi aneh, udah bagus dulu pake gmaps, malah bikin maps sendiri Mending klo ada detail lokasinya Tolong perbaiki lah Maps nya biar ga nyasar dan lebih detail!!!"
,"Kenapa akun saya bila digunakan untuk order grabcar biayanya bisa dua kali lipat akun teman saya untuk rute yang sama di test beberapa kali dgn rute berbeda, tetapi buat grab bike normal? Jadi saya beralih pakai gocar yang setengah harga dari tarif grab karena akun saya ga normal"
,Tolong klo aplikasi blm di update yg sdh terinstall msih bisa di gunakan. Karena belum tentu ckup waktu untuk meupdate di tambah klo kuota sedikit. Pdhl versi yg di pke baru di update. Ada update sedikit gak bisa di pakai
,Knp setelah di update malah ilang gambar menu di grabfood nya???? Udh chat ama admin nya. Tapi kaga ada hasil. KECEWA. padahal udh lama menggunakan grab.
,"Saya cari alamat tempat tinggal saya tidak bisa, titiknya tidak update.. niat bikin aplikasi gak, karna lokasi saya di google maps ada. tapi begitu saya cari di grab, tidak ada alamat yg dimaksud. emang di google maps sama titik jemput di grab berbeda ya masa kalah sama aplikasi disebelah"
,"Ngeselin mapsnya udah ga kayak dulu,yg sekarang ga ada nama jalannya bikin susah driver aja.Udah bagus yg dulu persis kayak di google maps,aplikasi sebelah jg mapsnya sama kaya gmaps tp ini kenapa di ubah si."
,"Sangat mengecewakan mentang"" sya dri kmpung pertama kali pesen langsung di bodohin emng sya bodoh apa. Masa di apl tertera harga murah promo di pinta ongkos gk sesuai yg tercantum. Udah gitu pesen lagi ke 2 kali sesuai titik malah, ngejemputnya blom smpe titik suruh nyamperin."
,Kecewa dengan grab akhir akhir ini banyak masalah. Mulai dari layanan driver yang tidak memuaskan sampai dengan aplikasi yang suka tiba tiba logout sendiri. Udahmah ukuran MB aplikasinya membesar eh malah jadi tambah buruk.
,"System pemetaannya sangat ngawur! Apakah di karena program kontributor yg hanya mementingkan poin tanpa peduli akurasi alamat 🤬🤬🤬🤬Atau mungkin juga pihak aplikator yg tidak hirau terhadap pemetaan? Hal itu sangat merugikan pemilik alamat sebenarnya yg ini memetakan alamat usahanya namun mental terus karena sdh ada identitaa alamat lain yg sdh ada di titik yg sama,, parahnya tidak ada link akses untuk pengajuan complain😤😤"
,"Ada pembayaran melalui paypal, tapi balance paypal tidak boleh dipakai.. padahal di shopping online lain seperti SHEIN, BANGOOD dll. Boleh pakai balance paypal. Tolong diperbaiki"
,"Aplikasi maling, saya dari tgl 18 Februari 2023 bayar tagihan indi home lewat aplikasi ini statusnya processing terus. Sampe skrg tgl 19 Februari malam uang saya gak masuk masuk. Ga jelas ga tau kemana uang saya,kalo memang gak bisa mending tutup aja aplikasi ini"
,"kurang rekomend setelah pandemi lebih baik punya kendaraan sendiri. Naik grab nunggu lama banget, 2 menit di aplikasi malah nunggu 10 menitan. Belum lagi drivernya banyak gk tau arah jalan"
,"Maaf, tengah malam saya kasih rate jelek, soalnya ada kejanggalan yg biasa nya ada pada apl grab, wak tu pesen makan lancar dan pesanan udah di Terima oleh merchat, kemudian udah dapet driver, lihat di apl, estimasi datang nya makanan itu kisaran 30 menit dari awal pesen, tapi pas waktu dapat 20 menit malah data berubah, driver nya ganti, dan ada notif dari merchat, maaf pesanan telat untuk me mroses, tolong pihak grab, di perbaiki sistem nya, biar pengguna lebih enak, apalagi posisi tngh malam"
,"Aplikasi saya tiba2 uninstal sendiri dan sampai sekarang 5bulan tidak bisa di download lagi , setiap di klik di playstore cuma muter 2x saja , tolong pihak grab utk memperbaiki kinerja aplikasinya dan bugs nya"
,"sudah download dari 2020, memang awalnya saja promo banyak sekali tapi lama lama promo nya sangat dikitt bahkan promo nya terkadang cuman Rp 1.500 dan Rp500 saja. saya sangatt kecewa pdhl sudah berlangganan lama. dan kalo promo nya mau gede kita harus bayar dlu untuk seminggu itu juga hanya Rp. 4.000 saja. bkin rugi saja!!!"
,Kenapa hrs update trus ya kan buat penuh memori aja jd heng hp nya. Intinya bisa digunakan tanpa hrs update. Setiap update pasti bermasalah. Bikin ribet aja sih.
,"Kenapa pas buka menu atau beranda selalu white screen, orang orang juga banyak yang mengalami nya tolong segera di perbaiki, padahal saya merasa tidak melakukan hal - hal yang tidak baik atau melakukan orderan fixing."
,Kenapa yak di suruh update tapi setelah di update engga pernah bisa terus..dah menuju ke 3 minggu ni di update engga bisa²...dah sampe uninstal banyak aplikasi masih aja ga bisa..heran aku..😔
,"Mohon pihak grab mengadakan program grab untuk para pelajar. Karena ketika tidak jemput terpaksa memakai grab, biayanya mahal dan tiap saat harganya naik. Bagi saya selaku pelajar SMA agak menyayangkan harga grab motor yang terus naik yang awalnya 12k, 13k, 15k menjadi 21k+. Karena menjadi sulit menabung jika harga grab semakin mahal. Terimakasih"
,Baru tahu penyebab order makanan tiap kali dateng dingin ternyata 1 driver 2 resto dan 2 tujuan berbeda...ternyata bukan driver yang lelet tapi aturan grab toh yang bikin jengkel..mungkin sudah saat nya pindah haluan.tidak bisa dibayangkan order food disaat ramadhan lelet nya bagaimana..
,"Saya di buatkan grabmerchant dri pusat saya tinggal menginstal aplikasinya..tpi saya gak bsa merubah titik lokasi yg akurat say tdk bsa mengatur profil nya grabmerchant saya,,udah gtu tampilan nya beda dgn grab grab merchant yg lain nya..ini susah bngt..tolong dong gmna cara nya"
,"Aplikasinya sudah baik, hanya saja alamat rumah saya kurang tepat lokasinya, beda perumahan bikin driver nyasar terus. Tolong MAP diperbaikin biar lebih akurat. Makasih"
,Makin di upgrade makin jelek.tolong tingkat kan lagi kualitas nya.tolong ditindak lanjuti driver grab yang sengaja mengulurwaktu sampai dengan berputar2 jalan padahal sudah pakai map.
,"Instal aplikasi grab terbaru sdh 100% install kok msh ga bs ya ada apa ya? Kok malah sulit sih grab. Malah ada tulisan ""Tdk dpt menginstall aplikasi grab taxi dan food"" lalu disuruh coba lg. Capek dech... grab grab mau brp kali sy installx pindah lain sj klo model bgni d buat sulit sj."
,Jelek sekali. milih Ongkir food paling tinggi tapi pengantaran disamakan. Kyk siput. Smoga ditingkatkan lagi pelayanannya kalo bisa ongkir 50rb tapi 10 menit sampe. Gak buang2 waktu kyk gini
,"Pesan jastip tapi muncul notif pesanan tidak bisa diproses, ke pusat bantuan trus disuruh bikin tangkapan layar, pas mau bikin tangkapan layar malah chat nya di akhiri, aplikasi gak guna"
,"Haha, uda di update malah makin ga jelas... !!! Pembayaran tunai ga bisa di cansel... motor dari driver tidak sesuai plat nomor polisi !! Tolong jangan seperti itu !! OTOMOTIS SAYA UNINSTAL APK INI !! karena ga ada cara lain untuk cansel !!! Very BAD !!!"
,"Hari ini mau order di Grab Mart. Nyoba dari Pukul 11.30, sampai Pukul 15.20 belum berhasil2. Kendalanya adalah saat order di salah satu mart, dan klik menu, tiba2 aplikasi mental, aplikasi kembali ke menu utama grab. admin mohon di bantu, itu knp ya ?"
,"Udah berapa kali pesan in driver disitu nya 1 menit nyampe, ternyata ada yg 15 menit smpe 20 menit baru nympe. Knp kya gtu yah? Malah pernah naik yg mobil baru duduk udah dimintain uang tambahan trs pas diperjalanan maksa minta di cancel mungkin biar ga dikasih rating jelek🤦‍♀️"
,"Sbnarnya nyaman pake grab, cuman tolong dong untuk yg grabfood menu cancel ordernya dipermudah saya sampe pusing cara batalinnya sampe 2 driver dtng ktoko tmpt saya order food tutup dan untuk cancelnya susah bgt. Dan untuk toko2 yg sekiranya tutup diingatkan Lg atau kasih tanda klo toko itu lg tutup. Mohon perbaikan nya lg... terima kasih."
,Menu hilang. Pembayaran ke e wallet ovo tidak bisa. Gak bisa buat order apapun lagi setelah di update. Mohon di perbaiki secepatnya. Segala menu order food atau transportasi hilang
,Udah beberapa kali alamatnya geser sendiri. Padahal alamat yg tersimpan ga pernah diubah2 dari pertama kali pakai. Drivernya sampai tersesat. Tolong diperbaiki.
,Kenapa harus dapat drivernya jauh.. Tolong diperbaiki sistem nya.. Klo ada yg dekat kenapa harus dikasih yg jauh jdi lebih lama seharusnya lebih dekat lebih cepat lebih baik👍
,"Ketika pesan grab car selalu dapat pengemudi yg jarak nya jauh dr titik penjemputan. Sehingga sering menunggu terlalu lama, atau malah pengemudi yg tdk mau jemput karena kejauhan. Tolong diperbaiki sistem nya !!!"
,"Saya mau membatalkan pesanan karena driver terjebak macet, tapi sudah meng-klik pembatalan berkali2 tetap tidak bisa. Akhirnya drivernya sendiri yg membatalkan. Kasian drivernya, pasti performanya turun. Padahal bukan salah drivernya."
,"lumayan sich, walaupun drivernya pendiam."
,grab kerrreeen pelayanan optimal harga bisa bersaing..
,"Tolong perbaiki penentuan titik petanya dong. Saya coba penentuan titik lokasa Grabfood secara manual ga bisa, selalu balik otomatis ke area yg bukan ditunjuk. Misal mau nekan titik B, C, atau D titik di peta selalu balik ke A."
,"Tidak ramah Tidak jelas keterangan warung makan yang masih buka atau tidak. Saya pesen jam 8 malam saya kira bisa, tapi ternyata saya tunggu sampai jam 10 malam gak dateng juga. Akhirnya saya pesen lagi di toko yang berbeda, datang cepat. Giliran pesanan kedua udah dateng, pesanan yang pertama sebelumnya tbtb diambil sama drivernya padahal udah lewat 2 jam dan gakbisa dibatalin akhirnya saya bayar double. Sangat kecewa dan membuat saya trauma memakai grab lagi. Terima kasih"
,"Hallo grab, kenapa sangat dipersulit ketika saya ingin login ke akun dgn nomor yg sama, hrs verifikasi melalui email, sementara email itu sdh lama tdk sy gunakan, sehingga passwrd nya pun sy sdh tdk ingat, kenapa sangat mempersulit, sedangkan nomor hp saya ttp sama. Tolong jangan tll mempersulit penggunaan aplikasi ini, saya sudah menggunakan aplikasi grab cukup lama, jd tolong jgn dipersulit. Bisa gak???!"
,Tolong dong diperbaiki bug nya. Tiap pingin order di resto yang biasa dibeli/disearch selalu aja gabisa. Katanya diluar jangkauan. Cuma bisa dipake kalo beberapa hari ga buka app nya. Itupun cuma bisa dibuka sekali. Buka kedua kali di hari yang sama udh gabisa. Udh coba cara apapun tetep gabisa. Tolong dong pihak grabnya kok gini sih. Masalah ini udh ada dari sebulan yang lalu loh. Masih aja belum dibenerin
,"Hallo,Grab, knapa saya tidak dapat verifikasi no.hp dan email juga utk buka app grab,padahal saldo ovo ku masih ada tapi ditolak terus utk verifikasi. malah ditawarin buka akun baru. Kalo buka akun baru apakah, saldo ku yg masih ada udah lama, itu tetap aktif atau hangus?"
,Jangan ada double orderan...terlalu lama makanan panas jadi dingin..es jadi ga dingin..
,Ada bug yang mau saya laporkan. Sebelum masukan pesanan ke keranjang jarak dari rumah saya ke resto cuma 3km tapi begitu masuk keranjang mau check out malah jaraknya berubah jadi 6km ongkos kirim bisa seharga makanannya. Tolong diperbaiki !!!
,sesuka hati pengemudi!kalo ada promo di putwr2 1jam baru sampe!!
,Mantap lebih murah dari apk sebelah.. Tapi tolong nanti kalo bisa adakan fitur rute yang bisa di pilih oleh customer sendiri. Soalnya jalur yang biasa saya lewati selalu lewat jalan TOL jadi lebih mahal. Padahal aslinya tidak lewat jalan TOL. Dan lebih dekat juga jika tidak lewat jalan TOL.
,"reward banyak, ga ada satupun yang bisa dipakai..."
,"Aplikasi semakin berat, saya hanya butuh fitur dasar seperti motor, mobil, isi pulsa, top up saldo dan makanan. Fitur berlebih seharusnya diletakkan pada aplikasi berbeda! Tolong tidak memaksa saya setting lokasi akurasi tinggi, justru sering salah memberi lokasi yg benar & cepat menguras baterai. Tentu saja saya akan memberikan lokasi yg tepat dengan titik pada peta! Tolong agar bisa top up ovo selesai beli makanan, dan jika saldo ovo kurang untuk beli makanan, tinggal saya bayar kekurangannya!"
,"baru di instal ulang krn keterangan server error eh malah tetep ga bisa masuk juga..ni sebenrnya niat ga sih, ngabis2in kuota aja buat instal ulang/update aplikasi, lagi pake suka tiba2 keluar sendiri, paraaaahhhh....mentang2 udah banyak yang pake, kualitas server di abaikan.....tar ga laku tau rasa..."
,"Sumpah ini apk susah banget di pake, muncul pop up mulu, ""KAI Acces tidak menanggapi"" Saya sudah reinstall apk ini, tapi tetep masih sama. Tolonglah support team apk ini di perbaiki"
,"Aplikasi semakin berat, saya hanya butuh fitur dasar seperti motor, mobil, isi pulsa, top up saldo dan makanan. Fitur berlebih seharusnya diletakkan pada aplikasi berbeda! Tolong tidak memaksa saya setting lokasi akurasi tinggi, justru sering salah memberi lokasi yg benar & cepat menguras baterai. Tentu saja saya akan memberikan lokasi yg tepat dengan titik pada peta! Tolong agar bisa top up ovo selesai beli makanan, dan jika saldo ovo kurang untuk beli makanan, tinggal saya bayar kekurangannya!"
,terima kasih karna sudah mempermudah bagi orang yg mager untuk klwr rumah dan orang yg tdk memili waktu luang untuk membuat makan atw minuman sendiri
,"Aplikasinya sebenarnya sangat membantu. Mempermudah saya untuk pergi kemana-mana dan pesan makanan untuk diantarkan kerumah. Tapi bintang satu, karena hanya untuk membatalkan pesanan (grabfood) saya harus telfon call center yang memakan pulsa. Mohon fitur pembatalan pesanannya segera dibenahi."
,"Kenapa tampilan yg skrg tdk ada home utk melihat pilihan grab car, grab bike, atau utk food dll?? seperti yg tampilan awal lebih baik..mohon diperbaiki. Contohnya jika mau pesan grabbike hrs jeli dulu apakah itu bike atau car krn tdk ada opsi utk pilihnya"
,Tiba2 di tangguhkan selalu begitu aplikasi grab.. pantas saja banyak yg pindah aplikasi.
,"Sangat membantu, perjalanan aman dan nyaman"
,Secara keseluruhan udh oke.. cuma minusnya ga bisa pesen double untuk perjalanan grab ride or grab car secara bersamaan.. harus nunggu pesanan 1 selesai br bisa order lagi.. tolong donk ditingkatkan kayak applikasi sebelah..
,"Saya kecewa dengan grab. Saya pesan Grab untuk pergi sekitar jam 4:50pagi. Karena jam sudah mepet saya pesan & tertera waktu menunggu sekitar 4 menit. Akan tetapi sampai 10 menit driver tdk bergerak dr posisi & tdk menjawab chat. Saya batalkan & berharap dapat driver yang lain, eh malah kena ke driver yg sama & masih tidak merespon. Mohon diperbaiki lagi sistem & pemilihan driver setelah pembatalan, ditambah jika sudah melebihi batas waktu penjemputan mohon utk ada fitur batal otomatis."
,"Saya mempunya 2 saran : 1. Saat top up OVO, tolong di adakan juga di Indomaret/Ceriamart. 2. Di catatan untuk driver, tolong tambahkan fitur memori, jadi kita ga harus ngetik lagi, tapi tinggal klik catatan yang sudah pernah digunakan sebelumnya (dulu pernah ada fitur ini, tapi sudah di tiadakan, padahal ini sangat membantu)."
,Daftar nyaa kenapaa nggak bisa**??? Gimna mau pesen kalo masuk nya aja gagal terus .
,"Sebenarnya pelanggan setia grab food dan bike cuma makin kesini makin kecewa sama grab karena : 1.driver ga bisa dipantau keberadaanya hanya bisa dipantau dengan estimasi waktu yg kejelasannya pun perlu dipertanyakan khususnya grabfood. 2.alasan klasik mitra yg entah benar atau tidak yg mengambil 2 orderan sekaligus 3.tidak mudahnya lagi menggunakan fitur pembatalan pesanan karena banyaknya order fiktif, itu dimaklumi tapi seharusnya untuk pelanggan yg sudah aktif lama seharusnya itu tidak ada"
,Lebih simpel dan cepat untuk kita yg sedang kesusahan
,Berkali kali di up det ga ada perbedaan nya tetep ngeselin pelayanan aplikasi nya
,"Mohon untuk resto atau grabfood yang sudah tidak aktif atau tutup, segera hapus dari aplikasi. Jangan mengecewakan pelanggan dengan resto fiktif"
,"Grab tuh ga kek Go-jek, Pas pantau tracking driver, gaada tombol khusus untuk refresh lihat posisi terkini, hrus nunggu otomatis refresh. Yg lebih parahnya, setiap ngerefresh di posisi peta yg diinginkan, malah ngezoom out jauh lagi _-""... Klo udah update saya perbaiki bintangnya"
,"Setelah update gak bisa masuk. Sialan yang buat versi baru. Mau dapat untung dari kouta instal jangan serakah amat. Besar kapasitasnya banyak kali, hingga lola aplikasi nya dipakai. Udah gitu reward promo yang ada, semua gak bisa digunakan"
,"Aneh bgt nawarin promo beli paket disc 30% dicoba dulu bisa, pas udh diisi ovonya masa gabisa melakukan transaksi 'anymore' jls jls saya blm melakukan transaksi apa2. Ngerugiin bgt apalagi dlm keadaan urgency LG gada kuota. jd harus top up 2x ke aplikasi lain.mending di shopee deh selalu bisa"
,"Lagi order disuruh update dan harus, ga bisa nanti dulu napaaaa!!"
,"Kenapa sih titik lokasi kita tidak bisa pas? Selalu bergeser jauh dari lokasi yang sudah dipilih di peta. Saya terus update aplikasinya berharap supaya lokasi bisa pas seperti dulu lagi, tapi sama saja, lokasi tidak bisa pas dan terus berubah. Tolong segera diperbaiki karena sangat membuat pengguna tidak nyaman."
,awalnya saya suka.. tpi setelah bbrap bulan saya pakai.. tarifnya selalu naik..alasannya karna banyak permintaan.. padahal kalau saya order tarif nya awalnya normal.tapi driver gak ada..di suruh ulang.. eh tiba tiba naik .. begitu terus sampai pada harga yang saya rasa sangat tinggi untuk jarak segitu.. dan itu untuk setiap hari termasuk hari libur.apa karena saya selalu naik grab kalau pergi kerja.seperti sudah bergantung pada grab.. jadi tarifnya dibuat seperti itu
,"Gila aja sopir grab ini... Di aplikasi cuman 21.000 udah sampai minta 40.000 gara gara ada barang yang dibawa. Plus pengemudi yang songong, ga mau jemput didepan rumah, alasan rumah gang sempit, Truk aja bisa masuk apalagi cuman mobil. Penumpang itu bayar, bukan nebeng gratis. Suekkk bener"
,"Saat pesen grap car saat hujan, dan macet kok bisa dipilihkan driver yg jauh2 (6 km). Padahal yang deket banyak. Driver juga mengeluhkan hal demikian. Menurut saya managemen GrapCar perlu di optimalkan kembali. Jadi saya kasih bintang 1."
,"maaf dikasi 4, karna beberapa faktor. terkadang pengemudi yang di dapat itu terlalu jauh, dan mohon diseleksi lagi kendaraan drivernya. sering saya temui yang tak sesuai platnya dan pernah sekali motornya mogok. cuma overall bagus2 aja."
,cepat dan tepat ... bravo
,Saya Menggunakan Pelayanan Pesanan 1 Minggu keberangkatan Ke Stasiun. Senen ..On Time Penjemputan dan Sesuai Jg Sampai nya. Terima kasih Mas Dimas..Diver nya sangat Ramah..Sukses Selalu Buat Grab..
,"aplikasi grab sangat membantu sekali, apalagi di saat saat #dirumahsaja, apk ini sangat membantu. Akan tetapi sangat disayangkan, karena mungkin ukuran apk yg baegitu besar agak sulit untuk diaplikasikan pada hape saya yg kentank ini. Iya ini bukan salah apk nya, ini salah saya wkwk. Terimakasih banyak grab, karena telah menciptakan apk yg sangat memantu dan bermanfaat untuk kebutuhan saya:)"
,"Untuk grab di Bali, mending pake transportasi lain. Terlalu banyak pemetaan wilayah dan utk wilayah tertentu harganya selangit. Nusadua grab nya beda, di bukit jimbaran beda lagi, saran ogut mending pake aplilasi lain aj."
,"suka error jaringannya grab,maps kadang lari,lain titik lain maps.klo di butuhkan g mau kebuka padahal buka youtube jringan lancar pas buka grab error terussssss. terus yah ,ini drivernya banyak alesan,alasan macet alasan jelek jalan 5 kali sy nyari semua di suruh batalin,pas mau pesan lagi katanya udah terlalu sering membatalkan. lah saya bisa apa kalo drivernya g mau? trus sy mau pesan bagaiman? harusnya jadi bahan evaluasi tuh kenapa bisa di batalkan biar customer juga tidak di rugikan."
,"Sebenarnya grab bagus, saya sering menggunakan grabfood tp list harga sering tidak di update sehingga berbeda ketika driverny memesan d restoran dan itu sangat jauh beda harganya. Saya sudah 2x kecewa krna perbedaan harga yg terdaftar. Terimakasih semoga grab semakin memperbaiki diri. Dan tidak mengecewakan lagi"
,"Dikit-dikit update ,,kalau gak di update gak bisa di pakai. Bayangin aja ,,pas di wilayah yg agak susah sinyal+kuota pas minim ,,pas dibutuhkan,, buka aplikasi tau* suruh update lagi,,mana update leletnya minta ampun. Keburu pingsan deh ."
,"Semua orang keluhan nya hampir sama , grab app skrg tidak bisa menentukan titik di maps dengan akurat , baru di geser ke titik yang di tentukan malah lari²an , tolong segera di tanggapi bugs ini , untuk memudahkan pengguna aplikasi dan driver nya juga ."
,"Ada menu paket hemat, tapi gak bisa dibeli, ditelp cs udah 2 kalii, setelah dicek dan diemail kembali jawabannya sama, akun saya sedang ada masalah disistem dan gak dikasih tau kapan selesainya, dan disarankan untuk tidak menggunakan promo apapun, gak ada lagi promo grab bike, grab car, ada promo grab food tapi gak bisa dipake dengan alasan batas penukaran sudah abis padahal saya coba pesennya 5 menit setelah dapat inbox dari grab, dan ini udah lebih 2 bulan berjalan, untung ada tetangga sebelah"
,"Pelayanan sangan kurang, bahkan saat pesanan tidak ada driver yang ambilpun pesanan tidak bisa dibatalkan dan saat menghubungi pusan layanan ternyata tutup dan tidak ada solusi, alhasil sistem tetap order tanpa batas waktu. Yang susah saat saya memutuskan buat beli langsung ke penjual (offline) karna memang sangat lama dan tidak ada kepastian kapan ada driver yang ambil pesanan saya di aplikasi ini tapi tiba tiba ada driver yang ambil pesanan saya. Saya keluar biaya dobel dan tidaknyaman"
,"Tolong aplikasi ini diperketat pengamanannya karena banyak orang yg menyalah gunakannya untuk menipu para driver grab,seperti membuat orderan fiktif dan banyak lagi bentuk penipuan lainya."
,Maps nya tolong di perbaiki karena Maps nya buta Jd mempersulit untuk pemesanan
,"Joss....aplikasi sangat mantap..ada sistem verfikasi wajah buat drivernya,jd sangat aman dan nyaman,jarang dpt driver yg beda muka..gak kaya aplikasi sebelah..banyak banget akun yg tdk sesuai dengan drivernya..GRAB MANTAP..."
,"Aplikasi makin lama makin berat. banyak fitur emang lebih bagus, tapi tolong ini kan transportasi banyak orang nyaman kalau kapasitasnya appnya kecil biar mudah di gunakan dan nyaman ga ngehang2. tolong di koreksi lagi demi kenyamanan pengguna dan demi grab juga. thx"
,armada tepat waktu bersih nyaman ok lah utk perjalanan selanjutnya trimksh buat driver🙏🙏🙏
,sangat membantu dan bermanfaat 😇🙏
,"Ketika pesen grabfood peta dihilangkan, jdi kita tidak tau posisi driver dimana dan sudah jalan atau belum, kembalikan kayak dulu lagi aja, yg ada map nya Driver bisa ambil beberapa orderan pada saat bersamaan itu sangat kurang setuju, karena kita terburu alasan utama, dan menunggu terlalu lama harus nganter dulu ke tujuan yg sebelumnya, mending dibalikin ke awal lagi saja"
,"gimana ya, terkadang kurang nyaman aja, ga tau pelayananya, sistimnya ato handphone saya yang jelek ya"
,Kok minta Update malah gabisa di instal ya kok makin Ancur kl grab sekarang ya
,"aplikasinya kadang suport kadang tidak,dan penangganan keluhan di pelanggan lelet sekali, pengaduan tarif yg tdk sesuai kepada call center nya tidak ada tanggapan sama sekali. tidak merespon . sangat sangat mengecewakan ...."
,"Ane di kota Blitar, adanya cuma grab. Komplain ane, di resto tertentu ada biaya pesan lah, si mas Grabnya dateng tau2 ada biaya tambahan, otomatis di charge di OVO. Sebelah ga ada itu acara kyk gini, (ane pake aplikasi sebelah waktu di Sby). Promonya apalagi, skrg sepi, jadi males pake kalau ga lagi kepepet banget."
,"Semakin lama semakin parah saja ini aplikasi, saya selaku pengguna lama merasa kecewa dalam beberapa hal, contoh : rewards yg sering tidak bisa dipakai, poin yg sangat minim, dan kadang aplikasi mengalami trouble"
,"utk order food skrg jatuhnya mahal. Walaupun ada promo tetep mahal karena skrg ada biaya macam2. Selain ongkir ada biaya pemesanan, sama satu lagi biaya apa saya lupa. Di total2 malah lebih mahal. Mending gak usah ada promo dan cukup ongkir aja. Hadeuuuhhhh... semoga lebih baik lagi ke depannya."
,"pengemudi ramah, pelayanan bagus, mobil bersih"
,"Tolong dong untuk metode pembayaran ditambahin dan dipermudah, jadi misal pembayaran dengan saldo grabpay kurang bisa digabung dengan saldo tunai. Tanpa harus memilih salah satu pembayaran. Supaya lebih mudah."
,Penerimaan pesanan draiper nya sangat lambat udah hampir 5 menit blom diterima juga pesanan nya
,"sekarang tidak bisa men titik kan lokasi,koq grab nya yg otomatis mentitikan,jadi lokasi antar selalu, salah :(..pengemudi jadi nya mengeluh tidak sesuai titik,padahal aplikasi nya yg makin kesini makin ga bisa lagi"
,Ngak masuk akal udah 2 kali akun saya di nonaktifkan..sedangkan no saya yg lama hilang jadi saya ganti baru..eh tiba2 mau pesen mkanan lgsng keluar sendiri apk ny..dan bilang di nonaktifkan..kmren udah email grab..eh ini yg ke 2 udah nge email jga..masih aja kayak gini..bingung sama grab skrg..pdahal saya suka dan sgt sering pesen makanan di grab..tiba2 apk ny ngk jelas jadi nya mls bgt..tolong yaaa di perbaikin akun saya..
,Kecewa sekali dapat supir yang nggak jujur di app 25rb bayar 33rb tapi setelah di antar dibatalkan jdi ereceipt tidak muncul laporan kata.nya supir tidak mengantar pdahal teman2 aq uda sampai ke tempat tujuan di antar dia
,"Tolong ya di perbaikin lagi aplikasi grab nya, saya heran knp baru kali ini sya sudah install berkali kali aplikasi grab tidak bisa dibuka atau ke tutup sendiri hanya layar putih di handphone yang ditampilkan. Padahal saya sudah tanya berkali-kali lewat email dan custumer servicenya hanya menjawab dengan jawaban yang sama. Ternyata setelah saya baca komentar banyak yang kejadian seperti saya, berarti bukan masalah dari handphone saya, Tolong cepat diperbaikin masalahnya sepeti apa."
,"Sebagai pengguna jasa layanan transportasi online dan saya sebagai disabilitas netra sampai saat ini merasa sangat puas dengan semua yang ada di grab. Yang pertama aplikasi ini sudah sangat aksesibel dengan aplikasi pembaca layar yang kita gunakan sebagai seorang disabilitas netra, kemudian untuk tampilan aplikasi atau menu menurut saya seorang disabilitas netra yang sering menggunakan aplikasi ini saya rasa sangat simple dan tidak rumit pengoperasiannya."
,"Memuaskan, drivernya gk jauh2 sangat bermanfaat jika perlu waktu bekerja karena kesiangan. Mapnya ok bisa tahu posisi drivernya lagi dimana. Mapnya pun bisa kita sesuaikan bila mau dijemput, karena saya lebih sering menggunakan untuk antar-jemput. Semoga kedepannya masih bisa lebih baik lagi. Terima kasih grab...💚💚💚"
,titik map nya masih belum banyak. jadi agak susah. sering eror juga
,"Membantu banget Untuk perjalanan, Ada promonyaa juga.👍"
,Sebel banget titik mapsnya eror terus suka ga pas udah beberapa hari kirain update pembaharuan bakalan jadi bener malah sama ajah gimana sih. Terus kadang titik penjemputan udah bener sesuai kaya biasa ehh pas udah pesen jadi tbtb beda titik lokasi jadinya harus jalan dulu ke jalan. Terus kadang titik maps ke rumah satu lagi di perumahan ada sekarang tbtb ilang titik mapsnya gimana sihh.
,"Setelah diperbaharui aplikas grab malah lemot dan susah berfungsi. Ketika saya mau order..alamat tujuan udh diklik.. selalu kembali ke menu awal saya coba kembali order.. Tetap sama kembali ke menu awal. Dan beberpa menit muncul notifikasi ""grab tidak menanggapi ( anda mau menunggu ; oke - laporkan - tutup)"
,sangat puas cepat respon y
,"Sangat mengecewakan, disaat saya ingin pesan makanan. Saya berada di semarang malah lokasi di aplikasi ada dijakarta. Ketika mau diganti malah gabisa. Tolong diperbaiki sistemnya"
,"aplikasinya membantu sekali....apalagi promo2 nya,...cuma untuk driver pernah kecewa 1 kali....driver ga mau antar pesanan, karena ga mau antar pesanan sampai dalam mall,mau cancel pesanan ga bisa...tau2 pesanan selesai tanpa pernah di lakukan driver,overall puas sama aplikasinya."
,Alhamdulillah semoga makin jaya dan sukses selalu aamiin ya rabbal alamiin
,"Apk grab sangat membantu saya soal makanan,. TAPI tolong untuk set titik nya di permudah, soalnya susah banget, dan kalau sudah dapat driver ngk bisa lihat titik kita sendiri."
,"Grab perbaiki dong kualitas servernya, terkadang koneksinya kurang akurat, padahal sinyal sudah menggunakan telkomsel. Untuk adanya grab sangat membantu, disaat membutuh perjalanan, maupun pesanan order makanan, dan paket. Trims"
,"Saya suka dengan aplikasi grab,dengan aplikasi ingin bsa membantu saya disaat ingin bertujuan ketempat yg ingin saaya tujui dengan mudah saya memesan grab di aplikasi ini dengan tarif yg memuaskan,aman,nyaman smpai tujuan.. Thanks you grab.. 👍👍"
,"Tidak bagus, baru saja saya mengalami ingin membeli makanan. Tetapi dari pihak resto diterima dan pihak pengemudi datang ke resto tidak taunya tutup restonya. Saya minta bantuam dari pihak grab tidak membantu sama sekali, bener-bener gamau make grab lagi. Tolong saya sarankan untuk bisa membatalkan pesanan apabila terjadi seperti ini. Dr pihak resto dan grab sama saja tidak jelas. Terimakasih🙏🏻"
,"Dulu buka grab lancar, tapi sempat dihapus karna jarang dipakai (lockdown). Sekarang pas install lagi kok force close mulu. Entah apk nya yang error atau hp saya yang spesifikasi nya rendah. Tapi saya buka apk lain lancar-lancar saja."
,thanks grab makanan ku cepat sampai abangnya baik banget
,"Saya sangat kecewa dengan aplikasi ini, saya pengguna grab sudah lama dan sudah platinum, tapi semakin lama tarif yang di berikan semakin mahal, seharusnya pengguna akun platinum lebih di perbanyak promo dan discountnya bukan malah dibikin enggk betah pakai aplikasi ini, saya sangan KECEWA, pengguna baru lebih di utamakan dibandingkan pengguna lama, saya putuskan untuk berpindah ke aplikasi lain!!! Semoga deverlopernya baca ini!!!!"
,nyaman dan mudah
,Aplikasi buruk wajib di blok sudah tak ada guna t4i
,"Kelamaan cr driver nya pesanan sering tdk sesuai, bantuannya cuma tulisan yg kaga jelas sama sekali gblk pokok nya"
,mas supirnya ramah tamah dan sopan🥰
,"Voucher gabisa dipake saat jam biasa pulang pergi kerja. Vouchernya gak berguna ,saran saja harusnya per akun disediakan beberapa voucher bukan perebutan dengan akun lain atau pengguna grab lainnya yaa."
,"Bagus sih banyak promonya dan harganya pun terjangkau, tapi mohon untuk pilihan menu di grabfood diperbanyak dan tampilan menu grabfood dirapikan lagi. Kadang ada juga beberapa pengemudi yang mau di cancel karena alasan jauh padahal lumayan deket sih tempatnya."
,Saya agak Kecewa entah ini dri aplikasinya yg bisa nerima orderan lebih dari satu atau emang dri drivernya. Pernah saya pesan makanan yg jaraknya sekitar 5 menit saja dri tempat saya. Mikirnya sih mungkin di resto banyak pelanggan jdi lama. Ternyata drivernya nganter dlu ke tempat lain dan makanan pesanan saya yg sampai malah sdh dingin. Mungkin bisa diperbaiki lagi sistemnya. Jdi klo ada yg sdh order yah satu aja jangan lagi nerima yg lain. Kan kasian pelanggan
,"Secara keseluruhan bagus. Cuma kalo digrabfood ada promo tidak bisa terpakai. Padahal sudah mencapai minimal belanja. ""maaf kamu nggak bisa pakai kode promo ini karena kami mendeteksi ada aktivitas nggak biasa diakunmu"". Tidak mengerti saya kenapa bisa begitu. Percuma kalo voucher ny jdi pajangan aja tapi tidak bisa dipakai. Dan juga ongkirnya kemahalan. Padahal cuma sekitar 1,5 km ongkirnya bisa mencapai 10 rb. Mohon lebih ditingkatkan lagi kedepannya 🙏🙏🙏"
,cukup memudahkan saat bepergian
,Kalo bisa kasih fitur rating buat driver yg ngecancel orderan padahal udah jalan dan ditungguin
,"udah lama ga pake grab. dikasih tahu temen kalo masih banyak promonya. mantap banget. tapi sayang aplikasinya sempet error waktu mau pesan dengan note: terjadi perubahan harga, dan gak bisa dieksekusi. kekurangan app lainnya: untuk cancel/tukar promo agak ribet. pemilihan lokasi kurang fleksibel. dipaksakan di titik rekomendasi. gak bisa di titik yg kita minta. walaupun bisa disiasati dengan ngasih catatan ke driver."
,aplikasi yang selalu standby
,"Sy beli dari sopi pake grab express sameday tp kurir nya gak bisa di live tracking, pdhal dulu bisa, knp bgtu sih ??"
,"Terlalu sering notifikasi gak jelas, mengganggu sekali,"
,Tolong dong perbaiki mslh rute dan navigasi. Kdg kita udh pas ketik di titik penjemputan tp ngga ada di pencarian loka si. Sm sikap driver tlg dicek lg. Driver kdg ada yg krg sabar. Slh titik penjemputan sedikit aja ngomelnya dari awal naik sampai turun. Krg etis untuk pemakai grabnya.
,Sebenarnya udh bagus aplikasinya tapi banyak diskon yang nggak bisa di pakai
,"luar biasa, sangat membantu"
,"saya suka dengan applikasinya.saya nenggunakan ovo sejak thn lalu. tapi saya menjadi kecewa barusan dan ini baru pertama kali saya di maki maki sama driver grab yang mengcancel perjalanan saya. tiba-tiba ngechat bilang"" tdk bisa. udah murah masih pake promo, naik trayek aja!"" blm sempat saya balas dan pemesanan saya di cancel. Saya tidak tahu utk mengenai tarif grab krn tarif otomatis dari applikasi. namun saya sangat kecewa dengan pelayanan driver yg seperti itu. semoga bs lbh baik. trims"
,"Sorry cuma bintang 1. Awalnya apk ini lancar tapi beberapa hari lalu aku log out dan hari ini coba log in ulang gak bisa. Verifikasi email melulu ku check di email juga gak ada email dari grab. Nyoba log in pakai email satunya, eh malah ada keterangan lokasi tidak ditemukan. Padahal GPS udah ku aktifin.. bolak balik gitu. Entah aku yg salah atau emang grab nya sendiri yg saat ini sedang bermasalah"
,"Ribet promonya RESTO TUTUP MASIH BISA MESEN? MANA GAK BISA DI CANCLE LAGI, BERKALI² GANTI DRIVER DAN SETIAP GANTI DRIVER GAK BISA DI CANCLE ORDER DENGAN ALESAN DAH DAPET DRIVER? DRIVER YG MANA?!!!!"
,Tolong saya ganti hp pas mau masuk tidak bisa karena SMS tidak dikirim dari sistem. Terima kasih
,sangat membantu dan mempermudah urusan
,"Saya merasa ini aplikasi sering terjadi eror, tiba tiba lokasi bisa berubah dengan sendirinya. Pesan grabfood tapi drivernya pakek mobil di apk saya, padahal sebenarnya menggunakan motor. Susah untuk cancel pesanan makanan. Tolong diperbaiki kembali apk nya."
,dari dulu gak pernah kecewa sama aplikasi grab dan para driver nya
,drivernya sopan dan baik sekali
,"Kecewaa, driver banyak yg nolak dan minta di batalkan sama penumpang karna pake promo dan jarak jauh. Dan regulasi di grab tidak memperbolehkan penumpang membatalkan pesanan lebih dri 4x, dan akun akan di block jika itu terjadi, tapi kondisi dilapangan driver yg tidak bersedia, dan meminta di batalkan. Sudah mengajukan banding ke pihak grab, malah ditolak. Apaan ini!!"
,"baru upgrade tapi tampilan grabfood berubah. tdk bs lagi liat resto/toko letaknya dimana krn semua hilang termasuk no kontaknya, padahal itu sangat penting. terkadang kita lewat/sengaja cari dimana tempat jualnya untuk memastikan kebersihan dll, apalagi kita sering order disana."
,"Setiap d update malah tambah aneh.., 3x gagal naek k gold malah balik lg buka siver.., 3x broo!!, kecewa sangad lah. Sekarang malah tiap abis order apapun ga prnah dpet poin lg, lah koq bisa???? Sdang bintang buat driver msih ada. Smakin lama harusny tambah baik, canggih n mmpermudah konsumen bukan malah aneh,ribet n mgecewakan!!"
,sangat membantu sekali efisien
,"Udah susah2 instal,lama bgt kepasangnya,pas mau dipake tiba2 harus update,giliran mau di update malah ga bisa,gimana sih? Mana pas lagi perlu bgt juga..."
,"1. mapnya masih kurang akurat.. padahal titik di map sama driver masih jauh.. mungkin map grab nya error kah? 2. Drivernya semakin 'canggih' dan sopan cuma memang masih lebih baik driver ojol sebelah. 3. Kayaknya aplikasi grab buat drivernya sering trouble, jadi jarang banget bisa sukses topup ovo via driver, seringnya lwt alfamart, kurang efisien lah 4. program langganan grabbike nya kok tambah mahal? hampir sama kayak tarif pakaiovohematgrab"
,"2019 aku ngasih bintang 5. Sekarang ku revisi ke bintang 1. Alasan nya 1. Kemarin aku pesen grab, sudah saya buat sesuai titik. Pas pemesanan malah bergeser jauh. Akhirnya terpaksa di batalkan. 2. saya nyari driver sampai 2 kali pemesanan tidak dapat driver. 3. Tadinya Aku mau pesen pakai Grab. tp ku bandingin harga dengan Maxim perbedaan harganya 18rb dengan 8rb. Padahal tujuan sama kok bisa harganya berbeda jauh gitu.?"
,"Grab ..... para customer yang ingin dan akan buka layanannya (baik itu car, bike, food, ....) selalu muncul update aplikasi terlebih dahulu itu kenapa ? Apalagi aplikasinya besar 68 MB, setelah selesai update dan akan di instal selalu gagal, ulang dan di ulang terus. Jadi rugi kuota. Mending cari aplikasi lain yang serupa."
,"Sdh download grab tp susah di aktifkan. Verifikasi email tdk bisa harus minta ke pusat bantuan. Knp grab sprti ini. Tdk sperti gojek , maxim"
,sangat lah cepat mantap buat bang grab nya...semangat selalu
,"pelayanan sangat luar biasa,sopan ramah tamah,pokoknya 👍👍👍"
,saat masuk aplikasi grab harap tampilan layar jangan di bikin ribet terlalu banyak menu pilihan. bikin tampilan layar simple sederhana . klu mmg ada bnyak menu yg ribet kasih kolom tersndiri. harap bgitu masuk aplikasi grab. tampilan layar dan perpesanan sederhana dan simple.
,"alhamdulillaah,perjalanan lancar"
,"Grab sekarang ongkirnya mahal banget 2 kali lipat dari g*j*k. Ada voucher2 gitu tapi gak bisa dipake semua resto. Minimal belinya buat pake voucher rata-rata di atas 50 ribu kan kasian buat customer. Mending kayak dulu lagi deh vouchernya buat pembelian minimal 20 ribuan tapi bisa dipake semua orang jadi bakal dipake terus aplikasinya sama rakyat indonesia. Kalau tidak bisa meningkatkan kualitas, ada baiknya mempertahankan kualitas yang sudah ada biar gak downgrade seperti ini. Trims."
,"Kok mau sign up/daftar verifikasi tidak bisa terus, atau error"
,"Saya kurang suka nya karena ketika ada perintah memperbarui apk, aplikasinya tidak bisa dibuka, padahal kan bisa aja aplikasi tetap jalan sembari pengguna memperbarui. Ini sangat menganggu, saat sedang membutuhkan tapi malah ada peringatan disuruh memperbarui, dan gabisa dibuka apk nya."
,"Untuk double order tidak hanya merugikan Customer saja, tapi driver juga. Kenapa? Karena terkadang 1 resto double titik antar nya tidak searah, apalagi sekarang ada order marathon, double order nya dari 2 resto berbeda. Rugi Waktu, Customer kecewa imbas nya kasih rating buruk ke driver. Ditambah lagi ada verifikasi muka sebelum order, ada yang bisa ada juga yang gagal terus verifikasi nya. Dan saran saya untuk pendaftaran akun baru pake ktp sama foto orang yang bikin akun aja sudah cukup!!"
,"driver terlalu sering banyak alasan untuk tidak mengambil order motor atau makanan,sedangkan mereka tidak mau untuk mengcancel,jika pelanggan yg cancel lebih dari 4x akun pelanggan dibekukan,dan ini belum ada solusinya. call center juga tidak ada,ini sangat menyulitkan untum pelanggan melakukan komplain"
,"Dari banyaknya orang ulasannya di grab kenapa semua akunya di blokir, ajukan banding . Ini grab kenapa sih lama2 kok kyak gini . Pertama buka grab tiba2 ajukan banding sudah gitu diterima app sudah bisa, barusan saja buka tiba2 app tutup sendiri, coba lagi malah ajukan banding lagi . Sudahlah pusing bingung"
,"suka sama aplikasinya, sangat membantu. tapi bisa ga ya diperbarui kalo pesanan dari aplikasi seperti onlineshop spt tokped, shopee dsb itu bisa kasih rating juga. agar pengirim bisa juga memberi rating karna saya sering menggunakan jasa antarnya tapi banyak dapat driver yg sangat tidak ramah sekali!!"
,"Beberapa kali order grabfood yg drivernya sedang pick up lebih dari 1 orderan, sehingga harus menunggu lama padahal jaraknya dekat. Mohon agar dapat mengontrol orderan supaya lebih efisien untuk pengguna jasa Grab Thank you"
,"untuk saat ini cukup puas, tp blum sepenuhnya puas krna untuk hrga kadang² nggk sesuai dg apk. masukkan saja kalau misalnya ada perubahan harga tlong langsung diatur ulang kembali,biar custumernya nggk kesal. apalagi ketika ada promo tp tidak sesuai dg apk."
,"Masalahnya gak semua makanan yg di dapat oleh (driver yg mendapat double order itu) FAST FOOD 😩 . Kecuali driver gak nunggu (tinggal ambil food nya aja dan antar ,Barulah cepat dan efisien klw kayak begitu) . Tolong dong sebelum mengadakan fitur di tinjau dulu DILAPANGAN ! . Agar gak ada koment yg gaenak. Terimakasih !"
,"Sistem aplikasi semakin tidak stabil, sering eror ,log out sendiri, terus sesudah itu disuruh login dan muncul pemberitahuan adanya penangguhan akun karena transaksi tidak wajar padahal aplikasinya berjalan tidak wajar (tiba-tiba log out sendiri dan menangguhkan akun karena dicurigai menggunakan 2 akun). Contact customer support/ help center hanya bisa diakses lewat aplikasi dan ini semakin mempersulit layanan keluhan customer."
,"Semakin lama semakin ngaco nih aplikasi. Error, suka tiba2 order sendiri padahal baru input lokasi pick up dan drop off belum ok order malah tiba2 keluar sendiri dan giliran masuk ulang malah sudah dihubungi driver padahal belum milih jenisnya apa, tapi sdh terorder sendiri. Bahaya."
,"Kenapa sih grab lagi bnr"" butuh pada susah terima pesen nya"
,bangke.....!!! udh gk bisa pesan rokok lagi sekarang... makin goblog lu bikin aturan...!!!
,"Semenjak adanya aplikasi ojek berbasis online terutama grab, saya jadi tidak perlu susah-susah mencari jasa penghubung jika ingin bepergian baik itu motor, apa lagi pelayanannya yg sangat baikndan ramah, serta tarif yang terjangkau. Pokoknya mempermudah, dan mempercepat bepergian, semoga grab semakin kedepan"
,"pada awalnya saya merasa nyaman menggunakan grab. tapi akhir akhir ini, ketika ingin memesan grab ride, aplikasi selalu lama untuk di buka padahal untuk apl lain tidak. sudah gitu, kadang posisi driver lama untuk bergerak, jadi nunggu agak lama, padahl butuh segera. Mohon perbaikan nya untuk kedepan nya agar lebih baik."
,"Alhamdulillah sampai hari ini, 10 april 2023 menggunakan jasa grab memuaskan, bagus & aman,"
,"uda 3x langganan grab unlimited tp sering bgt error, gabisa dipake pas mw order makanan"
,Tolong kalau buat driver yg pesen kalau pas off harga di murahin ongkir nya hehe
,"Aplikasinya udah bagus,mudah digunakan tapi minusnya kadang² harga nya jadi mahal banget. Grab tolong diperbaiki sistem harganya supaya penumpang dan driver sama untungnya,dan kalau bisa dibanyakin promo dan vouchernya. Dan jangan sering update ya bikin memory cepet penuh, makasih :)"
,supir nya sabar & baik hati.
,"Saya berlangganan grab sudah cukup lama, Minggu lalu saya komplain tertinggal kunci dalam perjalanan grabcar, saya sudah telp CS 2x dan komplain via app 1x, tapi tidak ada respon pesan ato tanggapan yg saya terima, padahal saya sudah info no saya yg bisa d hubungi."
,driver cepat datang dijalan raya penuh dengan kehati harian.. mantap
,sangat baik sepirnya juga rama
,"Di pembaruan terakhir tidak bisa tracking/ melihat posisi driver melalui map, hal simple yang sangat berguna bagi pengguna tapi malah di hilangkan oleh pihak developer, sungguh di sayangkan."
,"Pesan makanan gak bisa bayar tunai pakai linkaja juga gak bisa, ribet"
,"Terimakasih perjalanan, pelayanan dan voucer pada grab sangat memuaskan bahkan dapat digunakan dan selalu ada setiap hari promo lainnya di grab. Saya pengguna lama grab di daerah, namun grab tetap baik dalam melayanan di daerah maupun kota dalam kata lain sangat membantu pengguna atau pelanggannya."
,Saya pernah 2 kali naik grabike dan motor mogok di tengah jalan. Imbasnnya saya hrus jalan kali lebih dari satu kilo meter. saya mau pesan lagi tidak bisa karena dalam aplikasi saya masih dalam perjalanan dan tidak bisa di tutup begitu saja . Tapi tetap saya bayar tarifnya sesuai dengan tarif yang di tentukan. Jadi tolong sebelum driver mengakut penumpang harus memastikan dulu kendaraan yang di pakai benar-benar aman.
,Untuk persi sekarang maps nya sangat tidak bagus dan tidak membantu untuk menentukan tujuan . Di maps nya cuma putih polos sama garis jalan doang dan itu sangat sulit bagi sya untuk nenetuin tujuan..... Tolonglah maps grab nya di balikin ke persi maps dulu yang persi maps satelit biar kami bisa lebih mudah menetukan tujuan
,"bintang nya 4 aja dulu , kekurangan nya tarif yg pertama muncul lebih gede dr pada tarif yg kedua , soalnya pertama saya nyari destinasi harga yg di tarif lumayah berkali2 lipat ,, setelah saya coba2 lagii akhirnya dapat harga yg lebih murah dan itu harus saya ulang2 terus ... mohon untuk di tingkatkan lagii"
,Kenapa di harus di instal ulang sich... sudah begitu penyimpanan data nambah. Hadeh..kalo penyimpanan data sudah full ng bisa di install ulang. Akhirnya ng bisa di pake aplikasi grabnya. Padahal pas lagi butuh.🤦‍♀️🤦‍♀️🤦‍♀️
,"Gk jls ini app, masa sy masukin alamat sy macan kumbang 6 yg kluar macan kumbang 3 udah d ganti masih aj ttp macan kumbang 3, gk jls masukin lokasih anda saat ini, udah d masukin ttp aj macan kumbang 3, beda sm apl gojek lokasi sesuai titik"
,"makin lama makin lama di buka aplikasinya, penetapan lokasi juga makin ngaco.. switch dri bike ke car mesti kembali ke menu utama, dan tolong pop up nya jgn berlebihan. dah tau aplikasinya lemot bgt tmbah lagi pop up ga penting!"
,Sulit hub. Driver padahal salah alamat. Call center juga gak membantu
,Sering kesel kalau order grab food drivernya ngga bisa di hubungi terus makanannya dtg ngga sesuai estimasi waktu
,"Gk bisa di pakai, harus verifikasih wajah gk jadi2"
,"Aplikasi grab yg baru sekarang ini ada sedikit penurunan,krn tiap kali sy order selalu foto driver tdk bisa dilihat dg jelas krn foto driver tdk bs diperbesar. Sy jd tdk bisa mencocokan foto driver dg wajah aslinya,jd mengkhawatirkan. Baru stlh orderan selesai,foto driver baru bs diperbesar. Sungguh kemunduran sekali aplikasinya. Terimakasih"
,Titik penjemputan & titik turunkan penumpang sering tidak sesuai
,"Tidak dapat mengedit tujuan, overall bagus"
,Titik lokasi hari ini bener bener kacau pesanan nyasar jauh dari titik lokasi
,"Membantu sekali, tapi sayang kebanyakan diupgrade nya apalagi disaat sedang buru buru/dikejar waktu tidak bisa langsung order karna app tidak bisa dipakai sebelum diupgrade, rewads token pun sekarang tidak ada ya?"
,"Utk komplain transaksi pengisian pulsa agak sulit, karena kode transaksi tidak bisa dicopy paste dari laporan transaksi yg ada,jadi harus mengetik ulang sekian banyak kombinasi angka dan huruf(32 karakter).seandainya bisa dicopy paste tentu lebih mempermudah pelanggan, atau kodenya jgn kepanjangan"
,"bener banget kata yang lain, sudah di arahkan satu titik malah berubah ke titik lain tidak seperti versi versi sebelumnya bisa di arahkan sesuai titik rumah. Update versi bukan malah makin valid dan bagus malah downgrade."
,Aplikasinya kadang lemot dan alamatnya ada beberapa tidak sesuai dengan yang punya toko/perusahaan. Harganya bersaing lah. Sering ngebug / ngefreze sendiri.
,"Seringkali driver tidak bisa dihubungi,diterima tapi titik tiba-tiba jauh dan seringkali minta di cancel dengan alasan yang lucu, tapi selalu masuk pemberitahuan untuk tidak sering melakukan pembatalan, di lihat dong review ny knpah terjadi pembatalan..."
,"Kenapa di aplikasi sudah tidak bisa melihat ikon driver lagi di map? Padahal dengan ada munculnya ikon driver sangat membantu kami para driver untuk mencari lokasi yg tidak ramai drivernya. Kalo.seperti ini bikin susah. Kami mangkal di satu tempat ternyata ada puluhan driver di situ, akibat tidak bisa mngecek melalui aplikasi ini"
,Aplikasi nya ga bisa kirim pesan cuma bisa telpon gratis doang
,"Maaf ya saya kasih bintang 2, karena percuma saya update tp ternayata ga bisa digunakan, sudah sejak setahun lalu, saat saya mau gunakan harus verifikasi wajah tapi selalu macet selfinya padahal sudah mengikuti petunjuknya dan jaringan maupun paketan saya lancar2 saja. Aneh jadi ga bisa dipake gini"
,Aplikasi yg sangat susah untuk Terima masukan saya sudah platinum untuk pengguna grab tp apa yg saya dapat di saat saya butuh pengemudi sangat sulit untuk bisa dapat semua driver nya hanya memikirkan keuntungan pribadi tampa pernah memikirkan pengguna nya
,sangat puas dg adanya grap dan terbantu sekali 💓💓
,suka dan banyak discount
,"Punyaku aplikasi nya makin lama bayarnya makin mahaalll banget.. kenapa yaa pdahal punya adek aku harganya normal"" aja. Di aku mahalnya kebangetan"
,Ini kok aplikasi grab nya tidak bisa digunakan untuk bagi penumpang yang mau menggunakan grab bike ya ???? Kok bisa nya naik taxi saja keluar negeri ??? Kapan bisa pulih seperti sediakala ada grab bike nya ???
,Pada dasarnya aplikasi grab sangat membantu. Tapi untuk beberapa alasan kualitasnya perlu di tingkatkan. Sperti titik yg kadang2 lari2. Ini menyulitkan pemesan dan driver.
,Mau order grabfood tpi gak ada gambarnya gimana mau pesen nih? Harus update dulu? Percuma udh bbrpa kali gini mulu..
,"Admin tolong di perbaiki bug aplikasinya. Pada saat apk grab di pakai bersamaan dgn aplikasi lain salah satunya WA, apknya langsung ngelag, layar hp langsung hitam dan tiba tiba uda keluar langsung dari aplikasi. Tolong perbaikannya"
,"Ko semenjak sudah update bahasa nya jdi bahasa lain sihh,gk bisa pake bahasa indonesia"
,"ribet segala pake selfie buat verifikasi, aplikasi sebelah kaga make padahal"
,"Suka banget sama app ini, kalo complain grabfood cepat tanggap, makasih yakk.. perbanyak lagi dong diskonnya, sama reward poin kok smakin turun yaa.. tapi overall tetap app antar makanan favorit Untuk masalah ""double order"" mgkn bisa dbuat fitur optional, jadi bisa setting iya atau ngga dengan perbedaan tarif antar tentunya, krn sy sadar diri sih tarif ongkir murah jarak jauh masa gamau double order😅, tp kdg lebih butuh pesanan cepat sampai meskipun tarif ongkirnya mahal"
,"Semua fasilitas & kebersihan , pelayanan okeeyyy"
,"supirnya baik bngt, terus sopan lgi 🥰"
,"Minta update sejam g isa buka,,ini uda pakai wifi kukira setingan dwnload,,g isa"
,"Tolong sistem navigasinya diperbaiki, seringkali titik dari pelanggan beda dengan titik yg diterima driver. Kasihan driver harus dibuat bingung karena arahan yang tidak tepat. Driver serasa 'dikerjain' oleh sistem navigasinya"
,"Alhamdulillah,,selamat sampe tujuan santai gak kebut,,kebutan.terimakasih bang grab🙏😍"
,"layanan cepat,ramah,terpercaya"
,"ngga jelas, promo grab pas mau di pake statusnya mengesahkan giliran dikeluarin bentar di cek lagi promo sudah habis di gunakan! padahal baru di pake sekali. terus juga pas abis di upgrade titik lokasi yang biasa buat tujuan malah jadi ilang"
,Hobi banget lelang harga driver cancel harga naik gile patok harga aja dr awal biar ga ribet
,"Kenapa ya, udh sering order. .lalu udh d update juga. .tp, pas mw order lagi malah di suruh masukn nomor telfon ulang. Udah di masukin jomor telfon dan di kirimin kode verifikasi malah nggak bisa pindah ke menu selanjutnya. Udah di tunggu 30 menit tetap saja layarnya cuman warna hijau bertuliskan grab. Akhirnya perjalanan jadi tertunda."
,"Pencuri saldo ovo ku yang katanya langganan grab unlimited padahal ini akun sudah gak pernah dipakai 3th lebih tapi mencuri saldo ovo, bahaya takut untuk mbanking jg"
,"Gak bisa daftarin ovo, link atau puana yang lain..... Kok kek gini sih tolong di perbaiki sistem nya"
,"Grab sangat membantu dalam berbagai option pelayanan. Terutama grabbike, cepat & oke. Semoga pelayanan semakin ditingkatkan, keamanan pengguna grab tetap terjamin dan driver juga agar diseleksi kembali dengan plat kendaraan yg berubah. Terima kasih Grab."
,"Suruh update terus, kalo ga diupdate gabisa dibuka, mana aplikasinya gede bgt,makan kuota banyak, lama pula prosesnya , hadeuh..ada voucher promo sampe 30an lebih, tapi kaga ada yg bisa dipake pisan.. Ckckck dahlah"
,"Aneh. Sekitar 2 bulan ini sering crash. Ini kejadian setelah update aplikasi nya. Periksa deh apa yang salah. Soalnya saya sudah coba clear cache, clear data, uninstall dan instal ulang, tetap sering crash. Jadinya suka kesal pas mau pesan, aplikasi restart terus. Dan satu lagi, sekarang Aplikasi Grab terlalu banyak menggunakan resource saat dibuka, lambat banget."
,Aplikasinya sangat membantu. Tapi tolong untuk mapnya agar dilengkapi dengan citra satelit agar lebih mudah menentukan lokasi. Saya beberapa kali salah dalam memberi titik lokasi karena gambar map tidak ada.
,"awalnya saya gk ngerti gimana cara pake aplikasi ini tapi sesudah 1 bulan, 2 bulan saya pun nambah mengerti. apalagi ada fitur ovo yang ada diskon besar2an apalagi kadang2 ada diskon dari eventnya kayak yang belanja minimal 40 ribu bisa dipotong harganya jadi lumayan murah banget dan belinya pun juga gampang lagi. terima kasoh banyak ya grab, mudah2an aplikasi ini bisa dikembangkan lagi ok."
,"Sejauh ini sudah bagus, cuma sy mau kasih saran tolong cantumkan juga warna motor/mobil driver, krna warna lebih mudah dilihat meskipun dari jauh, dibandingkan plat kendaraan, apalagi saat di keramaian. Selain itu sy mau lapor sepertinya ada bug, setiap sy mau isi saldo ovo dgn pengemudi, selalu dialihkan ke browser. Itu sangat menjengkelkan. Padahal sebelumnya baik2 saja, dan sy sudah coba perbarui tp ttp dialihkan."
,memuaskan dan gampang
,"sangat membantu,buat masyarakat pedesa an"
,Tidak diragukan lagi selalu ada free ongkir dan potongan harga.
,"Susah menentukan titik point.. Aplikasi geser2 sendiri dlm menentukan titik point. APLIKASI kok g manut sm yg mau pake... jd males klo mau pake grab.... Mbok y segera diperbaiki. Disuruh nambah tempat/lokasi baru/titik point lg, tp ngga dikonfirmasi2, skalinya ada notif konfirmasi malah ditolak. Jd harus gmn ini.... bole pake grab ngga??"
,"Hallo grab superapp, kenapa skrng grab agak berat sekali aplikasinya, titik susah dibuat, dan lemot klik2nya,, ini sinyal bagus loh kenceng, hp saya mumpuni.. Aplikasi abis update malah banyak kendala... Belum di grab merchant yang karna jalannya aplikasi background mengganggu pemutar musik dan video.. Jangan sampai bintang 1 ka..."
,"Maaf kasih bintang satu , krn aplikasi grab skarang lambat proses nya karena selalu di suruh update aplikasi , stelah kita update lama skali loading nya , sdh lama loading nya ( gagal lagi ) berkali2 , klo update gagal aplikasi grab tdk bisa di gunakan . Mohon u/ dpt di perhatikan gjn sbentar2 srh update aplikasi . Jadi kita pengguna grab merasa tdk nyaman. Terimakasih"
,"menyelesaikan masalah,tenang dan aman"
,Sangat membantu buat perjalanan mendadak bisa jemput dari depan rumah . .
,"Bagus, tapi sedikit kurang, saat menuntukan titik penjemputan/tujuan, koordinat tidak bisa sesuai/kabur-kabur, mohon untuk diperbaiki lagi, dan lebih disempurnakan lagi, agar lebih bermanfaat dan sempurna"
,memudahkan perjalanan saya dengan tambang yang murah
,Banyak promonya.. harga lebih murah. sangat membantu sekali
,"Gak bisa masuk akun , padahal udah ganti sampai 3 nomer HP ,katanya di curigai indikasi mencurigakan gimana mau order mau masuk akun aja di persulit ,beda sama yg sebelah mau 2 atau 3 akun aja gak ada masalah . mau aku hapus aja app nya # Kecewa"
,"Apa untuk daerah pekalongan belum tersedia driver kah , kenapa saya mau bepergian ke pemlang aja nyari drivernya susah banget"
,"secara umum sudah baik, fungsinya sangat membantu, namun untuk mengoperasikan aplikasi ini harus dijaringan yg super kuat dan cepat, gak seperti aplikasi ojek online sebelah, jaringan 3G pun tetap bisa digunakan, maunya sih sepertibitu juga"
,Sangat kecewa selalu ada tulisan aktifitas yang nga biasa padahal sudah di update ke versi terbaru selain itu voucher gak bisa digunakan lalu untuk apa voucher? harga di kedai makanan padahal promo tapi ketika di pesan harga asli tiba-tiba muncul lalu untuk apa dikasih promo??? Kalo kayak gini terus mending uninstall aja lah
,"kurirnya szngat bagus ,,ramah,,terimakasih ya"
,"Kalo milih alamat pengantaran lewat peta malah geser ke rumah orang, karena rjmah sendiri tidak terdaftar di peta grab. Alamat jalan juga aplikasi yang nentuin, bukan gang diketik sendiri, padahal kalo ditambah catatan belum tentu dibaca sama driver nya, alhasil sering salah alamat. Tolong diperbaiki"
,"Grab semakin lama tambah parah,tarif terlalu mahal, ada tambahan biaya pemesanan, untuk apa itu? Waduh... mending saya uninstal langsung dan beralih ke aplikasi lain. Teman teman udah banyak yang pindah ke aplikasi lain, bagaimana kalau begini, yang jadi sasaran/dampak pasti driver, kasihan drivernya. Jika ingin bertahan perbaiki dulu tarif dan fitur aplikasinya,sering update tapi nggak ada kemajuan malah aplikasi sering eror... hmmm... emang grab nggak bisa di andalkan sekarang... parah bener."
,"Awalnya suka banget pake grab. Tp fasilitas grab healtynya gak bagus. Pertanyaan dg dokter dapat antrian 1 dan sudah mulai sesi pertanyaan, tetapi gak direspon2 sampai waktunya lebih dari 10 menit. Lalu, dikasih penilaian 3 ke bawag gak bisa. Penilaian bisa terkirim jika 4 bintang atau 5 bintang."
,sangat membantu disaat dibutuhkan
,pengemudinya sangat ramah.
,"Aplikasi tiba2 tidak bisa digunakan, sudah mengajukan komplain melalui HELP CENTER sesuai prosedur tapi tidak ada solusi dengan alasan yang mengada-ada, dikatakan saya punya beberapa akun yang sama dalam 1 ponsel, padahal kenyataannya tidak demikian, saya tidak senganggur itu sampai bikin beberapa akun. Mana masih ada voucher paket langganan yang belum terpakai seenaknya saja matiin akun. Hati2 ya buat yang suka langganan paketan grab takut tiba akunnya dinon aktivkan sepihak tanpa kejelasan."
,"Aplikasi sangat membantu sayaa terutama grabfood, tetapi ketika saya berada diluar kota yg kulinernya begitu banyak variasi nusantara, saya kesulitan dalam memilih makanan. karena ketika saya memilih tokonya tidak ada logo / tulisan halal yg membuat saya harus memilih makanan lebih hati hati."
,Saran saja.. Seharusnya masalah2 atau kendala bisa di selesaikan pihak aplikasi dengan melihat lewat komentar2 di ulasan ataupun komentar2 yg lainnya di medsos. Jangan mengandalkan di help center atau dm di twitter. iya kalau customer punya twitter kalau tidak?mau kemana lagi mau mengajukan keluhan masalah atau kendala yg customer alami?
,dear grab company.. ini udah yang ke - 3 kalinya saya pesen makan menggunakan aplikasi grabfood.. 3 kali juga tidak sesuai dengan harga yg tertera kl harga product nya it's ok . tp harga ongkosnya.. 2 kejadian lalu nevermind karena terjadi 1 - 2 minggu lalu.. ini skr saya pesen kfc.. harga berbeda saya mengerti.. tp ini yg berbeda pada ongkirnya.. dari 4rb tiba2 saya harus banyar 12rb.. harga ga seberapa tp knpa selalu berbeda ya.. saya jd tidak puas dengan pelayanan nya.. tolong di double check
,Tadinya ngasih 5 bintang tapi sekarang saya kasih 3 bintang karena saya kurang nyaman dengan adanya double order grabfood. Untuk costumer kurang efisien karena double order merugikan costumer pertama yg memesan. Apalagi kalau pesennya makanan yg berkuah. Tolong grab difikirkan ulang untuk inovasi ini.
,Aplikasi bngst! Ampaass Order makan habislah adanya cuma ini itu. Harga gk sesuai di aslinya lah apalah entod. Saya yg mau pesan makan yg saya suka di atur2 suruh ganti menu yg saya gk suka alasanya habis apalah. mau cancel gk bisa gara2 resto plihan. Abang grabnya jg ngotot suruh pesan gk bisa cancel.padahal menu lain tidak ada yg saya suka. Bngst!. Ini gk sekali dua kali gua alami saat gua order pesanan tod! SERING TERJADI
,"Cs nya tidak membantu sama sekali. Padahal saya sudah Platinum. Masa buat laporin driver nakal nggak bisa. ! Karna pesanan di resto pilihan, jadi saya nggak bisa cancel. Sedangkan driver yg tidak bertanggung jawab menerima pesanan saya tidak berjalan sama sekali, saya sudah menunggu hingga 30 mnt, tapi bahkan posisi driver tidak bergerak dan tidak sampai2 di resto, setelah itu baru drivel rese itu cancel pesanan saya, dan langsung di ganti dg driver baru yg 2 mnt saja udah sampai di resto!"
,sangat membantu sekali dengan ada nya grab bisa masuk ke stasiun stasiun
,"tolong perbaiki maps nyaa ,,susah banget di atur"
,banyak promo dibanding sebelah sebelah thx grab
,"Mapsnya bener bener aneh, ga real seperti di lokasi. Kenapa sih ga sama sama google maps aja yg udh akurat, alamat yg saya tuju di gmaps itu ada dan akurat di cari di map grab ga ada ga muncul. Perbaiki deh bikin susah tau ga"
,"saya sbg merchant kecewa, gada aplikasi & update an harga utk mengubah harga menu resto saya. dan harga menu resto saya tbtb berubah sendiri, bukan harga 20% lagi sesuai perjanjian tetapi harga biasa di resto. dan ternyata potongan komisinya bukan cuma 20% tp 20%+10%. tidak sesuai perjanjian. saya sbg merchant merasa keberatan karna komisi yg terlalu besar sehingga saya mesti menaikkan harga yg cukup tinggi utk setiap menunya. udah mana harga di aplikasi berubah jd lebih murah, jd rugi. aneh"
,cepat & hapal jalan
,"aplikasi taiiii sy msuk dmgan nmor sy yg kmren mlah ruet sudah verivikasi di gmail tapi apliksi msih tdak brguna ap anjenggggggg nabis2in kuota aja mnding nonaktifkan aja ini orang lgi buru"" mau ambil saldo gopay mlah ruettttt"
,"Sangat membantu tapi kadang promo yang harusnya 2x/ hari tapi hanya bisa dipake 1x aja padahal waktu sudah sesuai. Terus harga suka tiba"" naik dan jangan terlalu besar naiknya. Makasih"
,Mohon kepada penyedia layanan grab untuk memperhatikan aksesibilitas aplikasi grab terhadap pengguna disabilitas netra karena versi terbaru ini sulit untuk diakses oleh para disabilitas netra. Terutama yang menggunakan bantuan talkback atau smart voice pada androidnya. Dengan adanya versi terbaru dari grab para disabilitas netra mengalami kesulitan mobilatas menggunakan aplikasi grab terbaru padahal sebelumnya aplikasi grab sangat membantu para disabilitas netra untuk menjalani mobilitas sehari2.
,sangat membantu saya mencari dan mngantarkan alamat yg saya cari
,"Alhamdulillah, adanya Grab sangat banyak membantu kami menjalani aktivitas sehari-hari. Namun akan jauh lebih baik lagi bila ditambahkan fitur KHUSUS WANITA, dimana para penumpang perempuan bisa memilih driver perempuan guna menambah kenyamanan perjalanan mereka. Sebab seringkali kami merasa kesulitan bila tak menemukan teman perjalanan, sementara hanya berada di mobil dengan sopir tentu sangat tidak nyaman. Mohon diperhatikan, ini urgent... sebab apps ojol wanita belum ada yg bisa diandalkan."
,4 bintang dulu ya SARAN : mungkin untuk pengemudi bisa di beri akses peta seperti di google maps agar tidak salah arah saat penjemputan dan kami pelanggan tidak terlalu lama menunggu untuk selebihnya baik.. Semoga tambah baik lagi kedepannya
,Ma'af kenapa aplikasi nya tidak visa chat driver ya mohon di perbaiki n biar bisa chat driver di layanan grabfood khususnya terimakasih
,"Setelah diperbaharui, 1. saya sudah sampai tapi aplikasi masih aktif. 2. Tombol pengaduan, terlalu banyak template instan. Jadi aga ribet. Mau ngadu pilih masalah nya yang mana. Kalo mau ngetik, pilih nya yang mana. Bertele tele. 3. Titik ga bisa diluar poin2 yang sudah ditentukan. Masa saya harus ke titik yang sudah di tentukan dulu baru saya ke rumah. Kalau langsung ke rumah. Grab ga ke titik tsb. Pesanan saya ga bisa selesai. Ribet. Kenapa ga dibikin tombol di hp konsumen kalau sdh selesai."
,"Mantap, apknya mendukung banget"
,"Disuruh update, udah tak update kapasitas memory hp cukup tapi kenapa gak bisa mulu, terus udah mau 100% ulang lagi dari nol. Sampai 3 kali tetap aja gak bisa, buang2 kuota. Tolong di perbaiki lagi yg jelas di suruh update tapi gagal terus pas udah mau 100% ngeselin. Tlong jelaskan jangan di balesnya pakai chat otomatis aja. Banyak yg kecewa sama ni aplikasi, udah ngabis2in kuota gak bisa di instal telekk"
,"Aplikasi nya keluar sendiri. Begitu di buka lagi, eh malah ga bisa masuk lagi. Gimana mau pesan food begini? Dari kemaren sore juga masalah nya ini² juga. Aplikasi tidak bisa terbuka. Padahal sebelum nya hp udah di restart, dan aplikasi juga udah di delete terus di instal ulang."
,"Grab makin hari makin mahal, gak pernah ada promo meskipun pakek ovo. Sangat tidak menjangkau untuk pelajar. Kata nya mempermudah perjalanan kita, tapi nyata nya malah berat di ongkos. Makin tiap hari dipakai makin mahal Turunin tarif seperti dulu lagi, banyakin promo nya juga kayak dulu. Makin malas kalau kayak gini pakek grab"
,"Handphone saya tahun 2018,aplikasi sering ngelag ,respon lambat dan sering salah titik penjemputan, harus extra hati hati sebelum konfirmasi ,sangat mudah bagi pengguna untuk salah pakai atau sengaja order fiktif , driver bisa rentan kena imbasnya, mohon dioptimalkan kembali aplikasinya"
,Tolong dong sestem grabnya di perbaiki terkadang mencari tempat tidak ada dalam grab padahal udah nyala GPS-nya tidak bisa langsung mencari otomatis malah nyasar ke tempat lain
,"alhamdulillah selalu tepat waktu tidak terlalu lama mnunggu,,pertahankan"
,Kok kebanyakan biaya tambahan sih trus kenapa ongkirnya jadi mahal banget
,Sistem grab semakin parah dari mulai maps yang kurang tepat dan driver yg didapat posisinya jauh dr titik jemput
,"Sangat terbantu dengan adanya grab. Perjalanan, makanan dan pemgiriman jadi lebih mudah. Tingkatkan kembali kualitas driver . Agar konsumen lebih aman tolong agar lebih ketat dalam kemanan akun . Karna yang saya tau sering sekali terjadi pembelian akun"
,Kenapa sekarang pesan makanan kok lama banget nyampenya sy tanya ke driver orderannya banyak masuk bukan hanya sy saja 🤦 buruk
,"Saya sekarang kecewa sama grap, padahal dulu saya paling suka menggunakan grab tpi sekarang ini tarifnya jauh berbeda dengan dulu, harga tarifnya naik berkali2 lipat lebih mahal dan promonya makin sedikit bahkan tidak ada. Tolong lebih di tingkatkan lagi promonya"
,"maps nya ga pernah sesuai. kalau di kasih alamat lengkap, titik nya nyasar jauh. kalau cari alamat sesuai titik, eh alamat nya beda. tolong dong, perbaiki.. kalau gini seakan akan pengguna yang salah letak lokasi penjemputan nya. driver jadi kesusahan."
,"Nyebelin banget. Masa akun saya di beku kan? Emang sih saya sering instal-unistall app. Supaya pas gak butuh banget ruang ponsel bisa hemat. Gak mencurangi apapun malah di bekukan. Pas pengajuan banding juga di alihkan ke link, link nya error? Lebih di perhatikan lagi dong sistem keamanan nya gak jelas. Tolong balikin akun saya!"
,"Aplikasi Cuma Cari Untung Sendiri.. Biaya Pemesanan Gede,Potongan Besar Pula Buat Driver.. Nyari Duit Di Indonesia,Tp Kantor Pusatnya DiLuar Negri. Kaga Bener Nih Aplikasi"
,"Ini kenapa ya, saya pesan makanan udh saya setting di alamat rumah saya tapi malah sampainya di daerah lain, ini grab mohon di bantu..."
,Sistem double order bikin esmosi... Saya yg pesen duluan. Eh... Yg order setelah saya malah dikirim duluan alasannya lebih dekat...😅 what a freak lah🤣 Trs ada keterangan katanya biar lebih efisien... Efisien dr mana bos... Pingsan kelaperan iya😄😄😄😄 (Btw g bisa kasih bintang kosong yak) 😌😌😌
,Sangat membantu perjalanan
,perjalanan meng asyikkan nyaman
,"Menurut saya aplikasi ini sngat membantu, apalgi kalau sedang hujan atau sedang males keluar saya sngat trbntu untuk hal itu, tpi tolong dong diperbarui lagi aplikasi biar bisa kirim google mapsnya, soalnya kdang suka salah naruh titik jdi sulit ngsi tau ojolnya kan kasian muter"" kalau bisa ya juga diisin kyak stiker"" gtu biar lebih menarik, dn juga kalau bisa kita bisa lihat profil ojolnya, kyak wajah gtu biar nggk bingung crinya. Terima kasih😊"
,"Maaf mau bertanya, mengapa ketika sudah log in tiba tiba lokasi tidak ditemukan, dikarenakan location service nya tidak dalam high accuracy, kemudian saya sudah menggantinya kedalam high accuracy tapi tampilan nya tetap lokasi tidak ditemukan, bagaimana itu?"
,Sekarang ko ga di liatin map'y saat pemesanan grabfood..jdi ga bisa melihat jarak dan posisi'y.. Lebih baik seperti sebelum'y bisa melihat di map. Tolong di kembalikan seperti sebelumnya ya. Nanti bintang'y saya kasih 5. Terima kasih.
,ok banget ini aplikasi transportasi
,"Mohon maaf supaya lebih di kondisi kan bagi para pekerja ojol admin soalnya saya pesan grab dan sudah lancar tapi kenapa setiap sampai tujuan ""mas batalkan aja pesanan nya terus berapa totalnya mas 25 ribu"" bukannya apa biar lebih efisien dalam bekerja kalok gini kan cuma ojol grab nya aja yang menerima uangnya kasian kepada pemilik PT grab yang susah payah dalam membuat lapangan pekerjaan yang sebagus ini mohon di tindak lanjuti PT grab yang terhormat"
,"kenapa di email aku grab ga bisa ya sekarang2 ini tuh,,mau pesen2 malah ga bisa,selalu aplikasi balik lagi balik lagi keawal kadang suka tutup aplikasi,udah di uninstall sampe di install ulang lagi gitu aja kaga ada perubahan,,ku hapus aja jdinya lah,,mau pesen2 aja ga bisa😒😒😒"
,mudah dan nyaman fasilitas nya grabnya
,"Bisa ga sih ga usah suruh upgrade tiap bulan, 10.10 upgrade 11.11 upgrade mana perlu ruang yg banyak. Udah apus aplikasi sana sini masih suruh apus terus heran. Bisa ga besok 12.12 ga usah suruh upgrade lagi. Kalau mau buat promo bukan aplikasinya yg di suruh upgrade tiap bulan. Mana kalau ga di upgrade ga bisa pakai. Kesannya maksa bangett buat upgrade."
,"saya mau masukkan kode promo untuk pembayaran tunai, malah gak bisa, bilangnya gak valid. Padahal make pun belum pernah. Akhirnya saya gunain poin saya tuk beli potongan harga perjalanan, itupun hilang dengan alasan ada kendala teknis. Ngeselinnya, hal-halyg bgini justru terjadi pas lagi telat dan mesti buru-buru. Tolong grab, mohon diperbaiki. Udah lama hal ini terjadi."
,aplikasinya bagus pengemudinya juga enak kalau pesan grabfood juga mudah banget tapi kenapa pada saat pesanan yang saya pesan di otletnya sudah habis terus saya ganti dengan menu lain kenapa harga yang harus saya bayar sama seperti pesanan awal seharusnyakan sudah berbeda harganya
,"Terimakasih Grab udh setia menemani saya di waktu sasak sekalipun.. jdi gak perlu takut kalo mau kemana2. semua bisa dilakukan lewat handphone. Promo2 menarik yg cocok banget buat mahasiswa seperti saya, biaya perjalanan jadi lebih mudah dan murah apalagi semenjak menggunakan OVO. Terus maju dan bertanggungjawab ya Grab! :)"
,nyaman di perjalanan
,"Apa driver ga bisa liat posisi penumpang yang pesan grab dimana dn kemana?Saran kpd driver grab khususnya driver grabcar. Karena seringnya main terima order, ternyata posisi driver jauh dari lokasi penumpang nunggu. Driver Menghubungi pada saat lokasi sudah terlewat. Kalo sampe di cancel tiba2 menghubungi. Lalu Promo sering habis padahal baru dipake 1x tidak sesuai dgn deskripsinya. Berlaku ...x tapi baru dipake sekali dua kali lgsg habis. Maksudny gimana sih kalo kasih promo"
,𝒄𝒆𝒑𝒂𝒕 𝒕𝒆𝒑𝒂𝒕 𝒅𝒂𝒏 𝒂𝒎𝒂𝒏𝒂𝒉 𝒔𝒆𝒍𝒂𝒍𝒖
,sangat membantu utk perjalanan
,"Ovo saya tidak dapat terhubung dengan aplikasi grab, lalu akun saya dibekukan, tidak akan pakai grab lagi, kecewa"
,"Aneh, mau pesan di restoran bakar rica paniki tapi nama restorannya tidak muncul. Terus pencarian restonya pada acakan semua nggak jelas jadi bingung nyarinya, tolong diperbaiki lagi lah dan kalau bisa dibuat berurut dari resto yg terdekat sampe yg terjauh biar nggak bingung nyarinya"
,"Tolong diperbaiki, saya tidak dapat mengganti nomor OVO di app grab sesuai dengan aplikasi OVO, dengan cara mengganti nomor telepon juga selalu error...diupdate terbaru pun tidak menyelesaikan masalah, bantuan juga tidak menyelesaikan masalah... ah menjengkelkan sekali."
,Kenapa saya pesan 1 pesanan tapi malah 2 grab/ 2 pesanan yang datang
,"tks grab telah membuat aktifitas perjalanan kami& aktifitas lainnya jd lebih mudah & lebih murah ... paket langganannya mantap, dan akan lebih mantap lagi kalau paket langganannya bisa diperpanjang setiap saat (pada saat paket habis sebelum masa tenggangnya) ... sukses selalu buat grab dan ditunggu promo hot lainnya"
,"maaf nih sebelumnya nurunin penilaian dulu, soalnya saya mau mesen makanan dri kemarin gk bisa"". kirain wifi saya bermasalah, pas ganti ke data tetep aja gak bisa. trs udh install ulang aplikasinya, ttp aja g bsa. nyoba di hp lain, tetep gak bisa. dan ini kapan bisa di perbaiki? tolong ya grab ya,"
,"Makin lama servis grab ni makin teruk, dah lah harga di naikkan grab pun susah nak dapat"
,"Aplikasinya yg sekarang bisa merubah harga sama oesanan tanpa konfirmasi dulu. Saya suka pakai grabfood karna gak ribet sama banyak promo, tapi karna harga sama pesanan bisa berapa tanpa konfirmasi kayanya saya pikir pikir lagi. Pesanan yg di pesan habis tanpa konfirmasi langsung di hapus dan ganti harga, yang awalnya bisa pakai promo tiba tiba promonya hilang. Padahal bisa ganti pesanan yg habis dengan oesanan lain yg harganya sama, tanpa harus mengganti harga dan pesanan otomatis."
,"Upgradenya keseringan meskipun ga separah gojek sih. Ngabisin space, ngabisin kuota buat upgrade, tapi kadang upgradenya ga penting, yg didapat customer ga worth it dengan usaha yang dikeluarkan. Buat apa ada fitur tipping? Kan udah ada fitur yang semacam itu sebelumnya. Upgrade itu bagus buat ningkatin pelayanan tapi ya gak sesering ini juga. Setahun sekali / 6 bulan sekali masih oke lah. Lebih dari itu annoying"
,"Dari bandara CGK ke tujuan di mintain uang tambahan lagi di luar biaya transportasi yg sdh d tentukan dr aplikasi, gak bnyak sih cma 10 rb. Tp tetap mengecewakan. skrg lbih enakan pakai aplikasi GOJEK, kalau dari bandara ke alamat tujuan. Saran utk grab , klo emg ad tambahan langsung aj d masukin ke aplikasi biayanya, jd penumpang gak mikir lg sopir nya pungli."
,"Saya ada kesalahan saat mengetik tujuan , krn apartement dgn nama mediterania di jakarta ternyata banyak, biasanya kalau ada salah ambil tujuan , kita bisa mengganti tujuan baru dan langsung ter recalculate oleh pihak grab, namun hari saptu kemarin ternyata tidak bisa , sehingga saya harus banyak membuang waktu krn harus sd tujuan yg salah, baru pesan grab kembali utk tujuan yg benar. Please bisa di perbaiki untuk hal tsb. Thank U"
,"Titik tidak bisa di pasang sesuia lokasi, Sehingga tiap kali order makanan driver nyasar terus kemana-mana."
,Pengemudi ramah dan membantu
,untuk pertama kali sy menggunakan aplikasi ini saya cukup terbantu apalagi ketika pergi ke satu daerah dan belum tahu alamat pasti yg dituju
,"Pas masuk aplikasinya sering error, udah pilih titik lokasi & tempat tujuan, eh malah tiba2 keluar dari aplikasi dan harus di ulang beberapa kali sampe ngeselin, pengen pesen buru2 eh malah makin lama"
,"Saya sangat senang, karena sangat membantu. Tetapi untuk grab food nya. Saya saranin masukkan foto/ gambar. Karena banyak menu aneh. Ya kalau ga bisa gambar, paling tidak deskripsi menu."
,Selalu gk dapet ojek padahal waktu mepet gk wort it
,"Sistem double orderan, sangat membuat pelanggan tidak nyaman karena harus menunggu sangat lama. Double orderan di restoran yang tidak sejalur dan alamat pengantaran yang juga tidak sejalur. Kenapa tidak diselesaikan satu per satu 🤦‍♀️"
,Semoga Grab mensejahterakan drivernya dan discont untuk penumpangnya.
,"Terima kasih grab telah hadir memberikan pelayanan. Mempermudah buat pesan makan. Tapi ada yang ganggu nih. Ada toko babi tampil terus dipencarian, di blokir gak bisa. Geli banget ihh, tolong dong hargain ini kan pelanggan rata2 orang muslim."
,Ini kenapa ya setelah di perbarui ngelag selalu keluar sendiri
,"Belakangan ini sulit dapat driver yang lokasinya berdekatan dengan lokasi pemesanan. Hampir setiap pagi harus menunggu minimal 10-15 menit (bahkan bisa lebih) karena jarak driver selalu jauh. Padahal tidak jauh dari lokasi, ada driver yang stand by dan saat saya tanyakan mereka sama sekali tidak dapat sinyal pemesanan dari saya. Mohon bantuannya atas sistem sinyal pemesanan yang lebih baik lagi. Terima kasih"
,Map nya ngaco titik nya jadi di sebrang nya alhasil saya jadi nyebrang buat nyamperin driver nya parbaiki dong
,cepat aman dan nyaman
,"Harga yg tertera di aplikasi beda sama harga di restoran.. Kadang bedanya sampe 5 ribu stiap menu, banyak restoran yang begitu itu semacem penipuan harga, karna ketika makanan datang kita harus membayar lebih dari pada harga yg tertera di aplikasi (diluar tip lho ya)"
,Bagus. Tapi tingkatkan lagi kenyamanannya seperti saat kita pesan makanan via Grabfood kita bisa lihat posisi pengemudi secara realtime berbasis GPS dan ditampilkan titik di layar aplikasi
,oke. makasih grab. pemesanan mudah. semoga sering² keluarin Promo potongan harga
,Gila pesen makanan 2 jam belum beres. Di cancel ga bisa. Makin sini makin parah. Estimasinya 40 menit makannya order.
,"aplikasinya enak dipakai, tidak terlalu berat dan experience penggunaan aplikasi aman nyaman. hanya UI dibagian grab food kurang maksimal, mungkin bisa ditambahkan shortcut2 lain..."
,aplikasi taik aplikasi sampah gak mutu driver nya pun banyak yg gak da etika uninstal 👍👍👍👍👍
,"aplikasi nya berrrrraaaaaatt. Ijo2 sebelah jauh lebih ringan dan cepat. Tarif so so lah, kompetitif. Kalo lagi buth cepet, dan ternyata aplikasi minta diupdate, gabisa ditunda nanti, harus update dulu baru bisa dipakai. ga efisien dan ga mobile. Jauh dibanding tetangga sebelah."
,"sangat membantu, trimaksih grab"
,"Tod tod gagal total murik asw lah, gegara pesen 3x /4x lupa driver gak ada respon. Sampai gagal mudik kereta jadwal terlambat udah nunggu driver respon aja hampir sejam padahal itu spare buat bording tiket eeh taunya dapet driver bapak bapa lama juga nyetir nya auto lengkap sudah."
,"Mau pesan makanan, kok jaraknya dari tempat kita bisa nambah +5km ya yg pada akhirnya ongkirnya jadi mahal banget.udah gitu kalo udah selesai gak bisa kembali ya hrs ambil jalan pintas tekan tombol tengah."
,"Hidup serasa lebih mudah, hampir seperti punya asisten pribadi...tapi sayange sekarang g bisa ngedit pemberian bintang utk para pengemudi..pdhl dl bisa...saya takut klo kadang salah pencet ato kecepatan mencet bintang belum ke klik sudah ke kirim ke grab...kolom masukan jg sebaiknya dikasih ruang utk para pengguna mempost komentar bukan hanya multiple choice..."
,"alhamdulillah biar jauh tetep di anterin makasih abang kurir,, poko nya membantu bgt untuk perjalanan"
,"saya gabisa cancel driver gara2 saya gabisa masuk ke aplikasi, tiba2 banyak driver yang menghubungi karena ada beberapa yang saya gabisa cancel pesanannya. saya coba berkali kali tetap tidak bisa di buka aplikasinya. tolong diperbaiki. aplikasinya lambat."
,"Saya sebenarnya suka banget pake grab,banyak promo dan ongkir lebih murah. Saya jg selalu kasih tip untuk drivernya dan selalu kasih bintang 5. Saya juga tidak pernah membatalkan pesanan. Tapi tiba tiba akun saya di tangguhkan tanpa sebab. Sungguh sangat mengecewakan"
,G pernah aku sekesal ini punya app ojek online. Mau masuk akun aj sush. Tunggu email verification katanya. Tapi ditunggu sampai lebaran monyet juga g ad email yg dikirim. Aku tu mau naik ojek bukan mau pinjaman online. Seribet ini. Mau daftar ulang juga g bisa karena nomor sudah didaftarkan. Biadab. Kelen kiranya cuman kelen aj didunia ini yg buka app ojek online. No app tetangga no g seribet ini. G susah aku cukup delete ni app. G naik Grab juga masih banyak app ojek online yg lain.
,"Dari dulu sya selalu pake grab motor dan mobil. .hari ini Kecewa, hitungan detik tarif langsung berubah, awal nya harga grab mobil 47rb untuk tujuan tertentu ,dan pas log in lg mo pesen dngan tujuan yg sama lngsug berubah 61rb . . .ko bisa gt ya"
,"sangat menyesal memperbaharui aplikasi ini.. saya ingin pesan grabfood tapi lagi2 location not found, padahal gps aktif, saya perbaharui gps mungkin bermasalah tapi tetep aja masih ga bisa.. ini ada apa? kecewa, padahal kemaren biasa aja."
,"Map untuk grab food tolong dong bisa otomatis search ke luar kota seperti aplikasi sebelah, kadang ribet kalau mau pesenin makanan ortu di luar kota harus seret map secara manual. Mohon dipertimbangkan, terima kasih Grab"
,"Ini tiba2 kok suruh memperbarui titik lokasi tersimpan tiap buka grab, mau saya perbarui, saat diketik malah alamat saya gak muncul nomernya, mau pake maps jg gak sesuai. Tolong diperbaiki karena alamatnya sdh sesuai nggak ada yg perlu diganti"
,"Saya agak merasa terganggu karna seringkali aplikasi grab meminta untuk melakukan pembaruan di playstore, padahal baru beberapa minggu baru saja diperbarui. Itu sangat menghambat waktu dan memakan ruang juga kuota. Saya harap kedepannya bisa lebih di perbarui secara serius agar tidak melulu meminta untuk di perbarui secara berkala. Kalau setahun satu atau dua kali yaa tidak masalah. Terima kasih."
,"Sudah top up di ovo tp saldo di grab nya msh nol dan gk bisa di pake, percuma"
,"Grab kenapa dah, sering bangt mnta update, kalau gak d update gamau kluar menunya .. kesel"
,Apknya tambah ribet lebih bagus apk yang lama
,"aplikasi ny bagus dan bisa digunakan kapan saja dri mulai telat acara kita bisa pakai ini,, dengan aplikasi ini sangat bembantu saya untuk menuju perjalanan yg saya mau dengan cepat, aplikasinya pokonya cepat dan gampang cara pemesenannya banyak diskon yg bisa di pakai untuk kita,, download apk ini engga nyesel buat saya karna sangat bermanfaat untuk saya dan keluarga."
,"grabfood kurang upgrade, saya mesan apa apa gak ada yg tersedia di restoran nya, jadi ke menu yg lain, sementara di aplikasi tetap saja masih tercantum menu nya. padahal aplikasi saya udah saya upgrade. Bukan sekali dua kali, tapi udah sering, driver nya bilang 'iya kak grab belum upgrade'. Kecewa!"
,"Grab promonya makin banyak, sangat membantu. Sekadar masukan tolong aplikasi disediakan filter biar bisa milih promo agar mempermudah penggunaan promo yang sesuai, misal disediakan filter bisa di urutkan atau di buat filter kategori promo (Promo 50, 40, 30, dll) serta jaraknya bisa di urutkan dari yang terdekat promonya. Terima kasih."
,Untuk promo grab bike berlangganan kenapa disc nya di kurangi walaupun masa perjalanan di perpanjang tp kurang menguntungkan bagi yg jarak tempuhnya jauh..mungkin lebih baik harga promo nya di naikin tp disc nya di perbesar...thanks
,"Saya kecewa. 1. Banyak promo tp tidak semua bisa dipakai. Itupun minimal belanja harus banyak. 2. Ngapain sekarang harus ada biaya tambahan? Mumpung banyak yg pake apa? 3. Ongkirnya mahal padahal dekat. Ongkir beda"". Ga sesuai dengan jarak. 4. Double order tp ongkir tetep sama. Harusnya diskon lah."
,"Tolong ini untuk grab bagaimana ya ..sudah seminggu tidak bisa digunakan, setiap mau pesan makanan atau pesan transportasi nya ko pas udh pencet pesan ga bisa ya .. stuck di situ kaya ga berfungsi,, udh mnt perbantuan via grabnya langsung g tidak membantu sama sekali dan udh coba di uninstall dan di download ulang ttp masih ga bisa...tolong dijelaskan ini kenapa? Dan harus bagaimana?"
,"perjalanan yg menyenangkan drivernya asyik, mengendaranya kencang tapi tetap mengutamakan keselamatan"
,"pengemudinya ramah,mobil nya,bersih"
,saya berharap untuk aplikasi ojek online seperti grab tidak sering mengupdate. karena hp org pasti beda2 . dan setiap update selalu lebih dr 40MB. jika kondisi terdesak akan memakan waktu lama. dengan aplikasi yg mudah saja tdk perlu selalu diperbaharui cara operasinya.
,"bayar ongkir orderan prioritas, pesan bukan di jam sibuk, estimasi 25menit, kenyataan sejam lebih. posisi driver ga bisa dipantau, gabisa diterka ramai di resto atau driver yg lamban"
,"membantu banget sih salut, semoga selalu begini ya"
,Kenapa ya skrg grabnya susah sekali untuk diakses. Pilihannya cuma grab car itupun loading bgt. Padahal buka aplikasi lain lancar. Trs susah bgt buat nentuin titik lokasi. Buat pesen ajah loadingnya minta ampun. Minta tlong diperbaiki ya.
,"Appnya bagus, bermanfaat. Tapi kenapa harus selalu minta di update? dan kalo aku gamau update koh gabisa dipake appnya. Harusnya kalau ada pembaharuan, dan kita gamau update aplikasinya tetep bisa dipakai tanpa fitur tambahan tsb dong, selayaknya aplikasi lain. Dan ini sering banget, kan jadi lama, kesel."
,Semoga driver nya berlimpah rejeki dan kesehatan 🙏
,kecewa ama grab setelah di perbarui malah makin lama kadang suka error !!! terus waktu saya pakai promo potongan point malah tidak bisa terpakai saya coba berkali tapi malah point saya terpotong !!!. tolong di perbaiki lagi ....
,"Tiba² aplikasinya keluar sendiri, dan ketika mau login no hp ku ganti jd gak bisa. Akhirnya kuhapus. Dan ketika mau downld ulang selalu gak bisa udah berapa kali coba tp tetep gak bisa. Ini ada apa ya? Karena kalo masalah jaringam, jaringanku bagus pas mau downld"
,Terlalu sering update. Hp lama akhirnya tdk bisa di gunakan. Sementara hp lama memory sangat sedikit. Ini pun sy hapus apk traveloka baru bisa digunakan grab. Tolong lah updaye tdk mengapa tetapi aplikasi lama tetap bisa di gunakan jgn malah di suruh update
,Hari ini saya pesan grabfood. Tapi ternyata driver tidak merespon sama sekali. Selang beberapa menit pihak resto menelfon saya dan mengatakan pesanan sudah siap tapi driver tidak merespon. Singkat cerita saya hubungi CS Grab dan saya meminta pembatalan pesanan. Setelah pesanan dibatalkan resto tutup. Disini saya tidak tahu kesalahan ada pada pihak siapa. Yang saya cukup sesalkan adalah saya memerlukan beberapa waktu untuk menemukan letak menu CS. Saya harap hal ini tidak akan terjadi lagi.
,"Untuk promo2 ok, untuk app juga ok/tidak kendala. hanya saja drivernya milih2 tempat resto. Kalau menurut drivernya lama, dia tidak mau mengambilnya. Saya pernah order di resto wingst** bbrp x dan banyak yg di cancel oleh drivernya."
,cepat dan ramah
,Kenapa sekarang grabhemat harganya sama dengan grab biasanya..
,"Mau pesan grabcar selalu lama, kenapa ya, sinyal oke padahal, update sudah, tapi selalu ada update lagi, ini hampir sejam mau pesan sulit sekali, dan harus hapus lalu doenload ulang, saat mau cepat malah jadi tertunda.. Kenapa grab?"
,"Setelah update appnya jadi lag parah bahkan buat balas chat driver saja sangat berat gara gara lag padahal buka app lain biasa aja ga ada lag. Terus map juga tidak sesuai dengan sebelum update, tolong diperbaiki lagi !!"
,"Aplikasi yg selalu pilih kasih dan suka php!! Padahal saya punya 4 akun grab cs yg sudah platinum semua. Benar di kasih vocer menarik, tapi kenyataanya zonk dan vocer tidak dapat di gunakan. Padahal gue pelanggan setia grab, tp untuk saat ini saya sangat kecewa berat!!! Bintang 1 aja biar ratingnya hancur"
,"Saya bingung sendiri., kemarin2 download Grab sepertinya tdk sperti ini dech. Skrg baru download lgi, tpi kok malah bentuknya berbeda dari yg sebelumnya yaa.. mau pesan makanan tdk bisa. Yg tersedia hanya pilihan hotel, asuransi dan promo. Sedangkan utk memesan makanan atau grabcar itu gak ada. Ini dimana salahnya yaa... Tolong dibantu donk min.."
,"Aq ksh bintang 5 loh ya,awas aja klo pembayaran lewT ovo ga bs n ni udah d update ya ,klo msh ga bs aq tutunin jd bintang satu😒😒😒,pdhl saldo ovo mash bnyk jg mlh ga bs d ake gmn sih😒😒😒"
,"Semenjak saya menggunakan ovo, aplikasi grab nya mulai bermasalah. Di aplikasi ada tulisan bahwasanya ada pembayaran yg tertunda. Sementara saya tidak pernah ngerasa ada pembayaran yg tertunda. Jadi mmbuat saya sulit untuk memesan grab walaupu dengan cara membayar tunai. Mohon kebijakannya!"
,"Sebenarnya keseluruhan sudah sangat bagus, tetapi tolong ditambahkan fitur ""Riwayat Pencarian"" di grabfood supaya kalau kita mau pesan makanan lebih gampang, ngga usah ribet-ribet ketik lagi untuk cari restoran atau makanan. Itu saja saran saya"
,Buat bingung. Saat mau naik grab tulisan nya 1-4 lalu pas mau di kelik tidak ada pilihan 1-4 hanya ada saya sendiri atau berdua. Kasihan drivernya nilai harga jadi berkurang dan saya pengguna jadi tidak enak dengan driver. Tolong di applikasi di perjelas. Jika bisa ber4 ya buat kan sampai ber empat bukan berdua
,"Saya tidak bisa update aplikasi grab Sewaktu klik grab app selalu timbul permintaan utk update, setelah klik tombol ""update sekarang"", masuk k layar grab update dengan icon yg berputar terus, ini sdh berlangsung 1 minggu. Jadi saya tidak bisa menggunakan grab. Tolong team support bantuannya."
,"User Interface nya mending yang sebelumnya deh, terus iyaa satu lagii.. Menu batal pesanan jangan d hilangkan.. Saya barusan order menu paket.. Terus mau nambah topping eh gak bisa.. Kan bisa refisi atau cancel order dulu terus order lagii. Jadi kepaksa beli deh Toloong di perbaikin!"
,"Aplikasi ga jelas,,sekali log out ga bisa log in"
,Sekarang aplikasi ini tidak bisa pin lokasi. Pin lokasi di map lari lari. Titik jatuh pin tidak sesuai dengan map. Pengantaran makanan / penjemputan selalu nyasar. Sekiranya bisa diperbaiki.
,"Grab sekarang beda dgn dulu tentang pelayanan kepuasan terhadap pelanggan. Saya merasakannya karena saya pelanggan setia grab dari dulu. Dulu selalu ada promo grab, sekarang juga tetap ada tapi lucunya gak bisa dipakai promonya padahal masih sesuai dgn S&K berlaku. Kalau memang gak bisa dipakai ngapain dinotifikasi pesan selalu masuk promo grab. Itu namanya PHP Tolong pelayanan nya segera diperbaiki lagi kedepannya. Trimakasih"
,"Saya ngga suka aplikasinya aja. Bukan berarti ngga suka grab. Ukuran apsnya ini yang besar banget, terus suka force shutdown gitu. Maaf yaa, lebih baik diperbaiki. Untuk appsnya, saya lebih suka gojek karena ngga berat dan ga pernah forced shutdown. Kalau diperbaiki pasti grab bakal oke banget"
,aplikasi grab banyak terjadi kendala mau bikin akun aja respon lama banget . apalagi kalo lagi tengah malam respon gagal terus masuknya lama . suka gagal keluar sendiri. tolong diperbaiki lagi sistemnya . agar lebih memudahkan pengguna . kuota abis cuma buat update grab
,"Gilaaaaaaa maksudnya apa sih ada biaya bungkus makanan 2k, biaya jasa aplikasi 4k mw malakim customer! kalo ga kepaksa pesen makanan gaakan pake apllikasi sih ini! grab bike aja mahal bngt 12,5k per km nya!"
,"2 atau 3 update-an terbaru, tidak access ketika mencari titik tujuan. Jadi agak sulit untuk penyandang disabilitas sensorik netra. Semoga kedepannya lebih baik lagi dan memperhatikan penyandang disabilitas."
,Alhamdulillah selama ini saya pakai jasa grab baik itu mobil motor&grabfood pelayanan baik& komunikatif makasih grab
,"Ini knp yah,saya sudah banyak hapus aplikasi tapi download grab ng bisa*...mana baru isi saldo"
,"Ini apk apa sih katanya super asia tenggara tapi layanan buat pesan car dan bike ga ada Capek instal, daftar, uninstal trus instal lagi tapi nggak ada perubahan"
,"baru kali ini kesal setengah mati mau pesan grabfood pas buka aplikasi blank tak bergerak lebih dari 30menit..titip pesan utk developernya, jika dalam mode maintenance, baiknya beri pesan pada saat aplikasi dibuka, jangan biarkan cust menunggu kesal..."
,"Aplikasi ini sangat membantu, hanya saja tolong untuk para driver ketika sedang mangkal disuatu daerah yang semestinya hapal titik titik daerah tersebut, dimna saat sedang penjemputan tidak mengulur waktu karna mencari alamat. Terutama disaat kondisi sedang Urgent. Bukan kah aplikasi ini hadir untuk membantu perjalanan lebih mudah? Mohon perbaikan nya."
,"Udah mahal , promo nya pada gak bisa di pakai. Buat apa banyak promo tapi gak bisa di gunakan, seharusnya punya perbedaan jangan sama nya aja kaya tetangga sebelah yang warnanya hijau juga. Trus jangan cuma pelanggan baru yang di kasih murah. Seharusnya nya pelanggan tetap lah yang di kasih ektra kebih."
,Setiap ngetik alamat tujuan tdk mau respon. Mesti memilih alamat yg di tampilkan di layar. Terlebih utk pengantaran. Tolong dipermudah dong. Tujuan kita bukan tujuan yg ada dilayar.
,dengan adanya grab ini sangat membantu tpi kekurangannya adalah 1. saat kita butuh banget grab pada musim hujan ato turun hujan justru grab sulit di dapat katakan lsh banyak yg off baik mobil mau pun motor 2. pada saat kita menggunakan reward dan sudah membeli poin kemudian supir meminta kita untk membatalkan syangnya poin yg kita beli tidak kembali lagi spti smula 3. saat ini tidak ada promo terutama untuk wilayah sidoarjo. 4. Promo tidak lagi seperti dulu banysk
,mantap sih tpi sayang promo diskon nyA semakin kesini di persulit. Sering ada notif rewards masuk tpi pas di buka gak dapat. Dan di toko nya langsung ada promo pas di pakai gk bisa padahal gak pernah di pakai. Klo soal driver menerima 2 order saya gak masalah. Saya mempermasalahkan promo alias rewards nya ini. Dan untuk maps nya di lihatin lagi kayak di awal.
,"ini kok pas saya login dan kasih perizinan lokasi ,malah ga bisa kebuka ,tolong dong masa aplikasi nya kayak gini sihh?? Dan yang muncul tuh cuman warna putih doang. !!"
,"Setelah melakukan grab ekspress,,bbrp hari yg lalu,,trus pas buka grab lagi yg keluar langsung bag pengantaran lagi,,gak bisa balik ke menu awal,,bolak balik dicoba,,sampai akhrnya saya gk bisa pesan grabcar,padahal bas butuh banget,,terpaksa hapus aplikasi,,trus download lagi,,😅😅,,knp bisa spt itu??"
,"Selalu tanggap kalau ada komplain dan bisa dapet voucher pengganti atas ketidaknyamanan. Lanjutin terus yah kayak gini, jangan berubah. Jangan sampe gabisa komplain kayak aplikasi sebelah :)"
,"Parah!!! Sikap Driver GrabCar!!! Voucher sering dapet giliran di pake diGrabcar gak ada driver yg mau... Banyak alasan, macet lah jauh lah pada di map bisa liat kalo gak macet / Deket Jauh, ngeselin ngulur waktu... #Khususnya Wilayah Sumsel"
,"Tambah gak jelas, mahal, minim promo 👎"
,"Aku kurangin 1 bintang. Karena setelah update kemarin Gambar Map nya jadi gak ada. Kalo mau pesan GO-RIDE ataupun GO-FOOD kita jadi ga bisa mantau si pengemudi dimana-mana nya. Mohon diperbaiki Bug nya. Kalaupun letak kesalahannya ada di HP saya tolong masukannya, bagaimana ngatasinnya. Terima kasih."
,sangat membantu dalam perjalanan
,"Dulu bisa chat customer servicenya langsung,untuk konsultasikan pesanan,tp skarang malah sulit,pelayanan pelanggannya secara otomatis,opsi layanan pelanggan ga lengkap,makin sulit jadinya,misalnya meminta cancel pesanan/mengubah pesanan,skrg udh gabisa"
,"Setelah lama tidak digunakan, aplikasi mengharuskan untuk upgrade Bug, namun setelah diupgrade aplikasi tidak bisa diupdate setelah dicoba berulang kali hasil nya tetap sama. Kenapa hal ini bisa terjadi? Ini sungguh merepotkan."
,"tdk ada notifikasi di aplikasi. hanya ada di layar hp ketika di cek dibagian menu notifikasi tdk ada promo atau info2 lainnya. sedangkan dilagar hp keluarga, sodara dan teman ada lgs terlihat di aplikasi grab. tolong ditindaklanjuti penyebab nya. terimakasih"
,"Ini knpa ya, pas saya update udh 100% tapi dr awal lagi:( udh 3x saya update begitu terus diulang lagi.. giliran sya update aplikasi lainnya bisa, lancar, ga lama.. tp knp update grab lamaaaa bangettt! Gasukaa dehh.. Tolong diperbaiki ya keluh kesah dr kita semua.."
,"Susah banget pesanan berkali2 diterima tp kemudian supir telp bilang ada pesanan yg belum selesai lah,nanya2 lokasi tujuan lah...gak profesional pake curhat klo ambil pesanan sy nanti pulangnya jauh..emangnya gak bs liat di map nya kah?trus klo supir lagi dlm pesanan yg belum selesai,kenapa pesanan sy bs masuk ke supir yg belum ready itu..aplikasinya ribet"
,Tiap hari selalu ada promo hehehe...selama ini pelayanannya ga pernah mengecewakan sih ya kadang ada human error dikit tp msh bisa ditoleransi lah...aplikasi nya jg lancar ga pernah error cuma mungkin bisa diperbaiki lagi sistem maps nya yg kdg ga sesuai...
,"Mohon diperbaiki lagi Banyak promo yang tidak bisa dipergunakan, padahal syarat & ketentuan sudah sesuai. Setelah pembaruan, aplikasi sering bug dan lag, padahal sebelum pembaruan lancar saja. Dan pembaruannya pun wajib, jika tidak, maka aplikasi tidak bisa digunakan. Tapi kenapa setelah pembaruan jadi lebih buruk? Terima kasih, mohon segera diperbaiki"
,"Titik lokasinya sering banget pindah. Padahal udah di pilih sesuai alamat. Udah pesan karena salah titik akhirnya dibatalkan sama supirnya. Harganya jadi naik, tolong perbaiki ya. Sangat tidak membuat nyaman"
,"kepada yth . GRAB.. Kenapa si ahkir2 ini grab pelayanannya kurang menyenangkan, lebih baik kalo driver2 yang memang ngga ada niat buat narik lagi, di nonaktifkan aja itu akun. masa iya di terima pesanannya ditunggu hampir 10menit,tau2 dicancell dadakan , ngga cuma sekali dua kali aku banyak di cancel dadakan ,toh kalo ngga bisa atau kendala bisa kan ngomong suruh cancel ,biar aku juga ngga nunggu lama2 . SANGAT KECEWA. !"
,"Grab food, toko sudah tutup, tapi pesanan tidak bisa dibatalkan"
,Kenapa harus update terus sih? Udah mah sinyalnya jelek ditambah hrs update melulu hadeeuhh
,Tidak bisa melihat posisi driver sudah dimana&tidak bisa chat driver.. menunggu makanan yang dekat saja sampai 1jam padahal biasanya tidak sampai 30menit.. lebih cepat pakai yang aplikasi sebelah/aplikasi langsung dari restorannya..
,Lemot ni app mau liat menu aja gambarnya kagak ada semua
,bermanfaat tapi masih ada area yang belum dijangkau perlu masih pembenahan dan improve yang lebih baik
,"Makin lama kenapa titiknya makin ngawur, sebelumnya titik customer nya otomatis dan tepat tapi sekarang titiknya sering jauh dari lokasi customer. Bayangin lokasi saya di jakarta selatan tapi titiknya malah otomatis di kantor saya jakarta pusat, gmn gak ngawur coba???? Jadi menyusahkan antara customer dan driver jg kalo gini. Memang banyak promo buat grab food nya tapi jd menyusahkan customer gara2 harus mencari titik ulang lagi. Not recomended lah 👎"
,mudah dan gampang
,"Tolong sediakan uang kembalian. Dan jika tidak tahu. Tujuan penumpang di maps. Bisa ajukan pertanyaan "" tunjukan arah tujuannya"" jgn lama untuk baca maps dulu, Minggu lalu kantor grab tlp saya, saya ulang keluhan yg sama, sediakan uang kembalian, Kalo ramah tamah jgn cuma ke perempuan. !!! Ke semua. Baik tua maupun muda, !!!"
,"Makanan belum datang tapi status berubah menjadi makanan telah diterima, butuh 4 jam untuk membuat laporan. Pusat bantuan dan chat driver tidak berfungsi, pelayanan terburuk dibanding perusahaan sejenis"
,"Aplikasi grab sgt membantu. Hanya saja tidak bisa melanjutkan transaksi bila lokasi tidak diaktifkan padahal hanya utk pembayaran PLN atau internet. Boleh tidak kalau lokasi itu diataur ""lain kali"" sprti di gojek. Jd lokasi itu digunakan sesuai kebutuhan."
,"untuk yg grab food nya mengecewakan harga aplikasi gk sesuai sama kenyataan nya. harga bisa 2 kali lipat lebih mahal. harga di aplikasi lebih murah,untuk bisa dapet promo terpaksa harus beli banyak menu. dan ternyata harganya beda jauh sama di aplikasi. lebih baik beli sendiri deh untuk yg ngekost .."
,"Alhamdulillah perjalanan nya nyaman driver nya ramah,,,, baik"
,Berkendara dan pesan makanan lewat grab sangat menyenangkan
,"Sekarang manajemen grab menurut saya sangat buruk. Mempersulitnya bagi pengguna harus selfi kalo orang tua gk mau ribet beda dengan aplikasi sebeleh simple tidak ribet lebih mudah di tambah sudah ribet tarif lebih mahal. Dari grabfood sekarang ada macam driver dapat orderan estapet 2 pesanan beda restoran bikin lama. Saya pesen hampir 1 jam padahal jarak 0,6 km tapi waktu seperti 30 km, kaya yg tidak ada driver Beda dengan aplikasi tetangga cuma 15 menit sampe. Manajemen yang sangat buruk"
,"disaat lebaran seperti saat ini,sangat membantu"
,"Terima Kasih aplikasi sudah banyak membantu. Namun ternyata banyak akun customer palsu, sehingga sering mempermainkan driver. Mohon sekali k3pada Aplikator, utk bisa daftar Customer Grab persyaratan nya di tambah verifikasi KTP. Supaya akun yg Real saja yg ada, dan untuk menanggulangi order order fiktif yg semakin marak dan ramai. Terima Kasih."
,"Sekarang antar makanan bisa nyampe 1 jam kali padahal deket, saya gak tahu itu kesalahan di sistem apa gimana, karna kalau antri biasanya driver info dan saya memaklumi, di message udah jalan ke tujuan tapi gak jalan-jalan di maps nya."
,"Aplikasi gila, kebanyakan kode promo tapi tak dapat digunakan..."
,"Sampai skrg pun sy selalu menggunakan fasilitas grab (mobil or motor) sangat membantu sy disetiap apapun entah berkendara ato mw pesan mknan sangat mudah & praktis bgt jd perlu ditingkatkan lg mengenai waktu,keselamatan penumpang,kondisi kendaraanx,pengemudi yg ramah & jujur dan terutama promo2nya hrs lbh banyak & murah....hehhehee....trimakasih"
,ga prnh ada promo grab ride y... Ada apa yaaaa...mana makin mahal tarif y buat kantong kuli kyk saya
,Bagus sih aplikasi nya Dan memilih makanan menjadi lebih cepat
,update terbaru tetap dg bintang 1. SOMBONG dan LICIK. (ini review sya bbrp minggu lalu). Skr Makin AROGAN. dikasih waktu tunggu 17 menit tp ga boleh cancel.malah dpt ancaman g akan dapat pengemudi lagi. dikritik bukanny makin baik malah makin AROGAN!.
,Sangat membantu tapi di aplikasi Sy bahasa Inggris ki
,"app ini sangat membantu, tapi akhir-akhir ini ada perubahan yg bikin kecewa, rute dekat, jadi puter-puter kemana dulu, kan jadi bayar 3x lipat. padahal gak macet, gak ada penutupan jalan juga. tolong perbaikannya🙏 selebihnya saya suka, sudah lama pake app ini"
,"Titik penjemputan kadang tidak sesuai,di map nya kadang tidak bergerak bikin susah buat mantau driver udah nyampe mana nya,terus jg banyak diskon tp tidak bsa dipakai,,,,mohon untuk diperbaiki lagi,,,terimakasih"
,"Sangat membantu ketika sedang mengalami posisi yg sangat mendadak, tapi setidaknya ketika ongkos naik perbanyaklah promo, saya sangat jarang dapat promo di grabike dan itu ongkosnya mahal bagi saya seorang mahasiswa. Terimakasih"
,"menyenangkan, sopan dan bersih"
,"Akun tiba-tiba ditangguhkan. Padahal tadi siang masih bisa pesen grabfood, malem nya lagi situasi mendesak malah gabisa, coba daftar pake nomer baru juga tiba2 ditangguhkan padahal nomer baru. Udah di update juga padahal, jadi salah saya apa?? Aneh. Maaf unninstal."
,"Aplikasinya bagus sangat membantu, tapi cuma selang 2 hari saya pake grab ke tempat yg jaraknya +- 2km tarif grab naik dari 4000 ke 9000. Ini bener2 kenaikan harganya ga wajar bgt, masa untuk jarak yg segitu aja naiknya hingga 2x lipat lebih. Tolong diperhatikan keluhan ini untuk semua pegawai grab jika masih menginginkan penumpang stay menggunakan apk nya. Selain itu penggunaan ovo dengan tunai sudah tidak ada perbedaan harga, promo yg ditawarkan untuk pengguna ovo sudah tidak ada."
,sangat ramah dan meyenangkan
,Kalo mitra kaga bisa nerima pesanan mohon di tandain biar kaga nunggu lama.. kaga jelas sumpah ngabisin waktu buat nunggu pesanan tapi kaga di terima
,respon cepat drivernya jg ramah
,"Tambah lama apl nya jadi mahal, promonya cuma bisa di pakek di daerah tertentu, kadang malahan gk bisa dipakek padahal masih ada jangka waktunya. Saran aja sih, kalau udh jadi ojol prioritas, pelayanannya jangan di turunin dong kualitasnya, customer juga berhak dapat pelayanan yg baik. Thanks"
,"Dari awal memakai aplikasi grab aman aman saja, tapi akhir akhir ini aplikasi error' terus. Setiap melakukan pemesanan akan kembali ke tampilan beranda. sudah uninstall berapa kali hapus data/cache tetap seperti itu. Mohon diperbaiki."
,"Saya di-suspend dari tadi malam dan sampai sekarang masih 9 jam lebih ke depan baru bisa pesan kembali dengan alasan sering meng-cancel pesanan. Iya betul tadi malam saya banyak cancel pesanan karena posisi Driver TERLALU JAUH dari posisi saya. APAKAH itu SALAH ?? Harap diperbaikin lg kebijaksanaannya. Sementara menunggu suspend ke saya selesai, saya UNinstal duku deh APP nya."
,"TOLONG YA! kualitas jangan hanya di utamakan untuk pelanggan, tp untuk penjual juga diperhatikan. Pendaftaran makin kesini makin dipersulit. Sales yg menangani pun beda2. Gak ada kepastian! Apa bisa disebut mitra? Tolong proses dengan baik dan sigap🙏"
,"Tlong diperbaiki utk GPS nya, spy pas penjemputannya, disaat kita terburu2 jd bs terbantu, bukan malah tambah lama menunggu. Mohon lebih selektif utk driver nya, krn sering di cancel tanpa alasan, sama maaff selektif jg kndaraannya, spy tdk menghambat perjalanan. Tdk harus baru asal terawat."
,"sejauh ini driver nya baik baik n tau peraturan berkendaraan...tapi tujuan perjalanan cuma ada tiga titik aja , yaitu lokasi jemput..lokasi mampir...lokasi akhir... coba klu minimal empat titik ... tambah asik jadi ga takut kuota tiba tiba abis pas di jalan dan ga bisa pesan armada berikutnya"
,"Saya pesan grab dari kantor kerumah, padahal memang biasanya tarif segitu apalagi kalo sudah malam bisa lebih murah tapi driver ga percaya kalo itu tarifnya dan minta cancel orderannya padahal driver sudah di titik penjemputan dan bertemu saya. Karna hanya tarif murah yang dikira salah sistem, padahal kami sebagai pengguna tidak tau aturan itu. Sangat merugikan!!!"
,sangat membantu pelayanan
,Tarif yang tertera awal beda dgn tarif yang didebet dari akun kita. Setelah dicek ada biaya tol dan lain2 yg jumlahnya 4x lipat dari nilai biaya perjalanan. Untuk melaporkan hal tersebut juga juga sangat sulit krna tidak tertera tlp cost service nya.
,tolong cepat responnya dong diperbaiki gk bisa masuk pada sebagian perangkat contohnya yg saya pakai samsung j2 pro 2018 .. minta location high accurations udh di set tetep aja gk bisa.udh uninsal instal berulang2 ttp gk ada perubahan padahal ini udh lama lohh.. seharus nya klo ada komentar begini cepat tanggap dong respon plis ini aplikasi besar .. ditunggu updatenya!!!!!!
,"mengecewakan sekali, sekarang promo nya tdk sesuai,, yang aslinya sehari dua kali, sekarang 1kali. dan kadang map nya berubah-ubah/tdk sesuai lokasi. tolong diperbaiki lagi. makasih"
,"Banyak reward di food, bike, dll. Tapi ribet dan banyak syarat 😂. Mau order food harus otak atik aplikas dulu (keburu kelaparan) , bike juga gitu ada promo sepanjang hari dan masih aktif tp ndak bisa dipakai. Beda dg aplikasi sebelah, sederhana saja meskipun kadang sedikit mahal tp layanan lebih cepat."
,KALO DRIVER GABISA DITEMUIN SAMPE 15 MENIT YA UDAH HARUSNYA DIBATALIN OTOMATIS AJA. INI ORANG NUNGGU DRIVER SAMPE SETENGAH JAM LEBIH GAADA KEPASTIAN KAN EMOSI YAH JADINYA. UDAH LAPER NUNGGU DRIVER GADAPET DAPET TAPI GABISA CANCEL HADUHHH. MAU BELI SENDIRI JUGA BINGUNG TAKUTNYA TBTB MAKANAN DATENG MALAH JADI DOUBLE BELI. GAKJELAS!!!
,"Semenjak di update, saya mau pesen grabfood ke penjual langganan gabisa padahal jarak cuma 4.4km. Saya jadi harus repot repot janjian di titik tengahnya. Ada apa sebenernya? Kok jadi ada pembatasan jarak yg ga masuk akal? Tolong benerin, entah itu bug atau apa saya jadi keberatan"
,"Hallo grab, sudah 2x saya pesen grabfood, dan itu selalu menghabiskan kuota, 1gb lebih loh, masa iya cuma pesen makanan doang bisa menghabiskan kuota segitu banyaknya, klo nonton youtube bisa sepuasnya itu. Tolong diperbaiki, atau bye saya g akan gunakan grab lagi. Terima kasih"
,"Ini sering banget di kritik. Tolong pengemudinya dilatih biar bener bener bisa pakai map. Sering banget saya dapet driver yang gk bisa pakai map, sering kelewatan, trs pakai nanya ""lokasi dimana?"" padahal sudah tertera di alamat. Ini mungkin sepele, tp kalau dialamin terus menerus jadinya kesel juga. Terutama buat *maaf driver yg sudah lumayan sepuh, biasanya masih bingung gunain teknologi."
,gimana sih ni aplikasi mau aktivin ovo aja ko susahnya minta ampun🤬😤
,"Memakai grab sudah 4 tahun lebih. sampai jadi member platinum. Tapi malah kualitas makin memburuk, harga tambah mahal, rewards tidak bisa dipakai, perolehan point makin sedikit. Dari tng ke jkt biasa dapet 134 point ini cuma 24 poin. Kecewa"
,smoga pelayanannya bertambah baik lagi
,"Buruk, sangat buruk. Nomor HP saya di suspend karena hari itu cancel 3 kali, dimana semua cancel itu disuruh driver. Saya sudah telepon call center berkali-kali, mengajukan banding, bahkan kirim email agar dicabut suspendnya. Mereka hanya jawab ""demi keamanan driver kami, kami tidak bisa mencabut suspend anda"" Sangat kecewa sih sama jawabannya. Lebih baik saya berpaling ke aplikasi sebelah yang jauh lebih baik pelayanan nya. Terimakasih."
,"Aneh sekarang grab nya. Kode promo baru datang, tapi pas dipake, voucher udah habis aja. Trus belum ada 2 kali sehari dipake, tapi ga bisa dipake lagi. Trus belum ada 10 kali penggunaan, gabisa dipake promonya. Pas udah masa tenggang, promonya gabisa dipake. Aku tuh gabisa diginiin!!! Malah tarifnya gede lagi cuma beberapa kilo!"
,"Udah 6 thn pake apk grab nggak pernah mengecewakan dan ribet tapi baru baru 2 thn ini pake apk grab kok sekarang ribet ya, harus ke maps dulu kalo mau liat harga,klo blm di update mapsnya gak bisa liat harga.Jadi kurang nyaman klo makenya"
,"aplikasi grab di hp saya kenapa tiba2 titik destinasi hilang semua, padahal saya sudah menggunakan titik destinasi tersebut berkali kali. jadi skrg sy kesulitan utk mencari titik destinasi sy ingin memesan grab."
,"sampah. dikasih iklan promosi macam2 tapi nggak ada yang bisa dipakai padahal ada di notifikasi. sudah komplain ke cs tapi cuma dijawab dgn jawaban normatif copy paste abis itu nggak ada tindak lanjut. sdh lewat seminggu tetap aja gak ada perubahan 😕😕 Edit juli 2020 Promo makin dikit, makin kecil, dan MAKIN NGGAK BISA DIPAKE! Bahkan potongan harga langsung dr penjual jg langsung ilang begitu makanan yg promo dimasukin keranjang. Yah, ada kelebihannya. Sy jd makin hemat krn ngurangin jajan"
,nyaman banget pake grab .. mantep
,melaju dengan stabil
,"Sorry grab tadi nya sy kasih bintang 5, tapi sy ganti jadi 2 .. karna ongkir NAIK terus, dan aplikasi nya dikit2 harus diperbarui, setidak nya jangan terlalu sering. Apalagi kalo ga diperbarui GA BISA DIBUKA. Contoh tuh WA, kalo emg app harus diperbarui ya kasih aja peringatan setidak nya 5 hari atau 7 hari.. ini mah bener2 gabisa dipake. Kecewa. Mending pake app sbelah, alias g*jek. Punya anak bangsa lagi, produk indonesia."
,terima kasih pelayanan nya mantap
,perjalanan terasa tenang Krn pengemudi menguasai jalan dan kondisi lalu lintas..mantap
,Astaghfirulloh tolong perbaiki mapsnya. Dulu ada gampang banget skg malah mapsnya kaya maps buta gk ads tulisannya apapum padahal udh di zoom. Alamat tersimpan juga hilang. Jadi gk akurat sekarang. Minta tolong diperbaiki biar kaya aplikasi sebelah enak bgt mapsnya.
,"Bagus tapi tolong seleksi penerimaan driver nya lebih di perketat ya sprti kepribadian yg normal baik tdk menyimpang atau suka melakukan hal hal asusila. Dan kalau bisa yg sudah pernah melanggar asusila, mencuri atau pelanggaran lain tolong di kick aja dari driver grab."
,"Awalnya sesuka itu pake grab, tapi makin kesini pelayanya makin kurang. 1. Mulai dari promo, yg meskipun banyak, tp sering gabisa dipake, waktu pertama mesen pake promo bisa, pas di cancel jadi gabisa kepake. 2. Driver jarang yang nerima pembayaran via Ovo, padahal promo lebih banyak di Ovo. 3. Jarak antara driver sering terlalu jauh dari posisi, alhasil saya dapet omelan dari driver dan dibilang ga bisa sabar😥 tolonglah saya makai grab memang karena alasan efisiensi waktu. Mohon tanggapannya."
,"seorang yang sangat bermanfaat unttuk khalayak yang sangat membutuhkan saat diperjalanan adalah memberi petunjuk arah, memberi petuntunjuk alamat,dan mengantar sampai tujuan : "" Seorang GRAB yang siap setiap saat."
,"Tidak bisa mengupdate otomatis , dgn cara apa lagi mengupdate program Grab ini. Hopeless kalau begini. Sekarang Grab sdh tdk bisa digunakan lagi terus saja minta diupdate tapi selalu gagal. Perbaiki dong programnya yg efektif gitu tanpa susah2 dr pemakai."
,"Dengan update yg terbar tidak dapat melihat map dari driver dan nomor maupun chat tak bisa, pesanan saya tidak diantarkan sudah melakukan pembayaran namun tidak sampai, pihak grab slowrespond, sedangkan untuk pemesanan sedang urgent. Tolong di fastrespond"
,"Saya baru pertama kali membatalkan pesanan karena lama, nunggu pesanan lama, giliran di batalkan gabisa, tulisanya ups ada kesalahan dll gajelas dasar (tolong di perbaiki lagi, walaupun ada di bagian opsi pembatalan pesanan dan bertulis ""jangan khawatir pesanan ada sudah di batalkan"" tetep aja buat risih ada tulisan pesanan dan pesanan yg mau kita pesan ga muncul lagi"
,sangat membantu sekali.di saat mau ke bandara tunggu taxi sampai 30 menit ga ada taxi.akhir nya dowlot Grab aja.makasih
,sangat baik & sangat terbantu sekali terima kasih banyak
,"GRAB TARIFNYA MAHAL BANGET !!! LEBIH MURAH GOJEK, MAXIM, & INDRIVER. DULU SAYA MENGGUNAKAN GRAB SETIAP PERGI & PULANG KERJA, (SENIN-JUMAT). AWALNYA SAYA KIRA TARIF GRAB LEBIH MURAH DI BANDING GOJEK, MAXIM, INDRIVER.. TAPI SEMENJAK SAYA MELIHAT TEMAN SAYA MENGGUNAKAN GOJEK DARI TITIK JEMPUT & TITIK TUJUAN YANG SAMA, DARI SITULAH SAYA TAHU PERBANDINGAN HARGA ANTARA GRAB DAN GOJEK JELAS SEKALI BERBEDA.. TERNYATA TARIF GOJEK JAUH LEBIH MURAH DIBANDING GRAB ! DAN MULAI SAAT ITU SAYA PINDAH KE GOJEK !"
,merasa tidak nyaman dengan iklannya semenjak download app nya hp saya jadi seperti tv banyak iklan grab nya dan setelah di hapus masih saja tetap sering muncul iklan perbaiki lagi!!!!
,cepat juga efisien waktu
,"Saya kira setelah update terbaru masalah maps dan titik lokasi sudah diperbaiki... Ternyata masih tetep sama aja...jadi untuk sementara saya hentikan dulu pemakaian layanan dari Grab, sampai normal kembali seperti biasa... Terimakasih!"
,"Sekarang kita tak bisa lihat posisi driver yg sedang menjemput. Hanya ditampilkan animasi kalau driver sedang menuju ke tempat. Tolong dikembalikan lagi ke awal, supaya customer tahu posisi driver yg sedang menjemput itu dimana."
,"Grab pada dasarnya sangat memuaskan ,tetapi ada beberapa driver terkadang kita sudah nunggu menyuruh untuk cancel. terkadang tidak ada respon dan terpaksa user yg cancel. kalau udah beberapa kali user merasa d rugikan karena akan d blokir pihak Grab."
,pengiriman cepat driver nya baik
,"sangat terbantu sekali, kalau pake ovo bisa diskon sampe 10rb. saya pernah mengkomparasikan antara grab dengan aplikasi sebelah. dengan jarak yang sama, harganya selisih 5 rb, murah grab. tapi kalau untuk layanan makanan kurang tau sih🤔"
,"Saya kecewa dengan pengaturan titik lokasi,karena susah banget dipaskan dititik lokasi,yg ada kembali lagi ke lokasi alamat yg ada digoogle,ini sangat menyusahkan,kasihan drivernya kalo pilihan titik lokasinya ,otomatis dialamat orang cuk,danjok babi."
,"Aplikasinya bagus.Tapi mohon diperbaiki lagi, kadang ada driver kendaraan nya berbeda dgn yang tertera diaplikasi, bikin susah untuk dicari dan kadang profil driver berbeda dengan yang asli."
,"grab bagus tp kenapa mahal bgt klo hujan bahkan naek tiba tiba padahal gak ada angin gak ada hujan juga, tau sih alasannya knp mahal tapi saya pelajar uang jajan langsung habis buat grab doang gak bisa nabung tolong turunin dikit dong kalau hujan atau pun tidak."
,"Aplikasinya terlalu berat,updatenya sama aja dengan install butuh kapasitas gede dan sering banget sih updatenya??? ketika diliat kapasitasnya hampir setengah gigabyte,nyaingin aplikasi game aja, sebaiknya lebih ringan dipakai biar bisa dipakai di semua type device namun tidak mengurangi semua service."
,seneng makin banyak promo
,"Selama sy memakai jasa Grab (Mtr/ Mbl) 80% terbantu, kecuali ta memang ada beberapa yg terkesan tidak menyenangkan sepanjang sy memakai jasa Grab Mbl / Mtr. Misalnya apabila pas dapat Sopir Mbl yg pembawaannya seperti Sopir Angkot ( bikin tidak nyaman selama perjalanan itu, pembawaannya bikin sy mual ingin cepat2 sampai krn ga nyaman) begitu juga dng sopir Mtr yg suka ngebut ugal ugalan. Di jalan. Tapi pada umumnya baik dan sangat puas. Cuma sering sering aja banyakin Promo nya. Terimakasih."
,"Saya sangat kecewa dengan fitur dobel order di layanan grabfood !! Udah laper, ga bisa di cancel, makanan lama datengnya, driver nganterinnya ga mesthi searah dengan fitur dobel order tersebut !! Apalagi kalau beda restorannya !! Ujungnya makanan udah dingin, mengurangi selera makan. Kenapa harus ada fitur kaya gitu siiii????? Mending pindah ke aplikasi sebelah aja deh kalo gitu... Ga promo ga masalah asal makanan cepat dateng ga pake lama."
,"grab sekarang beda dengan dulu, sekarang alamat tidak muncul lengkap ketika mau klik lokasi banyak ga munculnya dljadi binggung menentukan titik lokasi. contohnya gang tidak ada, nyari titik tempat pun susah diketemukan. intinya alamat tidak detail. perbaiki sistem dan peta untuk pelanggan sehingga memudahkan menentukan titik lokasi"
,Sekarang grab jadi gajelas. Promo nya ada tp gabisa dipake. Saya udah report ke grab nya tapi tetep gabisa dipake promonya. Padahal belum pernah dipake sama sekali dan baru dapet notification
,"Halo..saya instal ini di hp baru karena yg lama rusak. Setwlah instalasi n verif akun. Halaman cuma ada layar putih. Kalau di close dan mau buka lagi halaman yg meminta akses lokasi ada, terlihat normal. Namun setelah akses lokasi di beri layar kembali lagi blank putih tidak ada menu apapun. Mohon diperbaiki ya. Saya akan instal lagi jika sudah ada respon dan perbaikan dari grab. Tks"
,"saya punya saran dan masukan untuk Grab : mohon untul lokasi tujuan, tolong programnya bisa dipilih lewat peta dong. soalnya kalo kita search tempat tujuan belum tentu itu yg kita mau. kaya aplikasi ojol sebelah gitu kan biar lebih enak :) tempat tujuan juga akurat"
,"Saldo ovo 158.000.. Saya pesen grabcar dengan tarif 107.000, Ketika di tengah perjalanan saya baru sadar, lokasi yang saya tuju itu salah, saya berniat mau mengganti lokasi tujuan, setelah mendapatkan lokasi yg baru dengan harga 128.000 saya hendak mau mengkonfirmasi lokasi baru itu, tapi tidak bisa, muncul alert bahwa saldo tidak cukup.. Mohon perbaiki sistem nya.."
,"Kenapa si grab setelah di update malah makin lama, suka keluar keluar an sendiri dn itu gk cuman sekali tapi berkali kali. Lemott parahhh mau mesen makanan aja susah bener udah masuk trus tiba tiba keluar sendiri udh 10x saya begituu mohon diperbaiki"
,"Bagus kok aplikasinya, trus sering ada promo jadi makin suka. Tapi sayang saya kalo di update suka susah smaa lama padahal ruang penyimpanan saya masih banyak, wifi saya juga kenceng mungkin dari grab aja yg error kali ya. Makasih untuk para abang grab dan semangat kerjanya."
,"tolong GRAB di perbaiki aplikasi nya kenapa setiap mau buka aplikasi selalu gak bisa dibuka dan selalu error diserver nya udh di uninstall berulang kali tetap gak bisa, pas bisa lsg server error lagi.tlg diperbaiki.jgn kepercayaan yg didpt, mlh membuat kekecewaan yg mendalam bagi customer nya."
,pake aplikasi ini sangat mambantu dan memudahkan kita kita dalam menggunakan waktu yang ada...gak pake ribet...easy banget dan nyaman. semoga kedepan lebih bagus lagi dan tolong di perhatikan tingkat keamanannya..yah meskipun saat ini cukup aman..di pertahankan dan lebih d8 tingkatkan lg pelayanannya ya. salam.
,"Sangat membantu jika sedang mager dirumah dan gak masak, hehehehe... Cepat dan praktis, kalau bisa tambahin dong diskon diskonnya. Ditingkatkan terus promo promonya... Trims grab food 💜💜"
,"Minta update mulu, kalo gak di update aplikasi gak bisa di pake sama sekali, di klik apapun gak bisa, muncul kotak putih doang ditengah. Uninstall dulu lah sementara, lg jarang pake juga."
,"Saya mengalami kesulitan dalam memesan grab bike, setiap ingin memesan selalu ngeload terus knp ya, harus mematikan data baru bisa muncul harus menggunakan cara itu tolong diperbaiki lagi karna di smartphone saya aneh seperti itu."
,"Order ga bisa,, update ga bisa, dicoba hapus terus mau di download ulang, malah makin g bs di download.. maunya apa ... aplikasi grab makin kesini makin kesana .."
,"Kayaknya aplikasi terburuk itu GRAB !! harga makanan mahal, naik grab kemana2 mahal... Drivernya minta nomor org sembarangan padahal saya aktif di grab... Tidak ada promo ! Driver suka cancel tiba2 kalau malas ngantri makanan. Untuk dapat bintang 1 pun tidak layak !!! Saya kecewa berulang kali di grab. Kapan di perbaiki.. Jangan karena sudah lama harga makin di naikan... Lebih naik harga nya murah atau ada promo untuk membuat banyak peminat..!! Kami enak kalian untung... Terimakasih"
,"Mohon di perbanyak utk reward grab dan dan grab bikenya, dan kode nya kalo bisa otomatis di aplkkasi, gak usah harus diinput manual(suka bikin bingung). Satu hal lagi, diketerangan rewatd berlakunya masih lama, namun pas diinput atau dipake tidak bisa..kan aneh"
,"Saya sering pesan GrabFood, Setelah di update tampilan peta lokasi driver jadi tidak ada.. Menghilangkan posisi driver dan peta malah mempersulit customer untuk memantau sudah dekat atau masih jauh drivernya.. Saya sering lihat driver yg salah jalan atau memilih jalan yg lebih jauh karena tidak tahu lokasi pengantaran melalui lokasi drivernya.. Kalau begini jadi kurang lengkap tanpa peta lokasi nya.."
,Aplikasinya makin diupdate malah tambah berat. Sangat menggangu khususnya utk ponsel ram kecil seperti milik saya. Selain itu juga iklan2 yang sring muncul juga sangat menggangu.
,"aplikasi kurang bagus, coba tampilannya diganti biar lebih enak buka2 aplikasinya, mau pesan makanan jadi males klo kita bnr2 nggk tau tempat n menunya, pakein foto kek biar lebih mudahkan n nggk bingung. trs mau tentuin tujuan juga nggk bisa klo nggk tau alamat jelasnya, ngasal2 ongkosnya yg jadi kemahalan..."
,"Lumayan bagus hanya saja kadang Resto yg saya tuju saat pesan GF di app buka tapi saat sudah pesan, sudah sampai resto ngga taunya restonya itu tutup dan tak jarang para driver tdk mau cancel / tdk bisa cancel .. Tolong untuk diperbaiki lagi atau diberi arahan lagi untuk Restonya agar app nya sesuai dgn kondisi kenyataan di lapangan .."
,Terima kasih.. pelayanannya cepat
,"Makin banyakin diskon dan promo aja ya min hehe, selama ini pake grab enaknya tuh pas di promo nya hehe. Tapi terkadang ada ga sukanya tuh pas saat kalau promo masih berlaku, tapi pas dipake kadang voucher habis digunakan. Itu agak menganggu hehe"
,keren...pengemudi nya menguasai semua nya
,"Saya ga suka sistem double order di grabfood, makanan nyampenya lama padahal lokasi ga begitu jauh, ternyata lagi nganterin makanan customer lain, saya serasa ga di utamain padahal saya juga bayar ongkir... Saran saya selesaikan dulu dengan customer yg pertama baru ambil orderan lagi, jgan lama "" klo ga sejalan lama, bikin pengen ngencel... Buat yg lain ga ada masalah, terimakasih."
,"Dipaksa update, setelah update justru titik lokasi ngaco sampe luar kota. Lokasi tujuan juga gak ada di pencarian, padahal di maps ada. Tambah lagi refresh-refresh sendiri. Update itu biar lebih baik, Bos! Bukan tambah ancur.."
,"Menurut saya grab saat ini perlu diperbaiki yaitu usahakan foto driver wajib ada, kendaraan dan plat harus sesuai (karena masih banyak yg beda plat nomor kendaraan),jangkauan untuk wilayah yang dilarang seperti stasiun, bandara kalau bisa menjalin kerjasama yang baik sehingga penumpang bisa memesan tanpa harus jalan keluar dari lokasi tersebut."
,aplikasinya sudah baik dan sangat membantu. hanya sekedar saran agar di tingkatkan di bagian memberi alamat rumah untuk lokasi pin agar petanya bisa ubah ke mode satelite agar kita bisa menaruh pin ke posisi rumah kita. makasih.. sukses buat grab
,titik alamat tolong diperbaiki . kasian driver dan konsumen nyari alamat susah nya minta ampun
,pada dasarnya grab sangat bagus. tapi jika ada pembaruan aplikasi pengguna atau costumer tdk bisa mengakses aplikasi lagi. apalagi jika hp yg digunakan memorinya tdk muat lagi. susah jadinyaaaaaaaaaaaa
,sebenarnya enak tapi utk kwetiau nya sangat pedas sampe nga bisa ke makan kayak makan sambel bukan kwetiau klu bisa jgn kayak gini pedesnya ya
,sarana transfortasi yg sangat membantu udh gitu banyak sekali voucher jd ongkos nya ringan
,pelayanan'a sangat memuaskan
,Pesan makanan selalu dibatalkan tanpa konfirmasi terhadap dahulu
,pelayanan nya cepat
,"Alhamdulillah Dengan Adannya Aplikasi GRAB, Sangat Membantu Untuk Pergi Kemana-Mana..."
,Kalo saya mau berangkat sekolah & pesen grab ke stasiun pasti harga ny mahal banget. Padahal jarak dri rumah ke stasiun ±10 menit waktu perjalan nya. Dan kalo mau pesen grab car / bike / food pasti pelayanan ny lama bgt & ujung2 dicancel sama deiver nya
,"sangat membantu ,memudah kan ,transaksi ,dan pengiriman"
,"Menurut saya grab harus lebih selective dalam memilih partner dengan restoran. Karena sudah berkali2 pengalaman beli di grabfood sangat mengecewakan. Baik dari segi harga,rasa,dan kebersihan dari restoran tsb. Padahal liat rating bagus, pas beli aduh jauhhh dari ekspektasi. Tolong untuk diperhatikan lagi. Kasihan kami para pelanggan. Padahal untuk semua layanannya udah bagus kecuali grabfood :("
,"Udah ku rating dr jaman dulu, masa masih muncul mulu. Sampe ku edit dah komenannya. Tolong jangan muncul muncul lagi. Gapapa muncul kalo promonya bisa dipake, kalo gabisa dipake kan kzl, pdhl dikasih 6x, sehari max 2x, baru juga pake 3x, hari ini baru pake sekali, eh gabisa dipake lagi. KAN KZL BATS! MAUNYA APA COBA? Tolong diperbaiki, thx."
,"Terpercaya, pelayanan yang nyaman, mudah cara pesannya, lebih hemat waktu, pengendara yang berpengalaman, harga cukup terjangkau, mudah atasi kemacetan, kalau bisa banyakin promo, mudah pesan di jam2 tertentu."
,Nge Blang putih..gak bisa diklik
,"Aplikasi 💩, kadang kebuka kadang enggak"
,saya pikir cuman saya yang mengeluh karena titik lokasi. ternyata emg banyak kekurangannya grab ini. maaf banget pakai grab jadi kesulitan menemukan titik.lokasi sedangkan apk lain saya tidak pernah kesulitan. tetapi mengapa hanya grab yang kesulitan menemukan titik.lokasi yang dimana sudah jelas jelas saya kasih alamatnya dengan detail. tolong dong grab jangan membuat kami pemesan dan driver jadi debat perihal titik lokasi !! TOLONG PERBAIKI TERIMAKASIH
,"Sebenarnya saya suka dgn grab, tp grab tdk memberikan pelayanan lebih kepada pengguna, antara pemakai jasa grab yg berstatus keanggotaan(baru) dan gold tdk ada perbedaan layanan lebih contohnya ditarif, promo diberikan kepada semua pengguna baik yg baru maupun yg lama, membuat pengguna setia tdk dihargai lebih, pdhal mereka menggunakan grab sbg tranportasi sehari-hari. Saran saya. Seharusnya pengguna lama diistimewakan dgn potongan promo, perjalanan gratis, dan layanan lebih seperti driver melakukan hal istimewa karena penumpang yg diangkut adalah penumpang gold/platinum. Sehingga pengguna grab lama tetap setia dgn pilihan lamanya & tidak ganti ke yg lain. terima kasih"
,Aplikasinya masih suka error.. Mau ngasih bintang tapi ga bisa2. Pesenan udah selesai.. Tp gabisa keluar dr tab pesanan yg udh selesai itu. Alhasil harus hapus data dulu dan login ulang biar bisa pake lagi . Repot
,"Tolong diperbaiki, kenapa ya grab saya notifikasi nya suka tidak jalan? Dia harus di uninstall dulu terus di install lagi, masuk dari awal baru notifikasi nya jalan. Tapi setelahnya begitu lagi seperti diawal tiba-tiba notifikasi terhenti dan notifikasi yang lama hilang semua. Kenapa bisa begitu? Tolong dengan sangat diperbaiki karena ini sangat mengganggu saya yang suka pakai grab"
,"sebenarnya bagus sekali aplikasi ini, dan sangat membantu, banyak promo juga, saran saja untuk drivernya tolong diberi pelatihan kerja terlebih dulu karena banyak sekali driver yg etika etiketnya kurang baik dan malah membuat tidak nyaman"
,"pelayanan ramah, mobil bersih, datang cepat"
,"Sudah sebulan ini tiba2 keluar sendiri dari aplikasi, setiap masukin nomor selalu ga bisa tulisannya nomor sy melakukan aktivitas di luar kewajaran. Ga merasa melakukan aktivitas yg aneh2, ga ngerti apa yg di luar kewajaran. Dulu coba klik ""bantuan"" untuk masuk, cm bs beberapa saat, dan kemarin tiba2 keluar sendiri lagi dari aplikasi. Pakai nomor lain jg tiba2 keluar. Ini coba update aplikasi jg sama saja. Yawislahhh kalau ga bisa trs, order pakai aplikasi sebelah wae.. Otw uninstal"
,Install Lagi Karena Dulu Sempat g di Pake Aplikasinya!
,"Lagi dan lagi promo tidak bisa dipakai karena aktivitas mencurigakan di hp padahal kriteria promo sudah terpenuhi SEMUA , saya coba berkali-kali ada yang bisa ada yang tidak di tempat ,periode, dan range harga yang sama, konyol ini aplikasi, fitur promo sampah banget , update size doang tapi fitur makin konyol."
,Sangat bagus dan membantu.cuma sekarang lebih sulit jika pesan krn musti pakai foto2 muka kadang kl kamera atau latar gelap dll susah captune ny ga dpt2 jadi lama nunggu nya.tolong di perbaiki bagian pemesanan ga usah yang ribet2.spt dulu ud bagus.sayang krn gara2 susah dan ribet pemesanan jd lari ke aplikasi lain.
,"grab merupakan aplikasi andalan saya dalam hal pengiriman melalui transaksi di salah satu e-commerce, dikarenakan faktor biaya yang sangat terjangkau serta dari pengalaman saya dalam menggunakan grab tidak pernah mengalami kendala, dan sekarang grab menjadi prioritas saya dalam masalah pengantaran, baik dalam memesan makanan maupun bermobilisasi. terima kasih grab!"
,Sangat mudah digunakan dan banyak sekali kemudahan dan kenyamanan
,"Sering banget eror di maps nya. Trus juga sering banget susah buat login, tulisannya malah Google saya yang bermasalah + klo ngasih promo yg bner please! Saya baru dapat promo dan belum di pakai sama sekali tapi tiba-tiba gak bisa di pakai!!! Tolong perbaiki!!"
,"Mimin kenapa grab makin sulit diskon ongkirnya kok ga bisa d pake, aku udah beli voucher jg gak bisa d pake"
,"Aku pelanggan dengan level platinum, kebayang kan setianya? tapi dari Juni sampai sekarang aplikasi grab jelek sekali performanya, bug terus menerus qpalagi pas mau order, bikin telat terus menerus. Ini masalah serius, apk terus meminta keluar saat digunakan, mau pagi siang sore malam sama saja, saya sudah bersihkan memori, cache, refresh hp, log out, uninstall, install, log in lagi tetap seperti itu dan parahnya proses barusan sudah terhitung 4x dari bln Juni itu. tolong ya grab diperbaiki."
,Penjemputan tepat tempat dan cepat
,perlu perbaikan pada menu pilih promo. belum dimudahkan karena saat mencari masih harus mengingat kode promonya. setelah dipilih ternyata kode promonya sudah expired. seharusnya ada filter untuk promo2 yg sudah tidak terpakai
,"setelah di update malah gk bisa di buka, sering berhenti sendiri, jadi gak bisa di pake, versi baru lebih berat buat hp ram 1gb, mending yg versi lama, kalah sama aplikasi sebelah, tolong segera di perbaiki secepatnya"
,"aplikasinya lengkap ,kami pengguna jasa bisa lebih myaman dalam beraktifitas. namun para driver mesti di bekali cara baca peta yg detail buat mereka krn kebanyakan mereka yang kurang faham dalam menggunakan titik lokasi jemput. serta banyaknya grab yang tidak sesuai dengan nmr plat kendaraannnya dan beda jenis kendaraannya yang mereka gunakan. cara berpakaian juga banyak kadang kayak mau ke kebun. trims tolong jadi perhatian pihak grab"
,GPS nya lambat dan kurang akurat. masih lebih baik pakai GPS UBER. kalau memang akuisisi py UBER lbh baik pakai GPS UBER punya. sangat akurat. Sering kita lihat driver di maps masih diam terus... eee tiba2 sdh muncul didepan atau kebablasan. Mohon GPS nya di pasang yg bagus.
,"Saya sudah update ke versi yg terbaru apk grab, Lalu kenapa tampilan ya sma saja.. Tidak ada yg berubah. Sedang punya orang lain tampilan ya berubah dari yg sebelum ya. berbeda dengan tampilan punya saya.. Saya sudah update tapi seperti belum di update.. Itu membuat saya kecewa.. Dan diskon"" yg ada tidak dapat saya gunakan.. Dan saya tidak mendapatkan notifikasi apapun.. Dan harga mengunakan ovo dengan tunai perbedaan ya hanya 1k saja. Contoh menggunakan ovo 8k maka tunai 9k. Saya merasa itu sama aja bayar tunai.. Saya merasa kecewa karena tidak ada beda ya sama sekali.. Seperti yang sudah saya jelaskan diatas."
,Yang terhormat manajemen..tolong kami ingin menginstal aplikasi grab..karna terbentur dengan aplikasi FB yg dulu pernah saya hapus.akhirnya kami tidak bisa membukanya karna kami dulu menginstal aplikasi grab tsb dengan msuk melalui FB..sedangkan FB kami sudah tidak aktif..tolong diperbaiki lagi untuk login nya..terima kasih
,Uda termasuk salah satu aplikasi paling cuek klo soal promo yang menguntungkan pengguna. Untung buat motor masih pake karena masih murah. Klo ga UNINSTALL dari pada menuhin hp (ga bohong). Buat grabfood STOP pesan!!!!!
,"Udah lama pake grab, tiba2 minta update. Habis di update semua alamat hilang, ga di rumah ga di kantor. Mana geser terus ga bisa di setting sesuai titik semula. Hapus aja lah, mau pakai punya kompetitor. Kecewa banget ini, menyusahkan"
,Pesan grab Car lama banget . Alhasil pesan grab bike. Kecewa sih
,Update ke yg paling baru malah alamat tersimpan hilang dan titiknya nggak bisa ke lock. Kalau bikin aplikasi yg bener dong... Nyusahin pemakainya kalau mau pesen grabfood masa suruh jalan ke titik yg jauhnya 100 meter... Lama lama kok aplikasinya nyampah bener... Kalau ada layanan sejenis lainnya sudah aku uninstall saja
,Mohon pilihan rute bisa dipilih customer biar tidak hanya melalui tol saja yang malah lebih jauh dan pilihan voucher jangan customer yang mencoba satu per satu voucher yang bisa dipakai. Bisa contoh aplikasi belanja online yang vouchernya langsung bisa dipilih yang digunakan.
,promo untuk pemvayaran tunai dikit
,Niat Hati biar cepat . Tapi malah lama lamain . Sering banget begini . Emang nya Maps yang dari pengguna tuh beda ya sama Maps punya driver ? Padahal udah di info juga samping ini itu nya Masih saja driver suka salah kalau soal titik penjemputan .. Kalau gak tau lokasi . Mending pakai Maps google aja . Kalau Maps grab nya gak bener
,selalu dapat driver terdekat dan respon csnya cepat dalam menyelasaikan masalah
,"Setelah update, malah hilang notifikasi google maps real-time nya.... Saya jd tidak tahu, pengemudi ada dimana... Sudah sampai atau belum.... Update itu Seharusnya menjadi kan lbh baik, ini malah sangat2 sangat2 sangat2 mengecewakan......."
,pelayanan ramah dan sopan
,"Promo grabfood malah gak bisa dipake gara-gara sistem ngedeteksi aktivitas yang gak biasa, padahal susah banget cari makanan yang sesuai kantong, kalau ada pasti minimum pembeliannya mahal banget. Gimana mau enjoy pesen? Pengantarannya pun lama."
,pengemudinya berkendara dengan nyaman
,"Grab terlalu sering update aplikasi dan itu malah bikin susah karena terkadang lgi buru2 mau order malah gk bisa.. Rating saya turunkan jadi satu. Maaf banget, karena ini saya download apk terbaru, tapi malah gak bisa login dengan nomor saja, tapi pas mau login pake email, justru gak bisa diklik itu icon google, atau pun tulisan lanjutkan dengan google."
,Kenapa app grab jadi jelek setelah diperbarui. Saya yang setiap hari aktivitas menggunakan grab sangat tidak nyaman dengan app grab yang selalu keluar keluar sendiri saat mau pesan. Tolong dong perbaikannya
,untung ada aplikasi grab jd mau kemana mana bersama keluarga lebih mudah
,Sy pernah order grab bike...dpt Drive nya arogan. Wkt di chat kata2 nya TDK menyenangkan. Marah2 pakai kata2 kasar n jorok. Dan sy masih ingat wajah Drive tsb. Krn wkt tu posisi gerimis n sinyal agak susah. Kdng sinyal hilang Sy benar2 kecewa.
,is the Bess lahhh pokoknya..terima kasih utk aplikasi nya sangat membantu banget pokoknya🙏
,"Mohon maaf, driver grab sekarang bawa mobilnya kasar2 dan ngebut2. Mungkin baru lulus SIM dan kejar setoran ya"
,"Saya terpaksa harus edit review dan turunkan bintang nya, karena sekarang Grab versi terbaru hanya bisa didownload tapi setelah itu tidak bisa terpasang di HP saya ini, padahal sebelumnya bisa, mohon info dan perbaikannya segera.. saya sudah kirim SS dan Log Error melalui email, ditunggu balasan dan tanggapannya.. - Thanks"
,"Biasanya titik jemput dekat, hny 1 x agak jauh shg agak lama datang. Saya senang krn mobilnya dilengkapi lapisan/kaca safety dimasa pandemi covid-19 ini, perjalanan saya cukup menyenangkan, drivernya baik dan infomativ."
,Sangat buruk! Saya menukarkan point ovo dengan promo potongan perjalanan Rp. 10.000 tapi saat pembayaran saya tanya driver harganya masih utuh dan saya lihat pun di hp drivernya memang utuh padahal di aplikasi saya promonya terpakai dan dapat potongan. Kira-kira ada yang pernah kaya gini juga?
,"Mantap, tepat waktu"
,Ngorder makanan.. dan pengemudi double order jadi makanan lama banget nyampe.. penhemudi minta maaf banget karna ini dr aplikasinya.. alhasil makanan udah dingin dan ga enak.. padahal akun platinum... dan terus2an gini
,"Saya suka sekali pakai aplikasi ini😍!memudahkan sekali,setiap fiturnya ada promo yang bagus, pencantuman detail saat pemesanan grabfood yang detail, dan pemakaian grab express yang memuaskan apalagi sudah ada fitur chat untuk grab sameday. Lalu cs yang responsif atas segala problem.Semoga ke depannya banyak fitur-fitur yang bagus dan menyesuaikan pengguna saat ini."
,"Aplikasi ini ngak bisa dibuka, begitu buka langsung dibilang ""Maaf : ( Kami gagal menyambungkan Anda pada server kami. Cobalah beberapa saat lagi"" Tiap hari kayak gitu, kadang ngak kek gitu, kita udah pesan nih, trus langsung kek gitu lagi, blm sempat liat platnya ,mobilnya apa, udah sampe dimana, dah kek gitu lagi, BENCI BANGET SAMA APLIKASI INI!!!"
,"Pesan grab dibandara soetta terminal 3 kedatangan susah bener sampai setengah jam lebih, giliran dapat dicancel sama driver. 😡 akhirnya beralih ke aplikasi yang lain. Sangat kecewa."
,good job selalu dapet driver yg baik
,"pengemudi bertanya, berapa penumpang, terus membatalkan... tanpa alasan... arogan sekali..."
,"Grab ga bisa ngasih solusi ke customer nya. Dikomplain mengenai mitra restonya yang ga bener malah seakan abai. Makanan ga dapet duit melayang, bukti udah banyak masih aja ga ada permintaan maaf. Dijanjikan duit kembali tapi ampe kiamat juga ga balik kayaknya. Komplain melalui chat malah muter muter ujung ujungnya cs nya matiin chat. Thanks grab, pelayananmu buruk banget!"
,"Tidak bisa memakai semua diskonnya. Kenapa saat saya mau memakai diskonnya dengan telah memenuhi syarat selalu muncul ""Maaf ya, ada yang ga beres nih. Coba lagi yuk"" padahal setelah itu saya sudah keluar dari app, mencoba memperbaruinya dan sinyalpun bagus, tapi tetap saja tidak bisa dipakai. Selain itu, titik mapnya pun berbeda. Padahal saya sudah menyetel diawal dengan titik map yang benar. Namun saat sudah memesan pasti titik tersebut ke arah yang salah lagi."
,"Seneng sih pake aplikasi grab ,tapi tolong donk perhatikan khusus nya grab food , pesan dikonfirmasi sama resto ,tapi driver kagak ada reaksi ,harusnya tuh otomatis 10 menit gak ada gerak ganti driver lain ,yg pesen bisa 1 jam , dibatalkan gak bs ,gimana coba gitu, nanti yg salah siapa"
,mantap untuk pelayanannya
,"Grab sangat solving problem dan sangat bermanfaat, tambahan kedepannya mungkin ada fitur untuk costumer bisa memberikan tip kepada pemilik Restaurant tidak hanya untuk pengiriman, karena banyak dari mereka juga yang memberikan value jauh lebih banyak dari yang diharapkan oleh kita 💚 Hal ini juga bisa diterapkan untuk jenis jasa grab yang lainnya, Terimakasih banyak... GodSpeed 🌱🌿🌲"
,Alhamdulillah sangt membantu juga pelayanan nya cepat slamat smpai tujuan ramah tamah pula
,"Ini kenapa sih， mau pesen tinggal klik order gak bisa2. Tapi coba buka pake akun suami bisa. Ada masalah kah. Sama mau pesen grab ekspres untuk pesenan jadi kesulitan. Padahal tinggal klik order, udah apus akum terus masuk lagi, udah upgrade juga. Tapi sama aja"
,Lumayan bagus.. Tpi kadang titik nya ga sesuai sama lokasi asli nya.. Kadang jga greb udah nyampe.. Di peta masih menunjukan jalur nya. Kan saya jadi bingung.. Perbaiki lagi donk.. Supaya sesuai dengan lokasi nyata... Dan jalur nya
,"Semua pada mengeluh dengan titik penjemputan yang tidak sesuai, tidak bisa kita atur sendiri dan titiknya geser-geser, dan sy pun sama setiap hari pengguna grab tapi selalu saja bermasalah dengan titik pe jemputan, padahal apk sdh di update. Tolong segera di perbaiki, karena sy sangat suka menggunakan grab ketimbang apk sebelah, grab lebih murah dan selalu dapat potongan ongkir. 🙏🏼 Sukses terus buat GRAB"
,"Bisa ga restorannya pake rekomendasi makanan halal, rada was was juga kalo pesen online gini"
,"Grabfood kl dibatalin sepihak sama driver nya tolong dong di cari pengganti nya, jgn biarin customer nunggu.. Kita udh pesan d kira udh kan tinggal nunggu makanan dtg.. Eh pas cek aplikasi lg tau nya malah d batalin sepihak sama driver & kesel nya sistem ga otomatis cari driver pengganti!!!! Kaan KONYOOOOOL!!!"
,"Kenapa tiap buka app selalu keluar tiba"". Padahal sinyal juga g kenapa"". Ram hp pun masih banya. Jadi sebel tiap kali mau grab bike atau grab food, buka aplikasi aja g bisa. Hmm tolonh diperbaiki lagi. App lain tidak begini. TOLONG DIBANTU!!!"
,"Kenapa sih grab harus upgrade terus, berat bgt apknya, tolong dong pihak grab perbaiki jangan upgrade terus. Belom lagi karna masalah akun saya yg tiba tiba di blokir, kesel bgt saya pokoknya sama grab, akunnya ga bisa balik, alasannya ga jelas, karna ganti no telfon padahal memang ada pengaturan untuk ganti nomer, tapi tetep kena imbas 3 tahun setelah edit nomer di blokir. Aneh"
,"Aplikasinya gak jelas, akun saya tiba-tiba ditangguhkan padahal saya tidak melakukan pelanggaran apapun. Dan saya sudah melakukan banding tapi akunnya tidak bisa diaktifkan kembali"
,"Saya kecewa dengan grab, terlalu banyak pembaruan yang harus dilakukan, disaat genting tidak bisa dipakai. Harga setelah di update pun menjadi sangat tidak wajar, sangat mahal. Yg tadinya jarak dekat hanya 6k menjadi 12k. Sampai saat ini saya update, tidak ada perubahan sama sekali padahal sudah banyak komplain seperti ini. Harap diperbaiki segera."
,"pengalaman sy dgn grab sangat membantu dlm tranportasi, bahkan sy terkadang mendapatkan discount harga. Dapat membantu kalangan bawah sampai menengah, semoga ""Grab"" tetap berjalan terus, dan lbh baik dlm melayani penumpang supaya lebih nyaman dan aman."
,Menurut saya seharusnya grab tetap memfasilitasi konsumen untuk membatalkan pesanan saat sedang diproses restoran dan mestinya ada cara komunikasi juga dari pihak resto ke konsumen untuk menu atau toping atau varian yang ngga tersedia. Kalo yang sekarang merugikan konsumen karena misal ternyata toping atau varian A ngga ada sementara pesanan ngga bisa dibatalkan dan mau ngga mau harus terima toping yang ada aja.
,"Kenapa setelah diupdate ketika membuka grab motor dan grab mobil aplikasi terhenti. Berulang ulang seperti itu. Sudah diuninstall, lalu diinstall lagi tetap tdk bisa. Mengecewakan."
,"Terima kasih buat APL Grab dan para RIDER'nya, kini saya bisa membeli/menjual makannan/barang dengan mudah dan aman. Untuk APP'nya tolong di UPDATE Google Maps'nya supaya mudah mencari dan menelusuri jalan yang kecil ( jangan hanya jalan umum saja )."
,"saya pengguna S10, untuk telepon dari aplikasi grab kenapa tidak menyambung dengan aplikasi telepon yah? sehingga jika driver menelpon lewat aplikasi grab walau sudah diangkat tidak dapat menyambung, selang beberapa detik telepon akan berganti dari panggilan grab ke panggilan telpon bawaan hp baru dapat menyambung, mohon di fix kan"
,terimakasih untuk aplikasi nya sangat bermanfaat
,"Assalamualaikum....maaf sebelumnya kalo saya kasih bintang satu. Gara"" saya disuruh perbaharui aplikasi grab point saya hilang.. Padahal point saya udah sampai 170point,,, tapi setelah saya instal balik apkasi grab point saya hilang. Saya benar"" kecewa banget. Saya mohon tolong perbaikin lagi aplikasi grab seperti semula. Dan balikan point saya. Terimaksih!!"
,"Butuh info lebih detail soal live tracking paket dengan posisi sebagai pembeli. Misalkan saja ditambahkan live tracking berbasis map seperti aplikasi sebelah, jadi pembeli bisa tahu posisi paket yg sedang dikirimkan dengan seksama. Makasih ya."
,"Banyak promo yg tidak dapat digunakan padahal tgl masih valid, dan untuk akhir2 ini driver grab tidak pernah memberikan point, pdhl saya sudah rate bintang 5 le driver nya, kadang d apl driver 1menit tapi bisa sampai ke tmpt penjemputan 5menit, itu memakan waktu saya. Saya pelanggan setia grab, dari awal grab ada saya pake grab. Bahkan saya sudah platinum tapi saya merasa platinum itu tidak ada arti nya apa apa krna tidak ada benefit yg saya dapat. Sekarang ribet harus vermuk"
,"Awalnya membantu, kesininya rada menghambat. Mau buka aplikasi minta update. Pas update, selesai download ada tulisan tertunda di bawah progress 100% download. Setelah itu balik lagi download ulang, begitu seterusnya terulang 3x sampai saya jengkel."
,"Saya kurangi banyak bintangnya, karna pemesanan grab food mapsnya tidak bisa dilihat.. Dan kenapa ditambah lagi pemesanan ke 2 customer yg berbeda. Jadinya lama kirimnya. Lebih bagus yg dulu aplikasinya"
,Kenapa susah ke server nya gagal terus mau pesan .loc singapura.tolong penjelasan nya
,"aplikasi nggak jelas.. baru daftar aja uda dibekukan, ajukan banding tetap tidak aktif krn alasan terjadi pelanggaran.. isi data aja belum cuma isi data email sama hp langsung dibekukan akunku.. padahal belum pernah pakai aplikasi grab sama sekali baru mau coba sudah ngga bisa... hebat 😂😂😂"
,"baso nya enak, sesuai yg saya minta, grab nya juga tanggap, mantap pokonya👍"
,"Kenapa saat begitu tombol pesan di klik, tidak bisa lagi seperti dulu bisa melihat ojol ada dimana dan juga tidak bisa melihat informasi mengenai ojolnya mulai dari kontak yg bsa dbhungi dan juga fotonya. Juga kenapa saya tidak bisa ganti foto saya? Kan menyebalkan. Bukannya makin hari makin bagus kualitasnya malah makin kaya gini Ganti profil gag bsa Liat profil ojol jga gag bsa, klo dtipu gmna kan bsa aja. Hanya berusaha sedia payung sebelum hujan saja."
,"selalu diawali dengan penolakan dari driver, meski akhirnya dapat driver yang bagus"
,mantappp dengan driver driver yang slow respon dan kurang cepat dalam perjalanan
,"Semenjak diupgrade kok pas dibuka jadi sering ngelag ya? trus ketutup sendiri apl nya jadi harus ngulang beberapa kali biar bisa pesan, padahal sinyal bagus. Mohon perbaikannya, soalnya sangat mengganggu apalagi kalo keadaan lagi buru2"
,"Bagi kecewa titik lokasi sering salah silahkan atur lokasi lewat manual jangan otomatis sering salah kalo jaringan GPS lemah, ada turorial nya di aplikasi. Kalo ada yang sering minta nambah pesanan dan mampir mampir bandingkan dengan taxi kalo mampir dan nunggu argo nambah. Ini harga sudah jelas, gak ada harga tambahan kecuali kita yang minta pesanan nambah di restoran"
,"Mohon perbaiki bug servernya. Saya selalu mengalami kejadian kehabisan penggunanan promo, padahal saya belum menggunakan sama sekali selama periode promo tersebut. Hal ini membuat saya bingung dan kecewa. Mohon ditangani secepatnya!"
,Sorry gw kasih bintang 2. Awal pake grab dibanding sebelah krn promonya banyak. Sekarang boro2
,Kenapa sii di upgrade malah alamat nya ilang semuaa. Ga otomatis seperti sebelum di upgrade. Terus nyari lokasi di peta malah ga nemu. Mending tanpa upgrade yang kaya dlu aja .
,"Sulit mendeteksi lokasi,kadang kesulitan cari alamat,padahal gak plosok🥺"
,"Aplikasi nya sangat membantu sekali, tapi saya punya sedikit saran, bisakah aplikasi ini multifungsi untuk memesan sesuatu baik grabride dll nyaa, jadi gak cuma sekali pemesanan aja, tapi bisa 2 or 3 x pemesanan sekaligus"
,"Menurut aku sih, spk nya maksa banget. Kalau disuruh upgrade yah harus tetap upgrade gak ada penolakan. Kalau gak di upgrade apk nya kagak bakal bisa di pakai. Misal kalau penyimpanan hp kita gak mencukupi kan kita bingung mau hapus apa lagi biar bisa diupgrade."
,"saya rekan usaha GRAB FOOD sudah 1 tahun lebih. Banyak hal yang bikin kecewa, dimulai dengan CS TIDAK PROFESIONAL ,NO SOLUSI yang ada nada bicaranya meninggi, Perubahan menu sangat sulit tidak seperti apk sblh, komplain masalah salah masuk tagihan sudah hampir 3 bln tidak ada tindakan. potongan Fee besar tapi tidak dibarengi dengan pelayanan yg baik. 👎HARUSNYA CS BISA MEMBANTU BUKANNYA MENAIKKAN NADA BICARA.."
,"terimakasih banyak dengan adanya aplikasi grab.. sangat memudahkan untuk mencari jasa layanan transportasi,makanan,belanja dan lain2.. membuat kami para pengguna jasa sdh tidak terlalu kewalahan kalau sedang tidak ada kendaraan atau kalau hujan atau kurang sehat bisa pesan makanan dan kendaraan roda 4.. apalagi banyak promo nya.. terus di pertahankan dan di tingkatkan pelayanannya ya.. menciptakan lapangan oekerjaan juga bagi yang lain.. Terimakasih banyak.."
,"kurang setuju dengan pengurangan jumlah grabreward poin yg semakin sedikit, padahal transaksi mencapai 50ribu ke atas poin yg didapat hanya sekitar ± 10 poin .. sedangkan poin yg diperlukan utk mempertahankan level platinum saya sebesar 1.420 .. dan potongan2 makanan yg diberikan juga lebih memberatkan dg besarnya minimum order .. agak sedikit kecewa .."
,Sebagian besar driver sudah oke dan kerjanya sat set ga ribet. Tapi sayangnya masih ada sedikit driver yg suka bingung sendiri cari alamat. Padahal lokasi dekat jalan besar dan titiknya pun sudah pas. Ternyata ada beberapa driver yg memang kesulitan baca peta. Akhirnya bingung mereka muter-muter ga jelas dan telepon pelanggan bolak-balik. Mungkin dari pihak grab bisa dilakukan pelatihan dulu untuk driver baru dan lama yg kesulitan dalam membaca peta.
,"saya kecewa sekali dengan aplikasi ini,katanya saya mendapatkan promo grabcar,tapi pas saya input kode nya malah ga bisa, katanya klo g salah ""voucher anda telah habis di gunakan"" ,padahal saya sama sekali blm pake voucher nya,tolong pihak grab bisa memperbaiki sistem promosi nya,klo sekiranya promo nya g bisa di pake, jangan di berikan notif promo ke customer,jangan php in customer! KECEWA!!!!, #MENDINGGOJEK"
,"Ini bener2 super duper eror , pesen layanan grab bike , tapi yang datang malah grba car Evaluasi di rumah , berapa kali klik ke layanan grab bike , tetap di arahin nya ke grab car . Ini ngaco bener2 ngaco . Biaya 3x lipat jdi nya , padahal jarak pergi dekat , tolong di perbaiki lagi . Kecewa saya"
,"pakai grab sangat membantu sekali, tapi kalau boleh pesan grabfood bisa double pemesanan.. biasanya saya ingin makan dari 2-3 tempat berbeda, sangat lama kalau menunggu pesanan sebelumnya tiba dulu baru memesan lagi di tempat lain.. thanks grab 😘"
,"Overall udah bagus, nyaman dan sangat memudahkan. saran untuk Promo jika memang Promonya tidak bisa di Gunakan mending di Hide aja, atau di Disable Click aja. biar User ga Perlu Nyoba atu2. Enable/Display yg bisa aja. atau kasih Button, Auto Pick Promo Terbaik, akan sangat sangat memudahkan. terima kasih"
,"Pelayanannya membuat saya kecewa. Jelas2 saya beli paket voucher, kok gabisa dipakai? Padahal yg lain bisa, responnya lama sekali! Kalau memang cmn bisa kasih voucher 4 dari awal ya buat saja seperti itu. Apa adanya, transparan! Konsumen diambil haknya begini, yang dibalas cuman template pula. Sungguh mengecewakan!"
,"Sangat baik dengan ada nya apliksi grab ini mempermudah untuk pergi2 . Tapi sayang sekali , kebanyakan driver yg tidak sopan kadang suka ngedumel ga jelas , klo ga niat cari rezeki mending di rumah aja pak driver.!! Ada driver yg sopan bgt saya suka , karna kita sama2 butuh . Semangat pak.' Jgn kebanyakan update aplikasi"
,"Kecewa aplikasi ini akhir-akhir ini. Saya dibilang suka cancel padahal emang aplikasinya aja error dari kemarin-kemarin! Saya coba pesen tapi bilangnya pengemudi sibuk banget, terus kalo restonya udah pindah ya otomatis harus dicancel dong. kok jadi saya yg disalahin. perbaikin sistemnya!!!"
,"Untuk developer, tolong perbaiki bugnya. Ini kejadian waktu sy pesan GrabExpress, pas lagi kontak2 sm drivernya, tiba-tiba hilang dan harus cari lagi driver, alhasil pas sy pesan lagi, yg sebelumnya juga ikut datang. Kasihan sama drivernya, jauh-jauh ke sy. Tolong perbaiki."
,"Jangan Driver aja yg Verifikasi Muka di perketat, mau Niat Jahat Juga Driver pasti ke usut. Maka biar seimbang. Penumpang Mesti Wajib Verifikasi muka setiap Order, Penggunaan Akun Penumpang Mesti lebih Ekslusif drpd kompetitor, Cantumkan KTP, KK, Dan Untuk Pemula Akun Penumpang Di Anjurkan Menggunakan OVO, mengingat Oknum Penumpang Akhir2 ini banyak Penjahat dan Begal Driver nya Seperti Kejadian Pembunuhan Driver Grab di Tol Jagorawi Km 37 Tgl 03/04/2023 jam 03:30. Saya Juga Penumpang Se7"
,"Yang lain pada ribut soal promo, kalau saya malah kalau bayar sering saya lebihin, ga tega karena menurut saya udah murah tarifnya. Selama saya pakai si puas, driver selalu memastikan alamat yang dituju benar dan saya sampai dengan selamat. Sejauh ini saya lebih suka pakai grab kerimbang punya sebelah yang udah pernah saya coba tapi kecewa terus."
,"grab makin kesini makin jelek, banyak voucher tapi gak bisa dipake, tiap hari selalu ada notif voucher bike/car tapi gak pernah bisa dipake. i mean, kalo gak bisa ngasih promo, gak usah lah nyimpen voucher segala macem!!! dari 2018 saya mulai pake, sering saya pake dari 2020 tapi gak ada peningkatan sama sekali, harusnya makin sering dipake, makin sering kasih keuntungan ke user nya!!! bukan malah ngasih voucher bodong yg gak bisa dipake?! PERBAIKI SISTEM NYA!!"
,"Untuk saat ini, saya masih suka pakai grab ketimbang tetangga sebelah. Banyak promo, cuma kadang limit-nya sudah habis kalo pas kebetulan butuh bgt. Drivernya ramah, gak banyak pilih pilih, gak banyak komentar. Semua bekerja dgn baik."
,"Payah. Mau login dan register gak bisa. Selalu ada tulisan ""Oops, something went wrong"" tanpa ada penjelasan. Something went wrong dimananya? Saya salah dimananya? UX Writernya mana nih? Ayo team UX Grab. Saya bingung knp ga bisa login/register udh seluruh cara ditempuh sampe update HP dan aplikasi. This is a major frustration for me. Kalo di daerah sy ada kompetitor lain saya udh pindah pake aplikasi mereka. Frustasi sekali. UX Writernya gimana nih."
,Buang² paket data aja. Udh 85% malah g bs didownload .kan syg paket data saya . Memory sy kosong muat buat download apk.ini tp malah udh mau selesai blng g bs🤦
,terimakasih berkat aplikasi ini saya bisa dapat perjalanan yang nyaman dan aman 👍👍
,Gratis ongkirku kok gk terpasang ya? Padahal aku udah langganan. Apa kelen ni?
,"Harus bener2 kontrol para drivernya, masih banyak driver yg nakal. contoh sudah janjian minta di kensel/ tapi tetep lanjut Tampa menggunakan aplikasi,jadi mikir berkali kali saya, klo pake grab sekarang"
,"ramah, tepat waktu ..mantap rasanya"
,"Jangkauan di perpanjang lagi dong,saya pengguna grab hampir setiap hari tapi krna jangkauan nya yg terbatas untuk mendapatkan driver jd harus lama menunggu,padahal ngga terlalu jauh dari rumah ku biasanya ada driver tapi jaraknya tidak di jangkau"
,"Untuj para driver pengantaran ,tlg ditraining baca maps min, ini uda alamat jelas ,masih pada tanya , ambil mana antar kemana . /Mungkin dari aplikasi aplikasi yang tidak tampil ,mohon diperbaiki.trims ,klo uda kita kasi bintang 5"
,"Bagus, cukup membantu untuk keperluan transportasi, pemesanan makanan, ataupun pembayaran pulsa dan tagihan. Tapi sekarang poin yang didapatkan setelah menggunakan grab bike atau grab car hanya sedikit, jadi tambah lama dong ngumpulin poin dan naik level nya 😅 apalagi sekarang ga bisa isi saldo ovo lewat minimarket jadi kalau mau isi harus lewat driver atau transfer ATM, transfer ATM lumayan juga biaya transfer nya 😅"
,"Klo sudah di lock pilih titik di peta,ya sudah berarti memang tujuan nya disitu...malah titik tujuan pindah2,sok tau ah. Klo kaya gitu mending ga usah ada opsi ""pilih titik di peta"""
,Saya suka grab karena dapat memilih harga sesuai dengan tujuan dan bisa memilih harga yang sesuai dengan kantong. Saya sarankan grab untuk masuk ke kota kecil seperti Bangkinang karena disini susah sekali untuk bepergian karena jarang ada angkutan. Kalau ada pun harus menunggu sangat lama.
,"Kenapa sudah tidak ada - batalkan pesan - kadang saya pesan makan karna sangat lapar, dan kalu drive terlalu lama tidak sesuai wkt yg di tentukan, saya bisa batalkan pesan dan bisa pesan makan yg lain. Tolong di hidupkan kembali - batalkan pesan -"
,"Kenapa ya kalau mau pesen grab jadinya lama buka aplikasinya? ,, terus juga suka engga muncul jadinya, malah kembali kelayar utama,, jadi ya saya uninstal terus instal ulang lagi,, baru dipake buat pesen 1x, nanti engga bisa pesen lagi... kenapa ini ????? Padahal sebelumnya engga pernah begini,, lancar "" aja"
,Saya tidak bisa memilih tujuan dan penjemputan dimana. Saya touch hape saya tidak bisa. Padahal aplikasi yg lain bisa semua di touch untuk penempatan dan tujuan contohnya gojek. Ini aneh tolong donk diperbaiki
,sangat membantu sekali..kita jadi mudah kemana-mana..dan gampang mau pesen apa-apa jg. bisa ga aplikasinya di buat supaya bisa pesan menu sekaligus dalam waktu yg sama di beberapa tempat.
,"Suka lemot banget aplikasi nya skrg walaupun pake paket internet atau wifi.. Aplikasi di suruh update.. Setelah update lemot nya ngk ketulungan.. Tolong di perbaiki lah.. Jaringan bagus tapi jaringan grab setiap bukak eror terus INI APLIKASI KEK GIMANA SIH,, LEMOTTTT BABGETT.... PLAY STORE TOLONG DONG DI PERBAIKI SERVER NYA"
,"Tolong pihak GRAB lebih memperbaiki server, promo pengguna ada dan belum dipakai sama sekali namun tidak dapat digunakan. dikatakan bahwa voucher sudah habis padahal tanggal berlakunya belum melewati batas. sebagai anak pelajar, ongkos GRAB jika jarak dekat 10rb terlalu mahal, jadi diperlukan promo. Hanya untuk jarak dekat saja harga dipertimbangkan lagi. Terimakasih."
,"Awalnya selalu puas kalau pesan makan lewat grabfood. Tapi ada masalah dmn pesanan saya tdk masuk di driver nya. Padahal sudah dibuat kan sama restonya. Sudah nunggu 1 setengah jam tapi pesanan gk sampai sampai. Mau dicancel juga gk bisa karna makanan sudah dibuat, akhirnya resto minta usul untuk diantar secara offline. Pesanan dicancel dan saya bayar lebih mahal dari yg saya pesan. Tolong agar diperbaiki, biar gk terjadi lagi sama pelanggan setia lainnya."
,"Dear Grab, mohon perbaiki maps-nya, saya kesal sekali karena maps-nya nggak akurat dan menyesatkan, kasihan drivernya juga. Rumah saya di sebuah komplek yang menempel dgn komplek lain (saling membelakangi) dibatasi dengan tembok dan sebuah pintu pagar kecil yg selalu digembok. Rumah saya ini memang posisinya dekat dengan tembok batas tersebut dan maps-nya selalu mengarahkan driver untuk melalui jalan di komplek sebelah itu. Ayo diperbaiki, jangan kalah sama aplikasi ojol sebelah yg lebih akurat."
,"PERLU PERBAIKAN SEGERA!!! membaca TITIK LOKASI karna melenceng jauh bgt, biasanya Psan grabfood lgsung muncul otomatis alamat yg tersimpan kdg sk error tidak muncul padahal gps dlm keadaan aktif, ketika mengklik LEWATI lgsung ke order, HARUSNya ke HALAMAN ALAMAT TERSIMPAN dulu, kasus ke 2 sudah lbh dari 20driver GRABSEND via TOKOPEDIA NYASAR ke ALAMAT SAYA dan melenceng lbh dri 3-10km dri alamat yg tertera, mohon segera diperbaiki agar tidak merepotkaN driver maupun customer. Terimakasih"
,driver responnya ok . pelayanan memuaskan..semangat terus om.semoga berkah
,Saya pakai grab sudah lama.. Aplikasi ini mempermudah perjalanan. Tapi saya sedikit tidak nyaman dengan versi terbaru. Sering error. Chat dengan driver sering tidak sampai. Terus akun saya tiba-tiba kena suspend padahal gak lagi ngapa-ngapain beberapa menit kemudian bisa masuk terus ke suspend lagi terus bisa masuk lagi dan terus kaya gitu padahal saya menggunakan aplikasi dengan wajar dan jarang sekali meng cancel perjalanan
,"Sering pake tapi jarang ada promo. Sudah 3 hari ini prjalanan rumah ke tujuan biasanya 14.000 jadi 36.000,pemilihan rutenyapun aneh(seharusnya jalan umum biasa malah dibikin jalan muter2 dulu nggak jelas). Silahkan diperbaiki lagi guna memudahkan para pengguna."
,Bagus sekarang grab tambah +++ nya pertahankan ya atau ditingkatkan lagi lebih bagus dari sebelumnya overal aku suka yang ini dari pada yang lama ⭐⭐⭐⭐
,"gps.nya kurang stabil, biaya ongkir malah + biaya pesanan, biaya perjalanan juga makin mahal.. cukup 2 bintang sesuai perasaan! satu bintang u/ aplikasinya & 1 bintang untuk penggunaan aplikasi. thanks"
,"Makin ribet di update gk bsa2, buang2 kuota aja"
,"Sebenernya layanan grab sangat baik dan memuaskan, namun semakin lama tarif semakin naik. Saya sebagai anak sekolahan yang dulu berangkat dari kost ke sekolah hanya 5rb sekarang malah jadi 9rb. Plus promo grab kadang bisa digunakan, kadang tidak/voucher sudah habis (padahal seharian saya tidak pakai sama sekali tau tau promo habis). Mungkin bisa dipertimbangkan, terutama untuk promonya mohon bisa dibenahi agar tidak hilang ada hilang ada begitu"
,Saya suka dengan grab...cuma ada yg sy kecewanya kalo pesan grabfood...pesan di aplikasi tp pas sampai resto harga berbeda ada kenaikan...harusnya pihak toko(penjual)selalu aktif mengupdate harganya di aplikasi klo ada perubahan...jangan apa yg sdh tercantum di aplikasi pas sampai toko hrg berbeda....itu yg sy kecewanya...tolong di perhatikan pihak grab yaa...makasih
,Aplikasinya bagus.. Tapi sayang .setiap di kasih vocer grab food ..cuma bisa pakai buat pagi sama siang aja.. Kalau udah sore .apa lgi malam.. Vocernya tidak bisa di gunakan.. Tarip ongkirnya kok tiba2 naik ya.. Yg biasa 5000..jadi 10.000. Tolong di perbaiki lgi
,Bikin malas kenapa.selalu harus upgrade setiap di buka sih dan tidak bisa kebuka aplikasi kalau tidak upgrade. Selalu muncul perintah upgrade setiap kali mau di gunakan. Tolong di perhatikan
,Ramah dan cepat pengirimannya
,"sedikit saran untuk grab food, kenapa harus dikelompokan yg arah tujuannya sama, dan bisa nerima orderan double? lebih baik, ditiadakan, krn orang yg order pertama bisa menunggu lebih lama, sedangkan jam makan (istirahat keburu habis), biasa cuma 15 menit ini bisa 1 jam baru datang karena saya sudah sering mengalami hal tersebut dan tidak adanya orderan double bisa jadi itu rezeki buat driver yang lain, yg mungkin blom dapat orderan jika masih mengalami hal kaya diatas, bakal pindah app sebelah"
,"Sistem double order beda resto mohon dihapus. Dikarenakan pelayanan kepada customer tidak maksimal. Inginnya pesan Grab itu bisa cepat sampai. Namun sekarang jadi lama. Alhasil, makanan jadi dingin. Tidak sesuai yang diinginkan. Silahkan dijaga pelanggan/ customer dengan memberikan pelayanan yang maksimal."
,"jadi waktu itu udh dpt grab bike nya. trs tau² ban driver nya bocor. jadi saya terpaksa cancel. nah pas mau di cancel itu, tulisannya bukan ""batalkan pemesanan"" tapi ""Saya sudah sampai tujuan"". udh di coba berkali² tetep gabisa. sampe hp saya saya boot. trs pesen ulang grab, tetep aja dia² lagi dan gabisa di cancel. dan karna itu saya pulang jalan. JADI.. TOLONG PERBAIKI LAGI GRAB NYA. MAKASIH:)"
,"sangat membantu, trimakasih grab.🙏"
,Istimasi nya terlalu diluar nalar min😵😵
,"Masukkan buat developer, tolong tambahkan fitur masukkan gambar dari galeri. Agar pengguna bisa kirim screen shot dari galeri, karena titik lokasi map kurang akurat."
,"Saya mau buka Grab kok gak bisa ya, harus di update ..setelah instal berjalan saya disuruh menghapus Aplikasi , sudah saya hapus, sudah melebihi yg diminta , muter terus kembali ke update lagi, disuruh menghapus aplikasi lagi.tetap sulit, saya sangat nyaman memakai Grab. Mohon jalan keluarnya, terima kasih"
,sering terjadi kendala dalam aplikasi.. seperti dari aplikasi eror tidak bisa memesan dan kadang penumpang mendapat driver yang posisinya sangat jauh.. sehingga waktu keberangkatan terganggu.. tolong di perbaiki segera
,Mau di update2 ndak bisa mlulu.. pdhal jaringan ada. Haduhhh
,sangat memuaskan dalam perjalan nya
,Antar pesanan lama+waktu pengantaran sesanan selalu di undur mulu
,"udah berkali kali ganti hp dan berkali kali install app ne, jwabannya ttep sama puas bin cocok 😎😎😎 lagi lagi dan berkali kali"
,"Grab yang aneh, setiap kali order makanan, selalu lama sampe, asal di tanya ke driver nya, jawabannya dapat 2 orderan, mau di cancel gak bisa, apa kalian lagi kekurangan driver. Padahal aku mesan cuman salad, yang jarak resto nya nggak sampe 2 km, tapi lamanya kayak nunggu jarak 200km, Beda banget kalau mesan pake gojek, nggak banyak nanya langsung cepat sampai."
,"Tampilannya bagus, semua bagus. Promo dan semuanya oke. Tapi yang bikim badmood banget, promo grab bike itu sering gk bisa digunain. Lewat jam 12 lebih udah gk bisa. Padahal seharian gk dipake pas mau mke gk bisa."
,Aplikasi sudah bagus dan berguna. Tapi diusahakan jangan terlalu sering pembaruan karena kalau tidak diperbarui dulu kadang suka bug. Kadang saya atau orang lain mungkin membutuhkan jasa grab secepatnya.
,"kenapa ya sama grab yg skrg?:( dulu grabku baik baik aja. tp pas update makin kesini sini semakin rusak:(( setelah update, tiap buka grab sering ngelag, terus juga suka tbtb ngeclose sendiri padahl lg ngetik destinasi yg di tuju. kdg klo buru2 jadi gabisa di andelin:( kecewa bgt tolong dong perbaiki, pdhl memoryku ga penuh, koneksi juga lancar:""("
,Drivernya nggak mau menerima sampai nunggu lama nggak dapat dapat
,cepat dan sopan
,"Ribet amat mau bikin akun grab, parah gagal mulu, no hp udh bener, email udh bener tp susahny minta ampyun..."
,"layanan grab luar biasa, sangat membantu. promo yg tersedia juga sangat menguntungkan. sbg masukan: kiranya grab lebih memperbyk kerjasamanya dgn restoran2 yg ada, dan Grab tetap bisa dipakai walau berbeda lokasi. sukses selalu grab"
,"Untuk wilayah ibukota tentu begitu banyak jasa transportasi yg cukup memadai. Ojeg online adalah vaporit dan bisa diandalkan. Grab salah satunya yg paling ""dekat"" dengan masyarakat. Namun pengemudinya lebih komunikatif, bisa diajak canda dan selalu memaklumi penumpangnya. Dia selalu memberi nilai lebih ketika penumpang kesulitan mendapatkan akses setelah turun. Dia menunjukan arah dan mendapatkan kendaraan sambungannya. Grab memang oke...salam senyum buatmu..."
,Aplikasi nya udah bagus sangat membantu. Tapii nama alamat asli sama di map nya beda jauh jadi ojol nya suka protes ke saya padahal diaplikasi udh dijelasain pengiriman sesuai titik tapi tetep ada aja yang salah alamat. Tolong diperbaiki makasih
,"Sangat buruk untuk aplikasinya. Banyak promo yang tidak bisa dipakai, keterangannya udh abis digunakan. Pdhl shrian blm order. Dan lagi beberapa orderan saya tidak menambah poin rewards meskipun ga pakai promo!!!!!!!!!"
,Pembayaran biasa 28k kerumah..dan kenaikan harga ga ngotak kalo 2x lipat gpp...ini smpe 4x lipat ..sampe 89k ...parah ini naik harganya ....
,"perjalanan yang nyaman dan cepat, Terima kasih🙏"
,"Sangat mengecewakan... Driver sudah sampe di tmpt tujuan cm beda pintu, drivernya di pintu utara mall, saya di pintu selatan gk mau nyamperi pelanggan, mlh lgsg dicancel... Klo memang gk niat ambil pesanan hrsnya dr awal gk ush ngambil... Benar2 pelayanannya buruk... Msh mending pake gojek aja... Grab 👎"
,"saya selalu menggunakan applikasi ini, tapi ada satu hal kekurangannya, saat hujan semua driver selalu sibuk sehingga tidak menerima pesanan, dan saat malam para driver menerima pesanana tapi meminta ke calon penumpangnya untuk d cancel dengan berbagai alasan."
,"Setiap saya menggunakan jasa grab. Hampir semua pengemudi grab entah itu pengemudi mobil/motor selalu saja tidak menyiapkan uang untuk kembalian. Trik berharap penumpang mengihlaskan kembalian itu sangat tidak profesional. Lebih lebih lagi saya sebagai penumpang terasa sangat terganggu karena kebanyakan dari pengemudi grab walaupun sudah sangat tepat saya memberikan alamat penjemputan dan alamat tujuan, masih saja si pengemudi suka bingung dan saat menjemput dan mengantarkan penumpang."
,"Duluuuu aku suka banget sama grab sampe sampe ak beralih tu dari aplikasi satunya, tapi sekarang ak mikir mikir lagi buat make grab... Sekarang untuk promo promonya tidak seperti dulu, yg sekarang tuh lebih ribet di pake.... Untuk paket langganan juga kenapa malah jatuhnya lebih mahal, percuma juga saya paketin kalo gitu...."
,Saya suka banget dengan grab ini tapi saya mau kasih masukan untuk admin yang 1. Tolong untuk pencarian lokasi tujuan berikan urutan ya paling dekat dan seterusnya ... Jadi gk menyita waktu bisa pilih yg dekat dari pada jauh2 ... 2. Kasih menu PP atau biar gk bingung ngasih biayanya dan gk pesen 2x deh biar kembali ke rumah
,"KECEWA BANGET sama apk ini.. Padahal tiap hari pulang pergi kerja aku suka pake grabbike, tapi ko makin sini makin mahal, mana paket hemat motor nya diilangin lagi 🤧 FIX gaakan pake2 lagi apk ini, kecuali paket hemat nya di balikin lagi kaya dulu !!!!!!!!!!!!!!!!!!!!!!!!!!"
,Dulu sebelum taksi hancur dan sepi gara2 gojek banyak supir taksi yang nolak2in penumpang. Kita udah masuk taksi terus diusir keluar karena jarak deket atau lainnya. Sekarang go car udah mulai sering nih nge cancel2 pelanggan. Ngasih banyak alesan dll. Tolong perbaiki kualitas driver go car nya. Kalau perlu yang bermasalah2 jangan dikasih kesempatan dapet penumpang. Biar para driver bermasalah segera nganggur dan makin miskin dan driver yang berkualitas bisa makin makmur
,"Kenapa setelah update malah jadi makin buruk. Ketika klik grabfood selalu kembali dengan sendirinya ke menu utama, begitu juga dengan grab motor/mobil ketika klik baru masuk belum sempat mengetik tujuan dan lokasi penjemputan sudah keluar dan kembali ke menu awal."
,kenapa yah..sy kalo dpt promo...sering banget..ga pernah bisa dipake..padahal batas waktu habis nya masih panjang..kadang2 sekalinya bisa dipake itu sudah mendekati waktu mau habis nya...jd cuma bisa dimanfaatkan sekalo promo nya...bahkan kadang kadang ga bisa sama sekali...trimakasih..mudah2 bisa di tanggapi oleh admin 🙏
,"Saya sangat suka aplikasi grab karna banyak promo, tapi ada yg harus dibenahi, tolong agar pelanggan masih bisa chat atau komunikasi dengan driver, agar pelanggan bisa komplain klo ada kekurangan pesanan, dan klo bisa ada nomer kontak penjualnya agar bisa komplain juga klo ada kekurangan pesanan... Karna saya mengalami pesanan kurang sdh beberapa kali, dan bingung mau menghubungi driver atau penjualnya.. Klo diaplikasi sebelah sdh bisa menghubungi penjual dan masih bisa chat dengan driver."
,Kokk grabnya saya mau update kok tidak bisa ya??ada masalah ap nih grab ny?
,"Udah lama pakek aplikasi grab, kok aplikasinya tambah gak karuan, jelas2 udah tak ganti alamat, eh malah kirim alamat sebelumnya dan gak bisa di cancel, nih aplikasi lama kelamaan gak ngotak anjir, mana lagi harus tambah biaya pengiriman padahal jaraknya lebih Deket, fixx ganti aplikasi"
,"Saran , untuk food skrg kan sistem nya double order . Untuk itu mohon kasih opsi untuk ganti driver . Apalagi kalo resto pilihan. Karena kalo nunggu & ga bisa di batalin makan waktu yang cukup lama . Mohon di pertimbangkan"
,"sya sering mendapati pengemudi berbeda dengan yg ada diaplikasi, kendaraan khususnya motor tidak sesuai dengn yg diaplikas yg saya pesan dan mereka beralasan motornya sedang dibengkel dll dan itu sangat dikhwatirkan terjadi kejahatan, itu memperlambat pemesanan karena klo yg sesuai dengn yg dipesan itu sangat cepat kedatangannya tolong untuk dikondisikan lagi supaya tidak terjadi hal hal yang tidak diinginkan. sebelum terjadi sebaiknua segera diperbaiki. trmksh dan mohon maaf."
,"Kenapa gak bisa pesan makanan,d klik pesan gak bisa2..?"
,"Dulu oke sangat, sekarang ni dah susah dpat grab. Lagi satu, time dah dapat, diorang tak boleh ambik, tapi apasal dia tak nak cancel? Harus sangat kita ke yang cancel? Lpas kita cancel, saya try pulak cari driver lain, tapi sllu tak dapat.😡"
,"Saat saya ingin memberikan penilaian 3 dengan alasan agar driver tidak melakukan lawan arah, Dan lebih ramah kepada penumpang saat di beri arahan. Alasan saya memberi bintang tidak dapat dikirimkan (di proses) namun ketika saya kasih bintang 5 langsung bisa di proses! Apa gunanya pilihan pemberian bintang jika tidak dapat di kirimkan, kecuali diisi dgn bintang 5!"
,"Aneh, skarang pengantaran gofood 1 driver paralel 3/ lebih pesanan, makanan gw sampek drumah jadi dingin,mana basah pulak,jaraknya cuma 1 km ,gara2 driver nganter ketempat lain dlu jadi 1,5 jam gw nunggu,..ga jelas mksdtnya apa coba"
,"Saya suka dengan aplikasi ini, ongkirnya murah, mwhehe, tapi kurangnya cuma 1 si menurutku, kurang banyak toko makanannya. Seharusnya perbanyak lagi toko makanan di grabfood, seperti aplikasi sebelah, cuma aplikasi sebelah ongkirnya agak mahal. Btw, grab car nya juga saya suka, drivernya yang pernah saya dapat yang ramah bgt, jadi perjalanan makin enjoy deh. +++++ deh pokokya untuk grab, cuma - nya ya itu aja, kurang banyak toko makanan yang ada spt aplikasi sebelah, selebihnya dah mantaps bgt👌"
,"Makin jelek ni aplikasi setelah diupdate. Bonus diskon yg sudah dibeli ketika sebelum diupdate langsung ga bisa dipakai setelah diupdate. Sdh jelas2 masih banyak diskonnya, begitu dipick malah kembali ke menu utama."
,"Dulunya enak pake grab memudahkan, sekarang semuanya naik, terutama grab bike, karna itu layanan yang paling sering aku pake, mana promonya banyak SK nya dan juga hanya di kota2 besar saja, kalo di kota/kabupaten kecil hampir nggak ada promo dan harus beli paket hemat, dan sekarang paket hemat juga kotanya di batasi..☹️ Tadinya yang tiap hari pake grab, sekarang harus mikir 2x Tolong grab diperbaiki pemetaan wilayah, kalo nggak di wilayah pengguna ya jangan di kasih promo yang nggak kepake"
,"akun selalu di berhentikan terus pdhl ga macem"", uda ngajuin banding pun tetep ga diaktifin akunnya"
,sangat² baik dan amanah diantar sampai tujuan
,"Tarif nya makin mahal, yg biasanya saya jalan ke lokasi yg biasa saya tuju hanya 10k sekarang tiba2 naik 100% jadi 21k padahal jaraknya deket. Trus kalo dapet kupon dgn potongan 90% itu tdk real potongannya 90%. Misalkan kalo harga 21k saya pake kupon tersebut harga nya cuma jadi 17k hanya ke potong 4k dan kadang ovo saya gak cukup, jadi terpaksa bayar tunai walaupun sebenarnya cukup mahal dengan jarak segitu yang biasanya harga kalo bayar tunai cuma 10k."
,"Dulu grab versi lama gak seribet ini. Sekarang mau ngasih titik lokasi yang sesuai aja susah. Titik lokasi suka geser2 setiap dibenerin. DAN ongkir suka ganti2, kadang ongkir 5k terus ganti lagi 6k, jadi ragu kalo mau pesen, yang tadinya ongkir murah jadi naik harganya. Tolong perbaiki aplikasinya, terutama lokasi, titik lokasi suka geser2 sendiri, saya jadi repot kalo mau ngasih tau driver nya, harus nelpon2 dulu ngasih tau alamat yang bener. Kalo bisa milih saya lebih suka grab yang dulu."
,"Lebih murah sih dan banyak promo. Cuma, kadang satu driver ditumpuk beberapa orderan. Harusnya makanan cepet nyampe, jadinya harus nunggu orderan yg lain, ya meskipun satu tempat. Cuma beli bubur biasanya 15 menit udah nyampe, tapi akibat sistem seperti itu jadi sejam itu sangat amat menjengkelkan. Mengecewakan, tolong diperbaiki."
,Minta diupdate terus. Memorinya gede bgt. Minta hapus apps lain. Dah gt giliran tinggal di update eehh malah ga bisa! Ga update ga bisa psn ojol/taxol nya. Gimana nih??
,"Jujur saya merasa kecewa dengan grab, dulu sebelum di up price/harga perjalanannya ringan di kantong, tapi setelah di up, hrgany di fix menjadi lebih mahal dan sejujurnya sangat mahal naik beberapa persen, saya yg pesen untuk pulang sekolah biasanya harganya dari 3rb an jdi naik 9rb, kecewa saya terpaksa deh beralih ke app sebelah yg hargany pas cuma 3rb"
,"Driver skrng pada males, setiap beres hujan pasti kalo dapet trip pendek pada ga mau ambil, dengan berbagai macam alasan yg ga masuk akal.. Saya minta sama grab, tolong di perbaiki lagi.. Kalo bisa, kasih sanksi kepada driver yg pemalas.. Apa gara2 tips nya cuma 5rb terus ga mau ambil? Sedangkan jarak yg jauh tingkat acc tinggi, dan mau diambil.. Mentang2 habis hujan, lonjakan harga jadi tinggi.. Bisa2 saya berhenti pake app grab ini, gara2 kelakuan driver nya seperti itu.. Bukan satu atw dua org, hampir kebanyakan seperti itu.."
,"Saya pengguna setia grab, namun akhir-akhir ini sedikit kecewa karna layanan pesan antar grab food menjadi lebih lama karna double orders. Sebenarnya tidak masalah (double orders) hanya saja saat saya cek di peta . Driver terkadang mengantar pesanan ke alamat yg lebih jauh . Dan melewati alamat saya .. alangkah lebih efisien nya apabila pesanan diantar sekali jalan. Terima kasih."
,klo malam sudh jam 9 malam susah nya dapat grab mobil sampe 20 kali ga ada yang nyantol
,"Agak kecewa saat tujuan tidak bisa di edit, lalu sang driver menawarkan offline dgn harga yang sama. Karrna waktu saya iyakan, padahal jarak nya ga ada 1 km. ""Terjadi kesalahan"" tertulis di aplikasi."
,"aplikasi berat untuk android jelly bean , tidak seperti gojek yang tetap lancar meski pakai versi andsoid lama. mapnya pun sering menampilkan hasil yang kurang tepat dengan yang diketik. punya model pencarian yang rumit dibanding gojek"
,Aplikasi nya sangat membantu... Satu yang harus diperbaiki adalah ketika promo grabbike kan tulisannya sehari maksimal 2 dan berlaku hingga 10 kali penggunaan. Namun promo saya habis setelah 2 penggunaan.. Harap diperbaiki terimakasih 🙏🙏🙏
,"Sangat membantu... hanya untuk versi terbaru mohon ditingkatkn untuk akurasinya titik maps. Tapi semuanya sudah oke semoga makin sukses dan promo""nya ditambah"
,"tolong untuk pelayanan makanan di tingkatin, seperti untuk makanan yg masuk grabfood setelah makan orang kasih penilaian / bintang, soalnya sy pernah pesen makanan digambar sepertinya enak banget, stlh sy pesen makanan itu kualitasnya jauh sangat berbeda, jadi tolong dikasih aplikasi biar bisa review tentang masakannya, jd biar pembeli gak ketipu dan kalau bisa yg di upload di gambar bener2 sesuai foto makanan itu, jgn pake gambar yg lain dan setiap menu harus ada foto makanan tersebut. trmksh ko"
,"Bisa kasih tau ga knp ada notif akun grab mu aktive kmbali,, memang wkt aku punya akun grab baru buka2 menu tp belum pesan apa apa alamatpun belum aku save di akun grab,, bbrapa wkt kemudian akun grab saya dibekukan krn ada pelanggaran ntah apa saya pun tdk tahu,, disitu ada tulisan naik banding dan sebagainya sy lupa,, tp dsitu sy ga berani otak atik lagi mnding sy hapus aja apk nya krn memang tdk dpat digunakan,, jd masalahnya ea kok tiba2 akun sy dibekukan pdhal baru mau nyoba pake apkgrab,,"
,GRAB selalu memberikan layanan terbaik
,"Kecewa banget. Untuk buka Grab DIPAKSA UPDATE dulu. Kalau gak upgrade, gak bisa buka. Gimana kalau kuota pas tipis ? Developer.. pertimbangkanlah kasih keleluasaan untuk menentukan kapan update.. Selain itu SUSAH BANGET update, kuota banyak tapi mutar2.. batallah pakai Grab pesan sesuatu."
,"Sejauh ini bagus banyak promo dan mudah digunakan. Kekurangannya di tempat saya tinggal di sleman setiap malam selalu sulit dapet driver, driver busy terus. Mungkin memang busy namun alangkah lebih baiknya jika diperbaiki lagi servernya. Masa untuk dapat driver butuh waktu 15-20 menitan. terima kasih atas tanggapannya"
,"sebelumnya terimakasih grab karena menjadi teman saya dalam perjalanan ke kampus tiap pagi-sore. tapi makin kesini sedikit agak kecewa juga, kadang mau pakai promo ada notif kalau promo sudah gak bisa di pakai dan besoknya bisa padahal waktunya masih masuk zona yang di tentukan, gak pernah masuk kode promo juga buat yang gak pakai ovo jadi kadang kalau lupa top up agak susah. beberapa kali aplikasinya sering hang dan lemot semoga bisa di perbaiki kedepannya."
,"Aplikasi berfungsi dengan baik, untuk update layanan sudah oke walau saya kurang cocok dengan yang grabfoodnya untuk makanan mengembang seperti mie, bihun dst, karena bila driver punya double order maka saat makanan mengembang itu jadi orderan kedua, saat sampai sudah tidak hangat..."
,respon bagus dan cepat
,"Tolong perbaikin sistem GPS nya, masa tiap kali pesen grab bike, selalu dapat driver yang jaraknya diatas 3 kilo, padahal jarak ke tujuan aja gak sampe 3 kilo, kalo kayak gini terus bisa bisa ntar dapet yang 10 kilo jaraknya 👎"
,"Untuk aplikasi ok, tolong untuk /pada saat pemesanan dilayar harus tampil semua jd kita lgsg bisa pilih mana yg lebih murah, klo nya pemula pasti blum ngerti lg cara memilih pesanan dan tarif ny agak mahal skrg dll"
,"selama menjadi pelanggan Grab, tidak pernah mengecewakan. terimaksh banyak Grab"
,pertama Kali ngegrab lumayan bagus Dan nyaman
,"Buruk aplikasinya gk konsisten brusan 5 menit yg lalu vochernya bisa dipakai, terus tiba2 gk bisa dgn alasan ada kegiatan tidak benar di akunmu, saya sebagai pelajar yg uang saku pas2 an sangat terbantu dengan adanya promo, eh aplikasinya malah begini. Mengecewakan!"
,"saya rasa aplikasi ini masih banyak cacatnya untuk kategori pesan antar makanan. Hal yang sering saya alami : 1. Resto nya tutup. terpaksa cancel dan cari resto lain 2. Menunya ternyata kosong, terpaksa ganti menu lain 3. Ternyata resto nya tidak ada. terpaksa cari resto lain 4. Harga sering tidak sesuai dgn aplikasi 5. keterangan makanan tidak lengkap 6. sebagai contoh saya mesan capcay harga 22k di aplikasi, ternyata di struknya tertulis ""capcay + nasi (27k) + ppn 10%"" mohon perbaiki lagi"
,"Saya sangat terbantu dengan adanya aplikasi grab yg bisa mengantarkan kmn saja dlm menjalankan aktiffs krn sebelumnya sangat sulit mendapatkan transfortasi krn letak tempat tinggal saya yg jauh dari jln raya,skrng tinggal pesan,jln dech... mksh grab 😊🙏👍👍"
,"Jarak kos ke kampus jauh. Kalo jalan bisa telat. Tp semenjak ada grab, aku bisa dtg lbh gasik. Banyak promo dan banyak menu2 yg bikin biayanya murah. Terimakasih. Ohya, lokasi jemputnya gak sesuai sama alamat yg udh diinput. Drivernya sering kesasar dan nanyain lagi. Semoga ada perbaikan"
,aplikasi grab motong nya kebesaran nga mikirin driver dan penumpang .
,"Aplikasi yang sangat membantu kita dengan segala fiturnya. Dengan OVO semakin mudah bertransaksi. Ditambah banyaknya disko bukan hanya perjalanan namun makanan bahkan fitur message. Semoga semakin berkembang lagi, coba berinovasi dengan layanan otomotif, tidak hanya layanan cuci mobil namun melingkupi jasa srvice kendaraan yang bisa dipanggil kapan saja dengan montir-mobtir yang handal."
,"sayangnya skrg ini sy tdk bisa pesan grab.entah kenapa aplikasi untuk bisa pesannya ( lokasi jemput dan tujuan) tidak muncul di aplikasi.terakhir pesan tgl 3 Mei 2019.Sedih juga jdi gak bisa pesan, pdahal sy pengguna setia grab.Gimana cara memunculkannya?"
,"Multi order grabfood kacau luar biasa. Harusnya pake aplikasi memudahkan, tapi karena multi order malah dari mulai pesan sampe pesanan tiba memakan waktu sejam lebih padahal jarak resto paling jauh 3km. Sudah email keluhan tapi respon pihak app lama. App tetangga justru lancar jaya"
,"geser lwt peta untuk setting alamat tuh susah untuk pass di titik koordinat nya, kasian driver nyari titik nya kdang kesulitan,, pdhl bukan slh kita jg naro titik nya yg slh,, tp aplikasi nya kurang phm gmn caranya setting peta yg bener,, gak ky sebelah,, pas geser peta tuh lgsg bisa ke titik yg kita mau.. benahin bos,, jgn jd ky kompeni belanda,, bikin susah smua ajj klo bgtu mah"
,"Order alamat jalan dan kecamatan sudah sesuai (contoh : jalan mentari, kec pasar gede) tp di maps beda.. terbukti waktu mau ganti destinasi gk bsa karna alamat sama (ya karna alamatnya sudah sesuai tujuan jalan mentari , pasar gede) tp titik di maps nya malah berhenti di tmpt lain"
,"Apk sangat membantu (y) , ,, tapi tolong di perbaiki utk grabfood ya masih bnyk resto ramai yang belum terdaftar, dan wah bgt utk promo nya hehehe cuma di jam"" yang dibutuhkan seperti dr sore ke malam promonya suka error' ga bisa di pakai, paham dah :) tapi terima kasih banyak grab indonesia"
,"Kenapa susah buat verifikasi email sudah berkali"" dan tidak bisa"
,"Awalnya senang banget pake grab karna banyak promo dan murah apalagi untuk mahasiswa. Tapi sekarang mengecewakan, masa tarifnya naik 10.000, udah gitu promo cuma kepotong dikit alias gak ngefect. Sumpah kecewa banget ama grab. Udah gitu promo di grabfood juga tambah mahal, ya kali banyak voucher tapi minimum pembeliannya 60 rb, sama aja kalo gitu. Kecewa banget sama apk ini."
,"Sangat membantu :) terutama pada paket combo grabride, tp maaf kenapa malah berkurang terus paket promo diskonnya, dimulai dr diskon 11rb, 10rb, sampai saat ini malah jd 9rb. , karna paket ini sdh menjadi langganan saya hampir setiap minggunya."
,untuk dalam pengaduan agak sulit. terdapat promo tetapi saat mau di pakai malah tidak bisa di gunakan. promo untuk setiap akun berbeda tetapi padahal saya telah tetap menjadi pengguna grab tapi tidak ada promo yang dapat digunakan. banyak drive yang nyari untung semata mengkonfirmasi tapi di jemput aj belom apalagi di antar ke tempat tujuan
,sangat mudah dan cepat
,"Saya kasih 1, sangat kecewa, vouchernya tidak bisa di pakai dengan alasan ADA AKTIVITAS TIDAK BIASA DI HP, Emangnya HP saya kenapa?? Mau order aja rempongnya minta ampun, Aplikasi SAMPAH, Kalo gak mau kasih promo gak usah kasih muncul reward di akun saya, pas mau di pakai gak bisa!! PHP!! Saya unninstal saja, mau beralih ke GOJEk/SHOPEEFOOD"
,terimakasih banyak semoga lancar kerjanya pak
,Grab sangat mempermudah penumpang ke tempat tujuan.
,Knpa setiap kali pake promo yang gratis ongkir atou diskon .atou ada pengurangan harga . Ketika mengunakan itu gaada grab yang mau Nerima pesenam saya
,akan lebih bagus bisa pesan beberapa aplikasi skaligus saat pesan mkanan .. seperti aplikasi sebelah.. jdi lebih cepat apabila mau pesan makanan yg berbeda sekaligus.. tidak harus menunggu safu aplikasi selesai dlu
,"sejauh ini layanan ok,terlebih di grabbike. driver rata² humble dan sopan. nice!!"
,sempurna..dari layanan dan kecepatannya..👍
,"Apk ini bikn kesel banget, pencarian alamat beberapa kali di cari ttp tidak bisa konek, Lalu untuk apa apk ini"
,"Menurut saya grab ini sangat membantu banget untuk semua jenisnya. Tapi untuk grab bike sekarang-sekarang tiap kali saya naik drivernya gak seramah pas dulu terus bawa motornya juga kurang hati-hati, suka selap selip dan itu bisa aja membahayakan kan. Demi kenyamanan penumpang, saya harap drivernya lebih hati-hati lagi.."
,"Di upgrade malah tambah aneh nih aplikasi.. nama tempat dan jalan ga ada, dari grabbike mau alih ke grabcar malah bingung caranya gmn. Bukannya memudahkan tp malah menyulitkan. liat testy hampir semuanya kecewa. Maunya apa sih grab ini. Saya yakin cust pasti pada pindah ke gojeg termasuk saya.. tolong di perbaiki lg,kl ga mau di tinggalin cust.."
,"tolong lah diperbaiki aplikasinya, udh lelet wktu mau buka, terus dapatnya yg jauh2 terus, tarif nya bisa mahal, mahal kali, biasa 2rb jadi 9rb padahal sama jaraknya kecewa kali, mau diupdate terus lagi, bikin lama klo mau pesan"
,"Verifikasi wajah seperti mengambil foto selfie sebelum order sangat membuat saya jengkel, karena pada tahap ini saya jadi tidak bisa order, aplikasi hanya memberi perintah ""jauhkan hp dari wajah"" dan ""posisikan kepala dilingkaran"" secara terus menerus, tidak dapat lanjut untuk mengorder, sangat payah."
,"Penggunaan data seluler terlalu besar, sinyal tidak stabil aplikasi tidak bisa di buka. Jangan rakus amat lah. Jadi males make grab kebanyakan lemot apabila sinyal tidak stabil"
,Sekarang makin payah... bagusan aplikasi sebelumnya yg bisa menampilkan drvrnya ketika perjalanan ke resto. Kalau aplikasi yg baru drvrnya tdk terdeteksi sampe mana sampe mananya. Harga jg g jelas kadang yg jauh murah dan yg deket mlah mahal itungan dr mn kagak jelas. Payah!!!
,"Gak nyaman pake apk ini.. Ada order gabungan nya, makanan jadi lama sampe bisa 1 jam lebih nunggu makanan.. Makanan yg panas jadi dingin.. Dan kalo beli minuman dingin jadi cair dan gak enak.. Mending ke pake apk sebelah, cepat sampai dan makanan nya masih fresh.. Bye..bye.."
,"Setelah di update saya tidak bisa liat posisi driver dimana, saya juga perlu tau dong jauh dekatnya, iya kalau drivernya langsung nelpon, trus masa kita ga bisa batalin pesanan, lah kalau drivernya yg ga mau gimana coba. Ini saya udah nunggu 3 jam, driver yg saya pesan belum nyampe nyampe. Mau ngebatalin ga bisa, di chat eh didiemin. Langsung saya pesen deh dari aplikasi lain. Mohon maaf, tapi kualitas grab makin mengecewakan."
,"Grab sangat baik, agar lebih baik lagi mohon saat promo disesuaikan dng ketentuan dan syarat yg sudah ditetapkan oleh grab ""soalnya kadang² promo tiba² tidak bisa dipakai padahal masih dalam syarat dan ketentuan yang grab buat. Terima kasih banyak 🙏"
,"Tambah lagi masalah.. order udh diambil semua perkaraa resto gk jelas dan ttp terpaksa cancel bukan karna kemauan, setelah nya orderan dibikin sepi.. kan cacat sistem nya.. yg salah mitra resto mitra driver kena imbas.. sehat!?"
,pelayanan baik tapi kalo tengah malem susah didapet
,"Sangat membantu, mohon di fasilitasi ketika membuka share loc bisa terkoneksi dengan grab expresa. Ke grab bike grab car bisa, masak nyambung ke grab express tidak bisa. Kalo bisa, pasti sangat membantu. Terima kasih. Sementara 4 dulu, kalo ada tanggapan barangkali bisa naik ke 5"
,"Sangat mengecewakan sekali,,, Banyak biaya siluman,,, Hanya mementingkan pihak grab saja,promo apaan kalo dicek juga ga ada promonya,,,Abal Abal semua"
,"Karena saya gabisa menambahkan alamat rumah, pdhl udh setting lokasi sesuai tp notif nya alamat tidak bisa disimpan.. Duh parah, tolong dong kasihan drivernya klo harus nyasar atau saya yg repot sendiri klo mau ambil pesanan ke ttik yg sllu otomatis di tentukan oleh aplikasi tnpa bisa mengubahnya.. Rasanya percuma kalo saya harus repot.. Pdhl udh tlp customer service pusat, tp gaada tindak lanjut sama sekali"
,"Aplikasinya bagus, fitur lengkap. Sayangnya ukuran file aplikasi terlalu besar sampe 300mb lebih jadi kadang lemot diakses. Tarif normal non promo juga sering banget naik sampe hampir 10rb diluar notmal. Masa berangkat jam 23.30 kena 24rb, pulangnya jam 03.00 kena 32rb dengan lokasi asal dan tujuan yang sama. Apa waktu dini hari juga termasuk prime time? Tolong dibenahi lagi yaa..."
,"membantu mempermudah dlm transportasi dan jasa pengiriman, mkn, dan barang."
,terlalu mahal sekarang beda sama yg dulu promo nya
,Kurang jarak km....kalo di gojek jelas...ada km nya berapa jarak yg ditempuh Utk grabfood aplikasi terbaru malah kita gak tau posisi driver yg sebenarnya...cuman gambar.... Kalo dulu kita bosa liat posisi driver Masih di warungnya kita bisa liat...kalo sekarang kalo gak uda waktunya nganter kita gak tau posisi warung n drivernya
,"Aplikasi Grab tidak bisa memesan grab bike ataupun Grab car,tidak tersedia menu alamat di layar,kuota masih banyak dan sinyal bagus,dicoba klik pemesanan grabfood malah bisa masuk menu,kenapa?Sering minta diupdate,setelah diupdate malah tidak bisa memesan,apalagi setiap kali top up OVO,dan kali ini baru saja top up OVO dengan saldo yang lumayan,tapi tidak bisa dipakai sudah beberapa hari,sehingga terpakai aplikasi pihak sebelah.Saya baru top up saldo dan tidak sedikit,tolong segera diperbaiki!"
,"Ini app kenapa ya..? Koq gk bisa ke instal..?? Padahal download nya sudah 100%, tapi pas tulisannya ""menginstal"" koq lama yaa smpe 5min pun blm selesai..?? Masalah jaringan juga saya cepat karena saya nge-downloadnya sampai 100% dalam 10 detik... Tolong diperbaiki lagi yaa app nya..."
,"Kecewa dengan sistemnya grab sekarang, apalagi klo pesen food. Sekarang klo menangani order lama sekali. 1 driver bisa handle 2 pesanan, orang mau berangkat kerja jadi telat lama. Efisien di grab, tapi di customer tidak efisien waktunya. Bisa 2 jam dan makanan sudah dingin."
,"pelayanan ramah, selamat sampai tujuan"
,Makin lama makin GX jelas ni aplikasi grep sya sebagai orang lama kecewa sama aplikasi grep yg skarang.👎👎👎👎👎👎
,"Pengalaman menggunakan apk ini sangat tidak memuaskan. 1. Driver langsung cancel tanpa ada komunikasi terlebih dahulu. 2. Waktu pengiriman yg sangat lama, setelah ditelusuri Driver nya mengantarkan barang org lain. Maaf apk ini harus saya uninstall 🙏"
,"Semenjak pertamakali kali nyobain grabfood jadi ketagihan karena ada promo yang menarik terlebih lagi ada makanan khas turky yang begitu sehat,,kenapa terkadang dipencarian otomatisnya masakan turkynya ga ada ya,,,padahal makanan turky itu amat sehat bagi tubuh..kalo bisa jangan diilangin pencarian otomatis masakan turkynya biar gampang pelanggan mencarinya..dari pada makan Jepang yang ga terlalu sehat yang sering muncul dipencarian otomatis,,mendingaj makanan sehat yang di up. Terimakasih"
,"Hampir keseluruhan aplikasi sudah bagus, tapi ada satu hal yg menurut saya penting yaitu struk perjalanan,, mungkin ada beberapa org dgn alasan pekerjaan akan membutuhkan struk perjalanan yg lebih detail seperti pada umunya, dan bisa dikirim,, seringnya saya membutuhkan struk, hal ini membuat saya harus memakai fasilitas transportasi online dari pihak lain yg menyediakan struk lebih baik,, saya kasih bintang 5 jika saran saya dipertimbangkan ,,"
,"Kalo grabfood sistemnya collect kayak gitu kayaknya kurang bagus deh. Mungkin niatnya mau irit atau biar cepet dari segi grab. Tapi beda lagi buat cust, nunggunya jadi lebih lama. Dan minim sosialisasi juga itu memperparah. Yang mengakibatkan performa driver jelek dimata cust."
,enak pendaftarannya tinggal nomer hp sama nama sudah langsung bisa pesen
,"Pernah install pada saat malam hari & butuh cepat(penting) diminta Verifikasi Wajah ketika mau order, kondisi minim cahaya malam malam hari. Alhasil Gua uninstall karna tidak bisa dipake karna ribet Verifikasi Wajah✍🏻"
,Di daerah bantaeng sulsel emang tdk adakah grab 5 jam menunggu ga ada sama sekali kendaraan di grab saya temuiii bikin emosii
,Setelah update kok malah ga bisa buka aplikasi ? Bagaimana nih?
,"ini aplikasi napa sih slalu minta di perbaharui terus, sudah di perbaharui tapi masih ribet. ini sementara mesan drivernya sudah ada tapi aplikasinya langsung error ga bisa chat personal dengan driver dan langsung terbatalkan otomatis. bikin banyak terpakai memori hp saja upgrade terus ni aplikasi grab"
,"Makin kesini makin buruk nih aplikasinya, dapet driver yang double order, beda restoran katanya. Saya bayar lho, tolong dong di benahi, jarak di bawah 2km masa saya terima sudah dingin makanannya, yg bener aja. Itu nasi lho, coba kalo saya pesan mie, mau jadi kaya apa makanan saya? Kalo tak ada perubahan sudah bisa di pastikan saya tak akan lagi pakai aplikasi ini. Kecewa !"
,"Maaf ya. Kali ini saya kasih rating 1, krn g sesuai sm harapan saya. Sedikit pengalaman, saya pesan grab car XL (untuk 6 org) tapi sesampainya mobil dtg dpt mobil yg kecil merk datsun. Sdgkan org² ini postur tubuhnya besar tp malah dikasih mobil kecil."
,"Mantap,,grab banyak promonya jadi seneng order lewat grab"
,cepat dan sopan
,"Susah order grab pakai Tunai. Sudah beberapa kali coba order bayar tunai, tinggal tekan Tombol pesan, sudah ditekan berkali-kali tapi tetap tidak bisa. Diganti ovo baru mau pesan. Mohon dipermudah pesan tunainya. Jadinya saya order pakai gojek"
,"Udh seminggu mau order gak bisa terus, tiap klik ""pesan"" statusnya gak berubah2. Kirain harus upgrade tapi ternyata udh versi terbaru, coba uninstall trus pasang lagi, tetep gabisa juga. Padahal gak pernah cancel orderan, driver juga selalu dikasih tip gapernah ngepas, apa saya udh gaboleh pake apk ini lagi??? Payah deh ah"
,Aplikasi nya sering eror maaf sebab semakin di update semakin sering eror
,"Sangat saya sesalkan tindakan pengemudi Grab car yang memaki dan berbicara dengan nada kasar terkait lokasi rumah saya. Saya selalu mengarahkan agar pengemudi menggunakan aplikasi selain Google maps, karena sekalu diarahkan kearah yang salah dan tidak bisa dilalui kendaraan. Tetapi mayoritas pengemudi tidak mendengar saran saya dan mengira saya mempermainkan mereka. Saya berharap agar Grab terkoneksi dengan aplikasi Waze karena lebih akurat untuk arah dan lokasi tujuan."
,Saat mau launching ovo selalu gagal gmn coba itu?
,"Tingkat keamanan bagus tapi sayang opsi verifikasi selfie sangat mengganggu apabila pengguna awam lupa memberi izin pengolahan data maka verifikasi akan gagal terus. Mau berapa kali gerakan kepala atas bawah, pencahayaan yg baik dan muka berada dalam lingkaran tetap tidak dapat di proses. Kesimpulan nya yg rugi pihak grabnya sendiri, banyak pengguna beralih ke ojol yg lain karena hal tersebut, termasuk saya karena terlampau lama prosesnya dan menghabiskan waktu."
,"Hallo grab. Saya mau nyampaikan kekecewa saya. Saya mau masuk kembali ke akun grab saya melalui email dan nomor telfon tidak bisa. Saya daftarkan akun baru juga tidak bisa. Saya heran melihat sistem aplikasi grab,dimana2 aplikasi yg sudah sangat banyak pengguna itu pasti berpikir bagaiman cara mengembangkan nya lebih dari sebelumnya agar pelanggan/consumen bisa puas dan senang. Ini kok malah makin hancur dan anjlok kayak sampah.sya baru daftar di gojek,tpi tidak selama di grab."
,"Parahhh banget mapnya. Searching alamat/villa yg biasa ada, jadi hilang, bener2 gak jelas. Gimana sih nyusahin orang buat kirim2 barang woiii. Udah saya update terus malah tambah ancur itu map. Tampilan nya juga jadi ga jelas. Alamat atau gang malah ga keliatan. Bener2 nyusahin. Tumben2nya loh gini, padahal tiap hari pake app ini. Bener2 nyusahin. Cepet benerin donk. Ini udah 2 Minggu lebih kayak gini. Balikin ke semula aja algoritma mapnya napa dah"
,"Bagus, tetapi sangat disayangkan kenapa grab tidak bisa multiple pesanan ya seperti ojek online yg satunya, jadi kalau mau pesan lebih dari satu motor harus menunggu perjalanan beres dulu. Agak ribet."
,"Kecewa banget, selalu dapat pengemudi grab car yang jauh lalu minta cancel pas udah di cancel muncul notif ""jika anda cancel akan dapat pengemudi yang jauh"". Maps nya juga ga update, rumah saya tidak bisa di titik. Semoga bisa lebih baik kedepannya"
,nggak puas ama pelayanannya masa salah grab yang cancel pesanan kita yang dinonaktifkan. Dan tolong untuk voucher bisa digunakannya lebih gampang soalnya walaupun semua syarat sudah terpenuhi tetap aja gabisa dipake saya kecewa banget padahal dulu grab banyak voucher yg gampang dan bisa dipakai.
,"Kenapa pada saat saya mendownload apk berhasil 100% tetapi pada saat menginstal kok tidak bisa ? Pemberitahuannya ditulis tidak bisa menginstal grab superapp coba lagi, dan jika masih tidak berfungsi, lihat cara umum untuk memperbaiki masalah ini. Mohon bantuannya"
,"Di maps hanya bisa lihat nama jalan saja tidak bisa lihat titik pas jemput tidak bisa klik titik patokan ga jelas,gimana mau pesen grab kalau gini di pencarian tidak muncul,ko makin kesini vitur nya gini yah ga jelas,maps hanya nama jalan tempat"" lain ga ada nama seperti sekolah,masjid,penginapan."
,"Tidak lagi pakai jasa grab , mulai dari pelayanan saat penjemputan musim hujan pernah nunggu 1 jam padahal ada driver di deket situ tapi ga ada satupun yg nyantol , dan posisi badan kehujanan . Kemudian pemesanan makanan juga beda menu bukan masalah harga kalo customer pinginnya menu itu kalau ga ada kenapa ga konfirmasi dari pihak toko maupun pengantarannya . Aku mending milih harga agak mahal dan sesuai kualitas daripada harus merasa kecewa berkali kali . Dan aku bakal ulas ini ke tmn"""
,"Sekarang pesen makan lewat grabfood sangat lama, masak pesen nasi Padang nyampe 1 jam, rasanya sudah gak enak lagi, jarak 2 km, ternyata setelah tanya driver, katanya Doble order, dan yg order resto ke dua antriannya banyak. Sangat mengecewakan"
,"Aplikasinya gabisa menghubungkan ke aplikasi payment yg ada, ovo, link aja, bahkan card atm jg gabisa. Selalu error, sudah beberapa kali coba. Pas mau di ss sbg bukti gabisa karna pembatasan aplikasi"
,"Paraahhhhhh 4x pesan grabcar, slalu gak sesuai titik yg akhirnya cancel cancel dan cancel. Tlong grab diperbaiki system map-nya. Pelanggan dan pengemudi jangan dikerjain sprt ini. Berujung ke app lain yg lebih nyaman jadinya"
,"aplikasi grab sangat membantu, hanya untuk pengisian ovo sy kesulitan. karena hanya bs top up lewat driver. tdk bs top up melalui atm, alfamart maupun indomart."
,"Ini bagaimana cara aktifkan pembayaran OVO. Sudah terdapat tulisan ""ovo cash sudah siap"" tetapi pembayaran tidak bisa dilakukan menggunakan ovo, tetap menggunakan pembayaran tunai. Tolong solusinya dan jika ini bug diperbarui aplikasinya. Kasih bintang 1 dulu. Kalo udah fix nanti dikasih bintang 5. Terima kasih"
,"Mohon fitur aplikasinya diperbaiki lagi 1. Ketika mau pesan grab ada notif ""ups,ada yang salah"" tapi gak dikasih tahu salahnya dimana 2. Ahirnya ganti ke grab new pas ngeklik ""iya ini penjemput saya"" ada notif lagi klo ada ganngguan sinyal padahal sudah coba pake kouta sendiri dan numpang wifii"
,"Aplikasi nya jelek banget, resto lama (lebih sari sejam gak beres2x) nyiapin pesanan padahal dikit (cuma 2 item makanan / soto+ nasi) tapi gak bisa di cancel, gua pesan jam 12 malam sampe jam 2 malam masih gak beres, pengemudi nya lama ngambil pesanan pun tetap aja gak bisa cancel seperti malam ini, WOOOY ORANG LAPAR KELAMAAN NUNGGUIN HARUSNYA BISA CANCEL DAN HARUSNYA GRAB BISA NGATUR MITRA NYA BAIK RESTO MAUPUN PENGEMUDI NYA SUPAYA JANGAN SE ENAKNYA SENDIRI AJA WOOY!!!!!"
,"Semakin ke sini semakin jelek. Order grab car, udah dapet, jaraknya dekat tapi di cancel sama driver (sering banget), ngga semurah dulu juga. Order grab food kebanyak biaya tambahan pula. Ngga memuaskan. Next kalo saldo ku dh abis, aku kayaknya mau uninstal saja. Thanks."
,"Baru mau coba pakai lagi ni apps, SDH d download, coba masukan alamat tujuan secara detail susah sekali di temukan titik map-nya, padahal alamat trsbt biasa saya pakai buat belanja online. Seharusnya sinkron dong dgng apps grab yg online ."
,"Berbulan-bulan komplain soal map yang error, alamat rumah selalu salah, tidak bisa diedit alamatnya. Sampai sekarang masih tidak ada perubahan. Kalah sama Maxim dan InDriver, nggak usah suruh saya kirim email keluhan. Percuma berbulan-bulan nggak ada tanggapan dan perubahan. Kalau balasan review ini suruh kirim email berarti memang tidak dibaca, cuma auto reply."
,"Tolong grab, iklan jangan disimpan ditengah tengah antara supir dengan ongkos kirimnya, saya harus 2x ss jadinya membuat penuh memori hp saya 🤦🤦🤦, seperti awal aja tidak ada iklan nya lebih simpel"
,Dulu mudah dan ga sulit saya sudah 10 thun lebih pengguna apk grab sekarang malah sulit sudah di dwonload muter² terus jadi sekarang tidak memuaskan saya bintangin 2 aja maaf karna sulit masuk.. Tolong perbaiki apk ini agar tetap terjaga nya dengan baik..terima kasih
,"pernah naik grab dan drivernya itu ngeselin bgt nanya"" hal privasi dan ngasi tawaran anter jemput gratis asalkan sm drivernya. Please buat apk grab diseleksi lagi untuk drivernya saya risih bgt sampe nanya"" hal yg buat saya kesal. Terima kasih"
,"Menurut saya nggak ada masalah sih di apknya. Tapi kadang saya dapet driver yang nggak mau puter balik cuman karna perkara jauh atau lama. Malah nyuruh saya buat nyebrang jalan, yang kalo pagi itu mesti rame. Buat apa pesen grab kalo ujung-ujungnya masih di suruh jalan Mendingan naik transportasi umum yang lebih murah. Jadi, tolong untuk pihak Grab mungkin bisa mengarahkan karyawannya lagi🙏🏻"
,"Barusan mau order grabcar. Pertama buka ada promo gede 95%, kepotong hampir separuh. Pas habis di isi ovo nya. Eh d buka lagi promo nya hilang. Gak jelas banget. Niat kasih promo apa enggak. Aplikasi lama kelamaan makin g jelas. Yang bener lah grab"
,"Grab kalau mau maju, buat aplikasi ukuran ya lebih kecil, tidak usah pakai verivikasi wajah terlalu rumit, transportasi online untuk memudahkan, dari semua transportasi online grab yang paling besar ukurannya, ini mempersulit untuk mencari pengguna baru, dari data yang boros, dan ukuran yang besar membuat hp lemot, saya ingin grab semakin banyak orderan ya karena saya driver grab"
,"Ini aplikasi semakin maju/sukses semakin tdk memperhatikan mitranya, taunya cm mencari keuntungan nya aja,menyediakan kendaraan yg dipikir tuk bantu mitra tnyata yg ada cm menindas mitra nya aja, insentif/bonus nya semakin lama semakin kecil/hilang,tolong perbaiki manajemen bagi mitra mu ya bos.."
,Semuanya oke hanya saja untuk refund dana itu lama dan ribet. Dan sampai sekarang belum terselesaikan padahal sudah sebulan lebih. Mengecewakan trx debit rekening yg tercancel krn pihak ke 3.
,"Aplikasi kurang canggih, di aplikasi Lian masukan tempat tujuan langsung ketemu. Di aplikasi grab tidak semua tempat otomatis ketemu. Bakalan ditinggal customer, aplikasinya merepotkan, kurang canggih."
,"Sangat bagus pelayanan grab food n taxi semua personel nya sangat ramah dan sopan semua . Waktu nya sangat tepat sekali , sehingga tidak membuat para pelanggan kecewa . Semua barang yang saya pesan dalam keadaan sangat memuas kan , baik rasa mau pun keadaan nya , seperti yang di inginkan pelanggan . Semoga grab taxi maupun grab food tetap mempertahan kan semua nya ini ."
,"Kepada Grab, minta tolong di edukasi lagi driver2nya untuk SELALU membaca chat dari customer. Sudah di tulis keterangan lengkap di chat, driver malah nelpon tanya tanya pdhal udah di tulis lengkap di keterangan. Itu karena mereka tidak membaca chat."
,"asli ,aplikasi Grab customer jadi ngebug dan lebih berat dibandingkan dgn versi terdahulu. ini saja saya sedang pembaruan aplikasi lama nya mnta ampun, klo dri jaringan masa iya saya perbarui game saya 200mb++ gk smpe 5mnt, nah ini cuma kisaran 60mb ,bisa lebih dri 15mnt."
,Terima kasih grab adanya grab car membantu keluhan bagi konsumen yg membutuhkan fasilitas dadakan
,Perbaiki aplikasinya. Barusan saya order grabfood ternyata restorannya udah tutup dari 1 tahun yang lalu. Pihak restoran ga bisa cancel karena restorannya sudah diblokir. Perbaiki aplikasinya agar restoran yang sudah diblokir tidak bisa muncul di daftar merchant yg tersedia. Merugikan customer dan driver.
,"Selamat Tinggal Grab, meminta dan memaksa update aplikasi untuk sebuah perbaikan bug. Akan tetapi membuat penggunanya untuk berpisah selamanya. Aplikasi tidak ramah size untuk HP jadul, bahkan sudah tidak kompatibel, sehingga harus ucapkan selamat tinggal. Waktunya pindah ke Gojek. Terimakasih atas jasanya selama ini."
,"Pembayaran menggunakan mastercardpun gk bs. Gk kepikir klo 1orang/1hp punya 10simcard, klo cm 1 yg dpt bonus, sisanya kmn? Skrg aplikasi berbayar gk hanya grab aja, setiap ganti nomer tetap aja gk dpt bonus pdhl jelas2 tertera dinotif akunnya dpt bonus pd transaksi pertama stelah membuat akun baru. walaupun gk seberapa, tpi mf kmn y bonusnya? Alasan utama karna tdk bs menggunakan device yg sm. Alasan yg kurang memuaskan, lalu kmn saldo yg seharusnya masuk k dlm akun tsb? Jdi pngen uninstall apk"
,terima kasih layanan nya driver nya ramah
,"Mungkin bisa di tambah fitur BLOKIR DRIVER untuk customer, biar pas dapet driver yang kurang mengenakan bisa langsung d blokir, barusan saya pesen grab dan dapet driver yang lama bgd otw nya pdhl jarak cuman 1mnt dari lokasi saya . Saya nunggu sampai 13mnt !!!!!!"
,"Aplikasinya Membingungkan. sekaramg pembayaran ovo, pemesanan dll nya jadi sulit. kalo mau pesen makan udh laper akut gak ketulungan. susahnya aplikasi. sistem aplikasinya harusnya mempermudah jangan mempersulit."
,Kurang bagus karna setiap kali kita mau pesen goride atau gocar harus verifikasi wajah di mana itu mempersulit kita. tp kalau utk gofood so far oke lah diskon nya lumayan. jd bisa lebih irit. Saran saya tdk usah pakai verifikasi wajah itu akan lebih mempercepat kita utk order dan mempermudah pemesanan goride or gocar. Terima kasih🙏
,"Bertahap meninggalkan Grab, krn semakin lama di grab, diskon² malah makin berkurang, khususnya gf, yg seharusnya sbg konsumen lama mendapatkan perhatian lebih.. dan akhirnya mencoba lebih nyaman di sebelah.. Mohon maaf, saya uninstal dulu.."
,"Sekarang pengantaran ada 3 pilihan <40 mnt,40 mnt dan >40 menit percuma aja kalau pilih yg < atau = 40mnt ujung-ujungnya driver datangnya melebihi dari 40mnt. Alasannya ada dobel pesanan masuk. Khan ga ada gunanya ada 3 pilihan mana makin mahal belum lagi makanan datang kondisi dingin. Tolong dikoreksi kalau ambil yg pengantaran premium atau = waktu minimal driver ga bs dpt 2 orderan jadi customer ga dikecewakan baik dari tarif maupun kondisi makanan."
,"Tidak sengaja kehapus data,padahal dari dulu order selalu pake grab,sekarang mau masuk lagi susah gagal verifikasi terus. Suruh bikin akun baru ya malas. Mendingan download aplikasi lainya masih banyak bukan cuma grab aj kok."
,"aplikasi ini sangat membantu, terutama untuk orang-orang yg tidak punya banyak waktu untuk memasak atau pun mencari makanan di luar, terutama di saat cuaca tidak mendukung namun,ada beberapa hal yg terkadang membuat pemakai aplikasi menjadi tidak puas, salah satunya adalah ketika mereka mendapatkan driver yang tidak ramah dan lain sebagai nya. sekian terimakasih☺ mohon maaf jika ada kalimat yg kurang mengenakkan untuk di baca, namun ini sesuai dengan pengalaman saya pribadi."
,Mantap.. sejauh ini saya belum ada problem.. terimakasih untuk aplikasi grab serta semua driver2 nya.. Baik itu motor mobil pesan makanan selalu tepat waktu ter arah dan membantu... Good.. untuk grab..
,"Tak kasih 3 aja lah, soalnya fasilasnya kurang nyaman, kadang mantolnya bolong, kadang kaca helm nya rusak kaya kalo kena angin gerak gerak ngga beraturan gitu. Ya semoga pihak grabnya langsung bisa meng evaluasi tentang kurangnya fasilitas yang nyaman bagi pengguna, minimal ya helm nya di ubah jadi lebih nyaman dan ada mantolnya yang nyaman dan aman dari basah kalo hujan jangan pake mantol rusak atau sobek gitu."
,"kenapa harus di update kembali???? masalhnya sekarang sy mau mesan Grab tapi tidak bisa karena di suruh update kembali, sementara ruang di hp sy tidak cukup untuk meng update kembali. maklum lah hp murahan.. jadi jangan dipersulit supaya lebih nyaman utk memesan Grab."
,"Tolong di benarkan sistem nya titik nya selalu ga ketemu muter aja padahal kuota mencukupi dan suka logout sendiri tiba"" makin ga jelas lama kelamaan Dan khusus nya promo juga kurang harga yg di tawarkan mahal beda dengan aplikasi sebelah yg lebih banyak promo di bandingkan grab"
,Makin parah sekarang grab!! Ud makin mahal..Langganan percuma pake minimal perjalanan..jdi gak kepake semua paketnya..buat apa di beli klo gt ceritanya..buat emosi..😡😡 FIX...DELETE GRAB LARI KE APP LAIN...!!!!!
,"gak jadi juga saya instal aplikasi ini di hp saya, sama seperti gojek ribet masuk ke aplikasinya,,, kirim otp hanya bisa ke wa, gak bisa ke nomor hp, tambahkan itu pilihan kirim otp via sms ke nomor hp.!"
,"Grab bikin mudah tapi pembayaran selalu jarang dapat ongkir yg lebih murah lagg. Semoga nanti bisa dimurahin ongkosnya, layanan cukup baik yg pernah saya pesan ofline boleh nego dapat murah sewaktu dulu pernah sy gunakan."
,"Aplikasi nya error, masa existing account dibilang nya belum pernah terdaftar, abis itu masukin otp nya error terus, disuruh coba lagi, pas dicoba lagi katanya akun ditangguhkan. Langsung uninstall, terus mending pake Go-Jek aja lahh"
,"Kecewa sama grab food. Udah klik cancel pesanan ,tetep aja pesanan nggak bisa di cancel.Ke Help Center juga ga membantu sama sekali ! Apa gunanya fitur Cancel kalau nggak berfungsi ?"
,"Make grab food Makin kesini malah makin mahal aja belum ongkirnya belum biaya pemesanan, dulu enak masih banyak promo terus masih ada gratis ongkir, berlangganan unlimited juga gk ada gunanya motong saldo doang gk ada benefitnya buat customer."
,"Grab sekarang setelah diupdate bukannya mempermudah malah mempersulit, masa saya pesen driver udah lama nunggu, biasanya dilokasi saya nunggu sebelum saya update pesen trus g lama pasti langsung dapet, tapi ini alah g ada driver yg nyambung, malah disuruh nyari driver terdekat trus malah suruh masukin code yg bikin saya bingung, untung aja nemu, tpi saya naik grab tanpa pake aplikasinya🤦‍♂️"
,Untuk go food. Selalu kasih kembalian kurang. Enta karna mau cari uang masuk enta apa saya juga gak ngertii. Padahal mereka sudah di bayar untuk ongkos antar Kecewa lah Korupsi dengan cara tidak ada kembalian
,Asli dlu klo sering pake aplikasi ini selalu dapet promo dan nggak mahal. skrng bnyak promo tp gk bisa di gunain sama sekali.. buat apa di adain promo klo yg bisa di pakenya cmn harus tf via bank dls.. sdngkan yg Cod gk prrnah di kasih promo. tpi skrng hampir tiap hari pake aplikasinya malah makin mahal grab makanan juga gak ngotak harga nya.. semakin mahal uninstall aja gt yah. tdi aja brngkat dri lokasi tujuan pertama. 58k dri titik yg ke 2 ke tempat yg pertama jdi 51k knpa gak sama
,"Ini grab ada apa sih. Waktunya orang libur, saya cuma dititipkan pesanan sama purchasing kantor cuma 1 barang aja, yang nelpon driver grab ada sampe 5 nomer, ngomongnya toko tutup, sudah dicancel, tapi masih aja ada yg nelpon. Klo udah ga worth it buat dipake, tutup aja aplikasinya! Ganggu bgt"
,"Akun di nonaktifkan. Ga tau knp. Daftar pake email baru sampe 5 email pun sama aja. Keterangannya akun dinonaktifkan. Makin ga jelas !!! .gmna pada ga pindah ke aplikasi sebelah, dsini makin ga jelas !!!"
,"Mau verifikasi susah, hanya ada dua pilihan, kartu kredit atau selfi, kartu kredit gk ada, kalau selfi hp gak mendukung, padahal dulu gak serumit ini, Hp jadul aja bisa, tp sekarang hp lebih canggih malah dipersulit, mau naik ojol aja rumitnya kaya mau daftar pns,🤦🤦🤦"
,"Kadang suka aneh sama aplikasi Grab pas kita ketik lokasi jemput/antar, saranin tempat yg jauh dari lokasi dan bahkan lokasi populer aja ga muncul, harus manual jadinya."
,"akses peta terutama buat mobil masih perlu disesuaikan karena ada beberapa ruas jalan yang memang diubah entah ditutup atau cuma dikasih pagar jadi mobil gak bisa terutama pasca pandemi, harusnya ada update kalau driver pakainya mobil jadi arahannya juga disesuaikan, bisalah dikasih fitur edit, ini masih harus kasih arahan ke driver, kalau sekali dua kali masih ok, ini kalau dipake berulang ya capek juga, mana kalau dapet driver yang gak pantau chat arahan tar ujung-ujungnya ngomel atau marah"
,Kualitas aplikasi makin jelek alias sangat buruk. Map yg tidak jelas taruh lokasi map selalu alamat susah. Sekalinya bisa dpt driver muter² ditanya di bikin muter² sama map grab. Tidak jelad
,Bener2 deh kalau ga cerdas tingkat dewa bakalan pusing liat peta di aplikasi ini... Petanya sama sekali ga ada keterangan nama desa atau titik2 tujuan terdekat cuma ada nama kota dan nama jalan raya nya.. Prsn dlu lengkap ini kok jadi kita disruh tebak2an alamat gitu ya
,mahal dibiaya admin.. lebih tinggi dr yg lain.. kalau sama sihh wajar.. dan promo cashback kebanyakan penjelasannya ga detail.. sama takut riwayat transaksi cepat hilang.. apalagi klo bayar hal2 yg penting..
,"Aplikasi ini bagus banget, aku suka desainnya yang user friendly, cocok banget sama aku. Apalagi drivernya selama ini syukur ketemu sama orang yang ramah - ramah, harganya juga lebih murah dan terjangkau. Bintang 5 buat aplikasi ini!!"
,Gooodlah cmn map kadang gak pas dititik penjemputan. Dan tlg dibina lg para driver untuk memahami map lokasinya biar gak slalu tanya2. Dan sekarang banyak update tambah parah. Same dengan gojek saja. Klau update sekalian diperbaiki sistemnya.
,"aplikasi ny mengecewakan!! saya pesen grab motor di hp nya udh ada tulisan pengemudi sudah dekat, tapi saya tunggu 30menit gk datang juga.. padahal alamatnya sudah benar!! ini kejadian sama saya udh 3kali yaa.."
,"Sudah sy uninstall, makin kemari makin banyak sekali subscription berbau JEBAKAN yang abu-abu berkedok Syarat dan Ketentuan (sejak kapan beli subscription dipakai belanja totalnya malah lebih mahal daripada pakai kupon biasa? ALIAS DISKON ONGKIR GAK BISA DIPAKE DENGAN PROMO LAIN!!! HAHAHAHAHAHAA). Kalau tidak punya modal buat bakar duit seperti gojek, jangan bikin aplikasi."
,"Kalau restonya tutup tolong buat di aplikasi tutup juga. Hari ini saya order makanan di 3 tempat, di aplikasi keterangan buka, tapi drivernya bilang tutup. Udh 3 tempat. Dan proses cancelnya juga lama. Malah bolak balik ganti driver. Saya dari jam 4 sore sampai jm 6 sore. Driver asik ganti2 dan gw males cancel2 lagi !! Biarin aja gitu2 terus sampe besok"
,"Sudah capek nunggu order selesai 2 jam . Pesanan sudah didapur. Tapi tiba"" status dibatalin. Kalo belum siap didaerah kecil tutup aja aplikasi nya . Buat kesal."
,"Sbnrnya mau ga gua kasih bintang, jelek bgt gua smpe adu mulut sm tetangga gara² abangnya langsung kasih hp nya ke org (gua kira yg angkat telpon abangnya).. Tolong dong sebelum rekrut karyawan, adain training cara baca map, cara baca note alamat si yg udh order, dll. Jadi ojol pas udh kerja turun di lapangan udh pinter, ga bikin emosi yg udh pesen. Tolong bgt ini diperbaiki, jd trauma gua pake ni apk"
,"Bagus aplikasinya mempermudah tapi terkadang harga naik dan turun , kalau masalah titik penjemputan terkadang suka eror tolong di perbaiki lagi ya titik penjemputan nya , padahal saya sudah kasih alamat titik penjemputan sesuai alamat tapi tidak sesuai. Apa karena cuaca lagi hujan aja suka eror"
,Tolong dong aplikasinya walau blm fi update ttep bisa di buka dan di pakai. Klo hrs update dulu pas mau pake kan ribet. Blm lg gak bisa ke update krn memory hp full. Repot jdinya buat pmakai aplikasi ini. Tq.
,Sangat menyesal setelah mendapat notif dari grab bahwa akun saya dibekukan karena transaksi-transaksi mencurigakan tanpa detail yang jelas. Sejauh ini saya selalu order grab baik diantar maupun ambil sendiri & pembayaran selalu pakai OVO dan tidak melanggar apapun. Sangat kecewa dengan Grab dan ini terakhir kalinya ogah pakai grab lagi dan beralih ke gojek yang lebih ramah. Terimakasih
,"Sangat kecewa dengan grab banyak biaya nya, (biaya pemesanan, biaya ridcover, dan biaya lain2) Lebih baik pindah ke aplikator lain yg lebih murah. Sangat merugikan menggunakan aplikasi grab setiap hari."
,"Penjemputan driver lama padahal ditampilan titik driver dekat, saya tunggu 15menit tidak ada respon, saya telpon driver lebih dari 3 kali tidak ada balasan. Payah banget kualitas drivernya 👎"
,"Saya kecewa sama drivernya. Kalo emang ga niat narik mbok Yo dimatikan dulu. Pernah juga mungkin drivernya lagi gak mood kali ngasih kembalian ga sopan banget. Boro2 senyum ngasihnya aja semi dilempar. Mau aku kasih bintang 1 si drivernya aku takut didemo. Trus lagi ada ya driver bilang mbak,tolong batalin pesenanya mungkin warungnya tutup. Lahhh kok mungkin? aku tanya emang anda sudah kesana?belum mbak,saya nggak tau tempatnya. Itu ada gmap buat apa coba?🗿"
,Cuman ngasih saran aja sih. Lebih baik untuk fitur grabfood nya di sediakan pin untuk driver nya. Jd driver gaakan salah ngambil pesanan. Soalnya ada driver yg salah ngambil pesanan padahal di struk sudah dicantum kan no pesanannya
,"Percuma murah tapi driver susah di dapat kalau pagi buru2 berangkat kerja, sudah tidak bisa di andalkan!!! better aplikasi sebelah walaupun mahal tapi selalu dapat driver car"
,"Lebih bagus gojek untuk soal mengirim paket (GO-SEND) Lebih hemat Shopeefood untuk soal memesan makanan Lebih murah indriver untuk soal antar penumpang (ride / bike) Ketiga aplikasi itu saya andelin untuk kebutuhan masing-masing, berbeda dgn grab Terlalu ribet, orderan bisa double Titik akurat maps tdk sesuai"
,"Ini grab gimana dah. Saya mesan food lama banget sampainya, coba saya tanyakan ke driver kata nya dapat orderan double pantes pesanan food saya lama sampai. Saya dapat memahami bahwa ini bukan salah driver tapi ini salah sistem. Gara-gara driver dapat orderan double pesanan saya jadi lama sampai. Mengecewakan!"
,"tolong aplikasinya diperbaiki, saya kecewa order grabfood sudah nunggu lama tiba2 di batalkan tanpa konfirmasi, sdngkan sesi chat dengan driver langsung berakhir, tidak bisa komplein ke driver ataupun resto, payah!"
,"apan sih mau masuk aja susah.mau konfirmasi kode verifikasi ada bacaan oops'smething went wrog. please try again itu terus sampai berulang kali mencoba bacaan itu terus yg nimbul,jadi kapan bisa masuk nyaaa ribet banget,tolong di benerin dong."
,Gua pesan makanan sekitar jam 01.40 an Estimasi waktu makanan di antar itu jam 02.10 sampai 02.15 Makin lama makin bertama 5 menit estimasinya. Tolong lah ya grab kalo udah terlambat 20 menit lebih itu harusnya ada pembatalan otomatis lah. Orang mau makan telat gitu ga mood.
,"Nyobain grab food pesan sekaligus untuk pacar saya dan 2 teman nya, niatnya biar bisa beliin makan + cemilan, eh yang dateng cuma cemilannya (Roto bakar) sedangkan makanannya (rice box) 3 nggk nyampe, karena yg nerima bukan saya jd nggk ngefotoin dan terlanjur saya request ke bapak grabnya untuk buang nota nya saya cuma ada bukti ss chat dan pesanan, tp di layanan hanya menerima foto pesanan saat sampai, rugi banyak :"" mau uninstall aja"
,"Beberapa minggu aku download apk grab. Lalu pas aku mau pesan. Ribet banget harus ada syarat ini kh syarat itu lah. Padahal sdh buat akun. Y udh aku uninstall aja, beralih ke apk yg cepat. GO-JEK tolong dong developer jgn buat rumit kasian juga yg download apk grab tapi kecewa"
,"parah,tiap hari grabnya ke log out sendiri. jd sering kena omel driver gara2 ada orderan kitanya ga tau,ga bunyi padahal hp nyala terus. mau pas lg apknya kebuka atau ga,pasti tbtb logout sendiri. dan bnr2 SETIAP HARI pasti ke logout. pernah lg rame saya kan pegang bukn grab doang,lg rame2nya tbtb driver dtg ngomel2 katanya orderan udh setengah jam,pas di cek ya itu lg LOG OUT SENDIRI jdnya driver dtg sibuk nanyain orderan sama log in lg yg butuh waktu LAMA"
,"Lokasi resto tidak sesuai kenyataan padahal cuman sekitar 3-4 KM, eh di aplikasi jarak restonya sampai 19 KM, Jadi Harga ongkirnya ga ngotak. Padahal lokasi yang kupasang real alamat rumahku dan coba ku refersh masih tetap sama."
,"Saya kecewa karena akun saya di tangguhkan. Padahal saya butuh bantuan grab, justru karena susah untuk melakukan metode pembayaran makanya saya coba ulang ulang pesanannya. Karena takut ada kesalahan. Tapi sekarang malah akun saya di blokir."
,"Tolong ini gimana sih apk nya, gambar makanan nya kok gk muncul padahal internet nya udah kenceng,udah di upgrade juga masih tetep sama aja, ini gimana nih jadi susah aku nya kalo mau beli² makanannya🤨"
,"Sekarang kalo order makanan, pilih pengiriman standar,pengemudi nya nganterin makanan lain dulu. Alhasil makanannya udah dingin. Ga asik skrng."
,"Ada notifikasi hrs update aplikasi tp sdh coba bbrp kali gk bisa"" juga, pdhl sdh mengosongkan memory perangkat nya..tolong bantuan nya ya..."
,"parah banget,msa driver bisa ubah harga seenaknya, tanpa konfirmasi, kya gni caranya saldo saya bisa ilang banyak terus, harusnya apa² itu di buat bisa konfirmasi, jadi ga kya gni, kya gni rugi saya! udh apa² ribet, keamanan ga ada, dasar payah,klo ga krna kepepet gak akan saya pake apk ceroboh ini."
,"sorry..kukurangi bintangnya, soalnya tarif grab skrg angin anginan... jarak yg sama dengan waktu yg sama tapi tarif nya berubah ubah tiap detik...sekali pesan masih normal, tapi pas kalau uda berulang ulang karena driver sibuk lngsung dinaikin jadi dua kali lipat.... ayaolah min, yg stabil lah tarifnya.."
,"Kenapa aplikasi tidak bekerja baik, selalu muncul koneksi internet lambat....sedangkan internet sangat baik, untuk buka aplikasi lain untuk streaming lancar, tapi untuk buka aplikasi grab selalu muncul koneksi internet lambat bahkan tidak bisa dibuka untuk pilih grabcar atau grabfood....sudah beberapa hari eror terus bahkan sudah di uninstal pasang lagi masih sama"
,"Terima kasih grab, saya suka sekali menggunakan aplikasi ini. Sangat membantu.. Tetapi akhir2 nih koq aplikasinya sering tidak menanggapi ya? Kadang keluar sendiri aplikasinya, kadang2 tidak menanggapi. Padahal di hp saya tidak banyak aplikasi yg memenuhi penyimpanan memory Eks/Internal, dan signalnya juga cukup mencakup.. Mohon perbaiki lagi🙏🙏🙏 Terima kasih"
,"Saya pake grabbike hampir setiap hari, dan grab penting bgt buat saya karna dg adanya grab dapat membantu keseharian saya. Ada perintah untuk upgrade, udah saya upgrade aplikasi malah gagal dipasang, dan terus2 minta upgrade tapi sama apl tidak bisa dipasang, tolong dong ini gimana ya pa/bu management grab, bisa ngga ya meskipun harusnya di upgrade tapi aplikasinya jangan ditutupin perintah upgrade terus, jadi gabisa dipake sama sekali, ini bingung saya harus gimana"
,"Halo! sejauh ini sangat puas ya sama Grab. Mungkin per hari ini untuk masukan saya harapkan bisa ada sistem untuk menarik bintang yang diberikan untuk driver, tadi saya pesan grabfood dan terjadi external error di perangkat driver sehingga orderan sudah terselesaikan. Kondisi saya sudah memberikan bintang 1.. Saya harapkan ada sistem yang dikembangkan untuk menarik bintang yg diberikan sebagai preventif external error yang terjadi baik pada pemesan ataupun driver. Terima kasih! ✨"
,"Apk Bukan tambah bagus malah tambah Goblokkk.,.Maps nya gak di update.+ ngebug.mau belanja tapi toko nya cuma itu- itu aja yg tampak' padahal jarak cuma 100m..,apk gak fair harus nya yg dekat muncul duluan di apk , dan aneh nya lagi harus cari toko dulu. Baru keliatan toko nya jarak nya juga eror..toko jarak 100 meter jadi 1km.semua jadi kacau' mau pesen susah..nyusahin...Parah. mau masukin alamat gak muncul , pakai titik lokasi..geser mulu gak akurat. Nyusahin....parahh."
,"Udah 2 kali pesan makanan ga diterima. BUANG BUANG WAKTU AJA NANGANIN TAU GAK?!!! ORANG LAGI SIBUK PADAT BUTUH MAKAN, INI MALAH BERMASALAH. ALHASIL HARUS NGURUS UANG YANG UDAH DI KORUP SAMA GRAB!!! IYA TAU UANG KECIL DOANG!!! TAPI ITU SETARA GAJI SAYA 2 MINGGU! SAYA ORANG MISKIN TAU GAK?! TOLONG KERJA YANG BENER!!! SAYA GAK NERIMA APAPUN! Dahlah emang ni aplikasi ga jelas !!!! Ga akan lagi pakai grab!!!!"
,Akhir² ini grab sy sering bermasalah. Lagi buka dan cek sesuatu tiba² aplikasi hilang dan balik ke halaman utama. Sudah pembaruan dan instal ulang aplikasi tetap begini juga.
,"dl selalu lancar.tapi setelah d update malah eror trs.kmrn malem pesen grab car,driver blm sampai tempat penjemputan,tpi aplikasi jd eror ga bsa d buka,pdhl sinyal bagus.malah driver lama bgt sampe tujuan.dan meng'cancle se pihak tanpa info sama saya..dan sampe sekarang mau order lagi tetep ga kebuka ,masih eror jg."
,"Lambat update petanya kalau habis pindah kota. Padahal sudah dicoba pakai wifi, pakai 4G kartu halo, update aplikasi , restart hape, tetep aja refernya ke kota yang lama. Buang waktu 30 menit. Akhirnya kepaksa naik taksi yang mahal. Jadi gak berguna kalau gini caranya. Bikin yang responsif lah. Crap"
,Knp tdk bisa menggunakan metode pembayaran tunai??
,Halo min kasih metode pembayaran Dana dong min gak di bales juga ya udah
,"aplikasi ini bagus,dan sangat sy andalkan dlm keseharian sy untuk menuju kantor, tapi akhir2 ini sangat disayangkan slalu ada masalah dlm order yaitu slalu dapat driver yg jaraknya jauh,itu mengakibatkan sy menunggu terlalu lama & sang driver juga kasian karna lokasi jemput yg jauh.pdhl sy liat di aplikasi tersedia driver yg lebih dekat jaraknya..jd tolong sistem yg kurang bagus/ada masalah segera diperbaiki untuk kenyamanan para pengguna aplikasi grab"
,"Tolong ya klu aplikasi blm sempurna jangan driver di minta update. Pin merah pengantaran tidak ada, harus keluar dulu baru masuk lagi.. Baru muncul pin pengantarannya. Udah taun oderan lagi susah. Malah ditambah susah lagi. Sama aplikasi versi terbaru yg blm jelas, atau sempurna sering eror lagi. Tolong di cek lagi sebelum di luncurkan versi yg ter baru, supaya pas update jangan jadi susah driver di buatnya gara² aplikasi yg blm sempurna update nya..!!!"
,"Selama menggunakan Grab saya cukup puas dengan pelayanan drivernya. Tapi untuk GrabFood kadang ada beberapa toko yang harganya tidak sesuai di aplikasi, padahal toko itu termasuk toko kecil. Dan untuk penggunaan promo Grab kadang batas waktunya bisa lebih cepat selesai dibanding waktu yang sudah tertulis dideskripsi promo."
,kalo pake promo suka pada ga mau ngambil driver nya driver mobil khusus nya
,"pesanan dibatalkan driver, promo malah ga bs dipake lagi. aneh bgt yg cancel siapa yg rugi siapa. komplen di email ga ada tanggepan. ngehang terus aplikasinya mentang2 sekarang satu restoran bs double order, waktu pengiriman jd 3x lipat lamanya. dsni nungguin sejam lebih malah dianter ke tempat lain dulu"
,"Setelah di update, bug malah makin banyak"
,"Grab sangat membantu sekali. Namun untuk (sebagian) Driver Grab Tolong lebih mengutamakan penumpang nya. Saya pernah pesan GoFood buat pesen makan, tapi saat saya dapat driver gofood nya malah bilang toko nya tutup, katanya dia habis dapat ordern tujuan yg sama. pas coba pesan ulang dan mencari driver lain ternyata tokony buka. tolong buat para driver setidaknya jangan sampai berbohong seperti itu, jika memang posisinya jauh dengan toko atau apapun itu bisa bilang dan kita past bisa maklumin"
,"aplikasi grabnya sudah bagus semua dari aplikasi khusus driver maupun pelanggan tapi mohon aplikasi lebih di perbaiki lagi apakah persyaratan mobil untuk menjadi driver harus merk terkenal, misal hyundai, peugeot, proton, kia, wuling apa ndak bisa, dan kenapa harus tahun 2011 keatas, 2012 keatas, 2013 keatas sepertinya car tahun di bawahnya ada yg sudah terdapat srs airbak apa tidak bisa thanks you"
,"Mudah dan cepat pengiriman/pesanannya,..tpi,.. grabnya jgn ngeluh ya,..klo lokasi pengirimannya lokasinya lewat gang,..so selebihnya,..good job buat grab yg baik dan bisa d andalkan,..."
,"mantull, pelayanan cepat dan profesional"
,"Beberapa kali pesan makanan lewat grab food selalu dapat driver yang numpuk pesanan dari beberapa customer. Jadinya waktu menunggu lama sekali. Hal ini menimbulkan rasa ketidaknyamanan dan kesan yang buruk terhadap pelayanan di grab food. Untuk itu saya mohon agar ditambahkan fitur prioritas antrian berbayar kepada customer dengan transparansi nomor urutan orderan customer, agar customer dapat bebas memilih dan menyocokkan waktu dan prioritasnya sendiri. Terimakasih."
,mempermudah perjalanan
,"Assalamualaikum... Maaf sebelumnya kalo saya ksih bintang satu. Saya benar"" menyesal setelah saya perbaharuin apliksi grab. Point saya hilang,padahal point saya sudah 170point.. Tapi setelah saya instal balik apliksi grab malah point saya hilang. Tolong kembalikan apliksi grab seperti dulu/semula,dan balikan point saya. Terimakasih!!"
,"Maaf saya kadih bitang 1, karena saya tidak merasa pesan langanan di potong terus, kalau mau potong jangan otomatis kasian duit nya yang ngumpulin di ovo jadi abis. Kalau mau adain fitur setuju atau tidak soalnya, ada yang juga ga mesen grab. Sekali lagi maaf nya izin dulu walaupun itu langanan."
,"Kenapa sekarang GRABFOOD ada biaya penangannya sangat memberatkan. ditambah ongkir muahal, promo udh gk pernah ada bener2 sangat mengecewakan."
,"Sebenarnya mempermudah mobilitas sy, tapi promo nya kadang sulit di pakai, sekarang aplikasi sering error, pesan layanan apapun susah sekali.. Tolong untuk dari pihak grab di perbaiki sistem pelayanan nya ..."
,"Saya pengguna apk grab dari pertama hadirnya grab begitu gampang dan mudah semua. Tapi makin lama makin mahal. Kecewa! Iya kecewa saya. Grab sekarang bukan mempermudah malah dibikin susah. Sejak update serba mahal,apa lagi grab food lebih mahal di ongkirnya. Dulu ngga segitu dan kadang harga sesuai yg kita pesen, tetep segitu gak nambah2."
,"Aplikasinya sudah cukup bagus. Simple & cepat. Hanya saja masih belum cukup ramah penggunaannya kepada orang Lansia. Mohon diperbaharui dengan fitur2 yg lebih memudahkan Lansia menggunakannya. Khususnya Grab Motor & Grab Mobil. Tambahkan juga dengan upgrade fitur grup keluarga, agar kami dapat membantu pemesanan keluarga Lansia/ anak2 kami melalui akun2 yg dikelola dalam grup keluarga. Untuk kedepannya semoga GRAB ID semakin maju."
,Kadang pengiriman nya lambat udah lama nunggu makanan datang nya besok saran dari saya jngn download ini jelek
,Kenapa setiap pesan makanan selalu lama sekali padahal disitu sudah dapat notifikasi makanan lagi di jalan.... Kata driver nya dapet order laagi lah kalo kaya gini cara ny makanan saya udah dingin dan gak enak di makan karna terlalu lama ... Mohon untuk GRAB INDONESIA di benahi lagi untuk sistem nya yg sangat merugikan pelanggan ini. Kalo tidak mau pelanggan anda pindah ke tetangga sebelah. Trimakasih
,"membantu banget , sukses terus grab🥰"
,"Meskipun di kota sekecil WONOSOBO JATENG, grab sangat membantu...driver ramah-ramah bgt.. saran saya untuk tampilan map pakai setelit view agar bisa lebih tepat menentukan titik..itu akan mempermudah driver maupun konsumen...trima kasih"
,Sekarang promonya sudah ga sperti dulu lagi. Skrg walaupun dapat promo tapi tetap harus ada tambahan biaya2 lainnya. Sama aja dpt promo juga belanjanya tetap mahal.
,"sangat cepat pelayanan nya, driver ramah ramah"
,Kenapa skrng aplikasi grab error system..sudah capek2 nulis pesanan setiap mau di proses selalu balek ke tampilan menu awal..coba klik2 pesanan lagi tapi balek lagi ke tampilan awal..sudah hapus history sudah update sudah install ulang dll tapi tetap saja masih error...gk bisa di pakai
,pengemudinya baik dan sabar..
,"Suka. Pengennya misalnya sekali pesan ada pilihan, mau pesen berapa mobil atau berapa motor, karena kadang2 kan kalau pas mau pergi butuh grabbike 2 ,sementara 1 aplikasi cuma bisa pesen 1x sampai selesai, kalau bisa langsung pesen lebih dari 1 kan gak repot nungguin transaksi selesei dlu. Tks"
,"Sejak keanggotaan saya berubah ke PLATINUM, saya amat sangat kecewa dgn pelayanan grab. Setiap saya order grab, selalu diberikan pd driver2 yg lokasinya agak jauh dr saya. pernah sampai belasan menit. pdhl dulu waktu keanggotaan saya msh GOLD tidak pernah sampai 10 menit, bahkan diatas 5 menit saja jaraaang sekali. Jd kalau buru2 skrg saya lebih suka menggunakan GOJEK."
,Tlg perbaiki : 1.Promo masa berlaku msh lama tapi tidak dpt digunakan. Cnth : GRABFOOD50% (berlaku sampai 23 jan 2022 tp tgl 22 jan 2022 sore sdh tidak ada wlpn sub icon promo msh ada di menu utama namun tidak ada di resto pilihan promo trsbt. 2. Kemudian pergerakan driver di maps yg sering tidak sesuai sesuai dgn posisi saat pengantaran. 3. CS Bantuan di aplikasi yg seperti BoT sehingga tidak memberikan solusi ke customer. Terima kasih.
,"ga ngerti lagi driver grab makin kesini kok makin banyak yg ga sopan yah? ga punya attitude sama sekali!! trakhir ada driver yg membentak saya krna lokasi yg saya tuju tidak sesuai dg lokasi yg tertulis di aplikasi si driver , saya bilang klo titiknya itu udh benar coba di klik aja maps nya psti sampe ke lokasi tujuan yg saya pesan(krna setiap hari saya pergi ketempat itu dan driver yg menggunakan maps psti sampe tanpa tanya lagi arah jalannya). tapi dia membentak dan lgsg berasumsi sendiri😤"
,Grab tak seperti dulu lagi misalnya kadang promo tak bisa digunakan katanya sih penggunaan promo setiap hari tuh terbatas otomatis siapa yang cepat siapa yang dapat. Ditambah lagi grab makin hari makin mahal kalau ini masih bisa gue tolerir secara gitu semua serba mahal. Ditambah pula notif yang masuk tentang diskon grab food tapi pas mau coba kok malah ngga berfungsi seakan-akan kita tuh dibohongi. Jengkel saya. Terima Kasih. Tidak lama lagi saya akan beralih
,"Makin ribet, pake acara harga dibeda2in, makin mahal aja"
,"Awal nya sih ini aplikasi bagus bgt, tp knapa skrg jd gini sih? Terus di update saya pikir aplikasi nya makin mantep ternyata enggak. Tolong donk grab, jgn membuat member semakin ribet. Ketika sedang lapar² nya dan driver tdk bisa mengantar dengan cepat karena hal lain itu, dan member serta driver tdk bisa membatalkan pesanannya harus tlp ke customer service, seriusaan grab ini benar² menjengkelkan. Tolonglah grab semakin ada pembaharuan harus nya makin simple dan praktis bukan makin ribet gini!"
,Knpa jdi sudah banget sih masuk lewat FB parah bner bknnya d gampangin malah bikin emosi
,"terkadang saya pesan grab menuju tujuan perjalanannya dibuat lebih jauh, padahal lewat jalan besar , tapi dibuat lagi lebih jauh, yang bisa dibilang dari jarak 5km dibuat jadi 7km, dibuat mutar"" , jadinya tarifnya lebih mahal dan lebih lama sampai ke tempat. Tolong Ya Grab."
,"Pagi ini ribet mau pesen makanan ga bisa milih lokasi alamat tersimpan.. aplikasi cuma nunjukin 1 alamat yg sedang dipakai GrabCar. Saat bersamaan ingin pesan makanan, ga bisa ganti alamat. Biasanya bisa. Kenapa nih ?!!!!! Customer experience minussss"
,Titik pin tidak pernah sesuai dengan lokasi. Aplikasi terlalu sering membutuhkan update tapi tidak menambah efektifitas pemakaian aplikasi. Update aplikasi juga terlalu banyak memakan ruang penyimpanan pada telepon seluler.
,"saya kecewa dengan aplikasi ini,, saya sudah setahun lebih pake grab dan hari ini saya benar2 kecewa,, yang tadinya perjalanan saya 6 ribu saya gunakan promo jadi 2 ribu,, pas sampai di tujuan harga.y berubah jadi 12 ribu.. percuma dong pake promo.. mohon di perbaiki."
,User interface aplikasinya jelek parah. Kalo internet agak jelek dikit aja aplikasi susah banget dibuka & sering lag. Menu sering gak muncul. Parah banget aplikasinya jauh sama aplikasinya gojek
,"App nya udah bagus banget. Aku suka pake grab, kemanapun aku pergi pasti pake grab. Cuman masalahnya, di daerah aku itu belum ada sama sekali driver grab. Padahal daerah aku termasuk yang strategis. Pasti akan banyak pengguna grab didaerah aku. Semoga semakin ditingkatkan ya"
,Saya isi grabpay tapi kenapa saldonya belum masuk lagi ya? Padahal saldo rekeningnya suda terpotong
,"Akun tiba tiba ke suspend sudah ajukan banding tapi halaman eror! buat nomor baru juga banyak problem tiba tiba fitur grab tidak bisa di gunakan dan keluar dari akun sendiri, ANEH! Makin nggak jelas"
,"Grab cuma jualan atribut. Kita driver baru udah beli atribut mahal2, malah 3 hari nyalain gak ada order yg masuk samasekali. Gausah ngajarin harus begini harus begitu, sy di aplikasi sebelah dr 2016, kalian orang kantor tau apa!!"
,"Very bad,iklannya sangat mengganggu yaa, akhirnya saya putuskan uninstall aplikasi ini, dan skr tenang yaa gak diganggu lg sama kemunculan iklan yg hampir tiap saat,ganggu banget !!!!"
,"Saya kan anak kuliahan, yang harus berangkat tepat waktu dan hampir setiap hari menggunakan grab, bisakah kualitas grab lebih d tinggkat lagi karena ada waktu tertentu aplikasih grab saya tdk bisa digunakan, sudah beberapa kali d perbaharui hasilnya tetap sama."
,"Ini kenapa ga bisa dibayar pakai OvO dah. Udah top up, malah gabisa buat grabfood"
