review,0
,"Pemesanan go-food kurang memuaskan,sistem kupon terpakai secara otomatis menyulitkan. Saldo dan pesanan minimum sudah mencukupi namun kupon tidak dapat terpakai. Lokasi pengiriman makanan tidak sesuai GPS, ketika salah pilih tidak dapat di cancel, dikenakan charge tambahan sama driver karena tujuan pengantaran berbeda. Kecewa dengan kebijakan sekarang."
,"Sistem upgrade plus yg sangat buruk. Cuma bisa topup, tapi dipakai untuk transfer dan sejenisnya tidak bisa. Ktp dan foto sudah benar sesuai persyaratan, tapi berkali kali ditolak. Sangat jauh dibandingkan dengan aplikasi DANA atau OVO. Aplikasi gojek hanya cocok untuk order ojek dan service saja"
,Aplikasi tokai. Makin lama makin menurun performanya. Biaya layanan aja digedein tpi aplikasi makin anjlok. terus biaya layanan buat apa??? Tiba2 ngecancel sendiri pas udah lama nunggu. Dimuat ulang berulang kali juga gak bisa. Smpe restart hp dan coba pesen lagi yaa tetep gak bisaaaa. Terus maunyaa apaaa anjerrr Otw uninstall
,"Semua voucher yg ada diskon tidak bisa dipakai padahal pesanan sudah sesuai dengan minimal order,sangat berbeda sekali dengan grab yg dapat kita pilih diskonnya. Untuk gocarnya sangat jauh dari estimasi dari yg 2,4km tiba tiba menjadi 4,8km,jadinya waktu menunggu driver sangat lama"
,"Ini aplikasi gojek tampilan nya kenapa pula, tidak ada tampilan saldo dan mau lihat riwayat transaksi terakhir aja tidak bisa!!! Kocak ini aplikasi lama""!!! Ini pas di pilih bantuan dan laporan notif nya selalu server padat merayap!!! Hadeh..."
,"Berulang kali walau sudah di update kedua aplikasi tidak bisa menghubungkan pembayaran ke Tokopedia, sinyal oke pake wifi lagi, berulang kali direfresh kalo amu bukti foto nya saya kasih! Ini gimana jadi gak bisa klaim barang 1000 pengguna baru,,, kecewa"
,Tolong di perbaiki masalah gofood reguler sama hemat enggak ada bedanya sama sekali.... Saat pakai voucher diskon dan ongkir hemat harga nggak berubah tidak sesuai dengan layanan yang di sediakan juga waktu estimasi juga masa buat apa di bedakan di hitung juga cuma beda tulisan reguler sama hemat hasil sama aja nggak ada perbedaan y... Terimakasih...
,"aplikasi yang sangat membagong kan,nunggu driver hampir 1 jam ,driver gocar nya ke jebak macet,aneh padahal itu driver banyak yang terdekat tapi dapat nya yang 7 km,yang tadi nya ingin cepat malah telat,dah pindah aplikasi lain saja!!gojek kayak nya mau bangkrut"
,"Kenapa saat saya pesan go ride pemesanan sampai 3 kali !! padahal saya pesan cuman 1 kali dan itu langsung secara bersamaan,bahkan lokasi titik jemput yang sangat tidak sesuai ,yg di pesanan titik jemput nya berada di Jakarta ,padahal saya berada di Surabaya . Cara saya memesanan seperti biasanya saya pencet fitur one tap go ride ,tapi kok bisa titik jemput nya sangat tidak sesuai!! .Padahal hari sebelumnya fitur one tap bekerja dengan baik ,MOHON DIPERBAIKI🙏"
,"Aplikasinya aneh. Saya top up saldo gojek via bank transfer buat bayar tagihan PBB sebesar 265500. Sebelumnya saya cek dan totalin memang pas segitu. Setelah bayar tagihan kok malah kurang. Jadi saya top up lagi 10 ribu karena minumum ke ewallet segitu. Kena biaya admin lagi. Barulah bisa. Tertulis dapat caskback 4rb, 3.9 ribu, 4rb. Tapi gak ada. Kok saldonya kurang. Setelah transaksi kutotalin dan iya bener 265500. Lah kok harus ya saya top up 10 rb. Sisa saldo harusnya 10 rb dong, tapi 8,8 rb."
,"Bersiap siaplah menyusul JD.ID Goto ini 1. Tak punya jiwa kompetisi, padahal kompetitor baru mulai bermunculan dan berkembang 2. Tak ada inovasi baru ( monoton) cuma di situ2 saja 3. Cuma menaikan keuangan berlipat dengan dalih biaya ini itu, tanpa berpikir dampak ke depan 4. Lihatlah pelanggan anda sebagian sudah berpindah ke aplikasi sebelah ( masa tidak ada report dan kajian soal yang begini)"
,"Ini aplikasinya gimana? Kemarin2 gk ada fitur tarik tunai terus habis update ini muncul lagi fiturnya tpi gk bisa digunakan, kode transaksi nya gk muncul. Saya udah mencoba berulang kali tetep gk muncul kode transaksinya. Tolong dong diperbaiki lagi!!!"
,"(BURUK!) harga jauh lebih mahal dari GRAB, motor driver sering tidak sesuai di aplikasi, kondisi helm penumpang selalu jelek (bau, tali helm rusak, ga ada kaca), sering eror tiba2 (maps ga kebaca, padahal sudah pasang titik manual dan kondisi sinyal lancar, aplikasi ter-update)."
,"Barusan ada orderan gofood di apk saya menggunakan pembayaran kartu kredit, parahnya SAYA TIDAK MELAKUKAN ORDERAN TERSEBUT DENGAN MENG KLIK ORDER!!! Memang sehari sebelumnya saya ingin beli tetapi tidak jadi, jadinya orderan tersebut masih ada dikeranjang. Tapi kenapa bisa tanpa saya klik order, tiba2 sudah bisa meng order dengan sendirinya. Saya merasa dirugikan dengan kejadian ini"
,"Tolong perbaiki interface untuk bagian pembayaran lah. Dibuat halaman khusus dimana pilihan pembayaran nampak semua (minimal per kategori). Dibuat bertahap jangan dalam 1 halaman. Bikin bingung yang belum terbiasa sama UI gojek. Pake jebakan betmen ""pesan sekarang"" segala NYEBELIN tau."
,"Tampilan versi ini sangat membingungkan, terutama go send.. Alamat dan kontak yg sudah disimpan jadi tidak ada dan letaknya membingungkan, harap rubah kembali tampilannya seperti semula"
,"Baru pertama kali ingin bayar samsat lewat gopay tetapi selalu gagal, saya kira karena sinyal tetapi coba aps yg lain baru bisa. Top up gopay bisa, kenapa giliran mau tf dari gopay ke yg lain sulit sekali, diinformasikan harus update gopay plus, tapi alur untuk update ke gopay plus tidak bisa diklik. Mohon perbaiki aplikasinya."
,"Untuk aplikasi gojek mohon utk mapnya segera disamakan dgn kondisi gmaps asli, karena jelas sangat membingungkan kami sebagai penumpang utk sampai ke tujuan, ketika kita ketik jln a misal munculnya malah di tempat lain karena di Jakarta ada byk nama jalan yg sama tetapi beda tempat atau bisa dibilang dua daerah yg berbeda tetapi memiliki kesamaan nama jalan sehingga itu bisa menyebabkan salah titik tujuan, mohon agar segera ditangani keluhan ini"
,"Tolong diperbaiki. Kenapa saya harus mengalami 2 kali eror? Aplikasi sudah versi terbaru. Internet tidak ada masalah tapi sudah 2 kali saya mendapatkan eror yang berbeda. Pertama, saya klik pesan sekali, setelah itu loading tanpa henti dan app tidak merespon. Tiba-tiba dapat notif pemesanan 3 kali. Kedua, navigasi/maps tidak berjalan seperti biasa. Saya memilih alamat yang saya kunjungi tiap hari tapi hari ini tidak terdeteksi. Semua, alamat mana pun, yang biasa saya kunjungi seperti itu."
,Semakin hari semakin berat untuk mendapatkan order dgn perubahan2 dan sistem yg diterapkan semakin sulit dgn ketidak stabilan sistem yg ada sprti prioritas atau skema2 yg terbaru. Sedangkan aplikator lain sedang membuat hampir sama.persaingan online bertambah berat tp gojek msh belum bs merubah pola..baik antar driver atau pun pesaing aplikator on line. Bnyk sdh para driver berusaha tetapi hasilnya sangt2 tdk memuaskan..dan beralih ke aplikator lain dlm arti kata bnyk yg meninggalkan..
,"Setiap ada perubahan bukannya makin bagus malah makin gak jelas, contoh perubahan tampilan di gosend tujuan pengiriman yg di favoritkan yg terakhir sering di pakai malah hilang yang masih muncul malah yang sudah lama gk di pakai buat tujuan pengiriman"
,"Sangat sulit untuk mengubah email, bahkan bisa dibilang menyulitkan. Nomor yang di daftarkan baru tapi email sudah terisi sendiri padahal saya nggak ingin pakai email itu dan buruk nya lagi emailnya di anggap sudah dipakai padahal itu yang ngisi dari gojek. Hal seperti ini benar benar tidak nyaman dan tidak efektif"
,"Aplikasi yg sangat membantu dan sangat menguntungkan. Makanya selalu ku gunakan setiap hari. Setelah sekian lama menggunakan gofood (mungkin keseringan pesan), akibatnya promo resto dihilangkan, sehingga jadi males pesan makanan. Semoga bisa kembali seperti semula."
,"Ini aplikasi nya gimana?saya sudah klik gojek tapi nggak muncul arah. Terus saya coba untuk log out, tapi coba login itu ngga bisa masuk padahal sudah memasukkan no handphone, saya coba masuk/login lagi tetap ngga bisa. Sudah saya update aplikasinya maksa nya tetep ngga bisa. Saya klik bantuan muncul nya lama banget padahal sinyal nya bagus Tolong perbaiki agar bisa login pake no handphone Dan tolong sarannya"
,Skrng biaya aplikasi semakin membengkak.. makin tinggi aja biaua aplikasinya yang di cantumkan di total pesanan.. Dan untuk pembayaran PAYLATER menurutku.. itu sama saja dengan mempermalukan diri kita sendiri di depan umum.. karna kenapa kalau kita pesan pakai paylater itu di struk pembeliannya akan muncul GOPAYLATER seharusnya antara driver dan resto tidak perlu tahu mengenai hal itu
,"Biasanya apk gak ada kendala. Kenapa skrng sy buka gak bisa? Load trs. Kecewa :(. Pdhl langganan bgt pakai gofood nya. Udh ku coba uninstall trs install lg, eh sm aja... Pke WIFI pke DATA sinyal full 4G sm aja"
,"Pengguna aplikasi gojek sejak 2016. Perkembangannya saya mengikuti namun baru hari ini saya beri rating karena sering pakai fitur gofood dikala mager dan diskon yang cukup worth it, but bea aplikasi jangan ditambah""kan ya, makanan masuk gofood aja udah naik harganya, ya it's okay lah ada diskon berupa % itu sih yang paling ditunggu, semoga diperbanyak ya. untuk goride dan gocar hanya dipake ketika event mudik or perjalanan vacation, untuk saat ini harganya cukup tinggi, keep it up n improve.."
,"Smoga dibaca dan dibales🙏 Ini kenapa ya fitur gomart nya sekrang gak bisa dipake setiap mau order barang selalu muncul ""mau order lokasi berbeda? Boleh, tapi harus kosongkan kerangjang"" Sedangkan lokasinya sesuai titik, dan di sekitar rumah saya banyak market dan kenapa sekarang gak bisa pilih marketnya.. tolong penjelasan nya ya🙏"
,"Btw report bug dimana? Ada bug saat baru order pembayaran makanan muncul ""Offer Error"" seakan akan sudah menggunakan diskon dan terjebak disitu jadi ga bisa pesan karena diklik [Ok, hapus diskon] tetap muncul ""Offer Error"" terus menerus di GoFood. Terimakasi. EDIT: Solusinya restart aplikasi."
,Tolong ditambah fitur untuk laporan driver yang membatalkan secara sepihak tanpa pemberitahuan dan tidak bisa membaca maps. Di kala urgent dan tiba2 dibatalkan membuat orang stress. Untung ada driver pengganti tapi waktunya sudah mepet karna yang driver awal kelamaan gak sampe2.. Tolong pihak gojek tambah fiturnya saja. Saya sudah sering maklum drivernya salah baca maps terus. Padahal mapsnya sudah jelas pakai banget lho... Maaf saya tulis disini karna di apknya gak bisa komplain. Terima kasih..
,"Saya mengedit ulasan ini, sampai sekarang masih sama. Lelet bangettt Di update gaada perubahan, transaksi sangat lelet muter terus loading terus. Saya beli pake internet saja sampai ngulang belasan kali. Parah gopay. Maintenance app nya tolong pihak gojek baru keluarkan app yang baru."
,"Harga sebelum dan sesudah menggunakan voucher tidak ada bedanya, jadi apa gunanya menggunakan Voucher kalau harganya sendiri saja hanya berubah 1000-2000 RB saja, padahal disitu sudah tertera berapa besaran diskon potongan voucher yang kita dapatkan , kenapa semakin kesini, semakin sangat menurut saya kurang begitu nyaman untuk menggunakan aplikasi gojek, saya berharap semoga bisa menjadikan suatu bentuk tambahan evaluasi lagi supaya menjadi lebih baik lagi kedepannya"
,Lama lelet... gk tau malam ini lama banget.. padahal di map driver deket tapi gk ada yg nerima saya...saya coba berkali kali tetep gk ada... saya akhirnya pilih yg lain... sumpah kesel banget... Kalo sampai alesan pastikan internet.. matamu.. internet w full 4G+.. kuota juga ada... makin aneh nih gojek.. nyesel w pakek ni apk.. gk guna. W langsung ganti grab.. dan nyatanya w langsung dapet drivernya tuh.. emang pelayanna apk nya yang makin lama makin jelek...
,upgrade go pay gagal terus padahal foto sudah jelas. apa harus pake fitur hp yg lebih canggih lagi ya baru bisa foto dengan jelas. tlg untuk untuk tim IT nya bisa d sesuaikan dengan kondisi hp dengan berbagai macam merk atau dberikan informasi agar bisa upload dri foto yg kita punya biar lebih jelas lagi
,"semua yg di ungkapkan adalah real di lapangan bagi pengguna aplikasi tersebut jd jgn hanya menaikkan tarif perjalanan dan hanya menjauhkan kilometer perjalanan nya saja tp tolong perbaiki kinerja aplikasi tersebut baik di driver nya maupun aplikasi penumpang nya jgn terlalu banyak alasan gangguan internet lach ini lach itu lach tolong dong perbaiki dalam segala aspek yg ad agar para pengguna lebih mudah dalam penggunaannya mana yg di gadang2 dr awal ""karya anak bangsa"" tp nyata nya nol besar"
,"Biaya layanan jasa & aplikasinya sangat mencekik! sekali order harus tambah 4rb, padahal belum tentu yg diorder memuaskan semua. Tolonglah dikurangi biaya jasanya, dikali jutaan pengguna setiap hari aplikasi ini untung brpa banyakk cobak"
,"Kenapa tidak bisa dibuka???? Disuruh tunggu kode via SMS, tapi saat kode didapat malah dibilang salah memasukkan kode. Saat mau daftar ulang dibilang no hp n email sudah terdaftar. Tolong diperbaiki kinerjanya untuk Gojek."
,"Fitur gojek saat ini aneh, komunikasi dg CS hanya pesan yg dikirim otomatis, misal ada kendala order gak sengaja malah ngak bisa dibatalin, ngak ada peyelesaian diskusi, lagian juga kenpa sekarang ngak ada menu yg bisa membatalkan orderan klo memang ngak sengaja dipencet !!!!"
,"Tolong di bikin permudah untuk akuratnya titik jemput , karena sering tidak akurat titik jemput nya saat pesan go ride, dan kalau pas pesen go food juga sering tidak akurat titik antarnya.."
,"Saya kecewa dan kesal karna harga ongkir mahal sekali, tolong diturunkan lah harganya yang masuk akal sedikit, orang orang juga males liat harga ongkir yang ga masuk akal + promo sedikit banget, kalau ngasih ongkir itu yang masuk akal lah"
,"tolong min, kenapa ketika saya top up atau apapun yang harus memakai pin, itu pin tidak muncul dilayar terus juga kenapa tidak bisa mengganti profil ya? padahal jaringan saya sudah bagus tidak ada kendala tp kenapa saya ulang berkali kali tp masih belum ada perubahan? tolong dong ini saya jadi tidak bisa menggunakan gopay nya"
,"Pembayaran Gopay sih oke, tapi ya gitu kelipatan top up 50,000, kalo top up 250,000 di Alfamart ya kena admin 2 kali, kukira mempermudah ternyata malah njelimet kurang fleksibel, baiknya di perbaiki untuk kedepannya."
,"Kapan fitur tarik tunai tanpa rekening normal lagi? Saya kemarin mau tarik saldo, eh fiturnya hilang lagi... Padahal 2 hari yang lalu fitur itu muncul, pas saya mau gunakan fitur tersebut malah hilang lagi."
,"Kode bayar selalu bilang internet mati, padahal sinyal bagus dan kuota banyak, gara-gara ini terpaksa bayar pake tunai. Untung bawa duit cash, coba klo gak. Masalah yg ada, tolong diperbaiki..."
,Apaan sih makin kesini makin menyebalkan sekali ini aplikasi di top up Gabisa di pake nyalahin akun yang bermasalah mesen apa apa ga bisa TF harus upgrd payplus udah di up juga tetep ga bisa!!! GA SESUAI DENGAN IKLAN IKLAN YANG BEREDAR!!!!
,"Tolong bug maps diperbaiki lagi, karna sangat mengganggu pelanggan, sudah pilih alamat tiba"" Berubah alamat sendirinya ketika sudah dapat driver, sudah 2 kali lo, tolong diperbaiki segera bug nya, Terimakasih"
,"Kok ga bisa transfer ke bank ya?? Tolong solusinya soalnya sinyal udh bagus udh diperbarui juga, tpi ttp gabisa transfer ke bank terus ada tulisannya ""lagi ada perbaikan di sistem bank nya nih"" tolong buat yg pengiriman uang ke bank gitu diperbaiki dong!!"
,"puas dengan pelayanan drivernya, fiturnya terupgrade, aplikasinya berjalan lancar cepat, tarif memang agak bikin sedih karena naik drastis, semoga selalu ada kenyamanan dan keamanan bagi driver dan customer ya tim gojek, terimakasih banyakkk atas pelayanannyaaa"
,"Kalo pesen gocar di bandara, selalu dipaksa cancel bokingan oleh karyawan, karena pakai yg paling murah, dengan alasan mobilnya habis, mau pagi smpai malam alasannya sama saja, dan disuruh boking tarif yang paling mahal, tapi mobilnya gk Upgrade, sama saja kek odong-odong, SANGAT TIDAK RAMAH.!!!"
,"Males bgt semakin mahal, makanan sm ongkir jauh lebih mahal ongkirnya. Padahal levelku udh juragan, tp promo ongkir mlh semakin jarang, yg ada malah dinaekin semua2 nya. Udah hrga makananx di up smpe 5rb, ongkir mahal, masi ketambahan biaya jasa bla bla bla. Aplikasi cap 👎 sorry uninstal!!"
,"TAMBAHKAN GOTIX MAGELANG! .Ketika saya mau login dengan cara masuk saya sudah menulis no hp terus ada notifikasi ""sepertinya akun anda belum terdaftar"" (padahal saya sudah pernah masuk) lalu saya lengkapi data diri dan no hp terus ada notif lagi ""sepertinya aku n ada ditemukan"" yaudah saya ngisi no hp lagi ketika saya klil lanjut ada notif ""anda terlalu banyak mencoba tunggu 30 menit"" TOLONG PERBAIKI MASALAH LOGIN APLIKASI NYA"
,"Biaya layanan tambah besar, biaya langganan makin aneh (tambah mahal dan malah jadi terbatas restonya untuk gofood), Gocar dan GO-RIDE bisa >20% lebih mahal dari kompetitor, padahal goclub udah sultan promo di akunnya malah hilang 🤣 nggak ada istimewanya sama sekali tuh sultan sekarang wkwk, reward naikin goclub skrg juga cuma dikasih voucher sampah yang ga bisa didouble (total diskonnya cuma bisa nutup biaya layanan)."
,"Sering eror saya pembayaran dengan notifikasi tidak dapat tersambung internet, padahal sinyal kencang. Saya rubah lagi bintangnya jika sudah benar"
,"gk tau knapa...buat masuk ato dafatr kok susah...padahal aku dulu punya akun cuman no hp ku ganti...masuk pkai akun gogle seharus nya bisa...sampai berkali"" tak coba login masih gk bisa...padahal apl sebelah biarpun ganti no hp berkali"" masih bisa login pakai akun gogle...tinggal verifikasih no hp baru saja..sesimple itu..terpaksa aku uninstal apl gojek..daripada bikin pusing.."
,"Gofood+ nya kacaw sekarang, dah beli ternyata gabisa dipake di resto yang diminatin, udah harga naek malah lebih ribet, berasa kena scam beli gofood+ sekarang, rugi, mending gw jalan nyamperin tempatnya/pake delivery langsung dr restonya. Kecewa, dah cukup 1 bulan aja gw subscribe, thanks"
,Posisi armada tidak terdeteksi di map customer sehingga tidak dapat dilihat apakah ada driver terdekat atau tidak di posisi pick up tolong diperbaiki seperti sebelumnya...
,"Kok makin ribet ya skrg apliksi ini ,Sinyal udah bagus ehh pas order gosend mencari drivernya hampir 2 jam an dan double . Terus pas mau dicancel gak bisa, sering bgt error kayak gini dan sangat meresahkan. Makin maju harusnya pelayanan bisa lebih fleksibel gak di oper sana sini Baru kali ini kecewa bgt"
,"Sebelumnya untuk penggunaan saya jangka panjang di gojek baik baik saja, namun mengapa akhir akhir ini sekitar 2 bulan terkahir gojek sangat tidak enak dipakai, karena 1. Saya tidak bisa mengisi gopay padahal nomor tlp sudah benar alhasil uang saya terbuang percuma 2. Pesanan selalu di cancel 3. Pesanan tidak jelas mengapa tiba tiba bisa dapat drive yang malah sudah di dapat orang lain, dan driver yang seenaknya sendiri ketika dapat pesanan dicancel dari sananya dan sering error dari saya&driver"
,"Aplikasinya error semua promo tidak bisa diapply, hari ini pindah pesen semua ke grab aja deh Update: bugsnya dibenerin dong tiap siang selalu error, voucher sudah di applied tapi di halaman pembayaran tidak berubah Update2: akhirnya ada keluar update baru, bugsnya sudah dibenerin nich, sudah ga error lagi"
,"Saya pengguna baru...pake 1x langsung uninstall. Karena 1 tidak ada keterangan jenis kendaraan yang menjemput kami, yang ada hanya plat nomor kendaraan. Masak kami dijemput dengan motor smash yg sudah kotor tidak layak kondisi fisik dan mesin. Pake motor lama ga papa sih asal layak ajah. Pertama pake langsung kecewa 😅"
,"Dulu saya sangat suka pakai gopay karena memudahkan gak usah keluar duit tinggal scan selesai ,sekarang banyak sekali kendala nya dari yang scan QR sekarang udah ribet banget harus pake wifi kalo gak pake pasti di bilang gak ada sinyal padahal sinyal full 4G ,jujur kecewa sekali dengan perkembangan nya jadi aneh aplikasi nya ."
,saya pengguna lama gosend dengan aktivitas kirim barang setiap hari...mohon kiranya agar aplikasi gojek bisa lebih di permudah fiturnya di riwayat pesanan yg sudah selesai terkirim agar bisa di pesan kembali tanpa perlu mengetik ulang alamat kembali & tidak perlu kembali ke menu Favorit agar lebih cepat dan simple..karena alamat Favorit hanya bisa menyimpan 20 alamat saja...sedangkan pengguna seperti saya banyak sekali alamat yg harus di kirim dalam setiap hari.. mohon di perbaiki.
,"Rute penjemputan dan rute pengantaran sering menggunakan rute Alternatif, sehingga driver suka lama datang njemput karena mengikuti rute di aplikasi, padahal rute teraebut tidakbisa tidak efektif dan driver menjadi lebih lama samapai menjemput Pengorder, kadang malah melewati rute yg ternyata tidak bisa diakses, sehingga driver sering puterbalik mencari rute lain,, Untuk Orderan Gofood...masak sekarang ada gabungan...pantes lama banget sampeknya..."
,"Saya suka pakai gojek dan fitur didalamnya. Hanya saja gopay belum bisa mencapai algorithma pembayaran VA dan bukti pembayaran perjalanan tidak sebagus dulu. Dulu bukti pembayarannya itu menyerupai etiket pembelian tiket pesawat, saking bagusnya saya sangat mengapresiasi lembar tersebut tp entah mengapa semakin kesini jd alakadarnya."
,"Untuk versi kali ini banyak error nya, saya beberapa kali error order goride, setelah saya diemin satu jam baru masuk dan kasian driver yg nunggu pdhl saya sudah cancel dari sejam yg lalu, trz beberapa fitur jga error. Aneh tolong diperbaiki baru saya tambah bintangnya lagi"
,"Setelah jadi anak sultan Gak bisa beli paket diskon ongkir lg. Help Paket tidak tersedia, padahal sebelum ini selalu beli paket diskon ongkir 14 hari, selalu di perpanjang. Makin aneh."
,"Aplikasi terlalu mahal,biaya tambahan semakin besar apa lagi pesan food di waktu malam dan hujan ongkos sangat mahal biaya ny,driver tidak banyak yang tidak sesuai plat motor dan atribut jarang pakai.dan driver ugal ugalan membahayakan penumpang"
,Kenapa setelah update terbaru tidak bisa memesan jarak jauh ya? Saya kesusahan karena ortu nggak bisa memakai app online. Saya di madiun ibu saya di solo.. biasanya bisa pesan jarak jauh sekarang tidak bisa. Kecewa sekali. Padahal abang gojeknya selalu ramah.
,Driver nya selalu membatalkan pesanan selain itu yg lebih parah nya driver sengaja melewati saya dan mendiamkan chat saya hingga tidak di jemput agar saya mengatakan pesanan tanpa memberi kabar apapun seharusnya driver yg seperti itu di beri pengurangan poin
,"Awalnya baik baik aja. Tapi hari ini saya pakai go ride, di aplikasi katanya nunggu 3 menit, tp udah 17 menit ga dateng dateng. Posisi driver jugaa gak berubah"
,", tolong dong di atur sistem nya. Saya sdah top up saldo. Tapi tidak bisa untuk transaksi saldo GO-PAY nya. Semua gak bisa. Padahal sudah upgrade GO-PAY plus. Tnya di pusat bantuan tapi tidak sesuai jawaban nya."
,"Layanan bantuan semua dijawab sama bot mau keluhan harus bolak balik, email tidak dibalas nomor telepon pun tidak ada di tampilkan. Hapus data tidak bisa tidak ada pertanggung jawaban terhadap privacy pengguna kalah sama ovo, jenis data yg dikumpulkan tidak dapat diminta juga tapi data pengguna malah dijual ke banyak pihak termasuk data KTP. Perusahaan indonesia tapi data pengguna Indonesia diobral murah. Sampah."
,"Ada apa dengan driver, ketika pesan antar gofood sudah mendapatkan driver cek aktif melalui map tapi beberapa saat lama menunggu kemudian tiba"" status pesanan berubah mencari driver baru jadi tambah lama untuk menunggu sampai pesanan tiba. Dan lebih parahnya lagi, status lagi "" berubah driver pada sibuk."
,"Tolong dong yg adil ketika go food, customer tidak bisa cancel, tapi driver bisa seenaknya cancel. Parah, nungguin 1 jam baru ada driver yg mau ngambil. Bukan cuma go food, tapi goride jg. Bener2 makin parah, driver suka cancel seenaknya, padahal udah nunggu lama bgd. Ini mau cepet eh malah buang2 waktu. Peforma nya makin menurun"
,"Ada bug di update gojek terakhir. Pas pembayaran di merchant sering keluar notif bahwa internet mati, padahal pembayaran terproses. Akhirnya scan dua kali dan terbayar dua kali. Ini beberapa kali saya alami."
,"Gopaylater saya di bekukan (pd hal sebelum nya bs dan jarang saya pakai tiba"" di bekukan) tanpa ada masalah apapun... Lapor melalui chat kata nya tdk memenuhi kriteria (yg bagaimana?) Tingkatkan transaksi?(cek transaksi saya kecil kah?)"
,"Berkali2 saya pesan gocar, padahal udah deket jaraknya, tapi gak ada kabar dari driver sampe bisa2 lebih dari 15 menit, tiba2 pas diliat map nya, malah menjauh dari lokasi penjemputan. Gak ngerti lagi deh... giliran ditanya mau diambil apa engga, malah sensi... aplikasi ini punya driver kebanyakan kaya gitu, maaf2 nih saya pindah ke aplikasi sebelah aja ya"
,"Tolong pelayanannya diperbaiki. Tiap melakukan transaksi atau order layanan, loading lama sekali sampai harus di ulang2 beberapa kali namun tetap sama. Padahal sudah habis diupdate. Jaringan sinyal pun baik. Lama2 pindah ke layanan sebelah."
,"Dari 4* , saya turun kan jadi 1 bintang, Lelet, tidak bisa di pakai pembayaran scan langsung. App.DANA lebih lancar"
,"Saat ini 2 dulu. Saran buat gojek tolong perbaiki UI or frontend web pada mobile saat mendapat atau login, karena pada mobile pop up tidak dapat descrollaron ketika gojek ingin mengakses no hp. Jadi cust baru tidak dapat login atau sign up. Thx"
,Ini gmna ya sya kok masuk ke aplikasinya gak bisa sama sekali. Sudah diupdate ke versi terbarutetep gak bisa. Tolong untuk diberikan penjelasan knapa bisa seperti itu dan tolong berikan solusinya
,"Saya dapat notip utk ajukan pay later pas di ajuin eh di tolak,,,ngapain nawarin bikin cape ketak ketik sj,,,,,ini ada notip suruh aktipkan gopay later cicil,0as di buka eh d aplikasi tertulis mohon maaf fasilitas belum tersedia, ini sama sj dengan mempermainkan konsumen,saya selalu pakai apks ini karena karya anak negeri,sekarang apks sy jd 2 pake apks lain lg,,,,tetep saya ksh bintang 1"
,Saya mau upgrade ke gopay plus kenapa di persulit. Memang saya berulang kali coba terus ..itu juga karena ga bisa2.tolong di bantu donk
,"Terlalu mahal dan susah utk di order kendaraan nya. Driver nya jg gak mau jemput, klu jarak tujuan nya dekat, tlg kasih tau driver nya"
,Mohon diperjelaskn lg tentang total biaya digopaylater Krna saya dirugikan .. Dalm pembelian pulsa gak dicamtumkn biaya admin.y.. Harus.y detail  Tiba2 setelah pembayaran saya coba cek tiba2 ada biaya gopaylater.nya Padahal sebelum.y gk ada ket. Nya.. Maaf saya kasih bintang 1 krna tidak melyani dengan baik Mohon diteliti lg.
,"Awalnya cuma bisa masuk kemudian loading terus, saya updata tidak ada perubahan, saya uninstall kemudian download lagi malah saat masukan nomer saja sudah loading terus. Sinyal sangat bagus tapi tidak bisa terbuka apk nya"
,"Sistemnya jelek, padahal baru beberapa menit yang lalu ngebatin ""design UI/UX gojek emang ga ada duanya"" ehhh mau pesan makanan malah server lagi di perbaiki, fyi koneksi internet ku bagus, aku pakai wifi dan ga ada kendala sama sekali, jadi jangan nyalahin costumer dan perbaiki aja server mu itu"
,"Makin hari makin gk jelas aja ini aplikasi, padahal di sekitar yg terdekat banyak ada driver pas pesen goride tapi malah yg jauh2 banget yg nyantol sampe beberapa kali dibatalin sama drivernya!! 👎👎👎👎👎"
,"Aplikasi yang aneh , teman ku ada promo diskon % mirip grab , lalu ku download dan taraaa ku test beli di tempat resto yang sama , dan jreng jreng.. , hasil nya cuma ada promo gratis ongkir/potongan harga max 9rb , aneh nya ku bedaiin promo teman ku total nya ada 9 dan punya ku 8 ternyata guyss :v , dan dia tidak beli paket promo apaun (alias murni dari ojek). beda nya pengguna baru sama pengguna lama ya ? Kalo iya aplikasi ini agak lain si ."
,Percuma dibuat menu pilihan orderan kalo masih disuruh bawa orderan yang tidak kita inginkan.. contoh nya main layanan FOOD saja. tapi menu gosend nya gak bisa dimatiin dan layanan lainnya'.. malah bikin performanya ancur.. gimana mau ngejar rating dan bonus
,"Untuk transfer ke rekening bank kenapa statusnya di proses terus?? Dan di pusat bantuan tidak membantu sama sekali. Chat cs tidak ada jawaban. Tolong jek, saya butuh uang itu segera !! Kalau transfer ke bank membutuhkan waktu 2-3 hari, mending di hilangkan sekalian saja untuk transfer ke bank. Atau setidaknya ada pilihan untuk membatalkan transaksinya jika harus nunggu 2-3 hari. Padahal di aplikasi sebelah bisa langsung masuk ke bank tujuan. Tolong di perbaiki!!"
,"Akhir2 ini saya kesel sama gojek, setiap pesen selalu dapat drivernya jauh2 bgt jadi keseringan di cancel sama drivernya. Mohon cari driver di sekitar customer biar cepat dan kita pun nggak buang2 waktu"
,Pesan gocar harga berubah2 baru top up gopay. Pas mau transaksi biaya berubah seketika... not recomended... ngga ada standar yg jelas untuk ukuran jarak. Patokanya hanya ramai dan sepi.
,Permisi ya. Saya mau ngasih tau setelah update terbaru ini saya masih menemukan bug yaitu force close. Setiap saya mau mengakses salah satu layanan pasti saja selalu terjadi insiden force close ini. Hal ini juga dapat mempersulit para user untuk mengakses salah satu layanan. Saya harap bug ini segera di perbaiki
,"Apps nya gak bisa di pakai, loading nya lama banget, di login ulang gak bisa loading terus padahal apps lain lancar jaya"
,"Pengalaman semakin buruk menggunakan Gocar, driver ambil order saya tapi mengantar orang lain dulu, saya pun menunggu 10 menit, kok tau2 driver membatalkan sepihak, rugi waktu 10 menit dan biaya lain karena akhirnya saya terlambat. Ini terjadi 2 kali.."
,"tolong sistemnya di perbaiki ya, sudah pake wifi sudah pakai data tapi mau kirim saldo keterangannya tidak ada koneksi"
,"Aplikasinya kadang eror min, udah dpt driver udh dichat pula, bisa berubah hrs pesan dr awal dan dpt driver yg berbeda. Tolong jga min seringnya tiap hujan susah bngt cari driver udh berkali kali coba ttp driver sibuk. Tp tiap cuaca baik cepat dpt driver."
,"Aplikasi luar biasaa, semangat terus , selalu upgrade ketika ada pembaruan aplikasi 😁👍👍👍, terimakasih aplikasi gojek, aplikasi ter aman sih menurut saya 👍👍👍👍👍"
,"Hallo gojek, saya habis melakukan pembayaran topup pada my telkomsel menggunakan saldo gopay, padahal saya hanya ingin melakukan 1x pembayaran NAMUN dalam keterangannya aps gojek bilang ""tida ada koneksi internet"" kemudian saya coba lagi, ternyata transaksi sebelumnya sudah terkirim dan yang baru pun sudah terkirim. Permasalahnnya: telkomsel bisa menyedot pulsa di dalamnya jika paket internet habis dan itu sangan tidak menguntungkan!! Hanya karena keterangan ""tidak ada koneksi internet""!!!"
,"aplikasinya dibikin sok simple tapi ambigu, dari mau mulai buat pesanan terlalu rame sama hal yang ga kepake dan ikon ikonnya sulit dmengerti dan dibedakan satu sama lain, saya sering salah pesan karena ikonnya hanya bulat panah fak yuh doang jadi alamat pengirim dan penerima tidak jelas yang mana. selalu mondar mandir isi alamat. layout nya balik ke yang dulu aja si, sekarang kan gojek ngelag ditambah iklan tokped gede yg otomatis sering ke klik, sekalian aja pop up judi slot atau shopee"
,"Aplikasi yang bagus!!! Bisa top up game, bisa pesan makanan atau minuman, dan banyak hal lain lagi!!. Bagi yang belum coba aplikasi nya, coba dulu. Nanti pasti terbiasa kok, walaupun saya awal² sempet ragu buat pake gofood karena taku salah alamat, tapi ternyata pas saya coba pertama kali ternyata gojek aplikasi yang mudah untuk dipakai memesan atau melakukan transaksi apapun."
,"kenapa cuma di hp ku aja ya yg gabisa makai voucher atau smacamnya? ga ada opsi kayak gitu, padahal di hp ku yg lama bisa tp di hp ini gabisa. aku pun juga udah nyoba hapus aplikasi gojek smpai 4× tetep ga ada (sekali lagi bukan gabisa dipencet voucher nya tp ga ada opsi nya)"
,"Aplikasi yang menyebalkan. Masak dipakai wifi gak bisa, gk ada internet mulu tulisannya mau pesan susah gofood banget jadinya. Sedangkan kondisi internet aktif kok disemua aplikasi lain hanya di gojek yang eror mulu"
,"Tolong untuk sistem double order gofood di hapus kan. Karna mbuat cs mnunggu lama, sampai makanan dingin. Jangan hanya mementingkan keuntungan saja, hingga driver cuma dapat ongkir 2000 untuk order yg 2. Sudah lama menunggu, belum lagi antri. Sampai di buat mati kelaparan."
,tidak melakukan transaksi janggal/ilegal tapi gopay tiba² di nonaktifkan (blokir) dengan alasan melakukan transaksi janggal aneh. sudah membuat laporan tetap saya kekeh dengan pernyatan sndri. cukup tau saja kecewa selama ini pakai gopay sebagai ewallet klo tau begini sistem nya
,"Sangan mengecewakan sudah berbulan bulan saya make aplikasi ini tapi baru kali ini saya mengalami ini. Masa mau lihat promo saja tidak bisa katanya ada kesalahan mohon cobalagi, setelah saya relog dan update aplikasi pun masih sama sudah hampir 2 bulan sprti ini mohon bantuannya"
,"kronologi : saya pesan gocar, trus saya batalkan karna driver masih bawa penumpang lain. lah udah gitu posisi jauh banget. oke bisa di batalkan. pas pesen lagi HARGA AUTO NAIK. hahahaha padahal titik jemput dan tujuan masih SAMA. oh gitu cara lu nyari duit j1ng."
,"Mohon bantuannya. Jd sy mau beli font di galaxy font tapi pada saat mau checkout menggunakan gopay, knp tdk bisa yah? Notifnya transaksi sdh kadaluwarsa pdahal baru juga mau transaksi dan ini sdh terjd dlm beberapa bln.. mohon penjelasannya"
,"ongkir mahal, biaya aplikasi juga mahal. promo nya kek t4i harus belanja banyak tp potongan dikit. gak ngotak! saya pernah pesan makan gk dapat driver. trus stelah dipesan ulang ternyata biaya nyari driver nya jadi gede wkwk. kan salah aplikasimya sendiri yg gk dpat driver kok jd customer yg byar buat nyari driver nya"
,Saya pagi ini pesan gocar hendak ke airport dr rumah. 3 kali saya pesan gocar dr aplikasi semua drivernya lokasi jauh2 dan driver tdk mengerti titik penjemputan dan tidak bisa baca maps dengan baik. Akibatnya saya ketinggalan pesawat.
,"MAKIN MENURUN KUALITAS GOJEK SEKARANG! Padahal saya sudah sering memakai rumah saya sebagai lokasi untuk dijemput, tapi sekarang gojek tidak bisa dengan alasan ""kamu gak bisa dijemput di titik ini"" UDAH JELAS DULU BISA!?!? Bukan rumah saya saja ditempat lain begitu juga, dikit yg bisa. Ngga tau sih entah Krn peraturan baru, atau sedikit driver cuman ini buruk bgt. Dulu gaada kayak gini!!!"
,"Tolong di jelaskan kenapa saldo gopay saya terpotong oleh top up game higs domino 2x dalam tgl 12 mei 2023 pkl 12.58 Rp.5.550 tgl 12 mei 2023 Rp.33.300 padahal saya sudah menonaktifkn semua layanan pembayaran di playstore / gojek, dan saya juga tidak sedang memain kan game tersebut, tiba tiba ada notifikasi masuk saldo terpotong, tolong respon saya mau minta bantuan di apk nya,tidak ada live chat ke admin nya langsung. Nyesek saldo 38.850 lenyap begitu saja, uang segitu bagi saya lumayan."
,Sedikit cerita aplikasi. Mau transfer ke bank lain Verifikasinya lama . Terus nyoba ke bank lain lebih dari 2 kali Ehh keterangannya terlalu banyak verifikasi Jadi gak bisa verifikasi . Makannya jangan terlalu lama verifikasi. Semakin menurun qualitasnya gak kaya kemarin . yg di pentingkan gojek apa yaa sekarang' aneh ? Mau transfer aja susah
,Parah banget sekarang jangka waktu pemesanan bisa lamaa. Entah notifnya masuk atau enggak ke aplikasi driver. Tapi gapernah dibales sampe akhirnya dibatalin karna terlalu lama. Tolong diperbaikin
,"Hapus fitur baru yang driver bisa rangkap orderan di go-food yang sekali jalan bisa anter beberapa pesanan yang se-arah itu , karena bikin driver jadi suka salah kasih makanan nya karena ketuker sama pesanan rangkapan lain nya"
,"Aplikasi penipu, pesan go ride pake voucher gak bisa alesan titik jemput tidak bisa, udah geser2 titik penjemputan, giliran pake HP lain gak pake voucher lancar.. Klo gak niat kasih voucher gak usah dibikin ribet."
,"Kalo lg ada promo driver mobil nya males malesan, banyak alasan yg jauhlah yg malem lah inilah itulah. Di usahakan perekrutan driver harus benar² yg mau kerja, jd konsumen gak kesulitan kalo nyari driver dlm waktu kapanpun!!!"
,"Gajelas banget, tiba-tiba ada notif akun terblokir, nggak tahu apa penyebabnya, sudah lapor cs selalu ditolak banding, padahal ada saldo yang lumayan, malah kaya gini, tolong dong sistem atau keamanan nya diperbaiki"
,Kalo menggunakan gocar penumpang tidak mau lewat tol tapi tetep di paksa lewat tol sama driver tapi tol kita yg bayar....sekarang banyak driver yg tidak sesuai dengan di aplikasi nya banyak driver bodong...tolong di perbaiki lagi...dan buat gofood nya biaya lain2 nya terlalu mahal dan tidak sesuai apa yg di berikan sama costumer/pengguna
,"Promo go food nya banyak yg ngaco, udah dipilih pakai promo sesuai syarat dab ketentuan tetap aja ngawur gak bisa dipakai, mohon pihak GoTo cek kenapa system ngaco, banyak yg terkecoh dengan promo-promo yg gak bisa dipakai & bikin kesel doang. Udah dikomplain ke CS malah bukan dibenerin system nya malah dikasih voucher 50 ribu, lumayan tapi masak sy musti tiap order komplain dulu baru dikasih voucher...hadeeehhh, CS no solution.."
,"Lebih baik fitur gomart bisa memilih toko sesuai keinginan customer, karena alfamidi yang ditentukan oleh pihak gomart segala kosong barangnya kaya udah mau bangkrut aja. Kembalikan fitur memilih toko seperti sebelumnya"
,Kayak gimanasih ini. Daftar pake akun baru pun gabisa emailnya sudah terdaftar padalan gak pernah login Pilih lupa nomer hp juga gabisa dipulihin gimana sih kok makin gak bagus gini
,"Ditingkatkan dong untuk penulisan alamat ditambahin nomor tlp dan nama penerima, saya berkali-kali pesan buat org lain tapi selalu blg nama saya padahal sudah saya chat atas nama penerima"
,"Kok sekarang aplikasi lelet sekali, cari resto cari makan sampai mau bayar aja susah. Muter2 mulu kaya gak ada koneksi.. padahal buka youtube jaringan lancar"
,"Sangat mengecewakan. Dulu aplikasi ini sangat memudahkan karena tidak hanya cepat, tapi biayanya juga tidak begitu mahal. Tapi kenapa makin ke sini makin mahal? Dulu ongkir cuma 10k, sekarang 31k—padahal tempatnya sama. Tidak hanya itu, tapi juga ditambah dengan biaya ""jasa aplikasi"" 12k. Mau beli makanan yang awalnya tidak sampai 50k, ternyata harus membayar hampir 100k. Dan itu semua karena ongkir dan biaya ""jasa aplikasi"". Kalau begini terus, bisa-bisa aplikasi ini kehilangan penggunanya."
,"Dibandingkan layanan serupa, aplikasi Gojek paling user friendly. Sayang sekarang ongkir GoFood mahal banget. Promo dan diskonnya sekarang terlalu sedikit. Bahkan reward GoClub sekarang sudah tidak ada diskon dan promonya lagi meski sudah anak sultan. Terus ngapain dipertahankan levelnya ye kan kalau rewardnya tidak penting dan berarti bagi konsumen. Cashback bentuknya Coins, nggak bisa dipakai untuk semua layanan. atau kalau nggak, keburu habis buat bayar ongkir yang mahal."
,"Sudah dibilang..sistem rapelan merugikan sekali.. Saya terpaksa menunggu sangat lama..karena pembeli pertama sedang keluar dan susah dihubungi driver..setelah 20 menit nungguin pembeli pertama ketemu , baru kemudian nganter pesanan saya.. Harusnya ada sistem untuk mengirim ke pembeli selanjutnya ketika pembeli pertama ada kendala berat seperti case itu Krn td saya nanya ke driver..Dy gk bisa ngirim ke saya , Krn maps gk kebuka sblm terkirim yg pertama..padahal saya standby dari awal pesan !!!"
,"Jngan sekali"" Transfer/penarikan saldo pakek dana,, mau narik uang sendiri aja kayak yang pinjol aja masih tunggu 2 hari kerja,, padahal uang itu dari hasil top up sendiri,, pas waktu penarikan kayak yang pinjol aja masih tunggu 2 hari kerja,, Aplikasi mempersulit ini bukan mempermudah"
,"Saya biasa beli langganan gofood plus (paket ongkir gofood). Tapi kali ini g bisa digunakan sedangkan saldo sudah terpotong. Saya sudah mengajukan complain tapi cuma ditanyain screenshot, saya cuma telat 2 menit dari pertanyaan customer servicenya langsung kirim foto2nya tapi seharian udah ngga aja jawaban. Sampe sekarang masih gk bisa dipake pdhl uangku betulan kepotong... ratingnya bakal kuperbaiki seandainya ada hasil.. rugi bgt..."
,"Seneng sih sama aplikasinya . Terutama gopaynya bisa dipakai di banyak tempat. Jadi gak usah pusing-pusing banyak emoney. Hampir 80 persen transaksi harian saya sudah migrasi ke gopay. Sangat membantu sekali. Kalau bisa bayar bensin pertamina bisa pakai gopay juga seperti shell . Seneng banget sama gopaynya yang sudah bisa terintegrasi kemana mana . Bisa buat bayar parkir, belanja indomaret, bayar hotel, beli tiket bioskop, beli tiket pesawat, even bs beli saham juga. Keren dah !"
,"Biaya layanan terlalu mahal, drivernya makin kurang nyaman & makin kurang ajar. Tarif bisa dimainkan oleh driver² dgn sengaja membuat sulit pencarian driver (mengarahkan ke peningkatan pencarian otomatis biaya semakin mahal)."
,"Ni aplikasi maki hari kok makin gk jelas dah? Pas mau bayar lewat scan qris kode tidak dikenali terus!!! Udah beberapa kali gua coba lagi sampai 2 jam tapi hasil nya masih sama! Menurut gua Bagusan aplikasi dana dari pada gojek, itu bug atau error? Masa setiap masukin kode qr salah mulu padahal udh bener tu anj"
,"Mapsnya ga update, alamat pengantaran sudah dipilih benar tp saat memesan malah berubah ke alamat yg salah. Padahal kita sudah update aplikasi. Yang seharusnya dapat diskon malah jd nambah biaya"
,"Kalau dari stasiun maupun terminal mudah mendapatkan drivernya. Sayangnya saat mencari dari desa, saya kesulitan. Jarak kota ke desa 10km-an. Mungkin masih sedikit driver2nya. Mesti pesan dulu dg driver yg pertama sy dapat dari kota."
,"Sebenarnya gojek bagus , hanya saja promo go ride nya yang kurang banyak diskonnya. Kasihan kami para pengguna go ride kalau tidak ada ada promo yang menarik. Andaikan promo goride potongan 8 ribu -10 ribu tiap hari senin - jumat. Pasti banyak pengguna go ride yang memesannya.."
,Saya pesan gocar tp begitu drivernya tiba langsung di cancel. Sy dpt info dr driver kalau algoritma orderan JD acak di karenakan aplikator tdk mau memberikan bonus sehingga driver yg biasa main jarak pendek jdnya bbrp x dpt jauh sehingga kasus yg sy alami terjadi bbrp x. Hrsnya dr aplikator bisa melihat situasi ini sehingga driver yg biasanya main jarak pendek mendapat orderan sesuai histori driver tsb. Segera di benahi sehingga kami customer tdk menunggu lama.
,"sistem sekarang kurang bagus kebanyakan di utak atik selama bukan nadim lagi yg pegang jadi ancur promo kurang aplikasi suka eror banyak beban biaya ke pelanggan DLL semakin di utak atik dan selalu ada aja perubahan biaya lain² dan aplikasi, saya yakin semakin bobrok. fix"
,"Beberapa menit yang lalu saya pesan makanan di Gofood, dan driver sempat menghilang dari peta walau hanya beberapa detik. Kemudian saya coba chat dengan cs, di sana ada pilihan masalahnya, tapi saya tidak menemukan pilihan masalah saya di sana. Kemudian saya kembali melihat proses pemesanan saya, saya lihat driver sudah kembali muncul di peta. Saya mau chat (ketik) manual dengan cs, saya mau katakan tidak jadi, karena masalahnya sudah selesai, tetapi tidak bisa"
,"Aplikasi dengan kebijakan tidak bermutu. Tanggapan keluhan seperti ditangani bot. Laporan tidak terselesaikan dengan baik, promo sedikit, pelayanan sangat buruk. Semoga tidak bertahan lama. #uninstall"
,"1. Sebelumnya sudah berkali2 transfer dr gopay ke rek bank. Tp knpa skrg ga bisa? Ktnya gopay plus bermasalah. Payah 2. Biaya layanan gede bgt ya.. 3. Saya tiap hari pesen gofood, dan biasanya beli paket hemat ongkir yg 19.900 utk 2 minggu, utk 3x pemesanan dalam 1 hari. Tapi skrg disuruh beli yg 40rb, eh malah hanya yg ber tag GOFOODPLUS doang. Lah mana sy resto favorit saya ga ada tag nya. Jd PERCUMA AJA beli paket itu,krna resto favorit sy buka gofood plus. Rugi, nyesel."
,"Bukan sekali dua kali top up ada istilah saldo blm masuk dan ketahan sampe dua hari baru d balikin itupun sudah laporan berkali berkali tetep aja penangananya sangat lambat , dan sekarang terjadi lagi top up ga masuk dan bukti sukses top up udah d kirim tetep aja harus nunggu , gmn ceritanya uang bisa nyangkut gtu ,, penangananya juga lama ampun ampun kapok kapok ...kalow ada gangguan minimal harusnya d kasih pemberitahuan jadi kita tahu jangan sampe uang pending dan nyangkut"
,Harganya gila2an sekarang..minim promo..sekali ada promo tidak sesuai yg diinginkan..dan kalau diestimasi biayanya sama saja.. Sebagai pengguna lama..sungguh2 kecewa..hanya menguntungkan mitranya saja..
,"Biasa beli langganan paket buat gratis ongkir gofood, ekh pas yg langganan kali ini di iming-imingi langganan 90 hari dengan harga 100k an... Tapi ternyata paket nya gak guna, toko2x favorit apaan, gak ada yg gw favoritin, nyesel perpanjang paket langganan yg gak berguna."
,"Entah Udh brp x, stiap pesan tuh final alamatnya jd gg sesuai, pdhal udh di setting sesuai alamat, tp pas mau pesan, malah jd alamat lain, malah chat drivernya gg di baca, kalo titik mapnya salah, ujungnya sy di marahin abis2an di depan orang, sumpah harga diri sy terluka banget, gg bisa ngomong pelan2, kecewa! Sy harap semua drivernya tolong liat chat dlu, jangan langsung percaya sama titik lokasinya di map, beda bgt sama yg di sebelah, drivernya selalu chat duluan, udah sesuai titik apa belum"
,"Udah abis nih duit investor? Ngerasain goclub anak sultan cuma beberapa bulan, tapi semua benefit tiba-tiba aja ngilang awal 2023, dulu tiap awal bulan ada cashback 20rb, terus turun jadi 14rb, ga lama tau2 ilang aja semua benefit itu. Terus sekarang langganan gofood plus dihapus, ya udah ga ada faedahnya lagi pake gojek. Aplikasi yang tidak ramah sama orang yang rumahnya jauh dari pusat kota, ada gofood plus paling tidak meringankan ongkir sekarang ilang langganan tersebut, yaudah bye2"
,"Saya gak ngerti sm gojek. Sering make sehari2 tp baru sekali sy batalkan pesanan, saldo saya jg ikutan d potong. Ini mksdnya gmn ??? Pencurian ap gmn ? Kok begini. Gk recomend lg sih.. Kecewa. Ditambah lg promo sdh gk ada. Bener2 d tarif yg mahal gk masuk akal."
,"awal mula ga kenapa², eh kok tiba² buka apk nya muter² mulu lama pula sampe² order+mau transaksi pun muter² mulu, saya cek di play store tulisannya update yaudah saya tekan update siapa tau normal kembali, ehhhh kok sama aja malah makin lama, kuota masih banyak padahal sudah saya cek,GA JELAS!!! TOLONG YA DIPERBAIKI KALAO ENGGA SAYA TETEP BINTANG 1 DAN BAKALAN SAYA UNINSTALL APK INI!! MASIH BANYAK APK LAIN."
,Makin parah aplikasinya. Driver gocar ngecancel terus susah dapet. Aplikasi sebelah sekali dpt order jarang banget di cancel. Ini rekor banget bisa 10x di cancel orderan gamau di ambil.
,"Untuk tulis complain sangat sangat tidak mudah, ribet sekali, customer sedang tulis complain tetapi CS ( Siti Hasidah main tutup Saja), 3 kali klick pesan tetapi tidak ada tanggapan dari resto, terus tiba tiba restonya tutup, padahal belum jam 8 malam, sangat sangat tidak profesional, kalau belum mampu melayani customer dengan baik, baiknya jualan off line saja, pelayanan buruk sekali"
,"Sepanjang ini performa nya bagus, tapi Pernah dapet pengalaman buruk dri driver, mohon bila merekrut driver, lebih di perhatikan orang yang di pekerjakan melayani penumpang, pernah baru sampai di kota orang, dari terminal pesen gojek, malah di kata katain trus di cancel sama driver, namanya orang baru, juga kita agak kesesat di terminal orang, kalo driver ga mau nunggu bisa cancel aja baik baik, ga perlu di kata katain, itu aja dari saya, semoga ke depan nya bisa lebih baik lagi. 🙏"
,"apk berat bgt ya,pdhl uda update,sinyal stabil,mau apa2 ntah mau order gofood/gocar,susah,hp cm layar putih doang,makin ksini makin bad, ga kyk dlu malem2 mau order makanan ,sampe resto tutup,hadeh,,,,,apk ga guna kmrin juga gtu ,plg naik kreta mau pesen gocar,apk lelet,tlong perbaiki masa order aja nunggu stengah jam bru bsa,pdhl buat buka apk lain lancar,"
,"Dengan adanya bank gopay bukannya membantu, malah mencekik. Semua melakukan transfer diluar gopay kena pajak, top up & ambil duit dikenakan pajak. 1 lagi transfer ke dana gabisa sama sekali"
,"astaga, mau daftar aja di persulit. masa verifikasi linknya gk masuk masuk? pas udah masuk dan di klik link dari pesan malah error dan disuruh nunggu 60 menit. diperbaiki lah, kecewa berat"
,Tolong untuk biaya nya yang NORMAL aja. Sudah pake biaya layanan di tambah biaya lain nya. Ongkir jarak deket aja mahal banget. Udah gila kali ya nih apk GOJEK yang sekarang !!!
,"tolonglah gojek, kalau mau upgrade ke gopay plus juga bisa pakai kartu pelajar, biar mudah untuk pelajar yang belum punya e-ktp🙏 supaya lebih mudah untuk transfer ke keluarga dan pembayaran transportasi umum 🙏"
,"Kocak aplikasinya, mau pesan ulang, notif disuruh hapus isi keranjang, udah dihapus tapi ga ilang ilang isi keranjang. Kek mana orang mau pesan menu baru, meng sedih."
,"Kalo mesan Gocar, lokasinya terlalu jauh harus menunggu sampai 18menit an. Itu sangat tidak efektif. Padahal ada banyak go car terdekat ,tapi malah dikasih yang jauh. Tolong dong diperbaiki sistemnya."
,kenapa akun saya tiba2 tidak bisa kirim gopay ke sesama aplikasi gojek...padahal sebelum2nya aman2 aja..dinonkatifkan fitur itu dengan alasan ada aktifitas tidak wajar..kan gak masuk akal..mau transaksi beberapa kali pun harusnya tidak masalah..kan saya juga gak merugikan gojek..kenapa malah dikira ada aktfitas mencurigakan??luucu ni emang aplikasi..
,"susah banget dapet driver, padahal mereka deket dari posisi, sampe nunggu sejam ga ada yang nyangkut. ada yang nyangkut deket eh di cancel sama drivernya, yang deket juga pada ga mau ngambil padahal tujuan saya deket, niat kerja ga hadeh"
,"Kecewa dengan sistem gofood plus 44.900 rupiah yang baru ini, katanya bakal dapet diskon makanan tapi yang ada cuma diskon gratis ongkir. Kalau begitu apa bedanya dengan gofood plus yang 19k rupiah"
,"Aplikasi ini sudah bagus menurut aku cuma masih kurang, kita tidak bisa komunikasi sama pihak restonya jika ada kendala sama masalah driver yang tidak kunjung tancap gas ke resto, atau masalah antrian panjang untuk driver, jadi jika ada kendala tersebut bisa langsung chat resto biar bisa dibatalin langsung tidak pakai harus nungguin ½jam baru diganti driver buat jemput makanannya.. Makasih🙏"
,"Maaf banget nih ya gojek, tapi tolong banget kasih tau ke semua driver kalo bawa motor tuh liat kanan kiri juga, liat situasi jalan juga. Jangan asal bawa motor, pengalaman ketabrak pas lagi naik gojek tuh bikin trauma. Setiap naik motor jadi takut keulang lagi kejadian itu. Apa lagi kalo di jalan Wilayah jakarta Utara, itu harus hati² banget karena banyak truk kontainer yang lewat. Sekali lagi maaf dan terimakasih."
,"Balikin fitur bida 2 voc dong. Ga guna banget sumpah, biaya layanan makin gede tp voc kadang ga bisa kepake pdhal min sudah terpenuhi. Sama tolong perbaikin layanan reguler sama hematnya"
,"Dear gojek, saya punya 2 akun gojek di 2 device berbeda.. syarat untuk transfer adalah beralih ke gopay plus dan untuk ke gopay plus dia harus ada foto ektp.. tapi ektp saya sudah di nomor satunyaaaa... apa gak bisa tuh di setting supaya 1 ekpt buat beberapa akunnn.. saya bingung jadinya mau transfer pake device satunya.. saya gak punya paspor.."
,"Makin sini aplikasi ni makin ga jelas, jaringan lancar malah koneksi error loding lama padahal biaya operasionalnya di naikan tapi kualitasnya ga di perhatikan buat costumernya"
,"Setiap habis melakukan orderan apl error, jadi selalu uninstall m, di install lagi, rempong juga lama2,,,, di tambah go Pay ga muncul, 😴😴😴😴"
,Tambah buruk.tambah mahal masih untung ada yang mau order malah menaikan biaya aplikasi.tambah beban diluar ongkos.food makan ditempat lebih murah sekarang.mobilitas dekat ud ga efektif tarifnya
,Waktu itu saya top up roblox nah sebesar rp87.000 otomatis gopay saya berkurang dong yah nah aplikasi roblox itu dihapus nah lalu ada pesan yang bilang dari gojek gini transaksi sebesar 87.000 gagal nah saya hirau kan dong soal nya dah dibayar juga yakan nah terus saya top up gopay 200.000 ribu nah terus tiba² sisa 113 ribu saya kaget dong ter nyata dari aplikasi roblox (transaksi berhasil) padahal saya dah gak punya game nya lagi aneh jadi saya harus hemat uang TOLONG NIH YA INI BUG ATAU APA
,"Tolong ini benerin ya , mau rek top up ke kontak temen malah gabisa , tulisannya gabisa/belum di update, padahal udah update, malah gada tulisan update di play store nya"
,"Gopay sangat mengesalkan ketika digunakan untuk transaksi, selalu ada kendala, transaksi tidak proses dan harus menunggu dalam jangka waktu yang lama. Sangat merugikan waktu"
,Aplikasi karya anak bangsa keren.. ya walau boros di kantong tp cukup dan sangat membantu disaat saat dibutuhkan...
,"Pembayaran top up e-money sangat payah. Sudah 2 kali top up e-money tp tetep ga berhasil. Di notifikasi pembayaran sukses, saldo gopay juga sudah berkurang. Tapi saldo e-money masih belum bertambah."
,"2x pesan barang via go shop, goshop nya ngak punya uang kontan (dibatalin dia). Ke 3 kita pesan lg, yg muncul salah satunya lg, (kita yg batalin). Tapi kenapa aplikasi go shop disini yg ngak bisa berfungsi, alasan kita banyak pencet. Sementara Kesalahan nya nya di pihak anda. Soalnya pernah pesan barang, bayarnya di tempat lo. Kenapa saat ini tidak bisa????. Kesal,terpaksa la Jemput sendiri."
,"Ga jelas nih gopay.. aku top up 100rb di alfamart untuk isi kuota di mytelkomsel malah pembayaran ga berhasil mulu, saya ulang ulang terus tapi ga bisa, katanya pembayaran di batalkan oleh gopay, aku udh ganti pin 2 kali, dan berhasil tapi pas saya tulis ulang di menu ""ganti pin"" malah katanya salah, ga jelas ni apk"
,Sekarang lemot banget aplikasi nya banyak muter2 masa ganti menu pembayaran saja sampai hampir lama? Ya kalau pas kondisi saat gopay nya habis harusnya bisa di ganti tunai... Tambah lama kok tambah g praktis
,"Akun gojek sudah bertahun tahun dan sudah JURAGAN hampir ANAK SULTAN, Tetapi sampai saat ini fitur gopay pinjam ga pernah muncul... Hanya notifikasi ""Sip... Kamu sudah terdaftar"" Terdaftar doang...!!!!!! Sangat sangat kecewa...!!!!! Lebih baik pake Aplikasi yang lain... Segalanya lebih murah...!!!!"
,Setelah update. Banyak bug. Mau lakukan pembayaran. Tidak ada jaringan. Padahal jaringan normal. Barcode pembayaran. Sering eror. Tranfer juga seri g bengong. Ampe ke kirim 3x ngga ada notif headee
,"Tolong permudah pencarian riwayat transaksi gopay, jangan prank kami. Selesai transaksi tidak langsung muncul bukti transaksi, hanya tulisan sudah diproses, cari di article katanya di menu lainnya. Di cari semua sub menu lainnya ga ada, ternyata di eksplore, gimana sih??"
,"Update baru ada bug min, saat saya menggunakan Go food memesan 2 minuman tidak bisa menggunakan promo, namun jika saya pesan satu minuman lalu saya pasang promo dia bisa, setelah itu saya tambah pesanan minumanya lgi disana promonya tetap terpasang, jadi saya gak bisa ambil promo dengan harga minimal tertentu."
,"Gomart sedot saldo. Pesanan kosong tp tetap harus bayar. Barang tidak dapat tp saldo hilang. Etalase toko tidak sesuai stok aplikasi tp saldo menghilang ga kembali. Sudah lapor kok silahkan cek komplain anda dr aplikasi, cm dijwb akan dikasih ke tim terkait lalu closed, jdi sy ga ada pilihan lain cm kasih rate-1 dan hapus aplikasi. Masa hrs masukin ke media konsumen sih."
,"Masa di daerah ku (Banjarnegara jawa Tengah) tidak bisa pesen makanan dengan alasan lokasi tidak ada restoran, padahal di aplikasi GRAB sudah banyak makanan di daerah sini , dan lagi ini poin gunanya untuk apa ya , masa untuk beli pulsa aja ngga bisa??hadeh pelit amat ngasih cashback tapi ngga bisa di gunakan"
,"Kok saya gk bisa ngehubungin gopay dgn tiktok shop, waktu mau menghubungkan kan masukin no telp, trus buat pin, nah waktu kode otp kok gk muncul muncul di SMS, waktu klik kirim ulang malah ada ""your pin is already set up"" Itu maksudnya apa ya? Dan gimana ngatasinnya? Jadi gk bisa menghubungkan ni"
,"Ini aplikasi sangat membantu saya banget , di saat pengen beli sesuatu di saat di suruh jaga toko oleh bapakku tapi pengen ngemil , ni aplikasi solusinya . Walaupun ga bisa beli aksesoris elektronik seperti earphone sih . Tapi jos dah nih aplikasi . Tolong tambahin fitur beli aksesoris elektronik donk min ."
,"Semenjak ada feature pilihan gofood lebih cepat, pilih yg hemat sampainya lama banget. Kalau mau dapet cuan, nggak usah begini juga kali. Naikin aja harganya dari pada nunggu lama kaya begini."
,"Ko ga bisa transfer sih skrg, yg ada muncul tulisan aplikasi tidak bisa di gunakan, padahal udh update versi terbaru tapi tetep ga bisa deposit, udh minta bantuan ke operator gopay tapi malah g ada jawaban, gimana ini aplikasi mana saldo banyak mau transfer malah ga bisa, parah ni aplikasi gopay"
,"Tidak bisa batalkan salah satu pesanan. Padahal hanya mau batalkan minuman saja karena tidak ada gelas. Makanannya masih tetap ingin dipesan. Tp tdk bisa difasilitasi, tidak fleksibel. Masa nunggu dpt driver sampai 1 jam. Iya kalau dapat. Kalau engga, kita mesti kelaparan selama 1 jam, nggu antara dpt driver atau engga. Pesanan malah ga bisa dibatalkan. Statusnya menggantung banget. Semakin engga banget aplikasi ini."
,"Hadeh ini kenapa aplikasinyaaa?????? Order goride error, detail order gk bisa diakses tapi gopay udah kepotong, setelah sejam lebih baru bisa diakses, driver di chat dan telpon gk respon. Mau cancel orderan server sibuk. Ini gimana? Gilak waktu sejam lebih kebuang buat ngurusin aplikasi ini"
,"Beberapa hari yang lalu tiba2 ketika aplikasinya dibuka, semua fitur hanya loading, goride gocar gofood dsb tidak ada yg bisa di klik, sudah saya clear cache gabisa juga, saya uninstall lalu install lg saya malah gabisa login sama sekali, loading terus, mohon diperbaiki terimakasih"
,"Halo gojek, mau komplain ini setiap pemasangan promo tulisan pakai ny kadang ga muncul jadi di refresh dulu, trus kadang opsi milih kek nge freeze ga bisa ditekan padahal yang lain bisa, jadi ga bisa check out gofud nya... Trus kadang aplikasi nya lama loading ... Tolong semoga kedepannya lebih baik plisss makasiiih tetep with bangtan yaa wkwk"
,Untuk titik lokasi kadang kurang akurat dan kurang lengkap. Coba kalo app nya bisa terhubung ke Google map. Mungkin akan lbh memudahkan krn google map selalu update trus
,"Semakin kesini aplikasi gojek kok semakin buruk ya.biaya layanan,biaya aplikasi saja yg di naikin tapi makin jelek. Dulu klo order gomart bisa pilih tokonya. Sekarang gak bisa pilih,mau beli rokok saja gak bisa. Mending pindah pake aplikasi lainya yg makin berbenah lebih bagus."
,"Aplikasi oke Komunikasi dgn driver dan resto baik. Harga ongkos kirim semakin naik, dan skrg ditambah ""biaya lainnya"" yg harganya sama dgn ongkir. Kalau pesan makanan harga 30-40rb terasa mubazir krn ""biaya antar dan biaya lainnya"" hampir sama dgn harga makannya. Semoga kedepannya lebih baik lg."
,"tolong tambahin fitur layanan gofood donk, biar bisa pesan makanan skligus tapi beda tempat. Soalnya kadang repot order satu2 beda restoran, kadang2 yg berpartner malah jauh lokasi nya. Hehe.."
,"Akhir akhir ini gojek kayaknya lgi bermasalah saat proses pemilihan driver, menunggu sangat lama, selain itu posisi driver di map kurang akurat, biasanya driver sudah terlihat dekat tapi nyata driver masih jauh... Tolong diperbaiki lagi"
,Akhirnya aplikasi ini jadi bukan prioritas lagi setelah sll dikecewakan. Di Probolinggo saat urgent sll eror aplikasi tdk tersedia. Ya masih aja selalu lama mendapatkan driver dan sll yang jauh. Nda seperti ***b cepat. ternyata potongan harganya di ***b selalu ada. Di gojek nga tau gimana perhitungannya kadang ada kadang nga ada. Beberapa kali setiap scan Qris suka aja bermasalah. Makasih ya gojek sukses selalu
,"Ini kenapa sih kalo mau masuk apknya selalu error,ampe 3 hari gabisa terus,udah di update, sampe di instal ulang tetep aja gabisa,jadi tolong di perbaiki lagi deh,jadi nyesel udah ngisi gopay gak kepake"
,"Gak jelas ne aplikasi, order dapat jauh mulu, nunggu 10 menit keatas, udah d tungguin drivernya diem aja, giliran di cancel kena suspen. Udah bikin akun baru, tanpa penyebab yg jelas d blokir, ini maunya gimana ya aplikasi? Tolong pengertian nya ya..."
,"Nga bisa log in, padahal saya tidak pernah log out dari aplikasi tapi setelah saya perbarui malah disuruh log in ulang, sampe² saya udah nga bisa masuk diakun saya lagi padahal jaringan bagus paket internet masih banyak, tapi saya tidak mendapatkan kode otp agar bisa log in.."
,"Dear Gojek .... Sering banget di cancel, Pembayaran cash/gopay apalagi pakai voucher promo. Udah nunggu lama, bikin telat ke kerjaan . Dan untuk pengambilan goride/gocar titik driver nya suka jauh dari titik penjemputan. Sedang disekitar titik penjemputan ada driver yg lebih dekat . Thank u, semoga lebih baik lagi"
,Menurut ku apk nya bagus banget.. kar'na orang yg gofood gocar dll pada ramah banget.. bisa mempermudah untuk membeli atau ingin pergii.. mungkin kalo ada yg loading nya lama itu sih masalah kuota mungkin.
,"Mencari driver susah minta ampun , Sekalinya dapet jarak nya jauh banget dari titik pengambilan bisa beda kabupaten .. padahal di sekitar banyak ada driver dan pas dekat area ada yang lagi ngumpul .. bukan nya di permudah oleh sistem tapi di perlambat ... NGOTAK dikit napa"
,"Udah pengajuan pengembalian dana udah hampir 4 hari gak kembali dan di tlp gak bisa di email juga gak bisa sangat menyebalkan menggunakan apps ini, tolong pelayanan harap di tingkatkan percuma iklan bagus kalo tidak sesuai pelayanan terima kasih."
,"Semakin tinggi level, maka semakin menipis voucher yg di berikan. Bahkan akun saya pun tidak mendapatkan layanan gofood hemat. Sudah berulang kali di laporin, namun tidak ada penjelasan yg konkret Gak jelas banget aplikasi nya"
,"terlalu banyak bug, saat saya membutuhkan nya dengan segera gojek tidak bisa digunakan (lag) padahal jaringan bagus.terlalu bsering bug n lag, bug yang sering terjadi yaitu hilangnya saldo gopay, seperyi saya mengisi gopay 50 dan besoknya saya cek menjadi 35, padahal saya tidak merasa bahwa saya menggunakan gopay itu. tolong di fix terutama masalah eror saat ingin memesan yang mengakibatkan terlambat"
,"Mohon dong sy mau upgrade ke gopay plus tapi gak bisa bisa tolong sistem nya bagusin lagi susah amat mau upgrade ke gopay plus, saya udah coba sampai 10 kali tapi gagal katanya ""gak bisa verifikasi e-KTP kamu. Mohon pastiin data e-KTP kamu sesuai, ya"" Padahal data e-KTP sy sesuai dan tidak ad kesalahan dalam mengambil gambar tolong dong nih gopay bagusin lagi plis mau upgrade ke gopay plus tapi ribet gk bisa²"
,"awalnya aplikasinya bagus,, sangat membantu, tpi setelh saya upgrade k gopay plus,, aduh verifikasinya terlallu lama lemot pelayanannya,,, harus nunggu 1x24 jam malah sekarang sudah lebih dari 1x24 jm msh dlm proses ,, sedangkn saya butuh buat transfer k sesama pengguna goopay,,, jgn persulit donk,,, jika tidak d acc pun tidak apa2,,, asal balikin lagi normal serperti biasa,,, soalnya saya mau transfer,,, udh telat ,,, harusnya saya transfer kmren,,, aduh klo gini caranya saya bisa kapok"
,Tolong d perbaiki di aplikasi gofood..jika pesanan tidak bisa di ubah setidaknya ada pilihan metofe pembayaran karna kadang2 kita suka salah pilih metode pembaran udh terpesan tp tidak bisa di cancel..yang pas susah klo pas lg g megang tunai tp terklik tunai..jika tidak bisa di batalkan mohon d buat pilihan ubah jenis pembayaran saat pesanan di siapkan..terimakasih
,"Aplikasi yg baru trlalu banyak fitur, lebih enak yg lama, simpel & praktis, kalau skrng sya sebagai customer mau ngasih bintang ke driver aja susah, ribet"
,"Sebetulnya sangat membantu, tapi sekarang fiturnya ga ada tarik tunai dan sering sekali jika melakukan transaksi terkirim 2 x dan status proses transaksi banyak yang menunggu padahal jaringan internet sangat bagus. Tolong semoga bisa diperbaiki lagi biar semakin bagus kedepannya. Terima kasih"
,Setiap pembayaran transaksi kasih pin atau sidik jari dong. UI nya ga jelas ga sengaja kepencet tiba-tiba saldo berkurang 20rb buat voucher pack purchase. Ga jelas banget ini aplikasi.
,"Hi, admin gojek Kenapa akhir² ini aplikasi sering keluar sendiri. Jadi musti install ulang jika mau memakai aplikasinya. Mohon diperhatikan lagi peningkatan pelayanan nya ya, udah lama memakai layanan gojek baru kali ini kok kinerja aplikasi buruk sekali."
,"Mohon untuk pihak gojek, lebih pilih pilih lagi soal driver nya. Soalnya saya pernah dapat driver yang kurang baik, dan tidak dianterin sesuai posisi yang jelas jelas udah diatur posisi nya di aplikasi. + drivernya suka ada yang sinis makasih"
,"kenapa di Sorong tidak ada layanan? saya juga mau buka usaha go food disan ditolak terus krn tdk tersedia layanan apaupn di gojek🤦🏽‍♀️ selalu dpt notif tdk pernah aktif lg gajeknya... gmn mau aktif sy berada di luar jawa dan aplikasinya langsung hilang, pdhl sy dengar aplikasi ini sdh sampai luar negeri, tp dalam negeri sj blm semua terjangkau... Tolonglah pak .... Tdk perlu sampai luar negeri kalau dalam negeri sj blm terjangkau semuanya"
,Aplikasi gk praktis. Sudah simpan alamat tapi tidak bisa dipilih. Selain itu saat-saat genting sudah top up namun tidak bisa bayar menggunakan gopay. Sangat kecewa
,"Sudah pernah pesan go food puluhan kali, tapi tidak pernah mengecewakan 15-20 menit aja sudah sampai. Terus tingkatkan aplikasi gojek supaya makin berkembang. Saya blum coba kembali top-up indomaret, ternyata sudah ada, dengan gocar dan gobike blum coba. Terima kasih Gojek 🙏🙏"
,"Aplikasi gojek gak seperti dulu, sekarang kelewat mahal!!! setiap mau pesan gofood jadi segen mau order .. harganya udah di Mark up, ongkirnya mahal dr sebelumnya, ditambah ada tarif jasa layanan. Buat pajangan aja udah di menu aplikasi handphone! Lama-lama juga bakal gue hapus aplikasi ini, gak guna!!!"
,"Sering ga bisa di gunakan, meskipun di uninstal untuk login kembali sangat sulit sekali sudah berulang kali seperti ini, tolong bantu untuk kembali login, saya tetap tidak. Setiap habis update aplikasi selalu stak sdh uninstal login kembali susah, kecewa menggunakan gojek, tolong bantu login aja untuk menarik dana di gopay thanks"
,"Ini kenapa yaa gojek jadi gabisa di akses,pas dibuka malah loading mulu terus akhirnya saya uninstall dan instal ulang,tapi pas mau log in malah gabisa ikut loading juga ,jadi gabisa di pake aplikasinya.. mana saldo gopaynya lumayan banyak lagi,mau tf gabisa"
,Makin kesini makin aneh dan gak jelas... akun sudah dipake lama.. tiba2 semua diskon resto gak ada..tinggal diskon ongkir..sudah chat dan tlp cs sampe tekor pulsa..jawabannya cuman akun anda tidak ada masalah.. lalu gak ada solusi.. buat apa ada cs wooyy..abis2in pulsa..
,"Sebelumnya udah bagus padahal, promo nya masuk akal dan murah murah,eh malah dapet vocer diskon yang membagong kan ,ku kira mungkin itu bug makanya ku lihat di playstore ternyata ada update baru dan langsung ku update, tapi ternyata tulisanya tak berubah ,waw Vocer diskon yang sangat familyfrenly diskon 5% max Rp10.000 ,sangat murah hati,tapi minimal pembeliannya ya gak Rp200.000 juga kocak...., saran aja sih kalau ga niat kasih vocer ,mending ga usah di kasih sekalian aja."
,"Membantu disaat malas bergerak, tapi aplikasi skrang mahal, banyak biayanya. Kalau mahal tp pendapatan driver jg ikut naik gak masalah. Tp aplikasi sdh mahal tp kata driver pendapatan sama aja malah potongan terlalu besar."
,"Aneh gojek ini, khususnya gofood. Aku hampir tiap hari gofood, makanan udah di klik pesan. Gitu dipantau pesanan harga berubah, gak taunya ongkir nya berubah. Dari 18rb jadi ke 19rb500, kok bisa gitu, aneh. Dan itu beberapa kali seperti itu. Kadang ongkirnya juga gak masuk akal, lebih mahal ongkir dari harga makanan. Padahal jarak gak jauh. Dan kenapa klo pesan gofood gk pake promo, ongkir 18rb. Gitu promo dipake ongkir jadi 27rb, jadi jatuh harganya sama aja, niat gk sih sebenarnya kasih promo."
,"Saran untuk perbaikan aplikasi ke depannya yaitu untuk segi jaringan tolong diperbaiki lagi ,supaya pengguna setia gojek bisa lancar bertransaksi apapun itu melalui aplikasi ini, dan semoga kedepannya gojek bisa berbenah lebih baik dalam hal apapun,sekian..."
,"Kecewa banget sama gojek, jam 12 siang lebih pesen goride gada yang nyangkut sama sekali padahal posisi buru2 semua infonya banyak pesanan ga yg motor,, mobil atau taksi. Layanannya perbaiki lagi, kalo gitu terus orang kerja tiap hari bisa telat!"
,"Kronologi Saya buka akun tahun 2022-2023, tanggal 1 April saya topup gopay dan berniat untuk membeli menu buka puasa, tapi ternyata saya tidak bisa memesan lewat menu di gojek, pesan kesalahan "" ada masalah diakunmu"" setelah laporan mereka bilang itu banding dan ditolak, saya tidak merasa salah karena memesan baru hari itu. Tapi di transaksi saya melihat ada riwayat transaksi tahun 2019. Saat saya tanyakan tidak ada penjelasan dan tidak ada penyelesaian, saya kecewa gopay bersisa tidak bisa dita"
,"Kecewa dengan aplikasi gojek yang makin kesini makin banyak kekurangannya termasuk penarikan tunai yang biasa lancar"" saja sekarang malah di nonaktifkan, katanya hanya sementara namun sudah hampir sebulan belum bisa digunakan kembali. Tolong di perbaiki agar customer semakin nyaman menggunakan gojek"
,Tolong hapus biaya layanan. Kami kan sudah bayar ongkir segala macam. Pakai aplikasi juga makan kuota sendiri. Kenapa masih ada biaya layanan. Walau cuma seribu perak kalau kami seharian pakai berkali-kali ya jatuhnya makanan / barang yg dibeli jadi tambah mahal.
,"Tolong diperbaiki pelayanan nya, saya sudah kehilangan banyak waktu gara gara pesan goride tapi tidak bisa karena lokasi tidak ditemukan, semua alamat saya coba tetap begitu. Saya harus datang ke acara dan buru buru . Tapi bikin kecewa !!!!!!"
,"Dikarenakan saya tidak setuju kebijakan baru dari GoTo Profil yg mewajibkan 1 identitas untuk semua platform GoTo dan adanya pertukaran data costumer antara tokopedia dan gojek dan semua aplikasi yg dibawah naungan GoTo (wajib) tanpa sepertujuan para customer, maka dengan ini saya menutup akun lama saya. Terima kasih."
,"Mudahan ad yg baca. Saya selaku driver.. Untuk yg baru menggunakan aplikasi gojek custmer. Tolong bagi pengguna aplikasi gojek pelajari dulu aplikasinya sebelum menggunakan dan pesan layanan di gojek..karna banyak sekali titik jemput yang salah, ordernya double, bahkan melihat orderan yang sedang berjalan saja tidak bisa..bahkan yang pesan tidak bisa di hubungi. Dan untuk sistem gojek mohon di beri kemudahan pengguna baru untuk mempelajari aplikasi..agar tidak merugikan driver."
,Aplikasi sangat membantu.. tapi kenapa ya kalau lagi transaksi itu selalu tidak ada koneksi jaringan..padahal kuota banyak dan signal penuh..
,"Awas hati2.. aplikasi penipuan.. setiap transfer ke bank selalu nyangkut saldo saya dan tidak bisa di batalkan kan aneh, alasannya menunggu pihak bank padahal di putarkan dulu mungkin duit nya biar profit.. HATI HATI aplikasi ini"
,"Bingung sama aplikasi GO-JEK smlm baru beli kartu baru mau ubah nomor telepon tidak bisa malah muncul nomormu sudah terdaftar, padahal nomor baru belum pernah saya gunakan digojek, terus minta bantuan disuruh screenshot my profile, uda dikirim 1x minta lagi respon customer service lama lagi, tidak seperti aplikasi lain respon cepat.."
,"Pesan makanan itu dan ini oke lah ,, Tapi saya tekankan sekali lagi jangan pernah melakukan transfer itu ini menggunakan aplikasi ini apalagi uang penting 🙏 aplikasi ini sering delay 1- 30 hari , bahaya banget saya sarankan ke dana aja atau ke BRI link ,kalo panding bisa di reffund otomatis Saya udah enek nunggu proses transfer saya , mau komplain pun gak bisa sistem chat nya bot Hati hati karena pengalaman pribadi saya"
,"Engga tau gojek ni sistemnya gimana sekarang, yg jelas skrg JELEK BANGET, ga kaya dulu ketika awal2 naik. Promo2 diskon udah ga ada. Driverpun susah dapat orderan, mending ke aplikasi sebelah ajadeh. Harusnya GOTO bisa memperbaiki ini semua, lama kelamaan mah bisa bangkrut ni perusahaan karna ga ada yg pakai aplikasinya 😂"
,"Aplikasi ini sdh lumayan bagus, mungkin perlu ditingkatkan lg untuk fitur-fitur didalamnya supaya memudahkan pengguna. Terutama untuk pembayaran tertentu agar lbh dipermudah"
,"Parah ini aplikasi di redmi 4x padahal udh di perbarui,ko pas masuk tampilan paylater malah putih doang tampilannya, padahal sinyal bagus, gimana mau bayar tagihan bentar lagi tanggal satu, udh denda nya lumayan stiap hari 2ribu hadeehhhhhh."
,"Harusnya aku kasih bintang 5 tapi kenapa 3?, Karena menurut ku harus lebih ditingkatkan lagi dalam soal rekrut sepeda motornya juga karena ada sebagian orang yang dimana dapet orderan jarak dekat maulun jauh tapi motornya ga banget YaAllah kek ga bikin nyaman, ini wajib banget yaa soalnya kan penumpang butuh kenyamanan juga baik dari segi keamanan, cuman tergantung kelayakan motornya gimana kalo motornya udah mah ga ada kaca sepion, motor khusus ngangkut jerami aja masii dipake ngojek🙂"
,"Ini kenapa si malah makin kesini malah makin kesana. Skrng Go-Jek bnyk bug nya, saya aja mau pemulihan akun malah bug harus nunggu 30 jam dari tgl 1 sampe skrng tgl 4 belum beres ""udh berapa jam tuh"" bahkan dikira baru ganti dara sama login di hp lain padahal blm ganti data sama belum pernah login di hp lain"
,"Sebenernya bagus sih, cuma ini saya dari tadi mau pesen makanan ngga bisa terus alasannya karena gofood lagi ramai-ramainya. Oke lah kalau buat beberapa waktu, tapi ini sampe sejam-an lebih loh masih sama saja. Padahal sebelumnya ngga pernah kek gini"
,"aplikasi yang ribet dan membingungkan masak salah top up ke nomor lama yang tadinya udah aku upgrade pake nomor baru masih bisa masuk ke nomor lama ,lha trs knp gabisa masuk ke nomor yang baru?padahal akunnya sama dan udab diupgrade. membingungkan pelanggan"
,"bug nih.. saya mau bayar pakai gopay di alfamart dan indomaret yang mwngharuskan pakai barcode di aplikasi, tapi begitu saya masukin pin nya barcode keluar tapi timer barcode nya cuma 3 detik doang, jadinya hangus terus kode nya.. sudah du uninstal dan instal lagi tetep aja begitu terus... jadi ga bisa lagi bayar pake barcode.. tapi kalau kita yang scan barcode misl bayar di mcd masih bisa..."
,"Semakin kesini semakin susah aja order.. kadang sering ditolak.. truss biaya dah bertambah2 aja.. biaya aplikasi, biaya bungkus, biaya layanan.. trus vocher nya harus pakai pay later baru bisa dipakai..disuruh ngutang yak.. trus harga makanan nya jauhh kali naiknya di aplikasi.. mending beli langsung deh.. dari pada pakai gofood.. ribet, banyak biaya tambah, vocher gabisa di pakai"
,"Aplikasi nya bagus aplikasi sebelah error masa nggak menyediakan lagi bayar tunai mana aplikasi bayar online nya juga seringan error males, tapi saya uninstall soalnya biar nggak keblablasan boros. Suatu hari instal lagi kok. Thankyouu"
,"Tolong ini aplikasi nya lama banget , kalo sekira nya udh gak berfungsi ya hapus dari seluruh indonesia aja , percuma ada kalo gak bisa dipakai. Mana saldo gopay gw ada disitu."
,"Sudah 1 tahun lebih berlangganan go food.Hampir setiao heri selalu pesen go food bareng temen temen,tapi sekarang kenapa malah promo saya dihilangkan semua.Tidak ada lagi promo di sekua resto di aplikasi gofood saya. Tolong lah,saya sudah member go club level ""anak sultan"" tapi makin sering pesen go food kenapa promo sering dihilangkan seperti ini????"
,"Gosen naik terus dihari yang sama naik bisa 2xlipat atau lebih. Padahal saya sering order. Promo ga ada, naik yang ada. Kalo order selalu alesan tidak ada driver. Kalo dinaikan baru bisa dapat driver. Kan aneh. Apa ada driver tembak gitu."
,"gak kaya aplikator sebelah kok ya, cari berdasarkan keyword ""makanan kucing"" cuma keluar sedikit ya ? seharusnya berdasarkan keyword bisa muncul semua apa yang pelanggan cari, rada susah juga mencari apa yang diinginkan,"
,"Ada mitra yg over order, dan gue nunggu 2jam pas cancel malah di app auto nyari driver baru gimana sih. Ribet banget cancel juga mau ngejelasin malah ketemu botnya doang, case terlalu cepet di tutup padahal belum tentu problem teratasi, gue khawatir malah drivernya yg kena sp dianggep gak becus padahal restorannya yg rada rada. Gojek jelek banget ya skr"
,Balikin ke sistem yg lama. . Sistem saat ini selalu gagal kalau order gofood. . . Oke prioritaskan driver disekitar resto. . Tapi kalau tidak ada driver ya jangan langsung digagalkan. . Alihkanke driver yg agak jauh dikit. . . tiap bulan ganti sistem tp makin ribet aja. .
,Tolong untuk di perbarui petanya kalo jalannya perbaikan jangan di carikan driver yg jlnnya di buntu .. Lewat mana drivernya tak cancel cari yg dekat biar gk lewat jln yg sama malah akun saya yg mau di blokir... Tolong lah pembaruannya di cek lagii.. Klo gini yg rugi siapa customer juga...
,"saya mau meganti nomor gopay dikarenakan nomor saya sudah tidak aktif lagi, dan email belum terivikasi. Saya sudah bikin penganduan di email . Jawabnya cuma email sudah terivikasi padahal belum mohon pelayanan dengan secepatnya. Mana lama nunggu. hasil nya nggk ada"
,"Banyak promo yang ga bisa dipakai, walaupun persyaratan sudah terpenuhi seolah olah kita dijebak untu tidak memakai promo, tertulis promo harus pakai gopay/paylater, sedangkan paylater aja 5x ditolak. Gopay mah tinggal isi ulang."
,Terjadi kesalahan sistem GOJEK di aplikasi yang salah mendeteksi nomor hp saya dan mengakibatkan top up GOPAY saya masuk ke akun orang lain yang nomornya mirip dengan saya. Sudah saya komplain berkali-kali untuk mendapatkan solusi tetapi saya malah diarahkan untuk login menggunakan nomor yang mirip tersebut (bukan nomor saya). Mohon solusinya dari GOJEK karna kalau seperti ini saya akan terus mengalami kesulitan pada saat top up. FYI nomor saya 0821xxx tetapi yang terdeteksi di sistem 0812xxx
,"Saya mengalami ketidakadilan di bandara Soetta, sudah ada diantrian awal tapi yang didahulukan antrian di belakang saya yg menuju ke Jakarta dengan alasan sesuai nopol ganjil genap... Sudah komplain tapi tidak ada tanggapan... Terpaksa sy kasih bintang satu dulu"
,"Aplikasi Tokai. Semakin Update aplikasi nya semakin turun performa nya, gak bisa pesan gojek padahal alamat sudah bener di drag apke map tetep gk bisa, OTW UNINSTAL"
,"Kecewa... 1 bulan ini aplikasi ga bisa dipake..muter2 trs loading ga habis2..sdh update,ttp sama, uninstal,instal ulang ttp sama. Mohon segera diperbaiki.."
,1. Mohon ditambah fitur chat dengan resto / warung makan pada go food untuk menanyakan perihal menu makanan yg kurang jelas. Mohon diberikan label halal/non halal. Mohon mitra go food diberikan fitur untuk mencantumkan bahan dan bumbu yang digunakan. 2. Mohon dapat ditampilkan jenis kendaraan pada saat pesanan gocar /goride . 3. Mohon ditambah fitur filter pencarian gofood berdasarkan jam operasional (24 jam)
,"Aplikasi yg sangat jelek. Di cancel driver sampai berkali kali ujung"" nya ga dapat driver. Pake aplikasi sebelah. Langsung dapat."
,"Tolong ya ini menurut saya,saya kan sering pake go-ride,tolong kasih diskon ya dong,kan sering hampir setiap hari gua pake go-ride,dikasih dong diskon berapa ribu,terutama yang sering pake aplikasinya,jadi orang yang sering pake tuh kayak di kasih promo gitu lah,pulang sekolah gua sering banget gunain go-ride,ini saja saran saya terimakasih 🙏🙏"
,"Makin ke sini, Menggunakan Gojek, bisa di Kategorikan menguras Kantong Pengguna, di Karenakan biaya Ongkir Pesannnya yang mahal walaupun sudah kena potong diskon, ditambah ada biaya layanan, dan ada biaya pengemasan, itu mau memesan barang aja? Biaya biayanya melebihi harga barang yang mau di beli, jd bisa di katakan 2 kali lipat harga belinya. (Gofood, dan juga Gomart). Kalau Ojek motor dan Mobilnya ya bisa di bilang cukup lah harganya sgtu, emang standar mungkin."
,"terimakasih, sangat membantu , mgkn ketepatan armada harus lebih ditingkatkan, karena kadang di aplikasi 1 menit lagi driver datang tapi bisa lebih dari 5 menit, itu saja for all good."
,"Tolong benerin fitu gosend dengan multi alamat. Biar ga selisih paham terus sama driver gojek. Coba deh pengembang jadi pengguna aplikasi juga. Bukan hanya pembuat dan pengembang. JADI PEMAKAI, BIAR TAU KELEMAHAN TUH APLIKASI"
,"Mau nanya nih, niat ga si kasi voucher..mau dipake ko malah g bisa order goride. Mau ga mau order pake aplikasi hejo satu lagi dan... mereka punya program hemat yang irit biaya lho😄"
,"Tolong sistem di perbaiki ya admin,masak iya di bulan ramadhan tetap sistem anyep,tolong di beri layanan order yang adil dan sistem di perbaiki lagi,untuk sistem sekarang bntk bugnya,màaf untuk sistem sekarang saya kasih bintang 1"
,"Menunya sulit, tidak bisa komunikasi dengan penjual, jadi pesanan kacau, contoh pesan tanpa kecap manis, tapi tetap pakai kecap manis, driver juga tidak mau bantu cek, tidak ada penilaian untuk driver"
,"Semakin kesini layanannya semakin jelek. Saya pesen gofood udah pake promo dan bayar pake gopay, eh tiba2 pesanannya berubah dan promo gabisa dipake jadinya bayar lebih mahal dan saldo gopay saya ditarik gitu aja. Udah lapor tapi gaada penyelesaian dari pihak gojek. Trus juga udah top up tapi saldonya gak masuk2 dan udah lapor tp responnya sama aja."
,"Kenapa ini apk gojek, gak bisa digunakan, baru aja isi saldo, pas di cek, aplikasinya gak bisa, koading nya lama. Udah instal ulang, pas verivikasi no hp juga loading lama."
,"Apa yang harus dilakukan kalau akun gopay diblokir, karena cuma habis transaksis saja. Sudah dilanjutkan tapi cuma di balas laporan ditutup. Tolong kejelasan ini blokir sementara atau permanen, seandainya sementara sampai kapan kalo permanen ya uninstall aja deh. Percuma punya saldo ga bisa dipakai. Kaya dicuri ja saldonya"
,"Gopaylater di nonaktifkan sepihak, sedangkan batasan waktu sebelum denda tgl.6 tiap bulannya dan tidak pernah lewat pembayaran dari tanggal 6, tapi gopaylaternya di bekukan Tolong kalau buat ketentuan yg jelas. Sangat mengecewakan"
,Aplikasi ini bermasalah error selama beberapa hari. Saya coba uninstall dan install ulang serta login. Tapi tetap saja bermasalah saat login hanya buffering.
,"Saya sangat kecewa, menjengkelkan sekali sekarang gojek. Sering banget sekarang pesen gocar tapi posisinya berubah ubah..di aplikasi awalnya tinggal 4 menit setelah ditunggu lama tau2 posisi masih 10 menit lagi lah ini lah itulah.. dan juga sering bgt dapat driver yg posisinha jauh..padahal dsitu banyak titik driver yang lain.. lalu apa manfaatnya jadi dapat banyak bintang sampe sultan? Percuma lu gojek"
,Percuma ada promo utk motor / mobil tdk bs kepake : error quadrat. Baru bisa di pake jika tdk pake promonya. Kecewa dgn pelayanannya 🙃🙃🙃
,"Kasih bintang 1 aja,dulu banyak vocher sekarang sudah gak ada,tarifnya juga mahal,lebih baik pindah apk sebelah aja deh.pengembangan kedepanya kok malah semakin buruk,apa lagi dimusim hujan gini cari driver susah banget/gak ada driver."
,"Untuk Ojol belum ada di kota tempat tinggalku, sistem bayar uang digitalnya ke nomor hp orang lain harus gopayplus, padahal upgradenya harus foto EKTP, disaat kamera hpku rusak, apalagi KTPku dibawa mandor proyek. Makin RIBETTT AJA !!!"
,"Fitur go food tidak bisa digunakan selalu muncul notifikasi aktikan lokasi setelah diaktifkan malah kembali ke halaman dgn notifikasi aktifkan lokasi, sdh diupdate, clear cache tetap tidak bisa, sdgkan difitur lain lokasi sudah terdeteksi."
,"Biaya aplikasi sangat mahal di era ekonomi yg sulit ini selisih harga sangat jauh lebih mahal dengan jarak pengantaran yg relatif dekat di tambah dengan lama nya waktu estimasi dari sejak melakukan order , mencari driver sampai dengan pengantaran yg sangat lama"
,"semakin lama performa semakin menurun dari segi kualitas aplikasi yang berjalan lambat, lokasi yang AMAT SULIT ditemukan (selalu berada di jakarta pusat) padahal saya di luar jkt. proses transaksi lama dan loading tidak jelas."
,"Dari minggu lalu buka aplikasi ini loading teroooss, kukira hari itu apknya lagi error ternyata hari ini saya mau gofood jg susah stuck di layar putih, padahal buka apk lain lancar lancar aja."
,"Saldo gopaylater 88k, tapi beli makan 33k gak bisa. Katanya saldo gopaylater kurang. Kurang dari mana coba? Astaga pengen beli makan online biar gak ribet malah diribetin. Abis waktu gue buat ngecek-ngecek isi aplikasi ama gopaylater. Tiap transaksi disuruh bayar untuk biaya pengembangan aplikasi, tapi aplikasinya kayak gini astaga"
,"Kenapa saat saya sudah coba ganti pin berkali kali, tapi setelah dicoba pin baru tidak bisa 'Belum berhasil' ""kamu sudah berulang kali memasukkan PIN yang salah, silahkan cobalagi"" Sudah saya update"
,"Cuma mau cerita, pesen gofood dg pickup kondisi gerimis dan mendung,, saat order neh di cabang kirana 4, posisi persis di depan outlet, pas proses pembayaran tiba² lag koneksi, saat pembayaran terproses, malah diarahkan ke cabang kirana 1... duh muter² jadinya, mana hujan lagi... korban pickup pakai poin..🤭🤭🤭 dan tau ga, struk yg muncul pengambilan di cabang kirana 4... jadinya order 1, jd 2 dan bayar semua,,, kocak kan."
,Harga di GoFood udah nggak masuk akal. Biaya layanan terus naik biaya ongkos kirim terus naik klu di total sm makanan. Harga bisa 2x lipat dari harga makanannya. Semakin kesini semakin nggak mau pake GoFood lagi. Lebih baik langsung beli ke pedagangnya langsung.
,"Dear Gojek mohon perbaiki layanan Gojek Point Instant di Stasiun Pasar Turi Surabaya 1. Cust. diantar tidak sesuai urutan, saya didahului oleh 2 org antrian di belakang saya 2. Saya menunggu 30 menit pagi ini tidak ada yang datang 3. Terkesan pilih-pilih tarif tinggi terlebih dahulu, bukan sesuai urutan datang 4. Jika menggunakan regular harus jalan kaki sejauh 1-2 km dulu keluar stasiun"
,"sebenarnya bagus kok gojek, cuma gatau aja akhir-akhir ini apk gojek ku gabisa buat digunakan. mau order goride, gocar, dan gofood selalu saja gabisa, setiap mau masang alamat selalu buffering aja, sinyal sekitar ku padahal udah bagus, udah coba hapus dan pasang apknya lagi, tapi hasilnya tetap sama. tolong ya gojek diperbaiki :( terima kasih"
,"Halo admin gojek, mengapa saya sekarang tidak bisa tarik tunai lewat aplikasi gojek, padahal saya sebelumnya sudah tarik tunai, dan saya pun juga sudah menjadi pengguna Gopay plus+ tapi kok sekarang tidak bisa tarik tunai, tolong di perbaiki secepatnya! Terimakasih"
,"Min tolong lah Kalo ga bisa nyari maps minimal ada teks "" anda sedang offline "" aku udah coba coba nyari alamat aku sendiri ga bisa bisa yang muncul "" LOKASI TIDAK DI TEMUKAN"""
,"Tolong ya admin di training lagi supir goride nya. Saya sudah mengalami kekecewaan dua kali, yang pertama supir tidak hati-hati di jalan macet dia nyalip tapi tidak pake perhitungan sampai kaki saya kebentur tiang telepon dan kenalpot motor orang lain di jalan. Dan yang kedua supir ngeyel padahal dia yg salah tapi tidak mau mengaku salah malah pergi tiba-tiba saat saya sedang bicara"
,"Tolong dibantu n di respon dengan cepat... Karena tdi pada saat saya mau transfer saldo GO-PAY, tiba2 minta upgrade dengan keterangan ada indikasi perbedaan dgn KTP... Pdahal semua sudah benar n akun gojek saya g bermasalah, tpi tiba2 saya harus update jdi GO-PAY plus..."
,"Mau hemat pake promo malah diarahanin cuma pasang Voucher Pack Purchase 30 hari, asli ga niat pasang beginian, ngikutin arahan bukannya hemat malah, kepotong 40rb cuma buat pasang paket begituan,, bukannya hemat malah jadi nombok pasang paket, dan ga bisa langsung chat customer untuk batalkan transaksi Karena ngikutin arahan aplikasi, jadi ngerasa kejebak, karena ga kepake tiap hari juga, dikarenakan penjelasan nya Go food plus, Jadi trauma punya saldo GO-PAY, tapi raib gara"" Ikut arahan 😂😪"
,mohon untuk pengantaran double ordernya dihilangkan. karena hal ini sangat merugikan customer.. pengantaran pesanan jadi makin lama. Makin sering troubelnya.. bagus nih aplikasi
,"Tolong diperbaiki sistemnya, ketepatan area titik jemput dan tempat tujuan, 2 kali ini tgl 29 dan 31 maret 2023 sy mau pesen goride/gocar wilayah kok pindah luar negri, pdhal sy coba gofood bs, di restart 2 kali baru indonesia, dan 1 lagi kok gocar mahal sekaliiii, walaupun hujan dan rame masak tembalang pudakpayung 80rb, biasanya cuman 40, padahal goride kalaupun jalanan rame hujan, naiknya gag 2 kali lipat gitu, jauh lebih murah layanan lain, tolong dikaji kembali kebijakannya.terimakasih"
,"Sejauh ini bagus,hanya saja tolong tambhkan fitur hapus riwayat pesanan gojek dll,, menuh2in memori 😭 .. dan tlg juga tambhkan fitur ganti alamat lokasi ketika sudah pesan go food tapi salah ketik alamat, sedangkan dri apk nya ga bisa cancel pesanan. Ribet sih sbnrnya ga bsa cancel pesanan atau minimal ganti alamat wlpun pesanan gbsa d cancel 🤣 ada yg paham mksd saya?"
,"Gojek saya mengapa error ya? Dikarenakan ada keterangan ""cek internet anda"" padahal sinyal lancar. Untuk aplikasi lain lancar - saja. Mohon segera diperbaiki bug ini ya!"
,"Saya pengguna setia go food. Tapi gatau kenapa mulai malam tadi akun saya, semua promo dari setiap restoran tidak ada sama sekali. Bener2 ga ada diskon makanan yg bisa dipakai dari semua restoran. Sangat2 kecewa"
,Ini gimana sih map nya..? Masa mo pesen selalu 'jalan ditutup' padahal gak ada jalan yg ditutup. Benerin dong map nya. Tadi berangkat lancar kok.. udah bbrp hari gini terus...
,kenapa fitur tarik tunai tanpa kartu di hilangkan? padahal itu sangat membatu sekali. segera pulihkan. makin di upgrade malah fitur berguna di hilangkan~ hadeh
,"Go-Jek sekarang untuk promonya kenapa tidak bisa digunakan itu kenapa? Mau coba pakai promo gocar tidak bisa digunakan hadeh,untuk masukan ke depannya untuk promo coba masa berlakunya dilamain sedikit,mau ada event lebaran masa gak mau ikut berkontribusi ngadain promo atau apa gitu kek,belajar dari aplikasi grab ya min,yang ngadain promo tapi masa berlakunya panjang. Semoga masukan, dan kritikan ini bisa dijadikan evaluasi dan masukan untuk perusahaan semakin baik lagi. Sekian dan terimakasih."
,Saat ini saya sering membeli makanan via go food via aplikasi tokopedia. Tapi apa yg terjadi di aplikasi gojek saya tidak ada riwayat pembelian go food tsb. Dan mengakibatkan turun lah peringkat saya di aplikasi go jek. Saya lbh dari 1jt per bln belanja go food. Saat ini saya sdng pertimbangkan apakah lbh baik hapus go jek sekalian dan beralih ke sebelah. Masalahnya yg saya tangkap di sini aplikasi go jek pakai findaya dan tokopedia pakai atom
,AWAS...pembobolan gopay. Saya mengalami taransaksi yg gak jelas. Ada pemberitahuan transaksi tapi ak gak menggunakan tansaksi itu. Hati hati ... klo gak ada keperluan mending keluar saja dari aplikasi ini . Biar aman (sing out)
,"Kalau boleh saran tolonglah biaya lain-lain ditiadakan untuk menarik daya beli customer, apa susahnya menerapkan untung kecil yang penting lancar, daripada untung besar tapi berat banget, semoga bisa jadi bahan pertimbangan untuk menjadi lebih baik dan menguntungkan sesama driver dan perusahaan, Terima kasih"
,"kenapa aplikasi go-jek skrg nggk jelas, nggk bisa melakukan pemesanan apapun setelah di top up saldo gopay nya? aplikasi sy coba instal ulang malah nggk bisa msuk akun sya. tolong tanggapannya, thnks"
,"Udah ganti pin,terus di coba malah katanya pin nya salah,terus di coba berkali-kali masih tetap sama ga bisa,udah di ganti pin nya puluhan kali ga bisa juga, tolong di perbaiki!!!!!!!!"
,"Respon cepat, Tapi realisasi penggantian uang gak ada kepastian,,, Uang saya yg hilang pada bulan Desember tahun lalu sampai sekarang hanya di minta endtask,,, setelah di entask uang gak ada,,, Barangkali yg ini beneran ,,, Padahal 50.000 itu dapet nya stengah mati,,,keringat udah kering gak dibalikin uang saya,,, Moga kali ini balik"
,"parah bug nya! kondisi neduh lagi hujan saya bawa anak balita, butuh mobil, pedahal di aplikasi banyak driver yg standby tapi ga dapet2, sampai 10x di coba ga dapet2 buat gocar! kecewa sekali"
,"Tolong min, kenapa setiap abis top up gopay, voucher Nye selalu hangus padahal masih ada sebelum top up. Giliran pas ada voucher malah gabisa nentuin titik jemput, alesan nya area di tutup. Klo voucher nya di lepas baru bisa. Makin gajelas"
,"Tolong dong nomor tlf jangan disamarkan,kasian kadang drivernya ga tau alamat hubungi customer susah,dan sangat ribet driver mau hubungi penerima jadi harus chat2 pengirim dulu,terkadang pengirim belum tentu pegang hp terus2an,kadang org jg sibuk. Makin lama bukannya makin memudahkan,malah makin meribetkan ni aplikasi"
,Tolong pihak aplikasi mau mengembalikan go mart seperti dulu agar kita dapat memilih toko yang kita mau soal ya 1 toko saja barang banyak yng kurang lengkap. Jadi saya mohon pertimbangan bagi aplikasi go mart.
,"Makin parah,pakai mode hemat gak dapet driper,kasih sangsi tegas aja kalau ada yang tidak mau ambil orderan mode hemat...Payah aplikasi ini,giliran pesan makanan pas hujan,ga ada satu driver yang mau ngambil orderan,tolol"
,Kenapa skrg order titik penjemputannya/tujuannya di gang kecil susah banget ngepasin alamatnya?mau buru2 jdi lama karena susah nyari alamat yg tepat..gak semua yang tinggal di jkarta tinggalnya di komplek mewah kali jek
,"Tidak dapat membayar dengan gopay, selalu loading dan saat instal ulang, saya login ga bisa masuk dan loading terus. Masih ada saldo saya di gopay."
,"Biaya tambahan ketika pesan gofood itu sudah keterlaluan sih. Biaya bungkus,biaya aplikasi dan biaya lain nya. Saya yakin kalian ini gak akan lama lagi pasti tumbang. Hapus biaya yg gak guna."
,tf tengah malam selalu pending masuk setelah jam 4 pagi padahal lagi butuh banget jadi kapok tf dr gopay ke rekening bank..... kejadian yg ke 2xnya dan tidak ada respon yg cepat/berarti.....
,"saya binggung sama orang IT gojek yang suka mengubah dari aplikasi driver dan aplikasi penumpang dampak sangat menpengaruh ke para driver kalo aplikasi udah bagus gak usah di ubah"" itu sih saran saya terima kasih"
,"Kecewa, sering pakek padahal udah bagus-bagus eh malah sekarang kek di PHP in sama apk nih. Masa ada driver kosong Deket loh gak ke ambil, aku udah nunggu dapet driver sampe 1jam gak dapet-dapet di kasih tau pada sibuk pesanan, lah itu driver nunggu pesanan di sebelah ku gak jauh tapi gak ke ambil, ini system nya gimana!!!! Dahlah pindah aja malas sama nih apk"
,"rada kecewa sama pembaruan yg sekarang. Saya biasanya beli gofood itu ada uang koin bisa dipake buat pembayaran. jadi misal uang koin 12k dan gopay saya 30, tapi total gofood saya 40k itu bisa dipake dua duanya, tapi srkarang kok gabisa? aaaaaa kecewaa"
,"Ini aplikasi go car yg paling mahal tarif nya... Kok bisa ya,,, Aplikasi yg lain gak sampe kemahalan bgtu. Lama lama makin banyak uninstal ni aplikasi."
,"Fitur tarik tunainya kenapa ?, kok sudah hampir sebulanan ini ga hisa buat tarik tunai di atm.. Semakin di perbarui bukan semakin baik malah fiturnya ada yang tidak bisa dihunakan."
,"Tolong fitur One tap lebih diperhatikan, soalnya waktu itu saya mencek itu hanya untuk melihat harga saja, tapi gataunya sudah ada 2 gocar yg terpesan, terima kasih"
,"Fitur kirim uang. Kadang harus nunggu lama. Trus saldo dah ke potong, tapi duit blm masuk rek, penerima., Tolong d perbaiki lagi. Sangat mengecewakan fitur kirim uangnya.... Saya kasi bintang 1aja dulu .Karna layanan mengeceewakan...."
,"Sistem apa yg di pakai... Transfer gangguan selalu....jam malam tidak bisa... Kalah dengan aplikasi DANA., Nyesel pakai gopay buat transaksi."
,"Aprovall gopay plus lama banget udah lebih 3 hari belum di ACC padahal keterangan 1 X 24 jam, notifikasi chat update juga kaga ada Mohon pelayanannya agar diperbaiki. Thx"
,"Banyak driver disekitar waktu saya mencari godrive, harga jg sdh naik krn lagi rame, tp ttp tidak ada satupun driver yg menerima saya..tapi ini bukan tentang driver..😭😭😭"
,Kenapa nih aplikasi Gojek ? Kok nggak bisa mendeteksi Alamat Pick Up.Saya jadi tidak bisa mesan Ojek ya gara gara map tidak bisa mendeteksi Alamat Pick Up.Baru kali ini loh seperti ini ! Tolong segera diperbaiki
,"Apa apa an baru mau pakai paylater aja udah gk bisa, belom dipakai udah gak bisa niat gak sih kok gk profesional banget gitu kinerjanya ya, emang lama lama gak rekomendasi lagi ni GOJEK, cuma bikin kesel ama kecewa orang aja udah daftar e tau nya gak bisa GAK NIAT banget, layanan customer service aja gak ada emang gak jelas MENDING APLIKASI SEBELAH JELAS dari pd ini apaan"
,"Pelayanan sangat buruk, jangan pernah pake go send untuk kirim barang, tidak bisa di percaya buat kirim barang, Barang belum di terima penerima sudah di sukses in, akhir nya barang dagangan saya ilang ngga jelas"
,"Ini pertama kali saya download aplikasi ini, tapi saat mau mendaftar ternyata email pribadi saya digunakan orang lain, ada solusi tidak terkait hal ini. Ini email yg sudah saya pakai bertahun2 dan yg saya daftar kan disemua akun2 saya. Tolong ditindak lanjut🙏🏻"
,"Rawan dipakai saat hari-hari SIBUK, karena server selalu down dan MASALAH UTAMA-nya saat order ojek, orderannya terlihat seperti berhasil padahal kenyataannya orderan itu sama sekali tidak sampai driver. Sekian terimakasih"
,"Kenapa promonya selalu berubah min, padahal lumayan buat ladang cari rezeki disini :( , Kalo bisa jangan berubah berubah min sampai ganti kartu berkali kali supaya dpt promo lumayan eh belum lama di gituin lagi"
,"Heloo, ini gosend mencari driver terus udh 10 menit lebih. Dan ga bisa dicancel. Trs buat apa ada pilihan cancel kalau ga bisa dicancel. Kan aneh"
,"Aplikasi mudah untuk diakses, sangat membantu untuk perjalanan jarak dekat maupun menengah. Tarif yang terjangkau dan kemananan yang terjamin."
,"Untuk sistem nya di perbaiki, jangan sering error atau maintenance di weekdays. Karena ngehambat bngt kita yg lgi mau kerja & make fitur gopay untuk pembayaran tiket krl."
,"Tambah lama tambah update kok tambah berat applikasinya ya??? Yang dulu bagus dan ringan...hmmm (Kemarin) Yaaah baru update lagi, sekarang agak lumayan sedikit laah dari yang kemarin.."
,Selalu ketemu dengan driver yg on time. Ketika sedang panik karena mepet waktu dan jalur padat bisa komunikasi dengan baik. Nyambung dengan kondisi tahu tahu sdh nyampe dan tidak terlambat. Alhamdulillah.
,"Aplikasinya kanp ini sudah daftar gopay plus 2 hari terus di tolak selalu ada tulisannya gini ""Gak berhasil upgrade ke GoPay Plus Mungkin kamu terlalu sering mencoba, atau pendaftaranmu gak sesuai ketentuan kami. Silakan coba lagi dengan kartu ID dan selfie yang valid."" Padahal kan KTP Ama wajah juga sesuai"
,"pdhl saya srg pakai gojek ini. tp 2x kecewa. pertama saldo GO-PAY ilang gt aj tiba2 liat riwayat ada pembayaran voucher hotel di jkt. pdhl saya di batam, ke2, saya pesan gofood di batalkan pihak resto. tp GO-PAY saya terpotong dan tdk kembali. udh komplain ke pihak gojek. blg nya dlm 7 hari dana kembali dan saldo tidak terpotong. tp ini udh hari ke8 tidak kembali jg. kesal memang."
,Driver sangat TIDAK RAMAH TERHADAP ORANG SAKIT. Minta diantar kerumah sakit malah dibentak karena terlalu lama. saya tidak akan gunakan aplikasi ini lagi. Dan saya tidak akan rekomendasi kan aplikasi ini terhadap kolega dan keluarga besar saya. Terima kasih karena sudah berperilaku buruk.
,"Loading terus sudah berbulan-bulan, gopay saya tertahan 200rb lebih tidak bisa dipakai, qris, gojek, gofood, semua tidak bisa di gunakan, loading terus, sudah komplain di instagram tidak di tanggapi, tolong solusinya, terima kasih."
,Mau berapa pun jarak terdekat sekarang kalo pake go ride minimal 15k sudah ada tambahan biaya aplikasi beda dengan dulu jarak terdekat bisa 7k kualitas di naikin bukan nambah biaya tambahan
,"Gopay & Gopaylater suka eror. Saat mau bayar tagihan/ pesen gofood malah ""tidak ada koneksi"" padahal pilih menu dll bisa. Percuma ada promo² makanan tapi ga bisa dipakai. Jadi males pakai gopay dan gopaylater"
,"percuma pembaruan bukannya meningkat malah tambah ancur pendapatannya. sudah profeder dibuat mainan sama operator sering off. dilihat diakun castamer sering tidak muncul. hitungan sekor juga tidak sesuai. ini lama2 driver dibunuh pelan. yg dipake ilmu politik. castamer dilindungi karena aset, operator sebagai anak emas dengan alasan sistem kalo sudah mentok tidak bisa menyalakan driver, driver sebagai mesin pencari uang,"
,"Hallo gojek, please tolong saya ya, udah 1 jam gabisa pulang, untuk memasukkan alamat aja gabisa, padahal gps on terus, udah update ke versi terbaru pun alamat belum bisa ditemukan aja 😭 Pleasee aku udah ketergantungan banget sama gojek buat mobilitas kerja, sampe saat ini belum bisa pulang, pleasee😭"
,"Sistem payleternya makin gak jelas, baru aja pakai 40rb, udah di suruh bayar secepatnya dan kena denda. Biasanya akhir bulan perbayaran, kok ini bru pakai langsung bayar. Terakhir kali saya pakai payleternya 👎👎🖕 dan gojek. Makin gak jelas"
,"Kenapa saldo gojek/gopay saya tb"" hilang, pas saya cek riwayat, ada yg pesan Google play YoungJoy pake saldo saya, padahal saya tidak pernah beli kek begituan, tolong dong bantuannya dari pihak gojek, Uang saya terkuras 115.000.00, :))"
,"Performanya makin anjlok, drivernya beberapa ada yang lelet, gak jalan2. Padahal buru buru."
,Mau bayar pake gopay via kode gagal terus alasannya koneksi internet hilang. Padahal internet & kuota ada sinyal bagus. Di ulang terus tetap ga bisa. Tolong perbaiki
,"Aplikasi kacau. Orang suruh nunggu gofood sampai berjam2 karena antrian resto kelewat panjang, dan tidak bisa di cancel oleh siapapun, customer ga bisa cancel, driver & resto ga mau cancel."
,"Kenapa Ya Ini Aplikasi Saya Nge Bug dan Tidak Bisa Daftar Gopay Plus, dan Akun Saya Tidak bisa kembali!!! Tolong Saya Butuh Respon Dan Kerja Sama nya Dong Developer!!!!! Saya Kecewa nih Saldo Gopay Saya Hilang begitu saja karna Permasalah Sistem Aplikasi Ini!!!!"
,Mau pesan aplikasinya muterrrrr teros lemot. Kok malah nyalahin sinyal gua. sinyal lancar nonton youtube lancar buka aplikasi lain juga lancar emang aplikasi lu yang aneh malah nyalahin sinyal blokkkkkkkk
,"Ga ngerti, yang salah gojek yang dimarahin sama driver justru malah customernya. Tolong lah benerin sistemnya. Titik jemputan sama maps gada bener2nya, gaada sinkron2nya. Gegara gojek error, saya malah dimarahin sama driver gegara titik jemputan. Padahal udah sesuai dan udah biasa dijemput di titik itu. punya aplikasi gaada bener2nya heran. Auto uninstall gojek"
,"Payah gak bisa bantu costumer, gak ada jalan keluar cuman gara-gara keseringan top up pulsa malah no nya ke blok udah coba bantuan berkali-kali tetep nihil"
,Mohon kejelasan dan bantuannya . Saya sudah top up go pay melalui aplikasi bank pada tanggal 26 kemarin ... Tapi saldo tidak bertambah padahal sebelumnya tidak seperti ini
,"Semenjak di-update bukanny makin bagus, malah bikin ribet tiap panggil gobox yang (pakai no saya) selalu aktif sendiri jadinya nambah kerjaan tiap mau pnggil ulang hrus dicatat nomor baru lagi."
,"Sangat kecewa sekali sekarang mau pesan malah susah buat binggung selalu ngak ada dreiver...ini gmn sih apk nya ngak kayak dl...dl itu enak biarpun hujan masih dapat dreiver...jangan niru"" sebelah ...kebanyakn seponsor jadinya pada binggung...padahal saya selalu gunakan gojek tapi untuk sekarang susah beneran susah..."
,"Terlalu mahal ongkirnya, jarang ada promo, dulu terpasang otomatis tapi sekrang harus di klik tapi ribet,hrus pke saldo susah kalo pke bayar di tempat GK pernah ada diskon lagi sekarang"
,"Buruk banget masalah transfer dan pembelian Layanan digital nya, sangat lemot lama banget masuknya aplikasi sangat bodoh tidak bisa diandalkan dengan cepat"
,Sangat tidak suka dengan fitur dobel order di layanan gofood.makan terlalu lama jadi dingin dan ga enak.kayak ga ada driver lain aja.gojej pengen nya untung gede alias rakus
,"Hati-hati ada jebakan baru dari gojek,setiap kita mau kasi tips ke driver,selalu tertulis ""internet mati"". Dan akhirnya kita klik lagi,jadilah kita 2x kasi tips. Bagi yang tidak teliti merugikan. Saya setelah beberapa kali baru sadar."
,"Baru update aplikasi, jadinya gofood saya masuk mode hemat ongkir, malah gak dpt promo lain. Sedih bgt. Padahal abis pakai paket ongkir gofood plus🥲"
,Ini lg knp y sdh 2x loh mesen utk GO-SEND selalu error... Yg prtma driver tdk jln² sdh menunggu lama tdk bs D cancel smpi akhirnya tlp CS menghabiskan pulsa yg lumayan Skrg mencari driver trs tdk bs d cancel pula... Klik cancel muncul tulisan driver minta cancel... Driver aja blm dpt tp udh ada tulisan driver mnt cancel... Udh gt ga bs d cancel pula
,"Tidak bisa tranfer ke rekening bank,katanya harus upgrade ke gopay plus,padahal udah lama sejak lama account saya di gopay plus dan sudah beberapa kali transfer ke rekening bank,tapi kali ini kenapa tidak bisa,"
,Baiaya semakin mahal biaya aplikasi biaya ini itu kasian driver cuma dapat ampasnya aja kalau soal pelayanan pelayanan yg nglayani driver harusnya driver yg dikasih reward bukan pihak aplikasi..malah pagi2 ada tambahan biaya asuransi bisnis baru lagi ya..masukan asuransi juga..
,"Apps bagus, tapi tolong masukin lagi opsi voucher yang potong ongkir di semua resto. Gak semua resto yang di-mark saya dan keluarga doyan."
,Udah 24jam saya mengirim laporan tidak bisa diselesaikan...kenapa semakin lama tidak semakin baik aplikasi ini...saya udah top up dan mau melakukan transaksi saja tidak bisa
,"Mau pesan go food mahal banget !!! Ongkir mahal, harga makanan juga naik. Harusnya mmpermudah. Blm lg biaya lain.. parah emg 👎"
,"Makin lama kayak eror, ongkirnya juga lebih mahal dari pada makanan yang dipesan....dan harganya beda sama beli langsung.minta tolong diperbaiki."
,"Sangat buruk dan layanannya lambat saya top saldo gopay diindomaret sudah 4 jam tidak masuk saldonya mintak bantuan malah ditanggapi tapi tidak ada di respon, dan lambat sekali layanannya masak iya kita butuhnya sekarang proses masuk saldo dananya 2 hari baru diprose memang lelet sekali cara gojek ini bekerjanya masak harus tunggu 2 hari padahal bukan salah nomor atau akun atau ada masalah lainya, yg diakun sudah benar semua kok,buktinya ada, aplikasi gojek elit proses top up gopay Sulit"
,"Kalo gini terus, bakal kalah ama grab! Masa kalo nulis mau kemana ga di ketemukan? Pdhal grab bisa! Kan ga ada masalah jaringan, gps dll, tp karna dev yg kurang"
,"Layanan yg lain belum ada kendala cuma kalo pesan goride or gocar dgn promo driver pada gk mau padahal niat kasih tips kok, tolong tingkatkan pelayanannya atau beri costumer untuk penilaian sebelum diantar atau ganti driver"
,Pemesanan go car tidak efisien karena drivet masih ada penumpang sudah bisa ambil penumpang fan utuk.keterengan waktu tidak akurat di aplikasi 2 menit tapi prakteknha hampir 20 memit banyak memgecewakan
,"Biaya semakin naik bukannya pelayanan semakin bagus tapi aplikasi malah sering error, GK salah kata teman2 mending pakai aplikasi grab atau indriver yg jauh lebih bagus sistemnya, tidak pernah error kayak gojek"
,"Dulu gojek lebih murah dari pada g**b, skrng malah jadi lebih mahal huhu sedih. Udah gitu promonya cuma sedikit, diskonnya cuma 1perak 😅 beralih ke g**b deh jdinya krna msh murah dan promo diskonnya lbh banyak 🙏"
,"Mesenin goride untuk adeku. Pembayaran tertulis di apk lewat jago, kirain saya pake QRis ternyata nyedot saldo soalnya saya belum pernah bayar lewat jago. Nah makanya saya nanya lewat chat sama abangnya pake QRis gak? Soalnya saya pesenin untuk adeku pake hpku. Dan sampe lah adeku dirumah, Ternyata langsung nyedot saldo. Masa adeku bayar TUNAI Juga padahal saldo udah kesedot.Tapi pengen chat ke abangnya gimana ya? Karna kan di apk sudah sampai tujuan jadi chatnya punberakhir. Yaudh aku iklasin."
,Kok jadi ribet? harus ngisi nama sama nomor telepon lagi buat tempat pengambilan sama tujuan. padahal biasanya otomatis kalo orderan nya udah pernah
,"Aplikasi yang sangat cocok untuk pesan makanan tanpa harus keluar, banyak discontnya juga..gofood mantap.."
,"Dear Gojek yang saya yakin para programmernya memiliki ilmu yang sangat tinggi mengenai manajemen sistem, mohon perbaiki ALAMAT FAVORIT, coba kembalikan fungsinya seperti semula, yaitu mempermudah memilih tujuan. Aplikasinya sudah saya update beberapa kali, tapi tetap saja tidak diperbaiki, yang harusnya tinggal klik alamat untuk memilih tujuan dan titik jemput, sekarang malah cuma menampilkan informasi alamat, dan paling menjengkelkan lagi, kita harus memilih alamat lewat peta. Tolong PERBAIKI"
,"Saya pesan goCAR , kemudian pengemudi hampir sampai saya chat kasih tau posisi saya. Pas saya klik kirim malah terpesan baru lagi , saya jd ga enak sma pengemudi nya .. saya bingung kok bs gtu ?"
,"Jek. Email aq sudah terdaftar tapi no hp aq sudah lenyap bersama hpnya , saat mau login harus registrasi lagi dan ga bisa karena email sudah terdaftar, minta solusinya."
,Padahal status di go club udh anak sultan tapi tetep aja susah banget mau dapet driver..... apalagi kalo pas ujan dari go ride smpe go Bluebird g ada yg mau ambil...sekalinya dapet langsung di cancel sama drivernya
,Setelah diupdate malah bug. Ga bisa chat driver. Bug parah sih. Berasa kecewa sama upgrade yg baru.
,Tolong ya... Tolong bgt untuk aplikasi ini Karena saya suda smpai update segala macem tapi sering sekali tidak nyangkut ke driver ? ... Tolong Karena sangat mengecewakan!!!!
,Maaf gojek maungasih tau kalo riwayat alamat dipencarian saya ko pada ilang ya..😅 kalo bisa biarin kesimpen aja ya riwayat alamat tujuannya saya cape kalo harus ngetik sama nyocokin lokasi dari ulang 🙏😅 soalnya kepake banget sama saya aplikasi ini. Sukses terus💪💪
,"bener² kecewa akun anak sultan, tiba² semua voucher di akun hilang di kata ada pelanggaran, gak jelas banget, bahkan akun harta karun di gunakan udah berhasil gunain malah gak dapet cashback ny, yang lebih parah nya customer di komplain tidak membantu sama sekali dan menutup chat begitu saja sangat tidak baik aplikasi ini sekarang"
,"Kenapa harus upgrade lagi sih padahal akun saya terkoneksi dengan dan masuk foto KTP dan selfie padahal no saya terkoneksi dengan akun driver, percuma saya isi saldo tapi tidak bisa kirim uang ke bank."
,Semenjak update yg sekarang ga bisa dapat driver dan ga bisa di cancel. Saya butuh driver cepat mau cancel ganti aplikasi tapi ga bisa cancel. Kan kesel
,Gajelas .. kirim kode batas waktu cuman 30 detik.. kekirim nya kode lewat pesan setelah 30 detik di isi gak bisa kode suda kadaluarsa.. gajelas !!!!!
,"kenapa sekarang ngambil orderannya sampe 3 kilo terus Jek? sedangkan nganternya ga sampe 3 kilo. jadi kalo mau ngambil orderan agak gimana gitu, karena jauh ngambilnya doang, argo jadi ga masuk akal :)"
,"Saya topup gopay belum masuk Saya kecewa menggunakan apk ini Dan cs nya sangat tidak membantu,dan jangan kalian download apk ini cs nya tidak membantu email-nya jga gk direspon Intinya saya sudah mengalami topup saya tidak masuk,hati² klo mau download apk ini bisa² saldo kalian di kuras"
,"Saya pemakai jasa gojeg sdh lama bisa dibilang langganan, yg menjadi keluhan dan keberatan sy knp biaya jasa aplikasi setiap transaksi mesti minta biaya jasa aplikasi, apalagi go shop yg skrg jasa aplikasi 6000 per transaksi blm ditambah ongkos driver, misal paling byk 1000 apa 2000 msh mending sy maklum, tlg dipikirkan lg kadang skrg mau order gojeg mikir 2 kali"
,"Sehabis Update sekarang ada Animasi ""Pembelian Berhasil"" setelah Pembelian Tiket Kereta di Go Transit (Saya gk tau Tiket lain juga atau tidak) Tapi mungkin ini masukan minor saja. Dengan adanya Animasi tersebut memperlambat Antrian di Taping Tiket Stasiun. Mungkin bisa diPercepat Animasinya atau diHilangkan 👌"
,Kenapa aplikasi nya aneh ya dah mesan goride 1 tapi malah yang datang 2 driver padahal jelas jelas mesan 1 aja mohon segera di perbaiki aplikasinya dari bug dan error yang ada
,"terima kasih . salam satu aspal. 😂😂😂 menghimbau untuk pengguna applikasi ini, tolong kalau buat order hendaknya memakai layanan yang sesuai. Diteliti dulu sebelum order dibuat. Hindari pembatalan order. Jangan hanya karena perbedaan harga 1000, 2000 dari harga hanya 12000 perak aja cari yang lebih murah. En nak anda tinggal tekan tombol #CANCEL# selesai masalah. Efeknya buat driver besar sekali. Perbuatan seperti itu sangat menyusahkan orang. Jadi tolong kesadarannya. Terima kasih."
,"Saya kasih 2 bintang dulu, karena aplikasinya masih suka error terutama maps yg nggak jalan padahal driver sudah sampai di tempat dan juga tarif yg tiba² berubah lebih mahal karena pemilihan rute yg lebih jauh padahal tiap hari lokasi yg dituju itu sama. Semoga segera ada perbaikan, nanti saya tambahin bintangnya kalo aplikasi sudah membaik. Terima kasih."
,"Udah 2 kali proses transfer di proses teruss, harus nunggu 3 hari dulu baru balik, harus di tingkatkan laah jangan ampe nunggu 3 hari kerja dulu , kalo gagal ya langsung balikin aja kalo sejam 2 jam si okee nunggu , ini ampe 3 hari"
,"Aplikasi Error, Sesudah memesan malah gk keluar pesanannya dan detail menghilang begitu saja padahal keadaanya aktif dan drivernya tidak bisa dihubungi."
,"ketika buka aplikasinya langsung eror gajelas,padahal sinyal baik' saja tapi kenapa ga bisa juga yah,mohon diperbaiki dong 🙏🙏"
,"Sejak apdet terakhir nomor kontak/teman di gopay gak kelihatan lagi historinya, jadi ribet klau mau tranfer sesama gopay/rek harus masukin nomernya lagi.. Bad bad bad. Tolong kembalikan lagi tampilan teman yg sudh terhubung gopay.."
,Saya sangat kecewa sama aplikator ini ternyata anda pandai sekali di balik ke suksesan anda adalah mitra driver anda tapi mitra anda selalu anda kucilkna selalu anda rendahkan bahkan anda tidak manusiawi memperlakukan mitra anda tanpa mereka anda bisa apa tolong kembalikan sistem mereka yang dulu yang ada bonusnya kasihan mereka narik gelap pulang gelap tetapi tidak pernah kalian apresiasi hasil jerih payah mereka
,"Upgrade wallet biar bisa transfer,di apk butuh waktu 1x24jam. Pas udah lebih 24jam ga berubah statusnya,mana pas butuh bgt kont..."
,"Semenjak update pas order suka error gak ada driver yg mau ambil, padahal harga sudah berkali2 naik tapi tidak ada driver yg mau ambil juga. Tolong diperbaiki"
,"Isi pulsa dari sini katanya sukses, dan ada nmer seri Tp di cek gk ada masuk pulsanya. Dan kalian bilang masuk. Kalok emang mau nipu gk usah gini caranya dong walaupun cuma 10rb itu uang juga."
,"Kecewa bgt sama gopay..ngadain gopaypinjam..pas mau bayar di alfa,tapi udh 3 alfa bilng gak bisa. Mau bayar va di atm bca kata nya acount anda blm di perkenankan..pengen pke gopay tapi blom trsedia pembayaran dgn gopay..trus saya harus bayar lewat mana ini itu gak bisa sedang kan waktu terus berjalan kan tiap hari bunga nya trus brtambah..gimana nih saya bingung cara nya...😑😑"
,saya mesen di aplikasi harga diskon tiba tiba harganya berubah jadi harga normal. ini namanya penipuan. Saya transaksi tiket awalnya cashback coin lalu ke refund ketika melakukan transaksi ke 2 cashback coin hilang
,Aku pelanggan setia gojek tapi koq sekarang ini reward makin sedikit yaaa dan ada yg menghilang cash back yg biasa ditukar dah ga ada lagi dialfa mart sungguh sangat disayangkan dan paylater yg ga pernah bertambah padahal pembayaran tepat waktu terus.... Krn aku setia dg gojek ttp aku kasih bintang 5 tapi lebih bersahabat lagi yaa manjakanlah pelanggan mu agar tidak berpaling ke lain APP
,"buat aplikasi nya bagus sih, sangat2 bermanfaat, tapi selalu ada iklan gojek di galeri yang muncul banyak banget, jadi risih, tolong dong buat di benerin lagi, kalau mau ada iklan di apk nya gpp, tapi jangan muncul di galeri juga, menuhin memori"
,"Minus saat pemesanan info dr apk sudah di konfirm dan dibuatkan, saat nunggu driver lama tiba tiba pesanan auto cancel. Rugi nunggu lama buat yg gajelas."
,Tolong tanggapi laporan saya di aplikasi. Saat transaksi pulsa pin selalu salah padahal sudah lupa pin dan ganti baru tetap salah hingga mencapai limit pdahal urgensi
,"Saya pengguna layanan gofood/gosend, tp saya kecewa skrg di gofood jd lama x pengantaran karna ada fitur antar 2 tempat oleh 1 driver, mana hrga jauh beda sama resto, kena ongkir lg skrg voucher2 nya gk ada lg Makin lama peforma nya makin turun sdgkan biaya nya makin mahal"
,aku kasih full go car nya tepat waktu dan sesuai lokasi mantap dan ramah sopir nya tuk pusat GO JEK atau GO CAR lebih detil lgi arah MAP nya biar yng jemput nya gk berputar putar itu saran dari sanya tetap perbaiki biar konsumen puas dan semangat pake aplikasi ini
,"Menurut saya aplikasinya sudah bagus namun voucher untuk GoRide dan GoFood pembayaran Tunai masih kurang. Jadi, saya mohon untuk ditambahkan lagi vouchernya🙏🏻🙏🏻Terima kasih🤗"
,"Saran saya tolong tambahkan di aplikasi fitur memilih jalan, karena ketika saya memilih go car dipaksa untuk masuk tol, padahal drivernya sendiri tidak masuk tol. Terima kasih, semoga cepat di respon"
,Banyak driver nolak ketika kita pake go pay. Ada bbrapa yg nerima tp setelah kita tumpangi kendaraannya kata2 mereka sungguh gak mengenakan berasa kita naik kendaraannya gak byr pdhl kan kita naiknya byr tp mmg pake promo. Paham sieh promo d kasi dr gojek itu murah2 tp jgn lah sampai penumpang itu di tolak dan ada dikasi kata2 tdk mengenakan .agak kecewa sebenarnya.
,"Knpa setelah update gopay gak bisa di gunakan sama sekali buat transaksi sma buat transfer, udah pke finger keterangan masukin pin pas udah masukin pin mlah keterangan pin salah pdahal pinnya udah bener😌 Stelah bberapa tahun aku setia make gopay trnyata skrng mlah gini bisa² beralih ke apk lain klo gini trus gak ad penyelesaian😐"
,"Kenapa saya kasih bintang 1, awal dulu selalu kasih rating bagus bintang 5, tapi setelah saya tidak bisa melakukan pembayaran, lalu disuruh melakukan banding/laporan. Dan Hasilnya ditolak, tidak ada kejelasan tentang alasan kenapa saya diblok atas fitur pembayaran, padahal tidak ada kesalahan atau penyalahgunaan gopay"
,"Kenapa sekarang ongkir go food mahal sekale, harga ayam yg mau di beli 20 ribu, ongkirnya sm biaya lain2nya jadi 40 ribu. Jarak tempuh 0,89 km. Males jadinya order go food lagi🥴 gak ngotak ongkir sm biaya2 lainnya"
,Admin goto itu driver anda banyak yang ngeluh ga ditanggapi. Malah aplikasi customer yang selalu didenger. Dan ditanggapi. Tolong diperbaiki sistemnya dan tanggapi para driver anda.
,"gajelas aplikasi ini tiba -tiba saya diblokir padahal saya tidak berbuat sesuatu yang aneh - aneh saya juga sudah sering pesan sampai berjuta jutaan trus sudah menjadi anak sultan di goclub malah diblokir, kecewa dah aplikasi gak jelas"
,"Tolong segera diperbaiki,akun saya Gk bisa² masuk padahal nomor masih aktif dan link buat login jga sudah saya buka tp gk ada hasilnya. Semakin di-update knp semakin butut"
,"ini aplikasi kenapa sih, susah mau transfer keterangan gk ada sinyal, sinyal padahal full, klo mw transfer ke bank malah ng loading terus"
,"Beberapa kali kecewa sama driver GoCar, sdh dekat tinggal beberapa menit tiba2 cancel tanpa pemberitahuan 😭, padahal kondisi sedang darurat dan buru-buru."
,"Ngeselin banget sumpaaaah, komplain ga di tanggepin, pas di tanggepin ga ada notifikasi padahal aku buka aplikasi terus, saldo e money ga bisa masuk kalau isi pake nomor kartu, ga update otomatis ya ampooon, kalah gitu jangan sediain isi pake kartu dong kesel kali"
,"Yah awal make dlu untuk promo nya banyak dan saya sangat puas tapi setelah lama make dan lv udh tinggi promo"" nya malah berkurang yah harus nya kan makin tinggi lv itu makin banyak promo ni malah makin dikit 🙏🏻 b3 dlu deh"
,"gojek semakin hari apknya makin lemot, mau beli pulsa,tagihan bukanya lambat banget seperti tidak punya koneksi internet. tolong di perbaiki lagi apknya agar lancar seperti dulu."
,"Saya trasnfer uang kenapa lama sekali harus nunggu2 padahal yg sya transfer uang sendiri,padahal saya 2x transfer beda 1 menit yg 1 nominalnya diatas 5jt yg ini lama.sekali masuknya yang satunya cuma 300ribu lgs masuk,,, aneh kenapa harus berbeda.... Nunggu2 nunggu2,,,"
,"Aplikasi nya sangat bagus dan sangat membantu saya apabila saya ingin kemana"" dan ingin makan apa tetapi yg saya heran 1 saja pada saat perjalanan yg jauh murah tetapi pada saat perjalanan yg menurut saya harga nya sama seperti harga perjalanan jauh ya ?"
,"Rute yang sama, naiknya tarif terlalu siginifikan.. Dan muternya terlalu jauh.. Sangat mahall, mending pakai app sebelah"
,"Aku mau pesen nasi goreng saking lama loadingny nasgornya tutup sampe sampe, pas pindah ke tetangga sebelah si ijo gercep bat kirain sinyalku yg susah ternya app nya yang eror sistem App segede ini loading kok lama . Agak kecewa sih"
,"yakin parah, sy transfer uang lewat aplikasi ini parah banget, 2 hari tdk ada kejelasan pdahal butuh cepat uangnya, malah berhenti tdk ada kejelasan,,,jangan sampe kirim uang lewat aplikasi ini,,,"
,"Tidak ada bagus nya LG ni aplikasi ,kasih bintang satu aja .massa harus apdret trus photo KTP lah photo Wajah lah ,bikin ribet, klu KTP nya LG brurr tau gak jelas trus gak bs ... Maka nya makin gak jelas ni aplikasi jelek bgt"
,Saya rubah dulu ratingnya karena setiap kali saya gunakan untuk bayar Tokopedia selalu salah PINnya Padahal sudah dengan jelas saya ganti Dan sandi barunya juga saya lihat dengan jelas Tapi tetap tidak bisa
,Gojek pada saat mau bayar melalui rekening selalu aja upgrade ke gopay plus buat lanjut tapi gk ada menu atau aplikasi upgrade nya mohon bantuan nya agar saya bisa pakay gopay plus saat transaksi juga terimakasih
,"Pesanan Gi food indak bisa dibatalkan, padahal saya ingin mengubah alamat pengantaran, fee pengantaran juga terasa sangat mahal. Uninstall"
,Aplikasi ini sangat tak berguna. Trutama utk food. Banyak restoran buka tap tdk di temukan sangat sangat tak berguna
,bug text area saat chat dengan driver tidak naik ke atas keyboard saat mengetik sehingga kata yang diketik tertutup keyboard. pada aplikasi lain normal. hal terjadi pada android 13
,Susah banget mencari driver ya Tolong di perbaiki aplikasi nya Versi sudah terbaru tapi kenapa susah banget mendapatkan driver nya Pengen order aja jaringan tidak ada koneksi ya 🤦🤦🤦🤦
,Mau bayar pbb sebelum isi saldo bisa muncul tagihan.. dan setelah isi saldo.. tiba2 tagihan tidak muncul error.. jngn gitu yaa.. seolah2 saldo kita ditahan duluu..
,Tolong di perbaiki lagi. Saya sudah berkali kali pakai gojek masih tetep ada loadingnya. Saya trnsaksi belom sampai masih dlm proses. Di tindak lanjuti saya mohon .jangan kecewakan kami sebagai pengguna
,"Halo gojek ini kenapa status pesanan gosend saya dari jam 2 siang hingga saat ini jam 10 malam belum ada kelanjutan nya? Di aplikasi info nya mencari driver terus dan saya sudah coba cancel tapi dari siang tadi tidak bisa di cancel terus orderan saya, tolong dibantu dong ini gojek"
,"Selamat siang kk,kenapa saldo gopay saya berkurang karna pembayaran gogle playstore,sedangkan saya tidak melakukan transaksi apapun,terima kasih tolong respon nya"
,Tolong hilangkan biaya layanan apa itu... Please ya.... Ayo kayak dulu lagi tanpa harus ada biaya layanan itu. Terimakasih semoga panjang umur sehat selalu yg buat aplikasi ini. Dan semoga melihat apa yg dikomentari selama ini dari pelanggan gojek ini. 🙏🙏🙏
,"mosok hampir setiap waktu jika ingin order GoCar selalu akun anda tidak bisa digunakan. Kan suwe... Auto uninstall ini mah, mending pake punya sebelah aplikasi stabil normal..."
,"Terimakasih gojek, padahal ini aplilasi yang paling membantu saat saya order gofood dan mencari gocar/goride, sayangnya Gopay+ hilang dan dapat notifikasi ktp saya berbeda dengan dukcapil. Sebenarnya sudah perbarui di dukcapil dan mencoba upload kembali tapi tetap ditolak pas pembaruan ulang 🙏🏻"
,Kenapa saya tiba-tiba di suruh upgrade ke gopay plus. Padahal saya sudah lama up ke gopay plus. Transaksi pemgiriman saya pun sudah banyak. Aneh² saja
,"Aneh, error muluu pdhal jaringan oke. Udh coba segala cara buat ga error tetap gabisa. Instal ulang malah pas masukin nomor hp eror"
,Gak jelas aplikasinya..mau ganti nomor aja susah..baru pertama x masuk udah ada peringatan terlalu banyak mencoba suruh nunggu 30 mnit dah di tunggu Sampek sejam juga sama aja..gak guna
,aplikasi gojek semakin lama semakin kacau...alamat favorit dan history pengiriman barang hilang dengan sendirinya..pekerjaan saya semakin tambah ribet...mohon di permudah pelayanan fiturnya agar pelanggan setianya gak pada kabur semua...mohon pembenahan secepatnya di aplikasinya..
,"Ganti HP, trs mau masuk ke akun lama masa ga bisa, kok mau masuk akun malah disuruh daftar lagi?? Mau gmn daftar emailnya aja gw cuma satu ga boleh make email itu lagi dibilang udah terdaftar, ogah banget buat akun email lagi. Kan emng udh ke daftar knp harus di suruh buat akun muluuu padahal gw mencet masuk bukan daftar dulu"
,Pesen padahal ganposisi hujan tapi tetep aja ngeloading dan selalu dapat driver yg jauh padahal lagi kejar waktu . Klo kaya gini saya plih unistal aplikasi
,"Aplikasi jelekkkk,tulisnya aja ""kami carikan driver terdekat , nyatanya selalu dpt driver yg jauh2,alhasil saya smpe telat ke gereja krna nunggu driver lokasinya jauh2,udah bego kdng yg deket aja bnyk tpi selalu dicariin yg jauh2"
,"Gomart tidak bisa dibatalkan, padahal kesalahan klik itu rawan. Opsi bantuan tidak membantu, customer service lambat respon. Kecewa"
,"Apaan pay laternya gajelas blasss, baru juga order tanggal 30 maret 2023, kok temponya tanggal 31 maret 2023, paylater apanya sehari setelahnya udah tempo aja, mana harus bayar biaya admin perbulannya 10ribu, galagi lagi dah pake paylater, mulai nipu nih aplikasi, apa bedanya sama bayar langsung pake rekening kalo begitu ceritanya, sumpah hapus aja ini aplikasi jangan lagi lagi dipake dah"
,"Sering keluar sendiri padahal versi selalu update yg terbaru, gimana sih nih addduuhhh bikin riweeehh aja jaringan internet ya stabil"
,"tolong sistemnya dirubah, harusnya pengemudi yg terdekat yg dpt orderan, jadi dari sisi cust lebih cepat dan dari sisi driver juga tidak terlalu jauh dan keluar banyak bensin 😞😞😞"
,"Go club tinggi tidak menjamin prioritas pesanan, layanan aplikasi akan berjalan bagus selain di Kota Bandung, karena di kota Bandung Go Ride tidak berfungsi ketika subuh, macet, atau hujan. Gunakan Grab atau Maxim disaat tersebut"
,Bagus semua tapi optimalisasi ketika toko makanan tutup segera diperbaiki karna ada sesekali ketika memesan makanan malah diterima oleh toko makanan tersebut padahal toko nya sudah tutup
,"Bintang kelima untuk staf .. keduanya cerah dan profesional ... tempat kecil dan wajib untuk memesan ... proposal fusinya bagus, bahan bakunya berkualitas ... manajer yang santai dan ramah ... dan mereka membuat tanda terima ... sangat bagus ... Saya akan kembali dan merekomendasikannya"
,Sekarang gojek aneh ya. Masa saya udh mau tingkat anak sultan di clubnya malahan promonya diilangin flashsalenya jdi ga ada. Aneh bener org mah semakin sering pake aplikasi dikasih reward semakin banyak ini malahan dikurangin. Udahlah ga jdi langganan di gojek lagi. Mau lapor juga bingung hmm
,"Edan sih buat paylater nya,, tanggal 28 feb dah lunas, tanggal 1maret kepake 100k an 2maret dah jatuh tempo,,, makin kecewa,,, Tu sistemnya gimana sih,, bukannya memudahkan malah di persulit,,"
,Saya sudah komplain udh 2 hari blm di bales ini loading trs saya mau transaksi g bisa saya hapus dowload lg malah loading trs pas mau verif nomor internet bagus saya udh pake data jaringan wifi tp masih loading knp ya?? Trs email saya g di respon
,"Upgrade gopay plus susah, sudah berkali kali mengajukan gagal terus dengan alasan yang tidak spesifik hanya copas template dan saat menghubungi cs hanya dibalas oleh bot tanpa ada penyelesaian"
,"Aplikasi nya bagus dan mantap , tapi biaya layanan kalo lagi pesen gofood makin hari makin mahal, belom lagi ongkir nya , jadi mikir mikir kalo mau beli"
,"Makanan saya dingin ,, seharus nya makanan cepat sampai ini driver harus antar pesanan yang laen dulu .. bukan pelayanan tambah bagus malah buruk .. Pakai gojek karna duku memang cepat dan tepat ,, ini malah ikutin aplikasi sebelah ada oderan double buat driver dimana harus antar lebih dari 1 pesanan"
,"Aplikasi terburuk yg pernah gw dwonload nih. Hrganya skrang nggk masuk di akal.. Klo pngen cpet kaya nggk bgitu jga cranya. Prforma lo aja jlek bnget, lemot lgi. Aplikasi gojek sma gobiz , jlek smua , sma2 lemot .. Kek grabe dong , mudah nggk ribet .. Auto uninstal nih aplikasi .. Nggk guna ."
,"3×24 jam saya tunggu transferan, masih belum masuk ke rekening, padahal status di aplikasi sudah selesai. Sudah kirim bantuan via aplikasi masih belum ditanggapi. Gimana ini?"
,"Jelek login aja lama, katanya suruh cek sms trus klik link. Gakada sms sama sekali yang masuk di nomerku padahal nomer telpon sudah benar. Nyusahin aja"
,"Sy kasih bintang 1, karna sy masukkan email jawabnya "" Email sudah terdaftar "" Dan gk bisa masuk ke menu selanjutnya. Harusnya kalau sudah terdaftar ya bisa langsung dong. Makin kesini makin gak jelas!!!"
,"Setelah bertahun - tahun pakai GOPAY Plus, tiba2 dihapus jadi GOPAY biasa. Tidak sesuai ketentuan katanya. Kalau tidak sesuai ketentuan, kenapa bertahun-tahun ini tak ada masalah? Malah minta upload eKTP lagi. Aku jadi curiga sepertinya kalian memang hobinya mengumpulkan data pribadi pengguna. Atau dimana data - data kami sebelumnya sampai harus kalian minta ulang? Gak akan saya kasi. Saya tinggalkan pakai Gojek. Bukan kalian aja yang punya layanan."
,"Ada bukti jelas, samapai bikin video dan di ss perdetik buat buktikan kalau sudah klik pakai vouchernya tapi tetep tidak terpotong. Tapi jawaban CS malah kembali ke templete ""pastikan sudah klik pakai vouchernya"" . PAYAH"
,"saya kasih bintang 1 dulu ya .karna saya sangat kecewa saya punya gopay 200.000 tapi saya mau tarik ke atm tapi suruh upgred,sedangkan mau upgrad pas foto ktp tetap gak bisa-bisa.dan terus uang saya yang 200.000 gak bisa di pakai apa-apa.tolong dong di perbaiki"
,"Dear gojek,saya mau bayar cicilan gopaypinjam tapi halaman menu gopaypinjam tdk muncul2 loading terus,pdhl jaringan bagus,tolong solusi nya donk ini harus gimana,saya udah dm di twitter tapi ga ada follow up nya,udah ngadu lewat email masih belum ada balasan juga,tolong solusi nya,tetimakasih"
,"Driver entah dimana tapi orderan di terima, alhasil pelanggan yang di rugikan karena harus menunggu sangat lama.padahal pesan via gojek dengan tujuan agar cepat tapi malah jadi lama.."
,"Saya mau transfer dana gopay ke shopeepay. Tpi katanya rekeningnya sedang brmlasah, trus sya transfer ke dana tpi selalu muncul pembertihuan "" kami sering melakukan hal ini"" lah ini bgaimana. Sya cuma mau transfer doang ribet banget"
,"Baru juga daftar sudah diblokir, blm juga dipake tuh akun udh menyalahi aturan gojek. ""Tanya di pusat bantuan malah itu terhitung banding"" aneh aplikasi gak jelas."
,"Restaurant belom ada menu terima pesanan, aplikasi nya ga bisa cancel, bikin orang nunggu, orang kantor tuh ada waktu nya, merugikan"
,"otw jalan sendiri, pesen makanan harga 18 rb +jasa layanan 4rb+ ongkir 11 rb, jarak cuma 2 km, jalan sendiri dah dapat 2 porsi"
,"Makin lama makin gaasik gua jadi rider gojek, tempat gua nongkrong di SMA 78 dibikin go instant, orang kantor udah kaya orang sales nanya2 dan dipaksa pake go instant. Lebih baik pesan seperti biasa dan akun jadi terbiasa menerima order melalui sistem. Dan parahnya lagi ga ngehargain orang yang udah lama nongkrong dibase campnya gaada basa basi."
,"History alamat tidak kesimpan jadi agak ribet nyari2 alamat awal lagi, dahulu langsung muncul stiap transaksi alamat nya."
,"Dear gojek, makin di-update makin tidak jelas, di map driver tidak bergerak, pas saya cancel sudah didepan saya driver nya, sisanya sih gpp. Terimakasih"
,"Saya sebagai customer sangat kecewa dengan driver khususnya driver Go-carnya Di kala saya mudik ingin pergi ke terminal sehingga saya hampir telat dan hampir di tinggal bus akibat pesanan saya selalu di cancel oleh drivernya,sangat sulit dapat driver,sedangkan saya setiap mudik selalu dua orang dengan istri saja dan hanya barang bawaan berupa 2 buah tas koper,sebelum cancel tanyakan dulu di chat customer berapa jumlah penumpangnya,jangan asal batalin pesanan ajah"
,"Untuk layanan gocar n gojek bisa di andalkan tp utk layanan gofood sangat""tdk bisa diandalkan biaya udha biaya nya ongkir nya mahal banget skrg apalagi ketambahan biaya aplikasi nya di beban kn ke yg order makanan sangat di sayangkan skli pdhal dlu gk ada yg nama nya biaya aplikasi nya dan ongkir nya sangat terjangkau sekali ..masa skrang mau order sm biaya ongkir n apl nya lebih mahal ktimbang order gofood nya itu yg buat saya mikir lagi klu mau order 👎..perbaiki dong sistim nya di gofood👎"
,"Pesanan double ,,,saya harus nunggu lebih lama ,saya tidak pake mode hemat , tolong jangan begitu aplikator mau untung sendir ,mengorbankan pelanggan"
,"Kenapa gak bisa tarik tunai atau transfer ke bank? Sistem sedang perbaikan katanya. Padahal lg butuh. Aku juga udah update aplikasinya. Ayo dong, perbaiki lagi"
,"ga mau lagi pakai gocar, jeraa jeraa. muahaalllll bangettttt tarifnya. padahal drivernya sama aja dengan aplikasi sebelah itu"" juga. mending pakai aplikasi satunya lebih murah, banyak pilihan dan professional."
,"Anda TIDAK JUJUR dengan Pelanggan terhadap driver. Di aplikasi pelanggan ongkos 12.000 potongan jasa hanya 2.000 yg anda tulis, seolah driver terlihat mendapat upah besar 10.000. kenyataanya di aplikasi Gopartner driver hanya mendapat upah 8.000 dengan potongan 4.000.,"
,"App ini terlalu bagus parah sih, udah diskon nya banyak terus, driver nya ramah², gimana ya ini saya sedang marah, ah parah sih ini app nya"
,"Sudah dua minggu selalu loading, gak bisa pakai aplikasi. Sudah dihapus&instal ulang, masih loading&muter2 trus😡"
,"Tolonglag gojeekkk, walaupun hari raya tapi kami para costumer juga butuh tumpangan pulang ini, gimna sih? Pemerataan drivernya ga di jalanin, mending aplikasi sebelah walu pelayanan nya kurang tapi harga terjangkau, ini engga , udahlah mahal dateng nya juga lama, hapus aja nih apps"
,"ada bug di gopay+ disitu mau ambil foto ktp malah gagal dan forceclose trs ada ketrgn bahwa aplikasi gojek memiliki bug hapus memori dll apa gitu sy lupa. tolong diperbaiki min mau dftr jdi susah. gini ni uang ada di gopay ga bisa di kemana"" in. pliss benahi"
,Setelah ada fitur tukar pakai gocoins.sekarang menjadi tidak bisa di gunakan lagi karena tidak bisa lagi untuk tukar coin di transaksi.tolong di jawab serta kembalikan seperti dlu tolong di perbaikin.
,"Sekarang gofood jelek banget, udah ga pernah dapat kupon diskon,gratis ongkir juga ilang, mana mahal banget pula biaya embel2nya..uda harga makanan dinaikin + biaya embel2 + ongkir, makann 20rb bisa jadi 50rb lbh..bye2 gofood"
,Untuk transaksi top up gopay lancar dan aman. Ada berbagai metode untuk isi ulang saldo muali min.10k dengan tambahan biaya 1k😊
,"untuk sejauh ini bagus sih , cuma ada 1 fitur yang menurut saya harus ada yaitu pada gofood , tolong di tambahkan metode pembayaran tunai saat pickup order 🙏🙏"
,"Parah padahal udah berlangganan di gojek udah banyak kali saya menggisi pulsa token tpi tdk kluar nmr token, dan pulsa biasa nggak masuk² juga...!! Klau bgni cara kerja nya bakal bnyak cs yng pindah ke aplikasi lain Tolong di perhatikan dan di tingkat kan lagi, bakal rugi banyak klau gni cara nya"
,Pelayanan ny kurang cepat aplikasi ny makin lama makin kacau banyak sering gangguan di suruh nunggu lama aduh
,"Saya suka sekali dengan adanya gojek,karna selain mudah untuk di pesan,ditambah lagi fitur yg semakin canggih,tolong di kembangkan lagi agar semakin maju dan berkembang untuk gojek indonesia."
,"Halo selamat siang, saya gagal order gocar 2x pada hari ini namun saldo terpotong dan tidak kembali. Sudah lapor ke bantuan tapi belom diproses juga dan malah ditutup. Walahi kenapa makin lama kualitas appsnya jadi turun ya? Terimakasih"
,"Pembelian paket gratis ongkir gofood hanya dengan sekali klik. Sangat menjebak, sedangkan transaksi biasanya butuh konfirmasi pin."
,"Aplikasi eror, gak bisa bayar playlater cicilan, mungkin ini cara untuk dpt bunga keterlambatan bayar tagihan cicilan oleh nasabah."
,Driver gojek meresahkan kalo tiap hujan. Sekali nya dpt di cancel. Berkali2 pesen di cancel krn posisi jemput nya jauh. Nah di trafik map gojek nya banyak gambar motor yg deket area rumah. Tp sayang nya para driver ora sudi buat ambil orderan. Ya.... klo emg gak mau ambil orderan akun driver nya mending di OFFin donk... pesen dri jam 5.30 ampe jam 6.45 baru dpt kan kebangetan. Sedangkan anak saya masuk jam 6.30 sudah di tutup gerbang nya. Tolong ya di perhatikan lagi. Sangat kecewa bgt
,Saya kasih rating satu.karna saldo saya sampai saat ini belum juga kembali.trx ngirim uang ke dana tidak masuk dan saldo pun belum juga kembali.sangat di sayang kan fitur bantuan ke cs sangat lambat..mohon segera di kembalikan saldo saya.
,"Pernah order gocar n bayar pake gopay ternyata driver malah sedang mengantar penumpang lain sedangkan di aplikasi infonya kok saya sedang menuju perjalanan padahal saya masih dirumah,saya chat driver utk dicancel aja tp tak direspon alhasil gopayku tetap kepotong"
,"Kenapa setiap memilih lokasi titik jemput dan tujuan selalu tidak ada dipeta? Sudah di update tapi masih sama aja, mohon segera diperbaiki lagi secepatnya"
,"Saya top up gopay dari sejam yg lalu belum masuk sampai sekarang, padahal liat di mutasi rekening sudah berhasil dan saldo sudah terpotong, kenapa gopay saya tidak bertambah?"
,"Respon Server lambat, padahal sinyal bagus tidak ada kendala, mesen gojek jadinya delay, jadinya tidak bisa di cancel namun uang sudah terpakai."
,"Aplikasi buruk banget gw dibikin puasa seharian gara gara sistem pembayar gopaynya gak bisa . Tolong perhatiin lagi buat sistem pembayaran gopay mau beli kado temen,skincare sama makan gak bisa"
,"Tarif bisa tiba² berubah karena ramai atau tidak, padahal jarak sama, voucher tidak bisa digunakan, tarif semakin mahal 🙏😭"
,Saya mau pesan makanan bisa 1 jam baru dapat driver buat saya malas pakai gojek. Mending pakai aplikasi sebelah lebih praktis dan cepat
,"Rencananya mau nambah bintang jadi lima, tapi malah lokasi penjemputan terblokir alasannya gak jelas. Makin aneh aja nih aplikasi. Kalau udah gak niat tutup aja. Bantuan di aplikasi gak jelas lagi. Haduh"
,"Aplikasi tidak bisa di buka,muter terus ga bisa masuk aplikasi gojek sdh cek kuota msh bnyak,sdh di hapus dan instal ulang tetap ga di buka"
,Kenapa susah cri driver gofod sdh berjam jam d pesan driver tdk di ada menanggapi .padahal lokasi saya d tengah kota dan jaringan stabil
,GO-PAY ribet sudah tau HP hilang emailnya ganti mau masuk kirim otp ke email yg hilang. Kaya yg lain dong HP hilang juga gampang masuk lagi tingal verifikasi wajah beres ini ribet ribet super ribet.
,"Kecewa bngt lagi perlu go ride dari skian banyaknya driver lalu lalang sama skli gk ada yg nyangkut di aplikasi Pdhal mau ke kntor, herannya kalau saya pesen driver yg jauh dptnya. Pdhal ada driver yg deket. kebnykn oknum curang"
,"kenapa jadi lambat banget setepah di update, padahal jaringan aman, bandwith juga kenceng. mohon di perbaiki yaa"
,Mau nanya nih semenjak 1 bulan kemarin habis di update kok tombol tarik saldo nya hilang ya ada masalah apa sih gerangan kok di hilangakan!?!?!?!
,"Semenjak ada aplikasi ini hidup saya sungguh sangat terbantu dan membuat saya bisa melakukan banyak aktifitas lainnya karena waktu yang saya punya lebih banyak, tidak harus capek lagi memikirkan mobilisasi sehari-hari."
,"Pelayanan bagus, cuma boleh di perbaiki untuk pencarian drivernya karena sering dapat lokasi nya yg terlalu jauh, dan mudahan ada yg gocar untuk barang"
,"Go foodnya ngelag terus,udah pake WiFi 5G sama sinyal 5G tapi tetap ngelag,terus biaya pengiriman makin mahal,terus ada bug lokasi,tolong perbaiki,kalau gak segera di perbaiki gw pindah ke grab"
,"Signal baguss stabil tapi tidak bisa mengklik menu bantuan ,,loading trss ..dan saya udah mau jatuh tempo gofaylater..mohon bantuannya secepatnya"
,Ongkir mahal ditambah biaya ini itu. Dan ditambah klo order nunggu lama karna ngirim yg orderan pertama dulu. Kecewa sih
,"Tolong dong! Saya sudah mengubah PIN berkali² masa gak jadi. Dalam laporan ( PIN berhasil diubah ) setelah saya coba gak bisa, ini sistem nya gimana. Tolong di respon gojek"
,"Kecewa banget pagi ini, biasa aman saja, mesen gosend sesuai aplikasi dan harga aplikasi , saat driver datang malah bilang kejauhan, dan ngak mau mengantarkan barang 13.5k loh cek maxim cuma 6.9 k beralih ke maxim aja driver ramah gua lebihin jadi 10k bayar, (maxim cuma kurang fitur aja, contoh foto bukti barang di terima) teruntuk gojek bilangi sama mitra kalian baca lagi map nya"
,"Banyak hal yang kadang tiba tiba di perlukan seperti butuh ojek dll, dan juga kita bisa memakai gopay untuk membayar ataupun top up game atau apapun itu"
,"Tiba tiba dibekukan, tidak bisa transfer/terima saldo, tanpa adanya penjelasan. Auto uninstal, terlalu BODOH untuk tidak mendengarkan konsumen !!!!!!"
,"Semoga pertumbuhan ekonomi rakyat seluruh indonesia semakin maju dan sejahtera bangsanya tanpa terkecuali,,biarpun sedikit tapi ada lebihnya, tips"
,"Untuk histori transaksi yg tunai knpa tidak ada,padahal saya lebih transaksi tunai dan kalau mau repeat order harus search lagi,"
,"mesen gocar,3x dicancell...giliran mesen pake aplikasi rival,langsung dapet. kadang kalo suka nongkrong di warkop kebetulan sama driver gocar,ngeluh orderan gak ada,gak ada duit..What a joke🤣🤣🤣🤣"
,"Parah Skali ni aplikasi, mencari driver nga pernah ada, sumpah nyesal aku pake aplikasi ini, kami suda menunggu sampai 30m, tapi driver nya belum sj datang, sangat sedih,"
,"Mohon maaf bukannya mau menjelekkan pihak gojek, tapi setiap order motor ketika gerimis itu juga gak hujan kenapa tidak ada yg ngambil? Udah berapa kali coba tetap aja gak ada yg mau, beda dengan yg kuning cepat ngambil orderan dan langsung otw gak peduli gerimis sedikit aja. Kita juga ngasih lebih banyak tolong pihak gojek yg suka milih orderan di tegur kita menggunakan layanan kondisi sakit. Tolong perbaiki driver yg suka milih begitu. Makasih"
,Akun gopay plus sama kenapa keluar sendiri. Jdin harus upgrade kembali. Sedangkan ktp saya sudah agak rusak. Dan selalu gagal pada saat di upgrade.
,Direting penyelesean order turun terus setiap hari padahal sering tidak di kasih order palinag banyak cuma 1 order kenpa jumlah order turun terus ga jelas padahal ga dikasih order. GIMANA KALO SALDO GO-PAY ISI BYAK bisa 2 ilang jg.
,"Mnding aku laku ga ada biaya bulanan, gopay parah banget ada biaya bulanan, jadi dobel biayanya,kan udah ada bunga malah tambah biaya bulanan, perasaan payleter yang lain ga ada biaya bulanan dah"
,"Kesel banget sama apk ini,error,habisin waktu saya buat nunggu driver nya, gara² bug gabisa liat drivernya udh sampe mana,mobon diteliti untuk kesalahan dalam apk!"
,"Aplikasi ini makin kesini makin kenapa sih .. Lemot banget mau klik pemesanan gofood, pencarian driver nya juga lama banget :("
,"Gopaylater bug, setelah tanda tangan persetujuan, tidak dapat OTP dan stuck di sana. Tolong diperbaiki secepatnya!!!"
,"Kebanyakan gangguan...isi pulsa gk bisa, token gak bisa, transfer gk bisa...benerin dong biar kayak dulu lagi...sekarang malah jelek bgt"
,"Sekian kali gunain apknya aman² aja ,tapi akhir² ini malah driver nya kaya gak niat ambil orderan jarak jemput deket tapi gak nyampe² , sampe 4 kali begtu"
,"Terdapat bug pada riwayat transaksi gopay pada saat ingin memfilter data, tanggal 30 pada bulan April 2023 tidak ada dalam datepicker."
,"Saran Bayar Tagih Paylater Jangan lansung VIA Virtual account mbanking pengalaman buruk saya di sana sudah jelas2 sudah ada mutasi berhasil tpi tetep masih ada tagihan sudah komplan email , dan chat center lainnya tetep gk ada respon malah chat bot yg saya Terima sunguh mengejengkelkan custumer service nya tidak merespon bener pelayanan yang sungguh tidak menyenangkan rate penilaiannya jadi rugi saya harus bayar 2 kali bukti poto sudah saya kirimkan via email ataupun via bantuan app nya"
,"Kalo semisal perjalanan dekat dan yang di jemput ternyata dua orang jangan rewel, bawa aja toh nggak ada jalur tilang, lagian perjalanan nya jga cuman 1sampe2km, barangkali kita kejar deadline kan, bilangin ke setiap driver ya mohon pengertian nya, kami juga kalo semisal jalurnya tidak aman kami pun pasti pilih untuk pesan dua, terimakasih"
,"Abis d update kok malah error'.. masak pesanan saya tidak bisa di pantau dan di driver pesananya hilang, mau di cancel juga engak bisa"
,"Dulu pembayaran gopay jika ada promo akan terpasang otomatis, sekarang harus diklik dulu sehingga menyusahkan dan untuk yang sudah terbiasa dengan sistem lama lupa mengklik sehingga tidak jadi dapat promo. Update sekarang payah. Pantas saham GOTO anjlok karena mereka sudah mulai mencari2 cara untuk mempermainkan pelanggan"
,Saya selaku pengguna aplikasi gojek sangat keberatan karena di setiap pesen gojek untuk berpergian ada pemberlakuan biaya aplikasi padahal dulu enggak ada kenapa mesti harus ada pembiayaan aplikasi apalagi tarif ya udah mahal di tambah lagi biaya aplikasi ya
,"Rusak rusak, uda update, masih ga bisa cek saldo dan ga bisa terhubung pembayaran nya"
,Jaringan sinyal hp bagus.... Kuota full...knp loading lama bgt. Dan akhirnya gk bs dpake...baru top up pula. Sialan...
,"Kalo iklan itu sewajarnya aja lah, jangan di tiap aplikasi selalu ada iklan ! Saya terganggu dengan iklan kalian !"
,"Untuk aplikasi gocar tolong dong untuk sesuai titik klu order ditiadakan soalnya klu sinyalnya jelek malah kemana2, tu jemput penumpang, kurang efektif"
,"Mengecewakannn bgt laporan transaksi batal sendiri perkara kesalahan aplikasi sudah dijelaskan namun ditolak , saldo saya sudah terpotong untuk nominal terbilang tidak cukup besar tp pas ada kendala seperti itu laporan ditolak bayangkan aja kalo saya ada pemesanan dengan nominal besar , harap diperbaiki lagi bot chat csnya biar pelanggan tidak merasa dirugikan apabila saldo terpotong namun tidak dikembalikan , baru pertama kali saya dikecawakan oleh layanan gojek🙂"
,Tidak tersedia live chat untuk konfirmasi keluhan secara langsung. Contoh masalah pendaftaran gopay plus dengan KTP digital.
,"Tolong jangan sering sering eror apknya kasian driver sama customer yang masuk orderan jadi ga bisa di terima lalu customer bisa ngechat si driver dan driver kemasukan customer lain saat saya pesen driver tsbt,,jadi driver kebingungan,, saya juga sudah 2 kali gitu ,,tolong dipastikan jangan sering eror kasian driver sama customer nya makasih🙏🙏"
,"aplikasi dating yang seru abis ,komunitas dll nya aktf jadi tambah seru,untuk tampilan menu nya juga bagus banget"
,"Klo buka aplikasi customer gofood, kok daftar menu diresto kami bisa hilang ya.. patesan hari ini kok anyep banget.. Sdh telpon ke CS hanya disuruh update aplikasi, sdh dilakukan update gobiz dan gojek tp tetep daftar menu diresto kami ngga muncul"
,Parah klo buat tranfer sering peding tanpa peberitahuan lebih dulu..aplikasi sebesar ini gak ada CS nya... Transfer klo malem di pending terus..tololl
,Sudah 3 minggu sejak habis lebaran akun gonek driver saya sangat sulit mendpatkan orderan. Sehati hanya 3 paling banyak 6. Terimakasih semuanya. Hanyau bisa berhutang dan tidak bisa bayar
,"Hallo admin gopay. Tolong jangan persulit transaksi. Saya mau bayar tapi fitur tidak bisa digunakan. Saya sangat kecewa, paketku tidak jadi dikirim karena masalah ini. Tolong di tindak lanjuti"
,Mohon bantuannya mengapa saya mengubah no hp dan tidak bisa digunakan untuk pembayaran kepada google dan mau merubah kenapa susah sekali... Agak merasa kurang nyaman. Mohon bantuannya. Saya pengguna gojek
,"Kekecewaan melahirkan bintang 1,app gojek tdk sebaik yg di iklankan,transaksi isi saldo lebih dari waktu yg di tentukan tak kunjung masuk...."
,"kekurangan rincian setelah transfer tidak ada. yg ada hanya riwayat, selebihnya bagus. mungkin bisa jd pertimbangan.. Terima kasih"
,3dlu aja...karena fromo di goclub setiap bulan g ada..promo mencapai poin juga..sdah kecil..g bisa digabunginn juga..promo goreed hemat juga g jelas...jd gojek sekarang..sdah mahal karena banyak biaya2 lainya...kalo mau bersaing dengan yg lain..coba kurangin biaya2 yg g seharusnya ada...
,go mart sekarang susah cari barang yg mau dibeli gabisa pilih toko beda kalo dulu bisa pilih mau belanja dimana kalo ga ada barang bisa nyari di toko lain ini enggak kesel bngt
,Selama ini sangat bagus. Tetapi skrng biaya layanan di go food nya mahal banget kalau mnurut saya dari orng yg pas pasan hehe
,"Aplikasi ngebug udah sejam gak bisa cancel order, gak bisa lihat posisi driver. Tolong diperbaiki segera"
,"Maaf ya. buat sekarang saya kasih bintang 1. Kemahalan dibanding aplikasi lain. Mana anak saya dibawa jalan motong yang buat gak nyaman gak layak lewat gang sempit. Pesan makanan mahal banget, mending saya beli sendiri ke resto....payah"
,"katanya 24 jam upgrade gopay plus, tapi ini sudah seminggu tidak ada kelanjutan, tolong pihak gojek, jika berkas saya kurang jelas atau tidak bisa dibaca Anda tolak saja, kan saya bisa mengajuka berkas kembali dengan kualitas yang lebih bagus. terima kasih."
,Driver sampai gonta ganti berkali kali alhasil jarak 2km harus nunggu sampai berjam jam.posisi saya sedang sakit..maksudnya klo gakbisa optimal ya mending tolak saja pesananannya.atau alihkan utk berbelanja lagsung lewat cara manual
,"Aplikasi Gojek untuk Penumpang /.pun Driver khusus di.Geogle Map'nya.. Sering kali tidak Suport/. Ga Sesuai kenyata'an yg ada.., contoh..(.pesan jemput/.antar di.Gang Nusa Indah jln.Urip Sumoharjo/. Masjid Agung, Alon²..ke.Selatan tp..di.gugel map'nya di.arahkan ke Bandar kidul.., barusan sy perlu ke.Kantor Lurah Kaliombo, jln Tembusan Kamliombo, tp..kok malah di.arahkan ke.Dandangan..(Utara).., Bagaimana ini, Tolong di.Benahin dong...?!..😩😰😜"
,Kok skrg pakai gojek mau pesan makanan dan menggunakan promo pun tdk bs digunakan.. Seperti tdk iklas memberikan promo nya.. Percuma ad promo klu tdk bs digunakan...
,"Aplikasi yg sangat bagus, sangat akurat dalam penjemputan hanya saja promo nya yg aneh, saya pengguna aktif go ride tapi dikasih diskon go car terus 😂"
,"Pernah menggunakan gocar Driver baik, sopan, santun dan ramah. Komunikasi cepat dan nyaman dlm berkendaraan...👍🙏"
,Cukup bagus namun fitur nya di lengkapi iklan juga apk nya sering keluar sendiri buat hp ram 1gb serinng tutup sendiri Sebenernya cukup bagus apk ini ke kurangan bya ya itu tadi
,Tolong dong kalo mau update apk semua harus di wajib kan update lah saya setiap mau pake voucher ga bisa karna abang gojek nya ga update apk ke versi terbaru nya jadi voucher nya ga bisa ke pake
,Kok saldo saya hilang ya? Saya hapus apknya karna ada pemberitahuan wifi mati padahal tersambung kaya biasa. Pas di cek lagi saldo nya 0 padahal akunnya sama.
,Mohon untuk para coustamer apabila ada titipan blanja di luar aplikasi jangan menjajikan via tips karna penghasilan driver tidak seberpa ketika coustamer titip di luar aplikasi ada coustamer yang nakal dan tidak mau menganganti blajaaan di luar aplikasi dan biaya parkir karna di setiap resto kadang ad yaang jaga juru parkir 2 rb rupiah mungkin dari sebagian coustamer tak begitu berharaga tetapi kami para driver apabila cuma di janjikan via tips tetapi pada kenyataanya ada coustamer tidak bayar.
,"Saran, untuk order lagi di resto yang sama jika masih dalam proses order maka sebelum diselesaikan orderanya maka harusnya tidak bisa order lagi kecuali di resto yg lain. Karena untuk menghindari double order."
,Jelek sekali penyelesaian permasalahan cust nya dari email telp sampai di aplikasi masih enggak clear masalah nya padahal log in pakai nomer hp yang masih saya pakai kenapa tidak bisa kode otp enggak pernah dapat
,"maaf kenapa gopay sampai saat ini dari bulan februari belum bisa di tarik tunai di atm dan harus dengan cara transfer dulu ke rekening, tolong developer diperbaiki sistem nya 🙏🏻"
,"Hari ini saya naik gocar,dari duren sawit ke taman duta cisalak, bayar pake gopay,trus masuk tol yg bayar driver nya,trus saya bilang kedrivernya uang tolnya suda saya ganti paket aplikasi tips, dan driver nya iyain dan dah tau,tru beberapa jam kemudian saya pesan gocar lg, tetapi ga bisa, dengan alasan saya belom bayar tol ke driver sebelumnya, padahal sudah saya bayar melalui tips kedrivernya, sampai skrang kalo saya pesan gocar jadi ga bisa,ini yg salah siapa ?"
,"Gopaylaternya gojek Sudah kayak penagih pinjol Meneror terus via telepon mengatasnamakan telkom lah, kantor pos lah Bisa sampai berkali2 dalam sehari. Padahal sebelum2nya sangat ramah dan tidak ada penagihan dengan sistem spam melalui telepon. Yg berulah yg pakai sampai jutaan yg cuma dapt limit 250rb jadi kenak dampaknya"
,"Overall sudah bagus , dari segi interface maupun design , semoga terus berkembang dan perbanyak promo hahaha"
,"Makin lama makin buruk aplikasinya. Dari kemarin gabisa pesan goride sampai 3 kali pesan loadingnya lama, sekali dapat driver, detail rute detail pesanannya ga keluar tapi gopay udah berkurang. Untung bisa dibatalin. Tolong ditindaklanjuti dong!"
,"Biaya aplikasi tidak sesuai dengan performa. Pengantaran sangat lama dan kualitas pelayanan sangat buruk, tetapi biaya semakin naik dan ongkir sangat mahal."
,"Kalo lagi padat merayap dan aplikasi overload, mohon di down kan saja di awal saat ingin membuka aplikasi, sebel banget saya, rasanya ingin berkata kasar, udah tau lagi butuh cepet eh malah gangguan eror, kalo gangguan langsung aja otomatis cancel."
,Ini bgm aplikasi nya..kok susah loading menu Gofood nya..sering2 begini bisa di tinggal customer...ini bukan karena sinyal internet...tp aplikasi nya...
,Makin hari bukannya makin bagus upgrade malah tambah jelek aplikasinya... Ga bisa transaksi buat apa di upgrade.. Gojek mengecewakan
,Bintang 5 dari saya. Tapi saya harap ada pengecekan ulang pada sistem top up nya yg tidak bisa membuka konten yg dikirim oleh keluarga untuk top up gopay.
,"Sering eror,dobel orderan mitra ongkos tidak sesuai jarak tempuh, orderan nya ga pasti kadang sehari penuh hanya 1 orderan masuk untuk Kevin pesannya sejahterakan seperti awal gojek dulu castamer,mitra agar persaingan lebih optimal dan berkembang dengan bagus ga kyk sekarang awur"" an biasa pesan gofoood nya"
,Tolong untuk go good resto nya bener2 di cek gambar sama kenyataan banyak yang beda basak asal2an kaya ngasih binatang lama2 nyesek juga kita beli makan karena laper beneran dan ga mikir harga tapi resto banyak yang mengecewakan
,GK memadai sama sekali ni apk .. kalau apk nya gak bisa berfungsi dengan baik lebih baik tutup aja deh..
,"Selama menggunakan aplikasi ini belum pernah mengecewakan, benar2 profesional. Semoga semakin lebih baik kedepannya. Mantul 👍"
,Ini mau beli voucher goride aja sama sekali ga ada loh. Parah banget. Padahal saya pelanggan udah tahunan. Tumben banget. Voucher juga bayar ga sih.. 9ribu juga lumayan loh. Ini saya beli juga loh. Kenapa tidak tersedia sama sekali.
,Tranfer ke bank Selalu banyak Masalah Pendingan Selalu Sering Saya Alami dgn Aplikasi Gopay ini.. Saran Saya Tolong Jangan Pakai Aplikasi ini. Sudah beberapa kali Saldo Saya hilang
,"Saya sudah lama menggunakan gopay untuk transaksi, kemudian saya sudah lama tidak memakai gopay lagi pas saya mau memakai kembali untuk transfer ke sesama gopay malah gk bisa transfer dana ke sesama gopay lagi, katanya di blokir karena ada aktivitas mencurigakan. Aneh"
,"Saya tdk bisa pakai gofood mode hemat. Mau lapor email bingung, lewat bantuan sekrang ribet. Padahal apk sidah versi terupdate"
,"Saldo hilang setelah membatalkan pesenan, di batalkan kan lama banget nunggu drivernya, di chat gak di bls padahal di baca jaraknya penjemputannya deket, motornya gk jalan di maps."
,"Mantap. Tapi kurangin erornya, sama promo nya mohon yang jelas dan mudah dipahami juga digunakan."
,Kenapa gopay saya tidak bisa muncul.& Saya tadi sudah top op 100k d Alfamidi di aplikasi gopay nya saldo saya tidak bertembah tetapi aneh nya ada notif penerima saldo 100k mohon bantuannya
,"Baru lagi pake go food, tiap mau nyesuaiin titik lokasi pas pesen dan udah dapet driver tiba tiba titiknya berubah. Dan driverny jadi ngomel"
,"Seneng sebenernya pakai gojek, tapi pas order gocar waktunya udah mepet banget tapi driver ga ada yg nerima, padahal banyak loh drivernya.. kesel banget sampe coba berkali kali order tetep ga ada yg nerima padahal lagi butuh banget akhirnya gajadi berangkat, tolong di perbaiki ya terimakasih"
,"gojek emang membantu dalam hal makanan ataupun transportasi, kenapa saya kasih rating 2 karena biaya ongkir gofood terlalu mahal, dapat diskon pun seperti tidak berbeda jauh harganya 😫"
,"Saya kecewa selalu bermasalah dalam penggunaan, pesan satu antar 3 x , tidak memesan terkadang ada pesanan masuk ..."
,Tolong di perbaiki sistemnya.. dikasih driver yg jauh terus jemputnya kasian kan kita pengen cepat buru.. kasih driver yg terdekat biar cepat dan mudah..
,"Mau pesen makan di gofood tapi kok pembayarannya susah ya, mau bayar pake gopay dan pasang promo malah ga bisa tolong dong di benerin lagi laper malah apknya eror gitu"
,"Untuk tarif nya lebih mahal daripada yg sebelah aku kira lebih murah,dan driver utk daerah skw juga masih kurang tolong di perbaiki lg dong"
,Driver sudah ditunggu 30 menit ..tiba tiba membatalkan pesanan.sepihak....padahal kita lagi dikejar waktu menuju ke station..
,Transfer saldo dari gopay ke akun bank jago tidak di terima lebih dari 2x24 jam.. alasan klasik .. bla...bla.. bla.. intinya Masih terus menunggu.. makin hancur ni . Hati² !!!
,saya klik titik tujuan yg diinginkan eh malah setelah driver terima pesanan saya malah jadi beda titik tujuannya semoga developer perbaiki lagi untuk driver si ok
,"saya kasih bintang 1, soalnya tambah lama tambah gak ada promonya alias promo baru ada tapi minim di atas 50rb beli makanan, masih lebih enak yg dulu promonya"
,"Kak knpa gopay skrng tidak bisa transfer ke gopay lagi,,,sering banget ada bacaan""Kami memblokir fiturnya di nomor penerima karena adanya aktivitas mencurigakan"" tolong perbaiki"
,"Untuk layanan go mart mending balikin ke versi sebelumnya, jadi bisa pilih sendiri mau belanja di toko mana dan bisa bebas pilih, sekarang d tentuin dari aplikasi banyak yg gk tersedia jadi nya, malah kurang terlayani.tks"
,Tolong tambah fitur chat ke resto untuk bertanya memastikan pesanan. Dan permudah untuk memberi rating ke restonya sama mudahnya seperti memberi rating ke driver
,"Biaya layanan aplikasi terlalu mahal, lebih baik tarif seperti awal2 dulu, hanya ada biaya ongkir + harga makanan aja. Fix Uninstal Gojek."
,"Driver nya makin sulit didapat ter utama mobil apa lagi diarea bandara,terminal,stasiun,,sekali dapat lokasi jauh sekali,,"
,"Dulu promo voucer gofood bisa digabung, sekarang kaga. Kemaren gopay coin + saldo gopay bisa digabung buat pembayaran gofood, sekarang kaga bisa. Makin lama makin kurang nyaman. Pakek apl dibawahnya aja deh"
,"Minta infonya dong kepada team gojek, memang kebijakan alfa untuk pembayaran sistem gopay lewat voucer maksimal 1x transaksi ya. Padahal sebelumnya sehari itu 5x transaksi. Percuma donk saya dapet voucer 100rb x 5. Padahal kita bayar loh🤔 tolong dong untuk penjelasannya."
,"Promonya sangat aneh, di lokasi yg sama bisa beda promo untuk 2 akun atas resto yg sama, ada yg diskon ada yg tidak, kembalikan promo ke yang dlu"
,"Gimana si beli tiket kereta kepotong 2x, sudah email lama banget balasan nya. Gimana si gojek sama pengguna nya fa care nih males bgt gw gw turunin review lu jd bintang 1. Karena lu itu ga care sama pengguna lu customer service nya juga.."
,"Apk parah transfer ke bank selalu ga bisa, saya transfer ke bank pada saat mau lebaran, malah di pending sampai 4/5 hari, padahal itu saldo untuk lebaran dan akhirnya saya ga megang uang sama sekali pada saat lebaran!!!! Apk taii"
,Enak belanja makanan di gojek karna selalu dapat harga murah dan selalu dapat promo pokoknya mantap dah...
,"Aku tau saham goto anjlok tapi minimal berbenah laaaa, ini tiap mau topup pulsa malah keluar trs dari aplikasinya, tolong la jgn bikin pengguna kecewa ini aplikasi anak bangsa gimana mau bersaing sama aplikasi yg lain klw kualitasnya makin anjlok"
,"Mohon maaf admin.. ini aku top up gopay pake Mobile banking, namun setelah transaksi berhasil kok di belum masuk ya? Apakah lagi ada trouble kah? Padahal jaringan sinyal saya aman2 aja. Mohon direspon dan tindak lanjutin. Terima kasih"
,"Aplikasi loadingnya lama, sudah di uninstal kemudian di instal ulang mau masuk akunnya loadingnya juga lama, apakah ada solusinya? Terima kasih"
,"Awalnya bisa masuk loading terus.. Kmudian di uninstall tetap tdk bisa juga.. Kecewa bgt.. Sampai skrg tdk bisa masuk jg., loading terus"
,"tolong yaa terutama buat layanan gosend di tingkatkan lagi, klo emg belum siaap ambil barang jgn di ambil tunggu 5 menit kaga jalan2 di chat kaga respon, semisal masih mau ngerokok lelah2 mnding gaush ambil, sama2 membutuh tapi malah se enaknya, jgn mentang2 lebih tua se enaknya,"
,"Setiap saya mau pesan pasti ada muncul server sedang rusak.Padahal jaringan udah bagus, mohon diperbaiki lagi ya saya kecewa"
,"membantu banget, tapi kalau malam sering pending, jdi susah buat dibuka kalau malam padahal butuh banget waktu malam"" pesan makanan"
,"Makin sini makin mahal, tapi pelayanan nya jelek, saya pdhl sudah langganan selama bertahun2 pake gojek, tp akhir² ini pesanan sering banget fi cancel, dalam 1 hari bisa 10x cancel, aneh ."
,"Saya sudah isi saldo, ketika bayar di kasir Alfamart tidak bisa sudah scan berkali kali baik barcode maupun QR scanner.. tolong segera diperbaiki"
,"Terlalu besar biaya untuk pemesanan makanan. Tidak seperti dulu lagi. Sudah ongkirnya mahal, ada biaya pemesanannya lagi 😏"
,"makin hari gak makin upgrade, malah makin eror, jadi males pake apk ente lagi."
,"Aneh dengan aplikasi gojek sekarang, saya punya banyak voucher promo QRIS, tapi setiap saya transaksi pakai QRIS & pakai kode promo QRIS gak ada satu pun cashback gopay coin yang masuk. Tapi diketerangan setelah transaksi saya dapat cashback gopay coin, tapi mana gak ada yang masuk satu pun itu cashback. Parah aplikasi gojek sekarang !!!"
,Sering telat kerja gara gara order gocar atau gobike di sini Sistem nya kura respon pas kita mau order. Kadang aplikas ini suka eror padahal sinyal internet kita aman aman aja Pokok nya di sini masih banyak kekuranganya lh
,Aplikasi nya bagus tapi akhir-akhir ini ada error di bagian map nya drivernya tidak muncul nanti ada pemberitahuan ojek nya hampir sampai nanti berubah lagi jadi 7 menit dan lainnya. Saya mau cancel juga susah nanti ada tulisan pesanan nya tidak ada. Tolong perbaiki lagi 🙏🙏
,"Setiap transfer dari gopay ke bank Jago selalu pending suruh nunggu 3 hari, di ewallet lain gak nyampe 1 menit, parah ini aplikasi, tolong donk mana mau lebaran, saldo gopay sudah terpotong, tapi di rekening penerima belum masuk, kirim laporan juga percuma ujungnya suruh nunggu 3 hari"
,Kenapa ya klo driver nya nelp gak bs sy angkat. Ktnya aplikasinya hrs di update dulu. Tp sy liat gak ada keterangan buat di update di playstore nya... Knp ya?
,Kapok pakai gopay later....katanya bisa bayar sampai akhir bulan tapi sekarang harus bayar hari itu juga 🙈 terus laternya buat apa? Belanja pagi bayarnya malam gitu? 😆 koplak
,"Tolong di perbaiki lagi, masa tarik saldo ke aplikasi jago harus nunggu 24jam...bagaimana kalau kebutuhannya mendesak....tolong di perbaikilagi pelayanannya...kecewa!"
,kok gopay sekarang gabisa buat top up2 yang lain ya?? pdahal ngisi gopay banyak buat top up game tapi sekarang tulisannya selalu ga tersedia mau bayar di aplikasi apapun
,"Pesan food lama banget dapet drivernya padahal didekat resto banyak banget driver yg nyender,trus jg ketika hujan kenapa sistem pesan antar dimatikan,?? tolong dibenahi lagi donk sistemnya kasian mitramu mereka juga kerja tapi kalian semena2.."
,Kenapa go send tidak mau ya ..sdh 8 jam lebih masih cari driver dan di cancel pun tidak bisa...sdh telat banget pengiriman gini.cancel saja susah
,"👎👎👎Voucher sering tiba2 hilang dan tdk bisa dipakai. Bad. Bad. Bad. Sekalian aja ga usah ngeluarin voucher, diskon dll percuma g bisa dipakai. Ribet. So bad. So bad."
,"tidak bisa mengganti nomor baru, katanya sudah didaftarkan, sudah berbagai cara tetep tidak bisa dan akhirnya tidak bisa login karena nomor yang lama sudah tidak aktif"
,"Sering dapat diver yang jauh dan lama sampai, padahal pesanan cuma bubur. Dan sebagai pelanggan lama, promo nya juga semakin hampir tidak ada lagi yang saya dapatkan, ongkir nya juga makin mahal dan tidak jelas biaya tambahan nya."
,"Gofood ongkir mahal ada biaya pelayanan juga,terus kenapa kalo pencarian restoran tidak bisa terus,pencarian terdekat,promo,terlaris gak ada kn aneh"
,kemahalan! driver nya gaada yang bener kebanyakan! udah sering ngadu kesiangan ke driver malah seenaknya nge cancel orderan jadi nunggu lama lagi!
,Sebagai penumpang saya kecewa untuk pelayanannya. Padahal saya pkai tiap hari dan baru ini cancel orderan grgr mau bareng adek saya tp saya malah di ancam sama driver supaya driver lain tdk mau mengantar saya. Menyesal tdk pernah memberi reting jelek pd driver itu pdhl banyak minusnya . Semoga ada fitur bisa pilih driver .
,"Ongkir sama biaya layanan mahal itu 1, dan 2 hemat sama reguler sama"" Pake voucher tetap aja perbedaannya hanya waktu pengantaran hmmm Sangat buruk aplikasi GO-JEK sekarang mending pake grab food itu fakta bro"
,Gimana ya kak kok di gojek aku ngak bisa pake diskon flash sale padahal udah sama dengan harga yang harus dipesan dan jg pakai pembayaran yang sama kak yaitu gopay tp gk bisa dipake diskon nya gmn ya?
,"Tingkat akurasi peta sangat buruk sekali, seringkali leg padahal koneksi bagus, drivernya pada jauh. Dan terutama biaya bungkus makanan, biaya aplikasi dllnya itu loh yang sudah hampir segarga ongkir. Jadi berasa 2x lipat ongkirnya kalo sekarang memang pernainannya cantik banget nih aplikator"
,"ada apa dengan aplikasi ini? tranfer saya ke bank sering sekali di tangguh kan, sampai saya harus nunggu 2-3hari, terkadang saldo yg saya transfer itu sangat"" d perlu kan untuk segera, tapi aplikasi ini sungguh reseee"
,"semenjak update, pemesanan jadi susah sekali. padahal kuota saya banyak dan sinyal kuat. lama2 saya pindah aplikasi sebelah"
,"Aplikasi yang sangat membantu sekali dalam pemesanan makanan atau pun antar jemput ,lebih praktis dan mudah"
,"Biaya semakin mahal aja, di tambah lagi skrg pake biaya aplikasi dan biaya bungkus belum lagi ongkir, ini lebih mahal biaya gojek nya dri pada biaya pesanan"
,Tolong dong Kalou mau bikin aplikasi gojek harus yang bener bikin nya udah banyak iklan dan banyak bug nya tolong di betulin Kalou nggak betulin aplikasi GO-JEK ini harus di tutup aja Kalou nggak minat betulin aplikasi nya
,"Tolong di tingkat kan lagi ke akuratan maps nya, Driver banyak yang nyasar kalau lagi nganterin go food, yang lainya oke sii 👌"
,"abis update tiba"" aplikasi nya ga bisa di pake loading terus, mana lagi ga bawa dompet. di mohon segera di perbaiki ya min soal nya agak sedikit merugikan"
,"Yang cerdas dong. Untuk top up saldo bukannya dipermudah malah berbelit, ribet . Kalah sama aplikasi sebelah."
,"Skrg pesen food lewat gojek mahal,,biaya ma ongkir ja 15rb,tu ja trip jarak dekat,,malah lebih murah aplikasi sebelah...tlg aplikator,,lau begini trs,custamermu pada pindah sebelah.."
,"saya kurang suka sama pelayanan beberapa driver yg tidak sopan baik ke resto atau ke customer tidak sopan hanya perihal pesanan tetapi terkadang tidak sopan perilakunya tolong di tindak lanjuti untuk para drivernya agar lebih sopan kepada customer maupun resto, karena saya juga bekerja di resto beberapa kali mendapatkan driver yg kurang sopan untuk pengambilan orderan. Dan saya juga beberapa kali mendapatkan driver yg membawa pesanan saya sebagai customer tetapi perilaku nya juga tidak sopan!"
,Ini aplikasi banyak bug udah di ganti kode pin nya ke yg baru masih gk bisa gmn ini
,"kurang suka sama apknya, sekarang udah langganan gofood plus tapi hanya toko yang plus yang dapet gratis ongkirnya dan sekarang juga harus yang 30 hari"
,Kalo konek wifi bisa dia applikasinya kalo pakai jaringan data selluler dia blng tidak ada internet diapp lain game lancar aja padahal bukan sekali dua kali
,Mulai januari sampai sekarang aplikasi error ( setiap hari ) jarak pengambilan order terlalu jauh 3 -4km dampaknya 80% driver tidak mendapatkan order ( 7 jam cuma dpt order 1 - 3 order ) surve klo ingin kenyataan ....
,"makin lama appnya makin ga jelas, kouta ada 100gb+ jaringan jg bagus tapi di app selalu koneksi eror. aneh aneh"
,"Aplikasi nya skrg buruk bgt. Costumer service nya juga gaa mengerti. Ada salah dipemesanan malah dilempar ke penjual, terus fungsi gojek sebagai pihak penengah itu apaa ya? wkwk"
,Brengsek. Loading parah padahal saya di kota besar. Akhirnya gue ketinggalan pesawat. Aplikasi sampah udah selalu bikin kecewa
,"gojek ni kenapa ya ya ampun sering bgt erorrrr!! masa loading teruss, udah coba di uninstall dan install ulang malah gabisa masukk muter trs. Solusinnya apa ya? mana gopay saya ada saldonya mau di hapus sayang."
,saya biasanya tranfers ke bank aman aman aja sekarang kenapa transfer ke bank ga masuk masuk tulisanya sedang di proses saya dari dulu pakai apk ini sangat bagus baru kali ini uang yang saya transfer belom masuk masuk mohon di proses karena uang itu saya membutuhkanya
,"kl dibilang gangguan jaringan kenapa tiap pakai app gojek jaringan jd lemot, tp sy coba pakai steaming nonton youtube, vidio, dll lancar jaya ya?"
,"Saya bayar, sebelum bayar udah dipastikan voucher nempel. Pas udah bayar, malah voucher gak dihitung nempel & gak dpt cashback. Aplikasi Penipu!! 👎👎👎👎👎"
,"Maps di aplikasi ini tdk akurat, sering lari/ tdk sesuai dgn lokasi/ alamat pd saat memesan/ mengorder"
,Ini seriusan promo flash sale promo resto gofood ilang? Atau cuma di aplikasi saya aja yang hilang? Padahal bener2 tertarik gara2 banyak promo cashback. Semoga promo cashbacknya balik lagi
,"Apkikasi cukup bagus, tapi sesekali error sbg contoh beda saldo di apk Gojek vs apk BLuebird.Riwayat transaksi Gopay gak bisa dihapus!!!"
,"gojek ini kenapa ya, dari jam 4 kurang 15 sampai sekarang saya pesan sudah di acc saldo juga sudah berkurang tapi kok gabisa, mau dicancel juga gabisa ?"
,"keluhan driver gopartner di playstore tidak ada pernah ada jawaban,, hanya keluhan customer saja yg dijawab,, mitra mu juga menguntungkan untuk mu,,dengan potong2an mu yg semakin menggila."
,"Sekarang pelit kasih potongan nya, dah gitu biasanya pakai potongan resto juga ongkir bisa kok ini cm 1 voucher aj. Tolong donk kasih promo yg bagus, ak pelanggan setia gojek tau"
,"Maaf kalo bintang 1 ya, soalnya kadang server gojek lelet parah walaupun saya memakai mobile data. Terlebih lagi, sering ada error koneksi walaupun koneksi wifi sudah kuat dan masih bisa berfungsi normal di aplikasi lain, mohon untuk paling tidak di perbaiki servernya terima kasih."
,Aneh lu .. gopay plus udah lama malah turunin jadi basic.. mau upgrade lagi malah gak jelas katanya e-KTP tidak sesuai data dukcapil.. konfirmasi ke dukcapil sudah sesuai lho.. trs kek mana jalan pikiranlo
,"Kalau driver atau restonya ngechat ga ada pemberitahuan, jadi suka ga ketahuan dan kadang bisa jadi salah pesanannya"
,"Berkali kali upgrade gopay plus tapi gagal terus menerus, padahal wajah dan foto ktp sudah sama, sinyal juga sudah baik"
,"Ini aplikasi apaan,kalau gak niat bikin promo dengan masukan kode promo?? Kog susah banget dan alhasil kadarluwarsa mending pakai apk sebelah saja tidak mengecewakan"
,"Aplikasi Tidak Dapat di akses sudah lebih dari 2 bulan. Tulisannya ""tidak ada akses internet"" padahal internet/kuota aktif 😏"
,"Aplikasi ini terlalu menganggap bodoh orang ada reguler dan paket hemat tp bolak balik gitu sama za,, terus pesen goride ga bisa ditempat yg saya titik ada tanda merah paling gila ini apk"
,"overall makin tambah bagus, cuma tambahin dong mode gelapnya, biar bisa lebih bagus dan tambah nyaman."
,Gimna dengan saldo saya yg saya saya TF di bank jago dari siang tdi. Sampai saat ini blom juga masuk saldo ya.. gimna ini pertanggung jawaban kalian. setelah saya TF Saldo gopay saya berkurang. Berkurang entah tidak tau kmna.. di cek saldo rek bank nya yg di tujuh. Tidak ada saldo masuk
,"Update biar ada filter dong, biar bisa filterin jas hujan, susah kalo hujan gk dapet dapet"
,"Udh order tapi ternyata didrivernya nggk masuk katanya, pdahal udh nunggu 1 jam an, coba dibatalin tapi nggk bisa, udh dicoba banyak kali tetap nggk bisa, gimana sih😡"
,Tranfer pendingnya lama banget saldo sudah terpotong tapi blm terkirim. Mana penanganya lama. Di chat tidak di bales. Sangat merugikan customer
,Sekrang makin susah nyari goride dan kenapa sekrng jadi kaya gini ya?dulu gampang order nya skrng malah makin lama order nya. Jadi mohon di perbaiki min
,"Makin lama aplikasi nya makin ribet..bukannya makin praktis..aneh,utk gojek jgn lebay2 deh ya..masak mw pake aplikasi go send nya byk bgt yg harus di isi..sdgkan kita kdg lg pgn buru2..toling dibalikin kyk dl lagi,yg praktis jgn byk embel2"
,"Tolong diperbaiki tentang pencarian lokasi jemput alamat sudah benar tapi tidak bisa terdeteksi , TERIMAKASIH"
,"Dulu awal-awal sering ada diskon 10 voucher, pas dipakai sampe habis taunya akunnya malah ga dikasih diskon lagi, kalau memang ga niat kasih diskon 10 voucher ya ga usah disediakan 10 lah"
,Ada tagihan gopayletter. Mau bayar tapi aplikasi gojeknyangabisa dibuka. Tukang tagihnya galak galak dan ngomong kasar. Nunggak juga karena aplikasinya maintenance terus. Tolong dong kita bukan mau kabur. Tapi emang aplikasi aja yg ga bisa dibuka
,Turun jadi 2 nggak konsisten. gopay latter tiba2 nggak bisa dipakai tanpa konfirmasi mengenai bayar anti telat selalu tepat waktu.
,Aplikasi nya makin jelek masa lemot nya minta ampun ngga bisa buat buru buru lemot !!!!
,Aplikasi ini rekomended saya membuktikan nya sendri kmren soal saldo dan kini saldo saya masuk kembali walaupun respon kinerja sesuai aturan pling lambat 2hari dan terbukti aplikasi ini amanah dan bertanggung jwab. 😊
,susah dapet kode OTP nya! padahal jaringan dan nomor nya sudah lengkap.
,"gara2 sering uang masuk ke gopay, langsung fitur dinonaktifkan, udh bikin laporan berkali2 tapi ditolak. gmn pengguna gk berkurang klo gini wkwk"
,"Baru kali ini sangat mengecewakan, sangat tidak menghargai pelanggan yang telah setia menggunakan gojeg. Bukan nya rewardnya ditambah, malah dikurangi untuk pelanggan setia. Penurunan level di goclub sangat tidak profesional sekali, kami ini user bukan marketing gojeg!!!"
,"2 kali pakai gopaylater lancar gk pernah nunggak. rajin transaksi pakai gopay, tapi gopaylater di blokir. mengecewakan."
,Bad user journey utk gofood ktk barang dianter gak komplit ga bisa chat hanya oneway dari warung ke user tdk bisa bolak balik. Musti dimprove atau orng lroduct suruh jajal flow nya dg ngatif case
,"Semenjak di update kemarin, kenapa ko setiap mau pake gopay later tiba2 tidak ada koneksi sih?? Aneh banget."
,"Status di proses mulu tapi udh ber jam jam gak di proses sama sekali, aplikasi nya makin sini makin aneh, benerin coba bos saya tf gak masuk²"
,Aplikasi aneh. Giliran mau bayar gopay later malah suruh daftar ulang. KTP. Udh di coba berkali kali bilang ny jgn nyerah jgn nyerah. Tolong pihak GO-PAY solusi ny
,"Ribet stn! Mau login pke nomor kgak bsa krna lupa sandi, login pke nomor sama malah blgnya gada email yg tersambung dgn nomor tsb. Mau nyoba login lgi kdu nunggu 30menit . Mna urgent! Minimal adain opsi login pke email lah bmbang!"
,Aplikasi sering error Dan driver nya suka seenaknya sendiri. Inu yg daftar ke gojek ittu bebas atau ada kualifikasinya yahh?? Kok kayaknya driver gada yg hargain waktu bngt hehe :' Nge rugiin bngt si klo orng udh telat milih gojek biar lebih cepet eh drivernya mlh bodo amatan ama waktu si cust
,Lebih maju lagi selangkah bisa???!!! Jangan argo di saya normal tapi yg di terima driver gak manusiawi potongannya terlalu WAH...!!!!
,Gojek tolong kalau memang pengantaran terlalu jauh atau susah mencari driver pesanan di Batalkan sajah. Jadi kami tidak mengunggu terlalu lama?? Apalagi tidak bisa chat dengan pihak resto. Bingung jadinya??????????
,"kontolllll...semakin maju semakin mendunia aplikasi ini ,,,tampilan nya kebanyakan neko neko...gak bisa simpel ..gak kayak jaman nya management nya nadim...kevin ruweeett..."
,ini uda 2 hari gabisa dibuka kenapa deh minn padahal uda di update jaringannya juga okee buat buka aplikasi lain cuma gojek doang ni gabisaaa
,"Error gak bisa masuk padahal sinyal bagus, Kalo gini terus kyknyaaa........"
,Koneksinya sangat buruk tidak bisa menampilkan saldo juga susah buat transfer
,kenapa saya tidak bisa transfer ke rek Bank. disuruh upgrade tapi kolom tak ada. Padahal sudah upgrade tahunan.
,Aplikasi yg membantu dan bermanfaat bagi kita ketika sedang tdk mempunyai kendaraan atau pun tdk bisa pulang 👍🏻 bintang 5 buat gojek 👍🏻👍🏻👍🏻👍🏻👍🏻
,"belum siap untuk tarik tunai banyak kendala proses di mulai jam 5 pagi sampi jam 14:00 masih sedang di proses, kapok pake e-wallet ini tidak bisa diajak untuk keadaan mendesak"
,Ribet anjir. Security nya menyedihkan. kalau rakyat nya yang gak pinter mau gimana juga kehack ujung ujungnya. Kenapa gak pake facial recognition aja buat verifikasi nomor. Dev gajelas deh
,Sering terjadi lag pdahal jaringan bagus dan saat mau bayar sistem eror terus
,"Transfer saldo ke rekening bank status menunggu , biaya doang 2.500 , tapi pelayanan nya sangat asu , gk layak dapat 1 bintang juga ini gopay , buruk pelayanan nya , mengecewakan sekali"
,"Apaan anjir..... Email baru tapi dah ke daftar, pas dipakai login gak bisa, aneh asu....."
,"Tepat waktu, drivernya juga ramah dan komunikatif, Top lah pokoknya..."
,Kecewa sama aplikasini ini drivernya banyak yang ga ramah ga seperti aplikasi sebelah ramah tolong perbaiki
,Pesan-diterima-disiapkan-diantar. Tepat waktu sampai tujuan. Sangat sangat puas.
,"Make Gofood sebenarnya ga masalahin biaya ongkir yg jadi masalah itu biaya aplikasi dll, aplikasi sering ngebug tapi biaya kenaknya ga ngotak"
,"Tolong gojek di perbaiki,gofood nya makin kesini makin banyak yg malak parkir padahal jelas di resto ga ada parkir udh banyak biaya tambahan di tambah banyak bohong soal parkir mending kalo emg ada parkir driver lngsung ambil di gopay aja tapi harus ada bukti parkir biar banyak yg ga bohong soal parkir bukan krna uang nya min saya termasuk yg suka kasih tips tapi klo driver ga jujur saya juga malas apalagi ganggu nunggu uang parkir baru taro makanan"
,Pakai go box gabisa pilih kendaraan cm bisa engkel box.dan tdk semua daerah bisa.... makin lama makin gak jelas aplikasinya
,"pelayanan oke. cuma kalau bikin iklan video yang bisa muncul, jangan cuma layar hitam saja"
,Aplikasi gak jelas udah daftar gopay plus berhasil lalu ada notif gopay kamu gagal menjadi gopay plus lalu saya daftar lagi malah gak bisa aplikasi gak jelas banget
,Makin lama makin mahal aja ongkosnya gak jelas kenaikan nya berapa.. harga berangkat sama pulang beda2.. Otw uninstall mahal banget!
,"Setelah update mau invsestasi lodingny lama bgt, dan ngestuck di situ"" aja"
,Drivernya cepat dan barang Rapih. Sekadang agak susah dapat Gosend agak lama menunggu tapi gak masalah trimakasih
,"Semua orang nyari promo, free ongkir, diskon ongkir, ongkos murah, apapun yg nguntungin itu wajar adanya buat efisiensi keuangan, ceritanya apk ngadain promo bakar²an duit biar bisa exist terus, tapi tau ga lu?dgn adanya fitur promo di apk manapun dpt merugikan pihak driver, zaman skrg mana ada apk yg bakar² duit pake 100% duitnya sendiri?Resesi global bro,duit darimana?Yg ada apk bakar duit driver lewat promo yg lu pake, jadilah WNI yg manusiawi terhadap sesama WNI, salam waras selalu🙏driver"
,"Utk Gopay tolong 1KTP bisa buat beberapa akun gopayPlus, masa dibank dengan no ktp yg sama bisa buat 2 smpi 3 tabungan dibank, ini malah tidak bisa, katanya teknologi berkembang, mana!!!"
,Knapa ya saya beberapa x topup saldonya ga masuk. Tolong dijawab. Saya merasa dirugikan dengan masalah ini.
,"Anjirlah go transit gabisa, gw jadi telat mana gaada uang cash, gabawa kartu juga gabisa diandalkan mengecewakan apalagi error di jam prime sumpa kecewa parah sebagai pelanggan setia yg pake tiap hari"
,"Sangat bagus dan membantu, terus kembangkan agar semakin baik untuk kedepannya."
,Aplikasinya kenapa sih mau pesen go jek eh loadingnya lama padahal internetnya lancar
,"GO-PAYlate nya, baru jatuh tempo 2minggu dah di telpon kayak apa aja, wajar klo dah lewat sebulanan, di telpon kita pun maklumin"
,ini kenapa aplikasi nya ga bisa di buka langsung keluar sendiri? padahal udah update
,"Pelanggan lama jangan sampai dilupakan, masa sejak awal sudah pakai gojek, tapi belum dapat fasilitas full dari gojek. Cuma dapat gopaylater."
,Aplikasi bagus jadi aplikasi kuntul skrg.maaf jaringan kami padat merayap.tp penguna disuruh cek jaringanwifi dan internet bermasalah.kan babi ini aplikasi.
,"Uda bayar tagihan gopay paylater, tapi pembayaran tagihan belum diterima,Uda 2hari ngisi laporan/bantuan tp blm ada progres"
,"knpa klo mau tf gopay harus upgrad, padahal banyak orang yang tidak upgrade, padahal kalo ada piktur gak upgrade enak, bisa tf langsung, klo tf di luar gunain qris biyaya admin 5rbu, apa kalian tidak tergiur dengan ke untungan pengguna gopay tidak uphgade"
,"Sangat buruk gopay plus, KTP dan foto sudah sesuai dianggap gagal, trus dana yang ada nyangkut tidak bisa dipakai, parah, balikin duit gw woy..."
,"Saya suka sama pelayanan nya,karena fast respon,untuk customer servicenya,jadi saya kasih bintang 5"
,"Apk error,gopay udh off,bisa ngurang sendiri saldonya.. apk bodong.. nyesel udh daftar.."
,"Tolong apk hojek di perbaiki lagi sekarang agak gangguan mau pesan makanan jadi gak mood mau pesan lewat apk goofod ini lagi, secepatnya di perbaiki"
,"Saya menyukai pelayanan gojek tingkatkan lagi dan tepat waktu,ramah baik dan bikin shelter biar mudah dan menjadi ojol no.1 di indonesia semoga bisa menarik minat warga agar ke gojek bikin layanan kirim barang express dan bikin nyaman dan aman tingkatkan safety dan lengkapi segalanya semoga gojek sukses bisa meningkatkan taraf masyarakat yang membutuhkan loker dipermudah semoga bisa ada pelayanan tiket secara nyaman dan aman express tdk bikin ribet"
,"Lemot bgt, signal HP stabil aja untuk buka Apk lain, belanja lama bgt ke bukanya Mohon diperbaiki ya 🙏"
,"Hadeh, aplikasi cacat, sering banget saldo ke pending, kapok pake lagi, lepas duit balik, delet permanen"
,Aplikasi buruk ketika hujan pesen makan susah kali cari driver!!! Unfolow aja lah ni apk
,"Setelah update jdi tidak buka aplikasi,otomatis Langung kluar2 dri aplikasi mohon solusinya"
,Terimakasih telah di respon...dan tambah bintang lagi jika page link no error lagi dan respon dev pada postingan rating
,"Beli pulsa telkomsel bayar pakai gopay tertera ada cashback coins,. Pas Sudah bayar eh gak ada cashbacknya.. Tolong hapus aja promonya kalo gak ada"
,Aplikasi mudah di operasikan dan pelayanannya baik semua.
,"TF nya sering gangguan Mulu disuruh tunggu 3 hari eh sampe hari ke 4 blum juga masuk, sampe sekarang"
,Kenapa digopay saya tidak bisa tarik tunai padahal sudah upgrade padahal sebelumnya ada
,"Mau dimana aja aplikasi tetap kepake,,, lengkap semua muanya tapi masalah tarif kali yeeee bisa kali dimurahin lagi"
,"Lama dapetin driver, PHP teruss pada cancel, ini gmn sih? Udh ngarepin banget, udh smpe driver malah dicancel sedih banget udh nunggu panas panas🥲"
,"Sangat membantu dalam sehari hari, pertahankan dan selalu tingkatkan"
,Ini kenapa gak bisa buat bayar alfagift sama yg lain.padahal baru top up.dan baru aja di update
,Sangat trbantu... Sdikit saran untuk di aplikasi gocar agar di beri keterangan warna kendaraan jg donk
,Ditingkatkan lagi sering error padahal koneksi stabil
,Ini gmn siihh apk ny g bsa d buka terus mna ak baru isi saldo tp g bsa d buka terus tolong dong woii ini gmn
,"Memang memudahkan, tapi yang engga saya suka saat di butuhkan di saat ujan golcar sering membatalkan 😔😔😔😔😔"
,Tidak bisa log in knp ini...??? Minggu kemarin masih bisa Ini kode otp nya tidak ada Terus
,Kata bikin mudah kemana ajh dan setiap saat tp nyata nya gk ada respon.
,Aneh masak iya nomer ga ke daftar masih bisa ke kirim curang banget terus kemana itu uang nya??
,"Interface pembayaran ribet, seperti mau tarik tunai entah dimana letaknya susah ketemu"
,"knpa stlh di up ga bisa apa-apa, gofood gbsa go pulsa gbsa dll jg gbsa d buka tlng dong min, trs coba uninstall gbsa masuk"" jga"
,"top up,transaksi dan kebutuhan cepat gak ribet ."
,"Gopay sih aman bgt, tp lumayan ke ganggu krn kesempatan masukin pin-nya klo salah dikit bgt, hrs nunggu sejam buat bs transaksi ulang. hufftt"
,Aplikasi kok gg makin murah makin mahal aja kapok pakai . Biaya kok segitu banyak nya makanya driver sepi gojek customer mahal customer pada ke aplikasi yg murah promo gg promo sama aja
,"Parah sekarang drivernya ga niat pesen gofood karna jauh padahal ongkos nya juga mahal saya ga masalah kebanyakan nolak dengan ga balas pesan, ataupun ngecancel tanpa ngomong driver nya apalagi ngechat dengan bilang maaf mas terlalu jauh, ya jauh ongkos nya juga mahal kalo mau main jarak deket ngapain saya mesen gofood mending saya beli sendiri, next cari driver yg bener lah pihak gojek sampah banget driver sekarang"
,"Ini kenapa ya kok pembayarannya hanya bisa tunai? Mau pelaporan bugs lewat mana gak tau, jadi chat sini aja 🥲"
,"Kebanyakan biaya ini itu, jatuhnya jadi mahal, mending gerak dikit ke tempat makan tedekat, biar makin sehat"
,"Bang temen gw ganteng aseli, masa pas foto upgrade ke gopay plus jadi jelek bat mukanya dia aja jijik liat muka dia sendiri di foto gopay (emote batu), ya aplikasinya bagus bagus aja sih ga ada trouble."
,Rute kadang tidak manusiawi.. jangan samapai ada istilah ..kalau ada rute yang dekat kenapa tidak ngambil rute jauhhh
,Aneh banget tiba tiba ada transaksi google play padahal saya sendiri tidak melakukan apa-apa...anjinggggg saldo gw hilang 30k bangke balikin lah njinggg
,Saya sudah 2 kali ini transfer ke bank status diproses memunggu 2 hari akhirnya saldo dikembalikan sudah cukup saya dibeginikan. Pindah ewwalet lebih baik
,"Scan qr kepotong tapi gak masuk dimerchant refundnya lama bgt , gak ada nomer yg bisa dihubungi lagi Aplikasi gak tanggung jawab"
,"Terima kasih gojek sebelum y, karena sudah mempercayakan saya mendapatkan limit gopaylater 100rb,beberapa kali pakai,dan tidak pernah telat bayar, tp kenapa karena saya jarang menggunakan gopaylater, skrang malah diblokir gopaylaternya🙏"
,"Go pinjam kalo udh pinjam gk bisa pinjam lg 😭😭😭, sistemnya jelek, kalo ada saldo seharusnya masih bisa pinjem 😐"
,Good!! Selama pemakaian dari dulu gak pernah ada kendala. Bintang lima buat aplikasi ini ⭐⭐⭐⭐⭐
,"Agak kecewa tadi pas lagi nyari driver di daerah Paragon Semarang, padahal hanya gerimis tapi para driver ga ada yang mau ACC. Udh nunggu lama banget takut ketinggalan kereta akhirnya lari ke stasiun"
,Sangat membantu untuk mode transportasi & food kapan aja dan di mana aja
,"kalo pesen gofood, driver nya suka lama, aplikasi nya pun lelet harus nunggu lama baru ganti driver lain"
,"...... marketing gojek nya menawarkan paylater coba iseng usut punya usut tidak di acc saya bersyukur banget gk di acc karena gojek tau saya merasa mampu topup maka nya gk perlu paylater saya berterima kasih buat tetangga yg nganggur di acc dan mengutamakan gaya tidak pernah sepeser pun di bayar setelah acc ,rezeki mah gak pernah salah ngasih kepada siapa memberi ........"
,"Tidak pernah sekecewa ini dengan aplikasi gojek, aplikasi akhir2 ini sering banget lemot, belum diklik promo, tiba2 udh diterima aja pesanan oleh resto dan tdk bs dibatalkan, mana pesanan besar lg, promo br bs diklik ketika harga saldo sebesar harga sebelum promo 😠"
,Nongol iklan sekali lagi... Gw hapus aplikasi gojeg gw.... Tai... Iklan maksa banget.... Bangsat
,"Aplikasi nya sudah bagus,tapi ketika saya mau transfer gopay malah dompet saya beku padahal saya wajar dalam transaksi dan udh Saya pake bantuan malah kgk di respon."
,"It nya ga tau posisi driver jauh / tidak main kasih orderan, tadi say dpt 2 x orderan dan posisi sya ada di sukahsti,disuruh jemput obat di jln bmbu kuning,masa saya di suruh blk lagi."
,"Untuk menentukan lokasinya sih udah oke, Tapi untuk bayar di Gojek agak mahal sih menurut aku, untuk aplikasi Gojek agak di turunin dulu lah harga gojek nya biar kami senang."
,"aplikasi udah bagus, tapi masih terdapat kesalahan sistem sehingga beberapa transaksi terjadi kesalahan berujung hilang saldo"
,"Hallo gojek kenapa sih resto yg terdekat dari rumah saya tidak muncul di gofood, yg muncul resto yg jauh 4km ogah order resto yg jauh berat di ongkir 1km aja sudah mahal ongkirnya, coba seperti dulu lagi pasti aku tiap hari order di gofood, sekarang mahal di ongkir dll, mending nyuruh ojek pangkalan bayar 10rb beres"
,"Dulu sya kasih bintang5, sekarang bintang1 aja terlalu banyak, Aplikasi tambah rumit&payah, *ga bisa pilih lokasi penjemputan yg tepat, yg muncul hanya lokasi yang di sarankan & itupun jauh dri lokasi sya saat ini. *Pesen go ride yg muncul go car terus, *posisi driver ga muncul, padahal koneksi hp saya bagus."
,"Saya kecewa, transaksi pakai gopay later tanggal 1 , tanggal 2 di bulan yg sama sudah ada tagihan jatuh tempo☹️😣😠😠😠☹️"
,Maps Area di kota kupang lebih di perluas lagi kaka agar bisa maksimal
,"Mantap aplikasinya,walaupun harga,biaya layanannya terlalu mahal"
,Baru download karna dapat reward saldo gopay dari produk susu formula tapi kenapa saldonya tidak masuk sama sekali walau ngga seberapa nominalnya tapi lumayan..
,"Seringkali posisi driver di gambar tidak tepat dengan waktunya, misal tertulis 3menit lg smp trnyt udah smp lokasi."
,"Sedikit kecewa dengan banyaknya penolakan oleh mitra semoga kedepannya bisa lebih baik lagi, dikarenakan banyaknya cancel oleh mitra saya memilih menggunakan aplikasi lain"
,"ngga bisa login padahal link yang dikirim udah di klik. udah nyoba lebih dr 3× sama aja ngga bisa, malah balik ke halaman masuk/daftar lagi. apa ngga ada cara login lain?"
,Perjalanan aman dan nyaman dengan gocar...terimakasih selalu respon cepat setiap pemesanan
,"Di saat buru2 udah prioritas masih aja susah dapat driver padahal bnyak di sekitar ngak ada yg dapat, tolong di perbaiki servicenya"
,Sementara kasih bintang 2dulu. Setelah update kok ga ada fitur transportasi lagi (gocar)?
,Sangat memuaskan karna transaksi dan belanja segalanya jadi lebih mudah
,"Di update malah bikin tambah ribet, dulu setiap order layanan gomart gampang, ada pilihan toko dan titik terdekat, sekarang milih belanjaan yg mau di cari aja ribet kadang malah gak ada pilihannya, IT nya kebangetan pinter sampe² customernya pada kabur krn dibikin ribet kalo mau pesen, mending pesen lewat apk. alfagift gak ribet nyari barang yg kita mau beli dan gratis ongkir, apk. Gojek terlalu ngebebanin customer ongkir mahal tapi gak sebanding dgn yg di terima driver, kasian drivernya."
,"Kenapa sekarang gofood datang nya lama bget bisa sampai 2 jam, mencari driver jg lama.. kata nya driver karna ada doubel order.. sangat tidak rekomended, keburu kelaparan.."
,makanan yg dipilih (belum dipesan) tdk bisa dihapus.. Notif : hapus dulu keranjangnya dan tambah ulang menu yang kamu mau buat lanjut pesan
,Sering banget di-cancel sama driver padahal udah nunggu lama. Makin lama makin mahal tapi pelayanan nya kurang oke.
,Pelayanan dari semua segi fasilitas yang ditawarkan sangat baik dan responsif. Terimakasih sudah memberikan kesan dan pengalaman yang baik selama menggunakan aplikasi ini.
,"sering pake apl ini tp di bagian gofood tolong di sertakan kalo resto tutup, udah nyari nyari toko pas mau pesen malah tutup👍 yang lain nya mntp"
,"Aplikasi e money.pembayaran elektronik dan jasa belanja dan angkutan antar jemput yang komplit,lengkap bisa ngutang lagi"
,Lah gimna antara masuk dengan daftar baru ko sama ajah mentok di email..email telah terdaftar terus kenapa ga di permudah klik masuk Nomer telpon atau email terdaftar Ga usah panjang lebar ujung2 y ga bisa masuk Berulang2 kali Ya sudah last alternate uninstal ganti ke grab 🙏🙏 perbaiki dulu cara masuknya atau login
,"UNINSTAL. Tidak lama juga banyak yang uninstal gojek, aplikasi dan drivernya ngeselin banget. Buruk sekali ini mending GRAB & Maxim"
,Ini aplikasi eror dah kayaknya. Pertama saya pesen goride ternyata drivernya gabisa karna motor rusak. Setelah itu saya pesen lagi yg datang 2orang ojol. Setalah itu saya dimarahin. Ini gimana gojek kok bisa order ganda
,"Buta map, suruh mereka belajar baca map dulu. udah nungguin lama malah di cancel, Cancelnya ga ada attitude juga kaga ngomong apa apa, tau kita lagi buru buru"
,"Aplikasi dengan biaya aplikasi mahal , sering error' tidak bisa dapat driver. Mahal tidak ada nilai plusnya!"
,"gopaylater ngejebak saat pembayaran, denda 100% sengaja karena gk semua org kelaparan detail baca."
,"Tolong diperbaiki UI nya untuk pengguna dimensity 8100, karena ketika scroll terasa bounce effect nya"
,"Tolong dong agar bisa dibuatkan Shortcut to Home dari masing² layanannya. Saya pengguna GoTransit, butuh kecepatan maka harus tersedia langsung tanpa membuka Gojek dan membuka submenu lebih dalam. Pada versi sebelumnya GoTransit muncul di bagian atas menu, tapi kok sekarang hilang lagi kembali ke submenu. Tolong diperhatikan, terima kasih ☺️🙏"
,"Tambkah ancur aja ini aplikasi disuruh update ke goplus tp nga bisa2 karna ktp rusak dikit,, diapliksi GRAB ktp w fine2 karna ada fitur edit buat ktp,, skrg buat apa nga kepake aplikasinya mending uninstal aja,.. Tambah ancur aja gojek semenjak ditinggal nadiem"
,"Ada bug, Jika tujuan di seberang terowongan tertentu, tidak dapat terpilih melewati terowongannya padahal ada di jalan raya, malah melewati jalur lain yang lebih jauh. Tentu harganya menjadi lebih mahal. Alternatifnya, tujuan harus sebelum terowongan, terus meminta pengendara motor agar melewati terowongan yang hanya beberapa meter. Sungguh merepotkan."
,Cukup baik dalam penggunaan aplikasinya dan mempermudah bagi penggunanya
,Login nya di bikin lebih mudah napa woy !!! Kirim link via sms tapi linknya selalu kepotong jadi gak bener !!
,"Kacau sihh ngga recommended Kalau buru-buru, bahkan spend waktu lebih juga sama susah banget dapet driver sekali dapet di cancel, laammmaaaaaaaaaaaaaaaaaaaaaaaa lagi dapet driver nya, kapok"
,Aplikasi yang sangat bagus dan praktis pembyaean apapun jadi lebih praktis
,"Sangat mengecewakan karena tidak bisa hapus isi keranjang, beginilah kalau belum ada saingan.."
,"Aplikasinya terlalu Lemot meskipun sinyal internet sudah sangat bagus, dan saat mau verifikasi daftar akun juga sulit aksesnya"
,Kecewa bayar ongkir instant belanja di tokopedia barang sdh di pickup jam 1siang tetapi barang gk dikirim2 seperti diajak tdr siang oleh driver dan mapnya baru bergerak mendekati jam 6 sore alhasil barang sampai hampir jam7 mlm aja blm sampai. ongkir 89rb berasa seperti samday 40rban Sangat mengecewakan .
,"Hati hati klo naro saldo gopay gede nanti di rubah lagi jadi reguler suruh update tapi ga bisa"" ga bisa tf mana hasil ngojek semua di situ dan ga ada solusi alesan nya ketentuan kententuan maling kali...apk maling berbahaya..."
,Upgrade terlalu lama jadi gak bisa transaksi gopay. Mohon dipercepat lagi upgradenya.
,Ini gimana login nya ya saya sudah mencoba beberapa kali OTP nya ktnya di kirim ke sms tpi aku tunggu ga ada di perbaiki lagi ya ☺
,"ini kenapa sering bgt driver cancel orderan? sering bgt juga lokasi driver jauh semua,setiap dapet driver malah jauh padahal dulu cepet bgt dapet driver nya ga pake cancel Deket pula sekarang makin sering di cancel saam driver nya dan lokasi selalu jauh"
,Mau cancel pesanan ga bisa bisa! Server eror udh sampe 30 menitan! Driver juga tdak responsif!
,Kenapa f Vitur gopay saya saldonya tidak terbaca padahal barusajah diisi topup. . Ini sangat membuat khawatir saya. Padahal saldo gopay selalu ada
,"Pesan goshop, saldo gopay kepotong tp belanjaan ga datang2. Driver di chat centang trus. Hubungin bantuan udah tp ga ada yg respon dan ga ada kejelasannya. Sangat buruk"
,"gak bisa upgrade ke gopay plus padahal udah foto datanya pun juga bener tapi ttp di salahkan dan gak bisa di upgrade, kecewa saya"
,mudah tinggal pesan dapat potongan harga juga🥰
,"Masalah sinyal terus menerus, padahal sinyal sudah bagus"
,Ini apaan dah lokasi sulit ditentukan padahal GPS nyala sinyal Oke gitu gitu terus udah ku restart masih sama padahal ini mau beli buat berbuka keluarga terimakasih gojek sudah membuat keluargaku kecewa sama aku 🙏
,"Ganti bos makin ribet ini apk..ngapain harus pake plus plus,,ktp gua burem jd susah anjir"
,"Sering ada resto yang tutup tapi di aplikasi buka, kasihan driver yang sudah menuju resto dan akhirnya dicancel"
,Saya driver banyak pelanggan cerita kecewa karena posisi deriver sama pelanggan sangat jauh dan bisa pindah ke aplikasi lain.tolong diperbaiki sebelum mereka pada pindah ke yg lain.
,"Sekarang kalo mau kirim gopay ke rekening bank proses nya lama dan harus menunggu .tapi ujung""nya proses gagal ..tolong di perbaiki lagi , agar penguna juga suka dengan aplikasi ini"
,"Untuk Grab, sering dapat grab degan helm penumpang yg jelek,bau. Untuk GoFood, promo terpasang tapi harga tidak terpotong!!"
,"Aplikasi kek taikk,lg dibutuhin buat berangkat sklh malah ngebug padahal udh di update:v"
,"Saya gamau tulis email atau semacamnya, cukup dengan ulasan di sini. KENAPA TIBA-TIBA GAK BISA PILIH LOKASI TUJUAN ? Ini terjadi setelah update."
,Bintang satunya bosku awal pinjaman gopinjam lancar kok pas mau bayar muter2 kan jadinya jatuh tempo karena erorr terus aplikasi anda yang rusak kenapa dibebankan ke kita yang jadi kena denda.
,"Kurang memuaskan,biasanya saya pesen KAI pake ni payment cuma sekarang ga ada gimana sih,dulu sih nyaman aja pakai ini aplikasi sekarang ga jelas"
,"Memudah kan saya pesan makanan dari jarak jauh. Hanya ada sedikit keluhan saya, knapa ada bayar untuk jasa aplikasi dan bayar nya pun lumayan juga 4k, dan skrg jarak antar hanya 2 km udah 11k. Lalu saya sudah beli voucher gratis ongkir tapi harus 40k min belanja nya. Dan jika dikenakan biaya aplikasi ya sama aja kan bayar nya jadi berlebih. Padahal saya pakai voucher gratis ongkir itu beli Lo. Mohon ya jgn terlalu banyak biaya nya.... Makasih"
,"Bayar PDAM 1 bulan. Malah muncul 3 bulan belum bayar. Kacauuuu memang aplikasi dan di cek langsung ke PDAM Kab Agam, katanya anda belum bayar yang bulan januari.. parah memang. Kacau. Duit hilang 178.000"
,"Lemooodhnya gada obat !!! padahal wifi stabil, data juga ada, susah banget connect.."
,gopay poin gunanya apa biar beli pulsa tidak bisa dipake harus terhubung ketokopedia coba kayak digrab ovopoin bisa langsung dipake beli pulsa diaplikasi nya pelit amat buat promo
,Saya pesan gopfod sekarang terlalu lama karna ada layanan yg GX jelas dengan alasan ada layanan gofod leguler hemat sama sajah bayarnya onkosnya sama sajah dan saya terlalu lama nunggu pesanan saya karna dengan alasan orderan d gabung jadi waktu pngntrannya terlalu lambat makanansaya jadi dingin aflikasi nya jelek bngt sekarang aflikasi nya jelek tolong d perbaiki lagi kaya sebelumnya
,"Aplikasi bagus dan membantu driver gercep dan cepat, tapi kadang ada tulisan layanan Google play tidak tersedia"
,"Driver minta di cancel, tapi di apk tidak ada tombol cancel parahnya lagi minta hub cs yg jawab bot dan tidak ada jawaban terkait"
,"Tadinya gak ada kendala, eh skrg malah gak bisa tanda tangan elektronik. Sempet lapor ke email CS, malah gak ada solusi sama sekali. Payah"
,Ada biaya ini biaya itu biaya jasa.yg saya bingung itu kok sering bngt gangguan.. jadi manfaat biaya itutu apa ? Kalau sering gangguan
,Untuk gopaylater sayang sekali saya member sudah 2tahun lebih dan transaksipun sudah banyak sekali tapi pas pengajuan tiap tanggal yg di tentukan selalu di tolak Mulu hmm
,Tambah fitur baru dong. GoTiket. Buat pesan tiket kereta api dan sebagainya. Seperti aplikasi sebelah. Terima kasih.
,Sama ubah ratingnya krn saya top up saldo gopay tidak masuk ke akun saya dan saya diminta menunggu 2 x 24 jam tapi sudah 3 hari saldo belum jg masuk
,Aplikasinya terlalu bagus..sampai sering eror...sampai hari ini top up saldo belum terkirim...tim IT dan menejemennya harus berbenah lg
,"Maaf saya ingin menyampaikan keluhan kembali, menu eksplor saya tidak ada fitur tarik tunai, padahal saya sudah upgrade ke gopay plus, terimakasih."
,"Cashback tidak ada setelah pembayaran, padahal voucher sudah dicek berkali2 sudah dipakai, endingnya setelah pembayaran malah gak terpakai Sudahlah gak usah sok2 ganti UI/UX kalo nambah jelek, malah seperti memainkan user Sudah 2 kali kayak gini, payah gak bener"
,Apaan udh seminggu error mulu gak bisa pesan makanan
,Udah gopay plus malah di balikin jadi gopay biasa lagi.. proses nya ribet dan lama..mau transfer jadi gak bisa langsung
,"gopay later jatuh tempo akhir bulan sdh dibayar, pas tgl 1 bln berikutnya dipakai, sdh ditagih dengan alasan tagihan per tgl 2, padahal biasanya awal bulan tgl 1 sdh bisa dipakai dan ditagih akhir bulan, jadi kena denda, semakin kesini gojek semakin aneh...."
,"Makin kesini harga makin mahal.. bahkan dihari Minggu saja tambah mahal.. okelah mahal asalkan pelayanan juga baik dan benar.. sudah lemot, lama, ugal ugalan, driver dan pihak gojek sama sama lebih mengutamakan penghasilan, pendapatan ketimbang kenyamanan dan keselamatan.. kalau begini terus saya Uninstal dan berhenti Makai gojek.."
,"Untuk gojek,harap GPS nya di update,kalau bisa keakuratan mirip sama grab,jd driver jg tidak kelamaan jemput/antar antar makan dan lainnya..ok.."
,"Pesen driver nunggu nya lama , seolah mereka gak butu costumer. Akhirnya pesen driver di aplikasi grab . Ontime dan lebih murah ternyata ."
,Mau makan aja banyak bener biayanya biaya bungkus biaya apk ongkir nya pas ditanyakan sama driver nya ongkos bersih nya 8800 banyak betul untungnya kamu jek
,Biaya ongkir gofood yang 1 km bisa kena 16ribu±. Pesan konsumsi 28ribu tiba tiba bisa sampai 50ribu yang dikeluarkan karena biaya jasa. Tolonglah.
,"Gimana sih sistemnya gojek?udah beberapa kali,saya pilih pengantaran yang cepat tapi sampe lebih sejaman,lama"
,"Pelan tapi pasti gojek akan tumbang...biaya ongkir dan biaya layanan gak masuk akal,kadang lebih mahal dari harga product yg akan di beli..bye bye"
,"Bantu bgt buat yang di rumah suka gak ada makanan, deivernya pun baik2!"
,"Kenapa harus ada jam sibuk segala macam sih tambah parah ajj mekanisme gopatnert skrg.... Dah gak ada bonus skrg ditambah embel"" yg lain....mendingan Kya dlu....lancar orderan driver semangat jadinya...."
,"Kenapa sekarang kalau mau jemput, driver yang diarahkan dari tempat yang jauh sekali meskipun didekat situ ada yang standby... Beda dengan ojol lainnya"
,Apaan ini?? Makin lama kok sering error apknya 🤣🤣. Gak worth it. Tolong dong diperbaiki. Masak kalah sama apk sebelah???
,Pelayanan terlalu lama di cs terkait komplain pulsa tidak masuk
,"Teruntuk customer yg terhormat, tolong jangan sering cancel orderan. Ini aplikator sistemnya kejam, lebih kejam dari penjajah. Lu yg cancle orderan gua driver yg menanggung akibatnya jadi susah dapat orderan. Sampai di sini faham ya,"
,Interface yang sebelumnya lebih simple dan bagus. Kenapa harus di upgrade terus? Lebih bagus juga ngk.
,"Berat mau pesan makan online sekarang, harga naik sekali dan dikit diskon buat yang udah lama serta serba paylater mana mau buat pay later juga susah, hah.."
,Saya kecewa dgn. Gojek ...jarak tempuh sama harga bisa berubah rubah..keuntungan bagi pemakai sekarangpun gak ada...harga juga mahal
,Makin lama makin rusak ini aplikasi dari gabisa susah buat isi ulang gopay sama tiba tiba blackscreen.
,"Update terbaru bulan Maret 2023 terjadi error tidak bisa gunakan fitur minta gopay ke keluarga atau teman, terjadi kesalahan pada fitur tersebut, tolong segera di perbaiki."
,"Hari ini 3 Maret 2023 top up sekitar 2,5 jt melalui bank mandiri, top up tersebut gagal karena akun gojek saya belum saya upgrade ke plus dimana maksimal saldo gopay sebesar 2 juta. Saya tidak tahu akan mendapatkan kendala seperti ini karena tidak ada peringatan atau informasi terkait saldo maksimal di aplikasi gojek. Apakah saya mendapatkan kembali saldo top up saya secepat mungkin?"
,"lemot n seharusnya utk gofood klo pesanan yg tidak sesuai (kurang) tidak sama dgn yg d pesan, uang kita d kembalikan!"
,tolong pelayanan nya diperbaiki. setiap kali belanja di gomart selalu ada pengurangan item. harusnya kalo stok tidak ready ya gausah di ready kan
,"Dapet driver lama pas udah dapet driver posisinya ga jalan², di chat ga di bales². Pas di cancel harganya makin lama makin naik terus"
,Udah beberapa kali saya pesan yang nyangkut driver dari jauh padahal di sekitaran banyak gojek jga udah gitu nunggu driver nya lama paling kesal kalo udah mepet jam kantor tiba tiba di cancel sama driver udah nunggu nya lama
,Biaya layanan nya terlalu besar bos ..katanya karya anak bangsa ko malah lebih nyekek di banding kompetitor asing....
,Tolong titik alamat sesuai dengan yang di tandai. Pesan makan kadang2 malah lewat ke tetangga sampe di telpon drivernya 😔
,Sering banget dapet driver yang ga mau jemput sesuai titik .. Dan bicaranya kasar di telp .. Tolong kalau ada cust ygum complain lgsg tindak lanjuti .. Sblm image kalian tambah buruk .. Karna sy tdk pernah dapet driver yg ga ramah di apk sebelah
,"Drivernya pemalas, sering cancel, lokasi jauh, biaya antar mahal, UI/UX ga asik. Wajib uninstall."
,"Customer semakin menjauh, terlalu banyak biaya tambahan, ongkirnya mahal msh ditambah biaya aplikasi dll"
,"Berapa lama si bantuan layanan penipuan?baru 2 jam lalu lho transaksi nya,dibalikin harusnya bisa dong,kenapa prosesnya lama bangetttttttt,saya butuh banget taukkk uang ituuuuu"
,kualitas bisa lebih ditingkatkan kan tarif harus bisa disesuaikan
,"Aplikasi ngak berguna...untuk dipake diluar negri semua tampilan aplikasi berubah.. ngak bisa dipake, untuk pembayaran pay later saja tidak bisa dilakukan,coba menghubungi pihak customer service, malah jawaban nya dri mesin penjawab "" salah menghubungi layanan"",.. tpj denda paylater terus berjalan.."
,"saya udah top up gopay 310.000.00, buat pembayaran tiktok online shop, ehh malah transaksi gagal, transaksi gagal mulu, nyesel saya pake gopay buat transaksi, udah ribet ngerugiin waktu ama duit"
,Tolong donk saya udh lama pake gofood percepatan lagi kalo mau order makanan tidak sesuai sm waktu yg harus di tentukan parah
,Aplikasi ini makin hari makin burik saja sering terjadi kendala eror ..setelah update makin eror..padahal saya memakai internet stabil
,Kenapa akun sy tidak bisa pakai promonya ya..update udah uninstal trus instal lg udh.....tolong dong gojek penjelasannya..??😫😫😫
,"Akun lvl bos flash sale pada hilang, cek di akun temen yg level kecil ada, kira2 knp ya? Udah lapor tapi langsung ditutup"
,Sistem gofood memang sengaja di lama2in atau gimana?? Setiap pesan gofood penjemputan makanan selalu lama tolong lah gofood nya di bikin peraturan pesan masuk langsung menuju ke lokasi penjemputan nya jangan sengaja di lama2in
,Sangat membantu kebutuhan akomodasi perjalanan dan makanan.
,Untuk gopay agar lebih ditingkatkan lagi aplikasi nya karena gopay sekarang jadi tidak bagus apliaksi dan slalu banyak kendala disetiap transaksi
,"Kenapa sudah tidak ada lagi fasilitas gopaylater cicil,infonya ada peningkatan pelayanan tapi sampai sekarang tidak ada info lagi ataupun tidak bisa di gunakan kembali"
,"Bayar paylatter selalu tepat waktu ga prnh telat, iseng2 daftar gopay pinjam , 2x daftar ga di acc pdhl data sdh sy cek teliti lengkap semua. Aneh! Mending gausah ada gopay pinjam. Yg paylatter aja ga prnh telat sekalipun."
,Di perbaiki lagi fitur aplikasi gojek skrg wajib ada notifikasi update aplikasi biar lebih nyaman. Seperti aplikasi sebelah.
,"Aplikasinya ok, cuma makin kesini makin besar biaya tambahan. Ongkirnya gratis, mendadak ketambahan biaya bungkus, padahal.memamg standar aja bungkus atau kemasan plastik di beberapa merchantnya, dan kalau ada issue solusinya kurang fair untuk customer"
,"Untuk layanan antar (goride dan gocar) dan gosend. Alhamdulilah no komplain. Tinggal akurasi mapnya aja yg ditingkatkan. Penggunaan gopay juga mudah. Cuma yg suka berat di hati tuh kalau pesan GoFood. Euh, berat. Yg lainnya oke, selalu update."
,"Biaya layanan naik terus, skg jarang kasih diskon. Ntar klo dah sering kasih diskon lagi, kasih bintang banyak deh."
,Payah! Akun saya di bekukan krna driver tidak mengantar gofood saya padahal saya sudah memberikan nomor alamat serta penerima yg sesuai makan tidak sampai akun saya di bekukan gopay saya tidak bisa di gunakan serta di kirim ke akun lain juga tidak bisa! Tolong lah kebijakan nya
,"Akun gw bermasalah, udah ngomong baik"" buat form ke CS nya, di bilang gabisa dipakai lagi akun nya karena melakukan pelanggaran, yah terus solusinya apaa? Padahal gw ga pernah ngelakuin hal aneh di app dan semua untuk kebutuhan usaha tapi malah di blg ngelakuin pelanggan tapi minimal dikasih solusi lohhhh solusiiiii, tah disuruh apa kek walaupun ribet/ganti akun pun gamasalah yg penting bisa gw pake layanan gojek lagi, gapaham lagi padahal selama ini gw percaya bgt sama gojek. Kecewa..."
,"Map nya luaaar biasaah membingungkan, gk ada Inisiatip utk Perbaikan. Payaaah 😞"
,"Posisi di Balikpapan Driver yang diberi selalu jarak nya terlalu jauh, lebih dari 10 kali order ulang, 2 jam saya menunggu"
,"Sistem keamanan buruk sekali sangat mudah di tembus hacker, ongkir yang terlalu mahal dengan dalih biaya tambahan dll, dan untuk gofoodnya sendiri sitemnya jelek nuggu 10 menit baru ketemu driver belum lagi nggu di masak dan pengantaran bisa2 kena mag kronis."
,Gojek cacat...saldo saya tiba2 hilang 100.000...gak ada riwayat gak ada notif...sungguh mengecewakan...saya harap temen2 gak nglamin .... Sbelum nya naik2 aja...gak tau kenapa kok bisa trpotong..yg saya heran kok gak ada notif. Sama riwayat nya...di gunakan untuk apa....KECEWA
,Alhamdulillah beberapa kali pesan makanan melalui aplikasi ini sangat terbantu dan pesanan diterima tepat waktu. Jadi terimakasih sekali
,Tolong untuk ongkos kirim nya disesuaikan dengan jarak. Masa cuma sebelah desa aja sampe 15 ribu. Jangan alasannya bbm naik aja. Sekarang bbm udah turun sedikit demi sedikit
,"Untuk lokasi, alamat yg udah ke save, itu masih banyak bug nya...entah tiba2 muncul, entah nggak. Yang dulu itu saya akuin top banget dan keren, tapi kenapa skrg developer nya kok ngoding nya asal aja? Apa masih junior developer nya? Tolong dong dikembalikan kesemula"
,Makin di perbarui malah bermasalah saya sudah memesan Go Send sudah 2 jam tidak ada driver udah gitu tidak bisa di cancel tolong solusinya ADMINNN
,"Sekarang gopay coin tidak bisa digabung dengan promo, jadi gk guna coinnya. Hilangin aja cashback gopay coin klau kek gitu."
,"Respon cepet,driver komunikatif,sopan,pencarian lokasi jg tepat & cepat,👍👍👍👍"
,"Kenapa di gofood gk ada pembeda makanan yang halal dan yang non halal ?? Jadinya bingung pilih makanannya. Aplikasi bagus ,perusaahan bagus kok gk bisa buat hal simple seperti itu ?? Nih saya kasih ide; di setiap menu makanan yang tidak halal di kasih tanda non halal!. Saya kasih full bintang klo udh bisa buat. ""Halal is lifestyle"". Gojek mesen makanan saat lebaran, info restonya buka tapi aslinya tutup terus pesanan malah masuk. Gk jelas.... aplikasi invest di luar tapi gembelnya minta ampunn"
,"dari awal pakai aplikasi ini aman aman aja,pas kelamaan saldo dblock tanpa sebab dan bukti yang jelas,giliran mau kasih keluhan gak direspon dengan baik + saldo di tahan,apa ini aplikasi yang bisa kita percayakam untuk menyimpan uang?tujuan aplikasi ini bukan membantu melainkan mengambil uang orang lain dengan alsan yang kurang jelas #GOJEKSCAM"
,Daftar jadi drivernya kok di komunitas bisa langsung jadi dan di minta sejumlah uang untuk pendaftarannya ... Tp kalo daftar langsung di aplikasinyanya pendaftaran sedang tutup ... Tolong berantas tuh calo yang ada di kantor dan di komunitas drivernya ...
,"Sipp... apk mereka yg gangguan,gabisa kirim otp tapi gua yg disuruh nunggu 60 menit gabisa login. Disaat darurat pula, pindah kesebelah.."
,Tolong buat pihak ojek kalo ada driver yang emang kurang tau tempat bisa nanya ke pelanggan nya jangan asal ambil terus ga sesuai dengan yang di tuju terus minta uang tambahan bukan harga yang tertera dan buat lokasi juga tolong di perbarui saya mau ke tujuan mana malah di anterin ke mana 🙏 Lagi kejadin driver kurang Bagus dalam hal bekerja
,"Tolong dong kepada pihak gojek, basmi driver2 gocar yang sering tidak sesuai aplikasi, masa saya dan sekeluarga di suruh bayar melebihi harga di luar aplikasi yang awalnya cuma 100 ribuan, malah di suruh bayar 200 ribu dengan alasan sudah malam, tolong ya sekali lagi di basmi driver2 gocar seperti itu.....makin bikin emosi saja😠😠😠"
,"Kenapa sih ongkirnya selalu mahal biasanya aja gak sampek 10rb ke atas kalau lokasinya deket, lah ini gw pesen go food lokasinya deket ongkirnya mahal banget,nait bantu masyarakat gak sih, kalau pun lokasinya jauh sampek 3km an ya saya maklumin ini deket lo ongkirnya mahal banget di atas 10 rb."
,"Komplain tentang pesanan tidak sampai, hanya di fasilitasi menu telp driver, sudah jelas² drivernya sengaja menyelasikan orderan tanpa mengantar pesanan."
,"Layanan customer service sangat lama merespon, tidak menyelesaikan masalah, dan tidak paham dengan pernyataan yang diberikan. Saya mengalami masalah saat menjalankan mission karena bug pada aplikasi. Saya mengajukan komplain, namun ditanggapi berupa jawaban template. Kemudian, sy menjelaskan kembali melalui fitur chat, namun customer service berganti sekitar 4 kali dan hanya menjawab sesuai template, menandakan bahwa cs tidak membaca penjelasan yang diberikan. Mohon kualitas SDM ditingkatkan."
,"Sudah bagus malah di fitur chating sama driver, waktu mengirim gambar gak bisa di hapus, parah, niatnya mau kirim gambar lokasi biar lebih akurat, malah ke kirim gambar chattingan, mau di hapus gak bisa, coba yang ke kirim gambar akun atau yang lebih penting, bahaya itu, mohon tambahin fitur hapus gambar di fitur PESAN. (Mungkin sayanya tidak tau cara menghapusnya, tapi sudah saya coba² tetap tidak bisa di hapus gambarnya)"
,"Makin lama, kurang baik transaksi pakai gopay, transfer ke bank, gangguan egk apa egk, status menunggu, mengajukan pelayanan, respon lama. Aduh. Menghancurkan nama sendri ini lama2"
,"Sedang buruk buruk skr skr ini. 18 april, order Gocar tp tidak bisa chat/telpon; 19 April, order Gocar tapi nggak bisa pantau kendaraan (sewaktu klik pantau, apk malah tiba tiba tertutup). Mohon ditinjau & diperbaiki.."
,"Sekarang sudah tidak bagus, soalnya untuk pembayaran malah ngelag, padahal saldo masih, aplikasi nggak oke"
,"Aplikasi tokai makin lama performonya , biya semakin mahal harga"
,"Aplikasi yang aneh,sudah gopayplus dan sering bertranskasi tiba tiba jadi gopay biasa.pantes aja semakin tertinggal dari aplikasi lain"
,"Untuk aplikasi gojek resto sangat butuh diperbarui kak sangat lemot padahal jaringan juga sudah bagus. Udah dikonfirmasi diterima dan pesanan sudah selesai malah kembali diulang orderan masuk yg sama padahal sudah selesai. Dan di kliknya juga lama. Semoga cepat diperbarui agar lebih baik,terima kasih."
,Banyak yang jelek waktu mesen tiba-tiba suka ada tidak dapat memuat harga terus lama kalau nyari drivernya
,Tolong untuk driver khususnya gocar.. Kalo dapet orderan yang emang kondisinya jalanannya macet jangan ngeluh...
,pas mau top up gopay via bank pas tinggal bayar malah muncul notif internet mati padahal Wifi di rumah lancar lancar aja
,"Mesan gofood dari jam 5 dapat dirvernya pas jam 6 mana mau buka puasa lagi dan selalu ada kendala chat ke driver eror lah, apa lah Dan tolong ongkirnya di kondisi kan, mesan nya sedikit tapi ongkir nya banyak banget"
,Server sibuk sampe 4 hari lebih mau ngapa2in gabisa. Lemot ini apk
,Kecewa banget padahal kmrn kemaren bisa tarik tunai langsung dri gopaynya sakrang nggk bisa. Padahal fiturnya dah bagus
,"Aplikasi Go blok customer bayar layanan aplikasi tapi selalu gangguan Rute selalu salah, titik selalu tidak akurat Aplikasi karya anak bangsa payah!!!"
,Kalau limit tak bisa di gunakan lagi gopaynya dan sekarang transfer ke rekening bank juga tidak bisa. Aplikasi taik
,Hahahah lebih parah lagi sekarang.... order dah sepi driver suruh bawa 2 order.. bukan di tingkatin kinerjanya.. biar gmna makanan di terima di customer masih panas.. malah nunggu order lain lagi.. cari untung jangan bego banget jek.. customer tuh bayar.. lebih cepat sampai pesananya lebih bagus..
,"Mau login ke akun loadingnya lama banget sampai sekarang gak bisa masuk, padahal sudah masukan nomor telepon yg terdaftar"
,"Aplikasi bangke, biar daftar dipersulit bikin emosi, Masuk ngga bisa,daftar ngga bisa, maunya di delete ajah."
,"Ini dari jam satu siang sampe ashar mau mesen gofood...loading Mulu..ngecek sinyal bagus"" aja..soalnya pake WiFi..udah diganti ke data sama aja loading doang...inget lohh kalian udah punya nama...masalah kayak gini udah dari beberapa hari lalu di akun saya..liat di play store gak ada update an...kirain saya loading kayak gitu gara"" ada update trus kita belum nge update..ehh emang masalah dari sana nya"
,"Ini parah banget si. Saya cancel orderan karna drivernya lama, saya pilih opsi ""saya tidak sengaja membuat bookingan lain"" pada saat cancel Ternyata drivernya Dateng sambil marah marah bentak saya di depan umum, nunjuk nunjuk saya, bilang saya ga memanusiakan manusia. Padahal apa salahnya ngomong baik baik gaperlu Dateng langsung marah marah kaya gaada attitude. Perkara di cancel ngomongnya kemana mana sampe bawa orang tua. Didik tuh driver nya, jangan seenaknya kalo ngomong!!!!!!!!!!!!!!!!!!!!!"
,"Maaf, untuk saat ini sangat mengecewakan! Saya pesan GoCar 3 kali, tetapi selalu di Cancel sama Driver² yg Berbeda. Saya sangat heran, padahal perjalanan hanya 6-8 km, tapi kok spertinya susah sekali ya, kesannya Driver² Gocar itu sperti Sombong. Masa Menolak Penumpang didepan orang nya langsung? Awalnya di cancel 2× sama Driver yg berbeda.. yg ke 3× nya sya pesan lagi, eh, ditolak jg. parahnya didepan sya langsung, sya udah Melambaikan tangan loh, masa gk kelihatan¿ alasannya alamat tdk sesuai"
,Pesen goride semakin hari semakin jauh saja driver yg ambil order.bantu dong biar yg terdekat yg ambil.masak jarak penjemputan bisa lebih jauh dari tempat tujuan.
,Transfer ke bank sudah 3 hari tidak kunjung selesai.. saldo terpotong tapi gak masuk2 ke rekening tujuan. Katanya proses 3x24 jam . Apakah selama itu proses transfer ?
,"susah bngt mau daftar / bikin akun, padahal sinyal aman, pulsa juga ada, tapi kode otp ga masuk masuk"
,"Untuk Aplikator Gojek Yang Terhormat, Tolong sekali untuk layanan goride/gosend di permudah lagi layanan nya. Makin kesini makin susah orderan nya. Apakah customer gojek semakin menurun? Bulan sebelum nya lancar2 saja orderan,tapi kok memasuki awal puasa makin turun drastis? Pada kemana customer gojek yg biasa tiap hari pesan layanan. Tolong diperbaiki lagi supaya jauh lebih baik dari aplikasi yg lainnya. Terimakasih 🙏"
,"Tampilan driver motor di maps menghilang terkadang customer mau memesan layanan mungkin di anggap tak ada drivernya hingga akhirnya gak jadi lalu pindah ke aplikasi sebelah. Jangan di remehkan karena itu bisa sangat berdampak buruk, walau hanya sebutir pasir namun bisa membutakan mata"
,Sayang Sekali Makin kesini Makin Buruk. Ga Bisa Pesan Ojek jarak jauh. gabisa lagi orderin Gojek Buat sodara atau temen. Harus sesuai Titik lokasi Hape berada. Aneh. Kesininya Makin Gajelas. Sayang sekali wkt itu bisa sekarang ga bisa
,Keseringan di otak atik jadi sering terjadi gangguan.. Gabisa order dll... skali nya dpt order erorrr... Tolong IT gojek yg bener kerjanya
,"Akurasi titik map tujuan untuk pemesanan diaplikasi khususnya UNTUK GO FOOD sangat mengecewakan sekali, kasian drivernya tiba tujuan tapi sangat melenceng sangat jauh, apalagi sekarang harga2nya jadi sangat mahal untuk kategori menengah, jadi lebih baik pesan datang langsung ke restonya, makasi"
,Tolong untuk layanan gocar. Klw bsa kasih driver yg sedang kosong lah... malah di kasih yg lagi antar penumpang (drop penumpang dulu). Kadang lama.. klw kita buru2 gmna coba?? Tarif pun mahal bnget. Mending naik taksi argo sekalian... sy pakai aplikasi ini sejak 2016. Layanan makin ke sini makin parah
,Dari kemarin mo pakai aplikasi ga bisa terus. Udah update versi tetep aja loading terus. Aplikasi ngga bisa dibuka.Padahal sinyal bagus. Mo Uninstal saldo masih banyak. Mohon diperbaiki dong aplikasinya. Saya pakai gojek tiap hari buat anter jemput sekolah. Klo gini trus gimana? klo ngga diperbaiki tolong balikin saldo saya. bikin kecewa customer
,"Kadang suka kembali 20rb / 10rb itu sudah termaksud sama kita kasih tip ke ojeknya, yg suka di bingungin kenapa kalo kembali 10rb / 20rb ga pernah ada kembalian, masa iya ojek ga pegang uang cesh 5rb /2rb, terus kalo mau isi bensin tuh ojek ngisi pake apa? Kalo mau tambel ban mau bayar pake apa kalo ga ada cesh ?!! Yg tadinya ngasih tip ikhlas, jadi dongkol masa iya 10rb, 5rb, 2rb, atau 1rb aja ga ada ."
,Sekarang ga bisa tarik tunai ya jadi males pake apk nih. Susah mah kalo lagi butuh duit tapi ga punya kartu ATM
,"Terimakasih Gofood, dari kota lain kami bisa belanja makanan dari dan dikirim ke kota yg kami tuju dengan sangat mudah dan cepat. Juga dapat dimonitor mulai dari proses pemesanan, penyiapan makanan dan pengiriman sampai diterima di lokasi yg dituju. Mantap 👍👍👍"
,"Gblk y ni apk? Jaringan lancar tpi ngelegnya minta ampun muter² trus, awas aja nuduh jaringan+hp gw yg jelek. BAGUS SEMUA KECUALI APKNYA"
,Makin ke sini malah ga ada promo sama sekali walapun pake gopay atau tunai juga ga ada promo nya . Awal saja ada promo makin ke sini promo nya di hilangkan
,"Awal pake bagus bagus aja gofoodnya, tapi setelah beberapa kali pesen, selalu aja lemot dan gak muncul muncul pas dibagian pembayaran, padahal internet udah bagus di apk lain, jadi mau order aja nggak bisa."
,"Kenapa mau bayar/transfer via Qris ga bisa yah,pas upload gambar Qris balik ke menu awal"
,"Sangat mudah, driver ramah, pelayanan yang prima. Sekarang cepat terhubung, menunggu cuma 2-3 menit. Terima kasih."
,"kok sekarang ngga bisa bayar pake gopay ya, selalu muncul tulisan ""Gak bisa lanjutin transaksi ini"" mohon diperbaiki ya gojek, ga bisa bayar apa apa percuma top up"
,"Ngk jelas ya.. ngirim saldo ke BANK ngk bisa, kembali lagi ke menu Masukin pin, di ulang² berapakalipun tetep sama."
,"Di upgrade mangkin ngaco bos, penggunaan gosend tak semudah sbelumnya, mangkin ribet bos aplikasinya, mohon kembalikan ke awal aja deh"
,"Paling sering order,,,tapi sayang makin lama makin mahal... Jadi mulai berkurang ordernya"
,Saya mau bayar belanja kok ga bisa² ya dulu lancar lancar aja ke napah sekarang gojek ga bisa bayar belanja 🤔
,saya isi pulsa lama banget masuknya padahal jaringan saya lancar tapi ga masuk masuk dh lapor tp disuruh nunggu 1×24 jm padahal saya butuhnya sesegera mungkin 😭🤌
,Lama sekali cari driver !!!! Lama² saya hapus aplikasi GOJEK ini banyak aplikasi yg lebih on time kok !!!
,Sip & mantap tapi tolong di singkron kan alamat tujuan nya.
,"Halo gojek kenapa loading ny lama bgt,dah diperbaharui masih sama trs apus data pas login gak masuk masuk hadehh padahal jaringan normal dan bagus pake apps sebelah okay ajh"
,"sangat sangat mengecewakan... saya pakai gopay later tanggal 29, tapi tgl 31 sudah harus bayar .. bukannya paylater itu jarak pembayarannya satu bulan ? tolong diperbaiki lagi deh sistem dan masalah paylaternya"
,"Top up gopay tapi saldo tidak masuk, saldo atm sudah terpotong ,sudah komplain tapi respon nya lama banget malah laporan saya ditutup ,dah lah pindah kesebelah aja"
,Sistem keamanan yg ribet. Segala harus masuk link. Sangat amat ribetttttt!!!!
,"Voucher tiba tiba hilang padahal masih berlaku hingga 5hari kedepan, tolong dong perbaiki aplikasinyaaaaa....."
,"Gojek makin kesini makin aneh,pakai tidak bisa order karna lokasi ditutup🚫(sedangkan lokasi tidak tertutup )anehnya jalan tidak tertutup Sangat kecewa!!!!"
,Sangat memuaskan pelayanannya terutama fitur utk menelpon drivernya sekarang bisa memakai internet tanpa takut pulsa hbs krn menelpon sang driver terima kasih
,"Tolong di perbaiki, sudah berulangkali tidak bisa melakukan pemesanan dengan alasan googleplay sedang di perbaruhi!"
,"Kalo bisa gk usah kasih bintang, apl makin gk guna, sinyal bagus kuota banyak pas mau daftar di bagian email di bilang internet mati, gk guna lu yg punya apl"
,susah untuk kembali ke akun gopay saya di suruh vertifikasi login tapi cuma satu pilihan vertifikasi harus lewat sms sedang nomor yang terdaftar sudah tidak aktif lagii
,"Gila makin error aja nih app, promo nya udah pilih Pakai, tp gak terpasang2. Kayak aspal."
,"Aplikasi harga setiap keluar menu walaupun tujuan nya sama tapi harga nya naik terus parah gak jujur aplikasinya, harga seenak nya sendiri"
,"ini kenapa ya saat mau pesen gojek selalu ga bisa? tulisan nya “server sedang padat” pd hal sinyal udh bagus, gojek saya kenapa ya? tolong dibantu nya"
,Aplikasi setelah diupdate malah ngeclose-ngeclose sendiri. Malah gw buru2 mau ke bandara.
,Jangan ribet ni apk klo gak mau di tinggal costumer...mau bayar pake gopay aja gak bisa2 katanya salah pin. Pdahal pin saya itu2 aja... Udh diganti pun pin nya masih gak bisa jg. Udhlah
,Tolong dong saldo saya di percepat . Saya sudah transfer ke Bank knp status menunggu . Itu uang hak org knp di tahan . Aneh
,"Pelayanan sangat buruk, ada masalah dengan akun tapi malah tidak ditangani dan dibiarkan begitu saja, terima kasih saatnya saya unistall apk ini dan pindah ke sebelah saja"
,"Transaksi saya senilai 200.000 gagal, tapi saldo saya sudah terpotong, buruknya lagi pihak gojek gak mau tanggung jawab, katanya suruh buat laporan, begitu udah lapor uangnya juga gak balik, kalo tau kayak gitu mending dari awal saya gak lapor, udah nunggu lama ujung-ujungnya duit tetep ilang, kapok saya pake metode pembayaran gopay, nggak bakalan lagi saya transaksi pake aplikasi ini, MENGECEWAKAN"
,makin buruk transfer bank kendala.mulu !!!! status menunggu mulu saldo di tahan mulu !!! kaga responsip bgt !! tolong lah perbaikannya !!
,"Drivernya lama sekali, tidak pindah dari lokasi"
,"Sangat tidak memuaskan, apalagi pelayanan bantuan. Ceritanya ingin update ke Gopay plus, pertama alasannya data tidak sesuai dukcapil. Disarankan utk konfirmasi kesesuaian data. Kemudian, kami sudah konfirmasi ke dukcapil sesuai yg diarahkan. Pihak dukcapil menyatakan bahwa data sudah sesuai. Kembalilah daftar Gopay plus lagi, tapi alasannya tetap sama."
,"Halo, selama hampir 3 bulan ini saya selalu menggunakan layanan gojek untuk berangkat dan pulang kerja, pafa awalnya sangat nyaman karena ada banyak driver tersedia sehingga pesanan saya cepat diambil, tapi kenapa akhir2 ini sulit sekali mendapat driver? Padahal terlihat di map ada banyak driver di sekitar lokasi saya bahkan sering ketika pesanan saya sudah diambil lalu dibatalkan drivernya. Ini terjadi tidak sekali dua kali tetapi sering, kalau begini waktu yg dibutuhkan untu menunggu jdi lebih"
,makin lama makin susah giliran topup bisa tp giliran ngirim saldo dipersulit
,"Ngasi ⭐️4 dulu bole gasi? Untuk seluruh jenis layanan yang disediakan sangat membantu, termasuk gopay yang sdh terintegrasi dg berbagai pembayaran. Namun, hal yang sangat disayangkan adalah ketika kendaraan bermotor yang digunakan driver & identitas driver di aplikasi dengan yang datang tidak sesuai/sama. Meski bagi mayoritas orang hal ini tidak bermasalah, namun menurut saya ini sangat membingungkan. Mungkin kedepannya hal ini bisa diperbaiki oleh pihak penyedia layananan. Terimakasih."
,Gw mau daftar tapi stuck di masukan nomer padahal udah di masukin no yang bner tapi tetep loading
,"Ga ngerti lagi sama gojek. Semakin lama bukannya semakin baik, sistem bukannya diperbaiki malah semakin sering error'. Padahal hujan jg udah berhenti, jalanan lancar malah error'. Sekali dua kali masih saya maklumi, tapi kok jadi terus2an ya.. #UNINSTALLGOJEK #KECEWA"
,"Sdh seminggu aplikasi tdk bisa dipakai. Di uninstall trs instal lagi, baru masukin no hp muter² trs"
,"tau tau gopay plus saya di downgrade tanpa ada nya peringatan serta alasan yang jelas dari pihak gojek, saya ke menu bantuan pun gak ada jawaban, maaf saya pakai gopay plus itu sudah hampir 3 tahun selama ini fine fine aja setelah saya isi saldo sebanyak 700rb kok tau tau di downgrade, tolong untuk respon nya pihak gojek dan saya mau tau alasan yang jelas kenapa nya,"
,"Aduh gimana ya, mau pesen kok loading luamaaaaa banget... Pesanan tulisannya diproses tapi bahkan detail pesanannya gaada.. Saya nunggu lama ga beres beres padahal internet saya bagus... Pas coba pesan di apk sebelah sat set sat set bisa langsung dapet driver.... Maaf, Tolong diperbaiki ya Terimakasih."
,Aplikasi praktis karya anak bangsa yg memberikan pelayanan sesuai kebutuhan cepat tepat dan efisien.
,Bagus banget membantu gua waktu sekolah kalo lagi premuka yang bawa banyak barang jadi bisa pesan dan driver akan datang dengan cepat
,"Dear gojek, tolong ya di perbaiki untuk bug nya, dulu saya kasih bintang 5 karna mudah banget, sekarang banyak bug sehingga sulit di gunakan, mau bayar pake gopay aja ga bisa mulu malah terus di suruh milih metode pembayaran, alhasil saya pake aplikasi lain, mohon maaf ya saya turunkan bintangnya dulu sampai aplikasinya di perbaiki, thanks!"
,Aplikasinya ok sih trs daftar resto juga banyak dan yang paling aku suka ngak ada iklan yang mengganggu tp sayang banget ongkir nya agak mahal ya dari resto ke rumah padahal ya deket gitu kalau jauh sih ok aja.. Setiap tahun juga pasti update sih ok lah
,Download app ini cuma buat cek warung terdekat yg msih buka..klo beli mah pake app.sebelah yg lbih murah kurirnya..
,"Untuk kesekian kalinya, saya pakai Gosend, dan Sangat mengecewakan. Dan kesekian kalinya saya seperti dipermainkan Driver yg dengan seenaknya mencancel pesanan saya, sampai lebih dari 5-6 kali, bahkan ada Driver yg dia menerima pesanan tapi gak pick up sampai lebih 30 menit, setelah itu baru dia Cancel. Saya gak paham yg salah systemnya atau drivernya yg seenaknya. Padahal pesanan harus segera sampa Buktinya setelah saya ganti aplikasi lain (selain Gojek), mereka langsung melayani dengan sigap."
,"Dear Gojek, saat set lokasi yang muncul bukan lokasi yang dipilih tapi malah lokasi yang disarankan. padahal sudah klik lokasi nya tapi keluarnya malah lokasi lain, tolong diperbaiki seperti semula agar tidak merumitkan para pengguna🙏🏻"
,Aplikasi terparah. Apalagi go box nya tertera di aplikasi ada mobil yang ready. Tapi di pesan gak ada masuk. Daripada buat kesel itu go box mending hilangkan aja kalau gak sanggup upgrade
,Baru pertama kali coba Go paylater tetapi tidak bisa digunakan padahal sudah terdaftar dan sudah tertanda tangan. Mohon diperhatikan kembali
,"Awal"" nya bagus, makin kesini bnyk driver alasan ngga punya uang kembalian. Padahal ngmbaliin 5ribu doang ngga ada. Udh kejadian sering bget"
,Buruk. Sering error. Di surup upgrade melulu padahal udah upgrade. Parah aplikasi ini
,Aplikasinya kurang sipp .. Bagaimana bisa menyingkirkan menu food yang tidak kita minati ?! Nonggoool terus
,"Lagi pengen cepet-cepet liat saldo gopay, tapi pas buka aplikasi malah muncul iklan disuruh pakai gopay later. Dan iklannya harus di-close manual. Seakan-akan aplikasinya maksa user buat ngutang. Cepetan buang tuh iklan, kalo dah dibuang bintang nambah"
,kenapa saya gk bisa mentransfer gopay tidak bisa? pdhl akun gojek customer saya sudah goplus dan sudah pernah melakukan penarikan uang melalui akun gojek customer dan mentransfer jg. tp skrg malah tidak bisa lg dan harus di upgrade lg????
,"Drivernya banyak yg pemalas min, gak responsif, dah gitu klo ada order masuk gak langsung gercep."
,Kenapa aplikasi nyh tidak bisa di buka .di updat udah.di hpus instalan udh.tp msih ttp gk bisa login..knp ini saldo saya msih bnyak di gojek..
,"Saya yg langganan gofood dari 2017 kini pindah haluan kesebelah ya maap, jasa apk semakin mahal tpi fitur yg didpat tidak sesuai yg dibayarkan"
,"Trimah kasih atas pelayanannya cepat,,,untuk wilyah tertentu perlu driver..untuk ongkosnya sering2 ada promo"
,"smua nya ok sih , lbh praktis ad gojek. tp maaf untuk gosen nya terkadang msh ada abang gojek yg mksa bgt nyuru pengirim ngubungin penerimanya buat standby krn gak mau nunggu lama/apa alasannya padahal di deskripsi pengiriman tercantum nomer tlp penerima,entah mengejar wkt atau apa dgn muka yg kurang ramah jg , 🙏 diperbaiki lg sikap nya 🙏 terimakasih"
,Tolong lah APKNYA di update saya mau top up di mobile legends pas saya liat saldo saya udh habis 200k di tarik tanpa se izin saya saya aplikasi yg sangat tidak bagus
,"Najis ongkir nya at the moment suka naik 3x lipat dan biaya aplikasi nya lebih mahal dari app lain dan paling gila kita harus di suruh nuggu driver 7 menit dan itu gk bisa di cancel, mending lo tutup aplikasi aja kalo serivice app lo ke gitu ."
,"Buka aplikasi loading lama, penggunaan memory besar, promonya nanggung2, beberapa driver PHP (di pick up pas sudah mau sampai di cancel sendiri), sebelum puasa mau order malah ga bisa, auto pakai aplikasi kuning yg levih murce dan gercep drivernya. Bye ijo...."
,"uk Android, Chrome memberikan artikel berita yang dipersonalisasi, link cepat ke situs favorit dan hasil download, seuuerta telah11unun dilengkapi dengan Google Penelusuran dan Google Terjemahan. Semua nnnnunnnrbahaya atau mendownload file berbahaya. Google Safe Browsing. Fitur ini menjaga keamanan po"
,Kecewa bnget dengan 2 kejadian sekaligus pagi ini. Dimna mitra gofood tidak memberi keterangan menu habis dan setelah kita pilih mkanannya pesanan tetap diterima. Setelah driver smpai di resto baru ada pemberitahuan mknan habis. Dan baik dari driver/pembeli tidak bisa membatalkan pesanan krna pesanan sudah diterima. Dan kita terpaksa harus membeli apa yg ada disna.
,"Tidak ada opsi menu lihat riwayat promo,karena saldo GO-PAY coins belum masuk setelah transaksi selesai.disuruh kirim bukti Screenshot promo.lha gimana mau screenshot kalau tidak ada opsi riwayat promo yang digunakan"
,"To Managemen GOJEK. Tolong perbaiki sistem nya seperti dulu. Titik lokasi penjemputan tidak sesuai lokasi. Pesen go ride yg muncul go car. Makanya mending saya pindah ke Developer lainya aja,"
,"Aplikasi buruk, lagi di butuhin urgent banget gada sama sekali yg bisa handle, sejam nunggu gada hasil. Kalo pun lg pada sibuk masa smpe sejam gada sama sekali yg udh selesai dri sibuk nya. Otw uninstal!!"
,"Sumpah iaa demi apapun baru ini menemuman layanan customer service terparah yang gag bisa kasih solusi ke customer nya. Hello saya mengeluh tentang layanan anda dengan nomor otp yg tidak pernah muncul di nomor baru saya. Karena nomor lama saya telah mati atau hilang. Sudah ikutin apa yang di arahkan baiknya kan di ubah dari sistem mereka ini gag malah di abaikan. Parah sich ternyata benar memang benar parah untuk layanan customer service nya, anda logh di gajih dengan kami juga selaku customer"
,"Masyaallah kak ,saya pesan makan ko lama banget ya beda dari sebelum nya ,utamakan pelayanan terbaik ,kecepatan biar customer tidak kecewa ,dengan alasan double orderan, jelas lama kak , Saya sampe order ulang pake aplikasi tetangga karena terlalu lama nunggu makanan dateng nya, Saya berharap gojek lebih baik lagi dari sblm nya cara pelayananya yg cepat sesuai harapan customer"
,"Ngeselin banget,,, Menunya yg tersedia bukan yg di cari pelanggan, tp menu untuk belanja, sdh googling, katanya klo transfer bank ,dari mebu gopay, trus, abcdz,,, di ikutin malah pasang filter2,,, 🤮 udh di ikutin jg gk bisa ngapa2in lagi cm ceklis dan no ceklis, Maumu apaaa jekkk,,,, bnyk menu, tp hampir gk da guna, Sidik jari sidik jari di pencet ampe hp gw pnyok kagak ngaruh apa2,, Permainan apa ini jekk"
,"Pelayanan driver bagus memuaskan bintang 5 deh. Pelayanan resto juga bagus memuaskan . Tapi saya kecewa dengan sistem aplikasi Gojek. Sering eror Kenapa harus ada ""biaya pelayanan yg mahal dan lainnya yg tidak ngotak?"" Di luar ongkir dan harga barang?. Klo biaya kayak ini gak di hapus kita akan beralih ke aplikasi lain dan tidak menggunakan aplikasi ini lagi. Terima kasih"
,"Customer care buruk, tidak tanggap & tidak punya solusi. hati2 dgn promo casback disini, terutama utk Go Pulsa dlm hal ini token listrik, promo cashback gopay coin jelas2 tercantum & terinput otomatis, tp setelah transaksi selesai (berhasil) tidak ada casback go pay coin yg masuk, kontras sekali dgn aplikasi2 lain yg baru2. sekelas Gojek ini termasuk parah, terutama customer care nya"
,"Harga tambah mahal, tp ke mitranya minim apalagi kl double order tambah lama dan mitra minim pendapatan. skrg tambah susah mitranya mendapatkan orderan. inovasi terus tp mitranya makin memprihatinkan. Mitranya menangis susah banget mendapat orderan"
,"Apa Ini GOJEK versi 136.2 versi terjelek yang pernah saya dapatkan orderannya delay lama banget yang biasanya versi sebelumnya orderannya lancar setelah update jadi lama banget udah gitu maksa lagi updatenya jek"" lama"" semua pada nggak betah kalau gini"
,"Pelayanan buruk, mau transfer malah delay sampai saya ga sadar kalau delay kalau gak dikasih tau penerima, bukan dibantu malah disuruh nunggu sampai 4 hari, kalau kaya gitu mah sama aja disuruh sabar, terburuk sih dulu pas mau upgrade ga biaa juga disuruh sabar sampai bertahun tahun baru bisa"
,Tolong di tingkatkan lagi. Pilihan ataw alasan cencel order goride. Driver sdh jemput. di tengah perjalanan sering di cancel. Sangat sensitif akun driver. Lama nunggu order sekalinya order masuk customer seenaknya cancel
,"Aplikasi Error, dan sangat Mengecewakan saat login lokasi map Error, Maps lokasi tidak bisa dipilih, driver tidak terlihat di area, system' Makin Ambruk"
,"Saya sudah daftar Gopaylater untuk yang ke sekian kalinya masih aja tetap gagal, padahal saya sudah memenuhi semua persyaratannya. Daftar cuma 5 menit eh nunggu bisa daftar lagi 1 bulan lebih, sangat mengecewakan...."
,Tolong dong kalo dapet driver tu ambil dari yang terdekat aja! Kalo jauh jauh kan susah drivernya rata rata ga mau di ambil penumpangnya karna jauh dan pake promo tapi walaupun ga pke promo juga kayaknya drivernya mikir mikir deh buat ngambil kalo jauh titik jemput nya
,"Isi saldo gopay di indomaret sudah berhasil dan ada struk pembayaran tetapi saldo belum masuk.. proses 2x24 jam. aku isi gopay buat pesan makanan , jadi kelen suruh aku nunggu 2x24 jam untuk pesan makanannya.. gak ngotak kali ya jek"
,"Aplikasi ini ya - Driver Jauh dari penjemputan (Go-ride / Go-send - Gofood sangat lama. menunggu driver respon - Biaya-biaya jasa aplikasinya ada ada aja tp aplikasinya lama nunggunya ""kasian drivernya"" Sangat kecewa.. !!!!!!!!!!!!"
,"Tolong dong bwt gojeg kalau rekrut driver nya yang pinter baca maps,, saya sering dapat driver yang gk bisa baca maps.. habis nunggu lama tiba tiba dibatalin driver nya.. Sampai sering telat karena nunggu driver yang lama karena gak bis baca maps"
,"Belum juga pesan apa apa, baru download aplikasinya akun udah kena blokir, terus saldo ku yang tersisa bekas top up juga entah kenapa hilang. Sudah dilaporin ke cs lewat aplikasi tetap aja dibalas dengan dingin."
,"Saya daftar pakek nomor wa,tapi untuk nomor telpon sudah gak aktif,karna bikin pin tersebut harus lewat sms bukan wa jadi saya gak bisa gunain gopay saya padahal ada uang nya,tolong dong ada fitur pengganti nomor telpon yg sudah terdaftar"
,"Dear Gojek, tolong diperbaharui lagi bagian Gofood nya terutama pada bagian 24 jam. Tiap buka opsi 24 jam, isinya ""menu tidak tersedia"", ""persediaan habis"". Lebih baik rumah makan / restoran yang pilih opsi 24 jam tapi tidak menyediakan menu apapun ditutup saja atau dibuat abu-abu di rumah makannya. Kasian yang mau pesan makan tengah malam tapi selalu dapat rumah makan yang zonk. Ada banyak loh rumah makan yang buka 24 jam tapi tidak menyediakan makanan apapun. Perbaiki lagi!!!"
,"Upgrade gopay plus tidak berhasil,sudah brp x di coba,padahal id e-ktp sama foto selfi sudah benar.jadi gak bisa transaksi,lagi perlu ada kendala gara2 harus Upgrade gopay plus, huuuffftt."
,Skrng gojeg lebih baik kehilangan customer dengan menambah biaya yang ga harus di bebankan.padahal dengan ga ada biaya tambahan pun gojeg msh bisa dpt keuntungan.dengan sistem seperti ini banyak sekali custome yang pada pindah. Mengunakan aplikasi lain.sya harap di repisi kembali. Kembalilah ke jogeg yang dulu apa adanya.cumtomernya banyak drivernyapun sejahtera🙏
,"SANGAT BURUK, ketika ada kendala customer berhadapan dengan mesin jawab bukan dengan manusia, bagaimana mau menyampaikan kekurangan makanan pada driver kalau driver tidak bisa ditelpon maupun tidak membaca chat kita? Benar2 aplikasi yg buruk dan kemunduran!"
,"Request buat aplikasi yang ringan go-ride lite,go-send lite,go-shop lite dll (mirip Facebook lite) Karena tidak semua hp memiliki ram dan baterai besar Sehingga bisa menarik pelanggan lebih banyak Kalo bisa bahkan buat layanan go-jek agar bisa digunakan melalui handphone jadul sehingga lebih memudahkan suport ke wilayah yang lebih luas Beberapa pelanggan juga terkadang sulit terutama beda rekening sama driver Jadi usahakan agar driver gojek punya qris (kan rata rata udah punya NPWP juga)"
,"ini kenapa gopay plus tiba2 gk bisa minta update ulang, pas di update gagal trus, trus uang yg di gopay jadi gk bisa di gunain mau di transfer ke rekening juga, payang banget padahal gopay plus udah aktif dari tahun 2018 .."
,Untuk layanan goride dan gocar itu memuaskan. Tapi untuk layanan gofood itu sering mengecewakan pesanan sering tidak sesuai dengan deskripsi
,"Butuh lebih banyak promosi baik dalam order & pembayaran QR. Harga dinaikin kebanyakan, harga gofood lebih mahal daripada di restoran aslinya, & promo-promo yang tidak menguntungkan"
,Sistemya Gimana ya . Ko jadi berantakan gini antara biaya aplikasi Jan jasanya hampir sama seperti ongkoskirim . Mending pindah aplikasi sebelah . Tanpa ribet ayo unistal masal.
,"Semakin gajelas, titik pengantaran kadang bisa mental jauh banget, dan sudah 2 kali tracking tidak jalan"
,"Kenapa sekarang susah untuk login , verifikasi link tidak ada padahal sudah mengikuti step yang ada , payah"
,"Sangat sangat kecewa, promo gofood hilang smua cuma gara2 kluar kota, balik lg promo tetap hilang, fungsi anggota Sultan d gojek itu apa jd nya"
,Bingung sama discound gofood nya. Pakai pengantaran hemat dan gapake pengantaran hemat harganya sama aja. Kalo gitu ngapain ada potongan promo. Kalo harga pake promo dengan pengantaran biasa dan pengantaran hemat harganya sama aja. Sgt aneh
,G ada bedanya milih pengantaran regular dan mode hemat semuanya sama-sama lama. Yg kutau ada oknum driver dgn sengaja melamakan pesanan
,Boss qu smenjak update kenapa untuk tarik tunai di app gojek sudah tidak ada...bulan lalu masih bisa tarik dana dari gopay...tarik dana tanpa kartu... Ini sekarang sudah tidak ada tolong kalau mau update lagi di control apl nya jgn ada yang hilang
,"Selalu dapet notifikasi yg ga jelas asalnya , ada yg transfer lah pokonya ga jelas. Ngeri jadinya"
,"Mode hematnya dihilangin aja sekalian krna percuma pake mode hemat tp drivernya jarang yg mau ambil krna murah, jd yg dipake harus reguler jga sma aja boong"
,"Setelah diupdate map jadi ngaco.. Yang harusnya kalo ke tempat tujuan lewat jalan A ( 16ribuan ), jadi muter lewat jalan B ( 22ribuan ) akibatnya ongkos jadi tambah mahal. Mohon diperbaiki, sementara pindah ke apk kompetitor dulu."
,"Hapus aja gocar banyak driver buta map jelas jelas jalan udah di lebarin milih nya jalan sempit, dah gitu suka cancel sendiri padahal dah tunggu lama, bukannya membandingkan tapi sikap driver gocar dengan goride beda jauh"
,"tidak pernah ribet , fleksible di kondisi yg mendadak & pengenalan medan nya jago banget, semakin siip di bulan ramadhan"
,"Kok belakangan ini ongkirnya naik drastis ya. Katanya disesuaikan agar banyak driver yang mau ambil, yang biasanya 15 ribuan sekarang jadi 30 ribuan padahal jarak resto sama kos bisa dibilang gak terlalu jauh, Beli makanan 50 lebih jadinya bayar hampir 90. Hadeh gojek"
,"Makasih atas responnya, tapi sinyal internet saya bagus kok, karena app lain berjalan lancar, semoga bisa semakin ditingkatkan lagi ya"
,"Bagaimana cara bisa membuat laporan atau chat ke cs , saya tidak melakukan transaksi tpi ada pemberitahuan transaksi, dan saya tidak menerima barang dari transaksi tersebut"
,Aplikasi nya samakin kemari semakin gk jelas ajj ini dikarenan kebanyakan orang2 yg ngaku2 pinter. Tolong aplikasi nya di kembalikan seperti semulanya. terimakasih
,"Gojek sekarang tarifnya makin mahal, pas milih tujuan terus di close sebentar tapi harganya suka meningkat gak kayak pas ngeklik yg pertama, sekarang promo nya sedikit, klo isi gotagihan yang katanya dapet cashback 2000 gk pernah dapet. Aku kasih bintang 4 karena sejauh ini gojek apk nya top, pengen dibanyakin promo goridenya, klo bisa penggunaan kode promo untuk 3 kalii jangan 1 kalii karena butuh banget sebagai mahasiswa yang pp pake gojek🙏🏼"
,Toling ini hp saya ketinggala di gocar... Susah ngehubunyinya... Gimana...instal aplikasi di hp lain malah akses ke nomor yg ketinggalan. Gimana aksesnya. Gak ada call center apa
,"Sampe skrg saldo saya blm kembali top up data 5gb 5hari.., Di sruh hubugin ke pihak merchen m3, Kata nya, transaksi gagal..,dan saldo sudah di kembalikan ke pihak gopay, tp pas saya cek gk ada.., d suruh kirim ss bukti merchen udh saya kirim bukti dari merchen transaksi gagal., ttp aja blm masuk.., haduh pusing sya.., 15400 klo di x 10 org ngalamin hal kaya saya brapa duit jd nya..,"
,Jujur saya agak kecewa dengan gojek. Saya sudah 4x transaksi menggunakan promo cashback gopay coins tapi setelah saya cek ternyata gopay coins saya tidak bertambah. Saya sudah lapor ke customer service tapi hanya dijawab dengan kata kata template.
,"Sensitif amat,,orang tuh punya aplikasi kan biar mempermudah ada sebagian orang juga di buat usaha."
,"Gak jelas banget, tiba² saldoy gopay habis, padahal ga di pakai buat apa², udah coba minta bantuan tapi ga ada respon sama sekali"
,Aplikasi cukup mudah digunakan khususnya pengguna baru. User interface yang simple dan jelas.
,"Aplikasi aneh,sy udh bikin akun pake nomor saya sudah sy kasi lokasi malah ke akun orang lain,dan lokasi nya pun ga benar sama lokasi punya saya,email pun udah saya tuliskan malah ke akun org lain,sy udh berkali"" percobaan adanya ke akun org itu,perbaiki lg"
,"Tiap mau mesan sering banget gangguan, heran dikit² ada kendala gak bisa pengantaran, gitu aja terus"
,Dah sering belanja topup game pergi2 tapi reputasi go club' baru sampe juragan tapi gak ada gopaylaternya temen saya yg baru udah dapat limit -_- pilih kasih nih -_-
,"Tolong donk di bantu mau upgrade ke gopay plus, susah ribet nya gak berhasil terus, udah photo ktp dan selfi gagal terus.."
,"Sekarang login di Gojek ribet banget. Kirim kode verifikasi ke hp lama, ya ga bisa liat kodenya kalo kaya gitu.. Lapor ke customer service lewat email ga ada jawaban.."
,"Saya sangat kecewa driver gocar yang dapat mengcancle penumpang.. Ketika hujan yang harusnya di butuhkan malah arogan menolak penumpang.. Dan ini bukan sesekali saja bahkan sangat sering.. Tolong di perbaiki layanannya, kalau tidak bisa non aktifkan saja layanan gocar tidak bermutu.. Maaf bintang 1. . Senin 20 Februari 2023, layanan bantuan tidak berguna.. Tidak ada solusi komplenan saya, padahal saya di perlakukan tidak pantas.."
,"ga bener udah aplikasi nya, udah setengah jam an ga ada gocar, go ride, gocar L. tambah hari tambah ga ada yg menarik"
,"Biaya tambahan semakin besar, mencekik, belum lagi jarak tempuh, castamer akan beralih ke aplikasi lain"
,Parah amat skrng ya... Moso fitur telpon driver nya gak bisa?? Ini kan malah bikin Driver makin kesulitan dan kelamaan muter muter cari TITIK JEMPUT.
,AWAS PROMO nya menyesatkan.. tulisannya potongan ongkir saat checkout nyatanya tidak terjadi... bertele2 dan menjebak.. uninstal saja..
,Saya sebagai driver gocar titik udah pas tapi di aplikasi pelanggan tidak kelihatan gimana custemer ga mau dapet driver yg deket karna ga ke detek disistem...tolong diperbaiki biar driver yg deket yg ambil
,"Aplikasi Gak Bener lama lama, biaya pelayanan naik terus tapi performa buruk. Sampah lama lama ini GOJEK"
,"apaan biaya layanan mahal bgt cuih. padahal harga in appnya udah dikasih tax lho, tambah lama harganya selangit."
,"maaf gopay payah, terlalu primitif., gabisa transfer langsung, harus verif 1x24 jam. padahal butuh segera.."
,"Alhamdulilah driver ramah, baik mobil nyaman wangi. Trims ya mas"
,"Banyak bug nya, gabisa pake promo gofood padahal sudah ubah metode pembayaran yang sesuai"
,Bintang 5 lagi..karena fast respon dan sudah lancar apknya..good! P
,"Adakalanya pick season rada lama nunggu, tapi tetap jadi pilihan yg bisa diandalkan"
,"Pesan driver kenapa posisi nya jauh jauh sih, cukup lama dan buang waktu"
,"Kasihan ada driver yang rating,performa dan skor kerjanya bagus namun kesulitan mendapatkan orderan, berarti untuk saat ini sistemnya buruk harus ada yang dibenahi untuk pembagian orderannya agar adil bagi mitranya"
,"Sumpah ya ini mau ganti pin aja susah bangettt gabisa bisa, pdhl sebelum nya jg gprnah ganti pin tp pas mau bayar selalu gabisa"
,"gatau knp gapernah bisa upgrade gopay plus, aplikasi di hp sy selalu lemot, promo susah dipake, dan mahal mnrt sy"
,Masa saya yg awalnya sudah gopay plus jd suruh upload ulang dah jelas itu ktp asli mlah tidak sesuai ketentuan sangat mengecewakan msh bagus pakai aplikasi lain yggk ribet bye gojek
,Semenjak di perbarui. Tidak ada voucher sama sekali. Mau pake gofood atau gocar atau goride nggak bisa. Mikir berkali kali karena biayanya muahal.
,"Apliksi smkin tdk manusiawi...fitur double order yang g jlas ,bayar ongkir ttap normal ,mkanan dtang udah dingin,yang masuk ke driver hanya 2000 rupiah..makin lama g ada otak ..sama dengn nyiksa mitra mu"
,"Sering signal hilang saat transaksi dan saldo terpotong, HATIHATI!"
,Ini gimana sih mau top up lewat teman / keluarga keterangan nya suruh update . Udh di update ttp aja ga bisa .
,Selalu jaringan sibuk jadi bikin orng nunggu mau berangkat kerja kesiangan terus....
,anjay rating pengguna q rendah padahal tiap pesen juga bayar ga da masalah di pejalanan jg. baru kali ini ku dikira nipu driver sampei driver ngecat suruh cancel. driver mu kalo ngasih rating pengguna yang baik lah. kalo ga tiap gw pesen driver tak kasih bintang satu driver mu anjay
,"Aneh banget pemberian rating go foodnya. Orang ngasih bintang 5 ke driver malah berubah jadi bintang 1. Baru kali ini ngasih rating berubah sendiri. Dikira guwe gk liat. Kasian banget drivernya kena sanksi karena kesalahan sistemnya. Pake grab food, shopeefood gk pernah aku kejadian begini"
,Produk oke dan layanan baik hanya di promo perjalanan yang kurang hehe
,kok mau ngasih tips ke driver harus belibet muter² ga karuan sih.... biasanya gampang tuh mau kasih tips ke driver skrng muter² ga jelas atau memang driver ndak boleh di kasih tips????
,"Pesen gojek udah hampir 1 jam di cancle sama driver 3x padahal udah juragan di membershipnya, makasih atas 3 thn nya, saatnya uninstall"
,"Aplikasi OK, sering dapat diskon. Pertahankan layanan yg sudah baik."
,Terlalu banyak biaya tambahan yg dibebankan ke customer sedangkan harga yg diterima para driver smakin kecil dan dikurangi.. Sungguh sangat serakah.. Suatu saat akan ditinggalkan para drivernya
,Kenapa saya memeberi tips ke driver tidak masuk sedangkan saldo gopay sudah di potong tp saya cek di riwayat tips untuk driver di proses itu sudah 3hari saya mau komplan tidak bisa sangat buruk ini kasian driver yg mau saya kasi tip
,di boongin acounku ga pernah dapet chasback udah buat blanja di mana mana.katanya hari jumat di alfamat ada vocher setelah buat blanja zong buat blanja elektronik katanya ada chasback zong juga
,"Sekarang klw pesan agak jauh dikit driver minta dibatalin.. Hari ini sudah 3 kali batal. Semoga bisa lebih baik, klw memang gak mau antar jauh jangan diambil orderannya... Hehe"
,"mantap, bagus, langsung respon, sinyal bagus, driver paham tujuan"
,Aplikasi apa.ni udah aq install tapi tidak bisa dipake cuma muter aja tolong diperbaiki
,"Untuk gofood mode hemat biaya ongkir cuma 5eb tp biaya laynan & lainnya jadi 13rb, bisa aje maliihh"
,Aplikasi yg gampang di instalasi dan sangat mudah mengoperasikannya
,"Ongkos kirim Rp 14.000, biaya layanan Rp 1.000, biaya kemasan 3.500. Tapi aneh driver cuma nerima Rp 2.500. (Ini pengantaran yg kedua kak). Udah bayar full+nunggu lama karena 2 titik antar, kasiahan driver cuma dikasih Rp 2.500. Bermitra dengan driver tapi kenyataannya. Dijajah bangsa sendiri."
,"Hari ini, setelah masuk aplikasi kenapa buffering? Dibuat apa apa gak bisa, gmna ini solusinya"
,"APLIKASI BIAD*B, Sepupuku masih kecil mainan hpku gak sengaja checkout go food sampe hampir 700rb, dan gak bisa dibatalin, woy GOJEK yang kreatif dikit napa, kasih fitur masukkan pin sebelum bener bener diterima"
,Aplikasi parahhhh... Lokasi jemput jauh benerrr... Kasian driver ny jemput 7km anter4km jd lama dan banyak driver malas jemput...
,"Terimakasih. Top bgt pokoknya,sopan santun,ramah tamah,dan kendaraannya bersih"
,apikasi GOJEK bagus banget buat hidup aku... Oh iya perkenalkan nama saya Uqy...Saya ini punya tablet advan lebar..Yaaa..Kadang sedikit lemot...
,Saya ksh bintang lima biar bnyak yg liat !!!! Sumpah jangan pake fitur gopay di aplikasi ini kalo uang kalian gak mau hilang di ambil ..saya di blokir sepihak oleh pihak gojek dan saldo saya di akun gopay di ambil smua.di tanya alasan nya jwabanx gk bsa menjelaskan secara rinci..intix ngerasa kaya di rampok aja sih..
,"gofood semakin mahal.. promo"" sudah kalah dengan aplikasi sebelah.. mohon ditingkatkan kembali"
,Kenapa gopay coins ga bisa digunakan...padahal sudah pengaturan otomatis..sayang coins nya ydah banyak
,Saat aku ingin memesan makanan selalu harganya murah padahal makannya lezat banget
,Sekarang pake gojek mahal. Pake biaya layanan. Tdk sperti aplikasi lain yg lebih murah .bukankah costumer itu banyak dari kalangan kelas menengah kebawah dan tdk semua banyak duwit. Ayo runah sistem kalian.. Kasian driver sepi order karena biaya pake gojek sangat mahal wajat banyak yg ganti pake aplikasi yg lain. .
,Sangat memudahkan ketika bepergian....di lengkapi juga dengan Banyak pilihan ..makasih GOJEK
,Setiap lagi butuh digunakan.. Saldo selalu lambat masuknya..segera diperbaiki sistem nya...
,Awalnya bagus² aja sekarang sering ditolak sama tunggu nya lama banget padahal harga nya udh bagus untuk jarak dekat
,"aplikasinya bagus dan mantap, ojolnya sopan dan ramah"
,"nunggu driver kayak mau nunggu pesawat lewat lama nya,klen bisa gak si buat sistem tu kalok taransaksi cepat dikit taikk,org butuh jadi ga bisa,20mnt nunggu transaksi internet gak jugak masuk masuk gangerti aku sama aplikasi klen ni"
,Tolong potongan jasa aplikasi jgn terlalu besar..nnti pada pindah di sebelah smua lhoo..
,Harus banget ya upgrade gopay ke gopay plus? Masalahnya giliran mau di upgrade e-KTP harus mirip yg di dukcapil padahal hanya beda di tempat lahir saja
,"seringnya pakai gosend utk pesanan via aplikasi toped, selama ini memuaskan.... hanya saja jgn cepat puas krn kompetitor gojek slalu mengintai baik dari segi service maupun harga....😀"
,"Ada apa nih dengan gojek, udah di update juga tetep aja gak ada perubahan, loading terus gak bisa bayar²..."
,"Aplikasinya dan lain lainya bagus, sayng tidak bisa menghapus inboxny, dan riwayat transaksi"
,"Memuaskan 👍 walau agak mahal dikit tapi pelayanannya jos. Supirnya ramah, pembayaran gopay mudah"
,"Parah tambah ke sini mahal bgt ongkosnya, mau kemana² ongkosnya mahal, ga Kya aplikasi yg lain masih murah."
,Aplikasi ga jelas di-update bukannya makin lancar malah makin aneh susah dapet orderan
,"pesanan saya tidak ada, tetapi tidak bisa dibatalkan dengan berbagai alasan. tampaknya sudah akan bangkrut. jangan diinstal."
,"Kadang Gampang Dapet Driver Kadang Susah ,Sampai Pas Itu Saya Pulang Sekolah Dan Saya Memesan Gojek,Tapi Tidak Menemukan Driver ,Padahal Di Maps Driver Banyak,Dan Akhirnya Saya Memesan Di Aplikasi Lain"
,"Ramah,pintar ambil rute,penjemputan datang sebelum waktunya,memberi pengalaman pemeliharaan mobil yg baik"
,"Kalian niat ga sih ngasih voucher, minimal belanjanya pun ga tanggung2, klo bgitu caranya kalian aja yg makan voucher itu sendiri, gausah belagak ngasih2 voucher"
,"Aplikasi parah sekali, login tidak bisa, daftar baru tidak bisa...."
,Nyari goride suwi bangeti Setelah dapet dibatalin dapet dibatalin sama drivernya sampe 4x Tolong drivernya didisiplinkan lagi Kita sama2 butuh jangan Kalo perlu malah di tingkatkan lagi oendapatan untuk drivernya biar tambah semangat kirim dan antar. 🙏🏼👍🏼
,"Ini gimana kok tiba2 cancel sendiri 2x cari grabcar tiba2 ke cancel sendiri, dan kembali k pencarian driver"
,"Terlalu mahal untuk ongkir gofoodnya, bisa bisanya jarak 5 km go food ongkirnya 32.500 gila mahal banget wkwk, pesan McD cuma 34 ribu."
,"ini kenapa malah tdk bisa dibuka? malah muter2 doank padahal internet, wifi lancar"
,"Halo PT goto gojek, saya ingin menyampaikan keberatan atas naiknya tarif gojek mendadak dikota saya. Harga terlalu mahal dan kualitas driver semakin memburuk, tolong sesuaikan jasa dengan harga yang tepat, performa driver masih sangat kurang untuk harga yang ditentukan, terimakasih"
,"mantap drivernya ramah dan informatig, mobilnya wangi dan ada lampunya. nyaman bgttt"
,"mohon bantuannya, tdi saya top up saldo gopay status nya berhasil dan terkirim tp saya salah nomor saat top up bsa tdk sldo saya balik lagi🙏😌"
,"Oke aplikasi nya, bisa terhubung dengan aplikasi lainnya, semoga tidak ada penurunan pelayanan"
,"Selalu gunain gojek, tapi belakangan ini apk gojek saya eror entah knp cuma loading terus, akhirnya aku uninstall trs instal ulang tapi malah tambah parah di suru masukin nomor pas di masukin cuma muter doang gak respon sama sekali padaha di gojek msh ada saldo gopaynya udh masih banyak lagi.....kecewa bgttt, klo bukan Krn saldo gopay udh saya uninstall dari tadi"
,"Tolong sistem y di perbaiki,masa y tranfer dari kemarin ga masuk2,padahal saya lagi butuh bgt,bikin orang sengsara"
,Cukup baik dan mudah.... Sesuai tarip supirnya jg ramah...
,"Makin update, makin susah dan JELEK kali deteksi lokasi untuk alamat pengiriman !!! Padahal internet Telkomsel. KALAU TIDAK DIPERBAIKI, HAPUS AJA SELAMANYA DRI PLAYSTORE/APPSTORE APK INI"
,"Waktu tunggu tidak lama, taat berlalu lintas, komunikatif....."
,"Bro, gojek tolong lah, ini kenapa waktu perbaikan pin nya lama banget, cuman gara-gara lupa pin, trus udah di ubah juga, tapi masih harus tunggu ""beberapa saat"". SAYA LAPAAARRRR"
,"Parah sih, udah langganan lama, tapi biayanya makin mahal aja, gak kira"" ngasih ongkosnya"
,Saat mau bayar di Indomaret kode qris tidak keluar (internet mati) klo sdh di perbaiki nanti saya naikkan ratingnya
,Sya kecewa sama aplikasi GO-JEK saya membeli top up kartu elektronik saldo sya terpotong tapi saldo sya di kartu elektronik tidak masuk tolong bagaimana solusinya agar uang sya di kembalikan
,"Aplikasi gak jelas tidak berbuat salah tapi di blokir,sudah proses banding tapi di tolak terus tolong ke adilan nya dari pihak gojek saya tidak terima dengan ini"
,"Kesel bngt biaya ongkir gofood yg ga nentu td 67rb, gue topup dong 67rb malah ganti jd 71rb kan jadi kurang 4rb, kena admin pula 1k klo gue topup lg kena admin lg dong. Mending grab dehh konsisten ga naek turun ongkirnya."
,"Ini kenapaa gopay setelah update kok jadi tidak premium, padahal sebelum update sudah premium."
,Sebelumnya untuk bayar token pulsa bisa pakai coin kok sekarang malah ga bisa. KLO cb pakai ke koin gunanya buat apa? Kalo cm bisa pakai beberapa aja
,"Aplikasinya makin kacau transfer sering nyangkut sudah itu proses bisa berhari hari,,,klo di diemin GK di tanggapi"
,"Saya sangat terbanty dengan aplikasi gojek ini,karena bisa mengantar tujuan dan pesanan dan lain lain,pokok nya bagus deh"
,Server buruk kalau pas hari lebaran kaya gini...jelas di aplikasi ada driver ready...tpi tetep aja nggak bisa dapet driver...sangat mengecewakan...
,"Kenapa ya,Saya mau upgrade gopay plus tpi data ektp katanya tidak sesuai"
,Biaya ongkir gofood yg kadang gak masuk akal . Lebih mahal ongkir ketimbang total makanan nya 🤣👎👎👎👎
,Ini knp ya apk nya suruh update terus padahal udh di update gmn ini tolang semoga cepet di perbaiki
,mahal biaya layanan. perkiraan waktu sering molor. pesen gofood ga ada kesempatan cancel krn kelamaan.
,"Beberapa promo syaratnya sudah terpenuhi, tapi saat pemesanan kenapa tidak bisa di pakai ya"
,"Sangat bermanfaat, memudahkan untuk transportasi dan pesan makanan"
,"Semakin payah ongkir mahal, bye go food. GO mart juga ga ada gratis ongkir meski udah 100rb lbih belanja, menu nya bohong bilang ada bebas ongkir jika belanja 100rb"
,Pesanan mudah & cepat sampai tapi go pay terkadan transaksi gagal
,"Sayq turunkan bintangnya, karena Sering terjadi pesan baik gojek/gocar/gosend dapet drivernya agak jauh dari lokasi, padahal di sekitar lokasi banyak driver dan dekat dengan pangkalan gojek. Sehingga kelamaan menunggunya. Harusnya carikan driver terdekat, efisiensi waktu"
,"solusi saat mager, dan lumayan banyak promonya. good job"
,Tolong kedepanya apk gojek perbaiki lagi tentang fitur lokasiny d menu gojek supaya saya bisa menetapkan titik lokasi rumah sayanya d apk gojek soalnya sudah saya setting titik lokasi rumah saya tpi kok pas udh pas titik lokasi rumah saya pas udh pas titik lokasi eh mlhn saya setting lokasi rumah sayany gk menetep titi lokasinya d alamat rumah saya kak
,Pesanku tidak terkirim kepada driver padahal jaringan lancar kok. Kadang merasa bersalah sama drivernya soalnya beliau jadi repot sendirian
,"Tgl 19.04.2023 saya top up saldo gopay 200 rb,dana tidak d terima,saldo rek sudah dipotong,,saya ulang lagi top up di nomer yang sama 200 rb juga tidak masuk,,lalu tgl 25.04.2023 saya top up 200 rb tdk masuk lagi,,total top up 600 rb,,3 kali menanyakan ke gojek dengan lampiran bukti tf dari BNI,,jawabanx absurd dan bertele tele,,mulai hari ini saya berhenti pakai aplikasi ini,gojek penipu tidak bertanggung jawab!!setannnn!!"
,Driver lebih sering meminta cancel dgn alasan jarak jauh. Tetapi begitu order di Grab saya dapat driver yg sama dan cepat. Mgkn kerena di GRAB mrk dapat besar. Jd menolak di Gojek.
,mohon di benerin dong masalah transaksi nya masa saya udah tf ketemen saya dan sudah berhasil tapi uang nya tidak masuk ke rekening teman saya mohon di betulkan
,"Pake voucher cashback, dapet 12k gak banyak, tapi karena saldo coin / gopay gak bertambah sama sekali, jadi saya kasih b2, harap di perbaiki"
,"Go food makin mundur aja, skrang pembayaran dngn gopay coins ga bisa di gabung dngn promo dan pembayaran metode lainnya."
,"Saya udah pesen gocar, tapi nggak dapat2. Padahal udah berkali-kali. Mengecewakan"
,"ko gabisa pake promo? saya sudah masukin kode promo trs berhasil tp di bagian vouchernya tidak ada, saya juga udah logoutin akun ttp saja tidak muncul voucher promonga"
,Gojek tuh sekarang untuk go foodnya bisa ya 1 driver 2 orderan? Kalau memang bisa tolong di bikinnya yg masih 1 arah jangan beda arah. Udah lama nunggu proses pwmbuatan makanannya lama di jalan belom ke lokasi 1 baru ke lokasi 2 nanti makanannya udh gak panas lagi atau tidak sesuai harapan cst
,Error udah dapat driver malah dibatalin. kayak gitu 6 kali berturut-turut dibatalin mulu. Padahal banyak yang deket di area.
,Apk bodoh ! promo banyak tp ga bisa dipakai semua ! Padahal orderan udh sesuai min. Belanja ! Emosi bgt liat apk ky gini org udh top up gopay demi dpt promo tp promo ZONK GABISA DIPAKAI terakhir bayar 2x lipat dr harga apk sebelah
,"Kenapa ya akhir akhir ini pengemudi banyak yang pilih pilih orderan, masa pakai gopay nda mau ngangkut, tolong diperbaiki lagi attitude driver2nya, yang gamau ambil orderan di bekuin ajh kak biar nda nyusain konsumen yang buru buru"
,"Banyak biaya biaya tambahan, menunggu driver terlalu lama"
,"Makin aneh pelayanan driver nya, jarang ngambil penumpang, yg pake mobil pada sombong, ga tau atittude sama penumpang."
,"Ada kesalahan tiap pembayaran udah berhasil knp harus bayar lagi, kalo gini kan rugi uang saya"
,"Dulu aplikasinya gak selemot ini , udah di updte berkali2 tetap saja lemot , apa lagi sekarang ada gopaylater nya untuk apa jika ma daftar saja selalu pas difoto kembali2 sendiri , kenapa dipersulit , jika tidak bisa digunakan untuk semua orang , atau hanya orang tertentu saja yang bisa mengunakannya lebih baik dihapus saja ."
,"driver yg rajin dikasih order kecil terus,hampir 75% order kecil,sedangkang yg surtir order malah dapat besar2 trs,harusnya minimal kasih kesempatan driver rajin 50% kecil sama 50% besar,bukan kecil melulu....sudah order kecil 12ribu,nunggu cs nya lama,tlg diperbaiki sistemnya dong"
,Ada apa dengan gopay? susah sekali mengkoneksikan pembayaran Tiktok ads
,fitur chat masih sering error..tolong diperbaiki
,Waktu saya bingung mau beri hadiah apa di ultah anak yang lagi kos di luar kota. Alhamdulillah... aplikasi gojek dan drivernya sangat membantu. Terimakasih.
,"Mau go food, harga di aplikasinya udah lah lebih mahal dari aslinya ditambah biaya ongkir.... eh sekarang pakai biaya tambahan 4.000 🤣"
,"Sudah beberapa aplikasi nya error. Loading trs tp gabisa buat pesen makanan, akhir uninstall"
,Bagus pelayanan nya. Cuma harga nya jadi mahal. Dan pelit vochernya
,"Saya kasih bintang 5 yaaa, maaf, tadi saya barusan di aplikasi gojek ada pilihan kaya ""apakah kamu suka dengan pelayanan gojek"" Gitu gitu, terus nggak sengaja ke pencet nggak suka. Jadi sebagai gantinya saya kasih bintang 5 kesini + ulasan yang baik ya, makasih, maaf, dan semangat!!!"
,"Gocar tarif naik driver nya susah, ada voucher pun gak ada mobil , mengecewakan....alamat un install cari alternatif lain"
,Gimana nih Mau booking gosend dari tadi cari driver terus. Mau dibatalkan tidak bisa. Error' aplikasinya
,Order gocar estimasi 3menit tpi posisi driver jauh semua....semakin kesini pelayanan nya semakin parah 👎 klo nga niat ngasih pelayanan nga usah ngasih pelayanan... bangkrut aja sekalian 😡
,"Semakin lama semakin ga nyaman, kalau mmg bbrapa fitur dan promo gaboleh digunakan, lebih baik dihapus saja."
,Biasanya mau ketik lokasi nya bisa ini di upgrade malah ga menu-menu lokasi nya gmn sihhhhh
,"BT Bangeeeetttttt Udah sering pake biar jadi GoClub biar jadi Anak Sultan. Eh tinggal 222xp lagi malah udah ga dapet reward yang berarti. Mana harta karun juga ga berguna 🤣🤣 Cashback makin dikit, sad."
,"bagus, cuma kesel aja, kan saya isi gopay tuh trus tiba tiba bayar ke google play padahal saya gabayar ke google play, udah 2 kali uang saya hilang, mohon bantuannya, kenapa tiba tiba bayar sendiri padahal saya gabayar apapun, mau pesen gojek tiba tiba saldo abis siapa coba yang ga kesel"
,"Tolong perbaiki fitur tarik tunai dan transfer ke e-wallet lain Saya tidak bisa tarik tunai dan transfer ke e-wallet lain hanya bisa transfer ke rek bank masalahnya saya tidak mempunyai rekening bank tolong pihak gojek segera di perbaiki, maaf kalau saya kasih bintang 2 dulu"
,sudah upgrade ke go pay plus tidak bisa
,Akhir2 ini kecewa bgt sama driver2 yg responnya kurang baik. Jika jaraknya jauh sedikit saja. Pdhal jika dia mau nolak toh bisa sja. Tpu kenpa cust yg harus jdi imbasnya. Dan tolong mungkin itu pengaruh dri biaya antar yg murah. Semoga kedepannya lebih baik lagi.
,"Sorry dr bintang 5 turun ke 3,, khususnya gofood.. biaya layanan awal 1000 naik 5000 .. sekalipun ada voucher tetep ada min pembelian .."
,Nyaman..dtgny cepat...driver sopan n ramah..tarif lumayan murah..tq
,"Kenapa Ketika Saya Ingin Memesan Ulang GoFood, Kok Malah Ndak Bisa Yah, Dan Disuruh Untuk Hapus Dulu Keranjang Nya Lalu Tambah Ulang(Tidak Dapat Memuat Harga), Tapi Malahan Saya Tidak Bisa Menghapus Riwayat Menu Sebelum Nya So How Tf i supposed To Do?"
,"Sementara saya kasih bintang segini, makin kecewa berat.. dari kmrin mau cek tagihan buat mastikan tagihan Gopay later yg terpakai untuk apa saja dan harus dibayar berapa bulan ini, tapi sudah seminggu lebih saya gk bisa buka Gopay later di akun gojek saya dan tampilannya selalu kosong, padahal saya selalu update apk gojek saya dan tadi saya sampai uninstall-install apk gojek dan berakhir hapus beberapa apk dan nge-restart hp saya, tapi sampai skrg masih gk bisa terbaca sama sekali di akun saya."
,Sdh ongkir mahal plus biaya service kalah saing dng grab woi. Sdh top up gopay tetap tdk keluar promo
,"Sekarang mitranya yang gak punya rekening dibikin sulit,saat penarikan uang cash di ATM BCA atau atm lainnya. Dengan alasan yang gak jelas dan rumit,mitra juga butuh cash.buat kebutuhan mendesak dijalan.dan gak semua mitra punya rekening,mohon dimudahkan lah buat mitra.jangan mau nya menang sendiri..."
,cari driver terdekat tapi yg dapet driver yg jauh. gimana tuh layanan cepatnya jadi cuma slogan aja. hati-hati pelanggan bisa jadi kelamaan nunggu loh.
,Bagus dan lumayanlah..kalau bisa sih banyakin promonya hehehe
,"Ongkir dan biaya jasa aplikasi terlalu besar, dan jarang banget ada promo. Kangen Go-Jek yang dulu banyak promonya 🥺"
,Aplikasi apa ini makin kesini makin kesana. Mau login tapi sudah ada email padahal sebelumnya saya belum pernah daftar
,"Maaf nih, saya pesen makan tp ter pickup sndri dan telah diambil tanpa saya mengambil... Padahal makanan gak datang atau ter pickup, dan orderan gak bisa dibatalin.. Kayanya saya uninstal... Padahal saya udah lama pake..."
,sering order gofood tapi sering ketukar sama orderan lain 🙂 dan saya sering dirugikan
,"Voucher nya tidak bisa di pakai secara bersamaan dengan promo lain, jadi harus pilih salah satu, jadinya kurang memuaskan"
,"Promo"" Sudah tidak menarik lagi.. Terutama promo goofod nya. Beda sama yg sebelah."
,Ini chat/telpon disabled lagi ga bisa digunakan jadi makin susah komunikasi sama driver..
,"Baguus cuma banyak driver yang suka cancel orderan, jadi lebih sering order pake apk sebelah. Drivernya banyak yang ga niat narik"
,Sangat oke dilengkapi aplikasi yang sangat membantu transportasi.
,"mau kirim uang aja proses nya bisa nyampe 2 hari, kebijakan nya sangat tidak efektif, nyesel jadi pengguna gopay"
,Lemot anjir map nya ngeloadnya lama bgt.. klo driver batalin juga ga ada notif aneh sumpa padahal jaringan gua lancar.. ngabisin waktu..
,"Masa tiba² bayar sendiri sih, harusnya kan gopay ada pin nya gitu pas mau bayar, ini ga ada tapi langsung kebayar sendiri buat beli sesuatu, padahal udah batalin"
,"Aplikasii sampah cuman pengen untubg doang nda mau rugi kita top up di sini pas mau di pake malah nda bisaa sampah betul aplikasi,,,, dear devloper klw nda guna ini aplikasi nda usah aja aada di play store"
,"jujur gw kesel fungsinya gopay coins buat apa? cuma bisa buat blanja di tokopedia yg jujurly voucher dan promoannya masih menang toko oren, gopay coin juga minim promo di gofood, buattt apa jadiii 😭, nyesel gw"
,Membantu tapi sayang nya di gofood dapetin promo nya agak susah karena minimum order nya tinggi banget
,"Mulai cari cuan, biaya app semakin mahal pelayanan menurun drastis"
,"Tolong dong bikin orderan darurat, gaada yang nerima nyari driver lama, masih bisa nolak lagi drivernya padahal sudah dichat darurat"
,Pusing aku gabisa orderin go ride temenku yang beda kota dari jauh.. ribet gatau editnya gimana.. tolong dong dipermudah atur lokasi biar bisa orderin temen yang jauh yang hpnya gabisa install gojek..
,"Makin lama makin aneh, udah notif telat dari prediksi oengantaran sampai setengah jam, ga bisa dibatalin pula, padahal udah ga terkejar lagi waktunya untuk makan, malah kebuang sia2 makanannya, seharusnya klo ada notif telat ada opsi dibatalkan dong."
,Kanadala cuman ganti no hp.. data2 saya hilang semua.. sperti saldo gopay hilang data gopaypinjam juga ga ada .. mau tlp CS nya ga ada no bamtuannya.. tolong dong petbaiki akun saya
,Waktu penjemputan tidak lama dan pemilihan rute yg bagus.
,"Ini perusahaan besar kan, knp pelayanan nya jelek bngt si, aplikasi eror Mulu, naikin lagi lah kualitas pelayanan nya, mau order aja muter muter terus, gajelas"
,Mau pesen makanan ongkirnya mahal ga ngotak lebih mahal dari harga makanan. Promo ga bisa di pake.
,"tolong di benerin, saya mau update gopay plus kok susah ya, udah saya coba berulang2...."
,Bagus aplikasinya tolong dong fitur tarik tunai bca nya diaktifkan kembali
,"Login aja susahnya najis, sms verifikasi gak masuk2, giliran masuk langsung numpuk dan udah gak perlu juga"
,Apaan ini ....nyari alamat susah. Gk kaya versi lama. Apalagi yg goride... Auto uninstal...
,Dulu sebelum update ada fitur tarik tunai bca tanpa kartu sekarang udh gak ada tolong di aktifkan lagi ya🙏🙏🙏🙏🙏
,Ini gimana sih saya sudah topup gopay dari rekening saya ke gopay. mau saya transfer ke gopay temen saya. tapi statusnya masih verifikasi terus udah lebih dari 1×24 jam statusnya masih verifikasi. lama bgt. saya udh nunggu nih cuman mau TF ke gopay temen aja ribet bgt.
,"Habis update malah tidak bisa topup,padahal mau bayar tagihan"
,"Sekarang ribet amat nyari makan,ada biaya ini itu waktunya nunggunya lama,kagak kaya dulu tinggal klik nyampai, sekarang mah harus mikir2 dulu mah kalo gofood,masak pesen 3 makanan aja ampe 100k kek di resto aja"
,"Dr awal make gojek knp makin jelek ya...nyari driver lama, sekalinya dapet jauh dan lama...kl ky gini terus pindah aplikasi"
,Kenapa aplikasi GO-JEK dan gobis tidak bisa di perbarui kenapa ya kalau gobiz saya sudah terdaftar tidak bisa mau diperbarui dak bisa dak kalau sudah terinstal di daftar ulang dak bisa terimakasih
,Apl ini sangat membantu dan memudah kan untuk bertransaksi.sy baru mencoba apl ini sangat bagus skali
,"Dear gojeg.. Setelah komplain saya, gojeg kasih reward anak sultan jd 27rb, hanya bbrp bulan skrg diturunkan jd 15rb dan harus blanja 100rb dan tidak bisa digabung dg promo yang lain. Saya juga daftar gobiz. Memang jika gojeg ingin banyak org yg memakai harus ada promo menarik tapi dr segi penjual promo itu agak merugikan krn pomo besar2an di bebankan ke pihak penjual, sedangkan gojek menaikkan biaya aplikasi dr 3rb menjadi 4rb, akibatnya penjual menaikan harga juga gila2an. Tolong dipikirkan lg"
,Hp dan no saya ilang. Sy lupa menuat email dan pasword nya. Sedangkan satu ktp satu akun apakah bisa sya mengganti akun sy dengan no hp yg baru.. Tanpa verivikasi email dan no hp
,Lebih mudah mengakses pembayaran apapun dan kapan pun👍😊
,Mau bayar lalu disuruh masukin pin tapi PINnya udah bener tapi gak bisa lanjut pembayaran
,Parah si ini aplikasi lagi d butuhin. Transfer uang ke bank nyampe sekarang belum nyampe nyampe...
,"Bagus untuk memudahkan cari angkutan , cuman suka tiba tiba k klik aja tnpa konfirmasi lagi , kdang pesen 2 kdang gak psen tiba tiba k klik tnpa ada konfirmasi lagi"
,"Setiap mau ngirim gosend pasti ilang lagi, koneksi udah bagus juga tetep ilang lagi."
,Kenapa setelah diupdate malah g bisa btw transaksi di aplikasi alfagitf pakai voucher padahal s&k sudah sesuai
,"dulu rating nya 5 sekarang 2 cukup deh, aplikasi susah dibuka, update tapi masih juga susah dibuka. ampun"
,Uang saya mengendap lumayan banyak di aplikasi ini dan aplikasinya malah tidaj dapan di gunakan bahkan tidak dapat di buka. Mohon info bantuannya @gojek
,Bagus sesuai dengan yang diharapkan dan gampang aplikasinya dipakai mudah dan simple
,"Gimana ya ini aplikasi anak bangsa ini kalah sama aplikasi sebelah G..B Pengen promo tuh harus ngumpulin XP pula, gw sengaja ngumpulin XP eh cuman dapet promo 6rb perak gofood yaelahhh... Terus klw mau promo jarang banget itupun harus isi saldo gopay dulu Emang klw di banding banding gojek ini pelit promo, diskon juga pelit"
,"Kecewa bgt sama gojek, kenapa tiba2 diskon di halaman go food sy hilang semua, cuma Krn mau pindah hp satunya untuk pake pembayaran gopay. Sy hampir tiap hari pake gojek untuk food, mart, dll. Tapi kl ini sy kecewa bgt,pingin tak uninstall kl gak balik lagi kayak semula. Sudah chat ke cs gak ada solusi samsek. Bye gojek udah males"
,Gojek ini bru kmren diksih tau ada promo tpi gk bisa diklik pakai gk mngkn error trs pesanan sudah memenuhi syarat tpi gk. Prnh bsa dipakai cashback dll gimna mau pake utk ordere tolong diperbaiki
,"Masih ada bugnya, udah ada notif dapet driver tapi di aplikasinya malah masih nyari - nyari aneh"
,"B1 dulu yah saya turunkan!!!! Aplikasinya hari tgl sekarang gak bisa d buka setelah update, makin parah ajah"
,Sedih sekali... pesan sudah 20 menit dan sering di cancel... lokasi driver tidak sama dengan real life nya :(
,"Aplikasi eror scan barcode udah jelas banget tetep gabisa,gini nih nyusahin kalo mau bayar atau kirim saldo pake barcode"
,"Dari kmrn bayar belanjaan di alfamart ga bisa, transfer ke bank ga bisa, beli sesuatu di apk bayar pake gopaynga bisa , kenapa ya , mohon bantuannnya"
,Dalam proses mencari driver lama sampe setengah jam nunggu juga gk dapet padahal dimapnya banyak yg deket tapi ttp aja dapet yg jauh itu juga dibatalin mulu sama drivernya makin buruk
,Saya baru td top up saldo gopay dan instal kembali karena pake nomor lama jd ngk Nerima otp. Bisa ngk sih masuk dengan sensor wajah aja. 😭😭😭😭
,"Aplikasi ngaco setiap persen gocar yg datang Bluebird jgn gitu lah jek kalo mau sportif kasih order yg merata setiap mitra ,emang lupa sejarah nya ada gocar ,perjuangan driver online baku hantam sama blue bird,driver2 elo jek yg skrg gocar bisa eksis di masyarakat,"
,Eror melulu gojek sekarang kurang bagus sistemnya...dpt deiver nya jauh2...jadi lama datengnya..sering saya telat karena d kasih drivernya jauh dri jarak jemputnya
,Sangat terbantu dengan aplikasi ini karena pemesanannya sangat mudah dan drivernya ramah2😊
,"Dasar aplikasi penipu gua transfer uang 400k saldo belum masuk masuk , tetapi saldo kepotong hati hati kalau mau menggunakan aplikasi ini"
,"Sangat membantu dalam bisnis maupun kebutuhan harian,tp syg go mart sekarang gak bisa lg order bahan bahan segar,smoga gomart bisa seperti dulu lg"
,"Woy lah ini gimana si, masukkin pin salah mulu, giliran diganti selalu tulisan gak ada internet, bahkan otp salah, eh dapet sms udah diganti, pas masukkin pin baru gagal lagi, plis lah"
,"Saya sangat terbantu , tapi kenapa app ini tidak bisa saya gunakan ya dalam semingguan ini ? Padahal saldo masih banyak 😔"
,"Tarik tunai gak bsa, mau persen rokok di sensor! Ini aplikasi apaan sihh ,ini. Jaman batu atau apa sih"
,"Prioritas sih prioritas, tp jangan kasih driver yg jemput jauh jg kali. Sementara driver terdekat ada.. Buang2 waktu jadinya"
,"Ini knpa jek jek, oorg udh di upgrade ke gopay plus ko malah balik lg ke Non upgrade, Payah mau transfer malah kaga bisa saldo nyangkut hadeuhhh payahh...."
,Untuk semetarA ok. Jika keadaan baik baik saja tanpa ada masalah bintang ini akan terus di atas. Pertahankan Developer
,"Kok sulit bgt lihat saldo ya, biasanya normal. Tolong di perbaiki"
,Tolong yah gojek titik tolong di seusai kn yang bener! Gara2 titik gk sesuai! Pesen barang sampe malah gk susai titik nya hasil ny malah saya rugi barang gk dapet duit hilang gitu aja !!!
,"App eror terus gk bisa di adelin kalo kemana2 udah yg ke 3xnya naik krl masalahnya eror terus ahirnya beli kartunya lagi 40k malah baru top up,udalah kecewa males makenya lagi"
,"Parah. Tidak bisa dibuka sudah berhari-hari. Smua aplikasi di HP lancar, kecuali app gojek."
,"Pas lagi bulan puasa siang"" masa mau pesan gofood ga bisa katanya lagi banyaknya pesanan gofood, kan aneh"
,"Udah 1mingguan ini saya ga bsa login ke apk ini msukin no hp tpi cma muter2 doang pdhal mah ada pket,wma kayak gobiz jga ga bsa knpa ya ? Bantuan nya dong"
,"Gps tidak akurat, entah dari perangkat saya atau dari aplikasinya, hampir berantem sama driver gara² salah titik :("
,selalu di tolak terus datanya ga bisa dirubah pdhal mau isi data yg benar tp susah jd mles pakenya
,Kalo bisa ada voucher yg ongkir nya cuma 5 ribu soal kadang ongkir makanannya ada 15 k kalo kayak saya anak kos ongkir nya bisa beli nasi goreng pliss
,"Layanan gopaynya bermasalah tu kirim ke rekening gak masuk, trus harus nunggu samapai 1 s.d 2 hari kerja. Padahal uang tersebut sangat kita butuhkan 👎"
,"Tolong setiap customer order jngn selalu dapat driver yg jauh,,,customer order pasti berharap cepat yg disesuaikan dngn kebutuhan customer itu sendiri,,karna dpt driver jauh jd kita nunggu lama dan keperluan customer jd terhambat dan jd lama,,,,tlng di kasih yg deket dngn customer saat customer order,,,,tks,,"
,Tiap hujan padahal udh reda tp hargany 2x lipat klu naik mobil. Mahal bgt.apa lg Klu hujan ny gede harga 3x lipat. Parah
,"Makin kesini driver gojek makin mengada-ada. Ya kali pesen gofood udah 30mnt driver gak sampai ke resto. Saya chat driver gak di balas, tau2 diganti driver aja. Kejadian gak sekali dua kali, main ganti driver. Total bisa 1jam nunggu driver buat smp ke resto."
,"Saya Kurang puas karena saya sudah Banyak Menggunakan aplikasi ini, tetapi tidak pernah dapat Diskon Sering setiap Bulannya."
,Tolong dong Menu simpan alamat Favorite jangan dibatasi. Masa cuma sedikit. Kita kan sering kirim2 barang ke banyak alamat langganan
,Naikin aja terus tarifnya biar pindah semua costumer ke aplikasi sebelah. Mana sering ngebug lagi ni aplikasi padahal biaya tarifnya lebih mahal.. aneh
,"Bintang 1 Aja.pelayanan gak kayak dulu.order ditolak sama driver.dan ada beberapa resto yg dulu ada,skrg tidak terdaftar."
,Mau transfer aja kok ribet bgt harus upgrade ke gopay plus Suka² lah mau upgrade apa gak jgn duit orang mau di transfer malah susah
,"aneh gabisa login malah muter terus , cobain di hp jadul malah bisa 🙄."
,"Kenapa apklikasinya ini, saya mau pakai GO-SEND dari pagi sampe malem tulisan masih mencari driver teruuus, mau hapus akun tidak bisa 😭"
,"Beli pulsa nggak masuk, saldo yg kepotong tidak kembali. Menu layanan juga tidak berguna dan tidak membantu sama sekali"
,"Dari galaxy m23 5g login loading nya cuma muter2, padahal pake hp lain bisa, dengan koneksi yg sama"
,"Maaf saya kasih bintang 1... Semakin Lama semakin Mehong ( MAHAL ) gak ada voucher, Semakin tinggi level semakin mahal.. kwkwkwkw. Biaya aplikasi 5rb ? Kwkwkw.. turun lah ke jalan wahai Saudaraku lihat bagaimana kondisi Pedagang Gofood Dan Driver nya.. mereka mengeluh sepi orderan.. trs saya tanya diri sendiri.. oia customer pikir 2x kalo mw order Gofood.. biaya antar sama tambahan aplikasi hampir 20rb... Itu belum di jam malam Hahahha. AKU MERINDUKAN GOJEK YANG DULU ! Matursuwun"
,"Dulu transfer saldo gopay ke bank mudah dan cepat , sekarang sering sekali mengalami gangguan dan harus menunggu 2-3 hari . Tolong di perbaiki lagi 🙏"
,"Buat saya yang mageran...amat sangat membantu, mudah dipakai dan banyak pilihan...diskon juga banyak.."
,Alhamdullillah lancar. Tapi kalau bisa terutama untuk pesanan gocar nyangkutnya jgn ke car yg jauh dr konsumen dong.
,"Harga terkadang tidak sesuai antara di aplikasi dengan yg tercantum di nota pembelian, jadi harus nambah uang deh"
,"Driver gokar pada belagu, gamau ambip orderan jarak dekat, padahal semua ada hitungannya, kalau hujan susah banget padahal pada deket gamau ambil orderan, harus ada teguran untuk driver² seperti itu, gojek udah bagus tapi driver gocarnya yang bikin kita menilai jelek ke gojek.."
,Menghabiskan storage. Aplikasi buat penumpang jangan terlalu besar. Udah kayak game online saja.
,Mantap mudah mudahan kedepannya bisa ada bonus lebih banyak lagi Apalagi buat dua duanya driver sama konsumen Gogek .... mantapppp jiwa
,apaan sih mau login aja susah banget. padahal udah nrima sms link nya pas mau masuk ga bisa². jadi kecewa berat
,aplikasi gojek ini dapat membantu orang untuk lebih efisien dalam hal apapun terima kasih sudah hadir memberi kenyamanan efisiensi bagi Indonesia
,Aplikasi tidak bisa di andalkan saat sedang mepet. Maps suka error!!
,"Apk asu, ngga bisa buat buru2, top up keterangan berhasil, saldo ngga nambah."
,Maps dan lokasi penjemputan sudah mulai akurat. Driver tepat waktu.
,"Jangan kebanyakan iklan dalam aplikasi,kadang jadi kurang fokus kita dalam order"
,tolong donk admin di hapus biaya layanan dan biaya apk setiap order selalu lama dapat driver ny blom LG kalo pesan goride pake biaya tambahan seribu enakan naik si kuning cuma 10 ribu kalo anda sendiri malah 13 ribu beda 3 ribu perak sangat merugikan
,"Aplikasi berlayanan lengkap, pokoknya terbaik..pertahankan/tingkatkan"
,"Beberapa fitur g bisa dipake, ada notif perlu diupdate padahal uda versi terbaru"
,"Biaya layanan aplikasi di gofood tolong dihapus. Sudah cs bayar 20% nya driver, bayar selisih harga menu makanan. Masih aja di beratkan jasa aplikasi 3-5rb. Niat beli nasgor, totalnya jasanya malah seharga nasgor."
,Gampang ngebug ketika tracking order gocar atau gojekk. Suka forceclosed ketika user penuh dan di jam jam padat. Mohon di improvement untuk PR developer.
,Tolong perbaiki dong gojek saya bisanya pas mau bayar konfrimasi pakek sidik jari bisa skrng ga bisa padahal dah ku aktifin sidik jari di gojek tollong bngt malah suruh masukin sandi gogle padahal pakek sidik jari bisa dulu.
,"Mengecewakan. Akun lama saya ga bisa dipulihkan, karna saya ngga ingat 2 transaksi terakhir di akun tsb. Bagaimana bisa ingat kalau terakhir dipake 2 tahun lalu?? Gimana sih pihak gojek dan customer servicenya😔. Tolong kembalikan akun saya. Gimana saya mau buat akun baru kalau di akun lama saya masih ada email dan gopay plus, yg berarti saya ga bisa upgrade semisal punya akun baru dikarenakan ada foto KTP di akun lama. Note : aku udah sering email cd-nya mengenai masalah ini"
,Kenapa kalo mau minta saldo ke temen atau keluarga ada tulisan update padahal sudah saya update tolong di perbaiki
,ditingkatkan lagi aplikasinya terutama maps nya jgn sampe sulit kalau mau ketik alamat tujuan.
,"Bru download uda mau pesen makanan di apk nya gada, kosong semua ngetik menu apapun kosong pdhl jaringannya bagus2 aja"
,"Gak banget sekarang cashback berupa koin, buat belanja kebutuhan sehari-hari di alfagift sekarang juga gak bisa"
,Di saat saya ada kepentingan untuk gojek selalu pesanan sedang ramai ... Agak sedikit kesal sering telat mohon di kembangkan lagi tentang pelayanan yang lebih cepat dan lebih baik . Perbanyak driver gojek terima kasih
,Cepat dan hemat banyak promo serta diskonnya. thanks smg tetap jaya slalu go food.. 👍😊
,"Setiap chat dengan driver pasti pesan ketiknya tertutup keyboard, mohon di perbaiki.."
,"Pengirim uang lama harus menunggu, selalu gangguan ketika tf uang . Waktu lama 2 hari bisa kirim lagi"
,"Ini kenapa nggak bisa login, udah delete dan instal berulang2 tetep nggak bisa login"
,Makin kesini makin pelit nih gojek...makin naik biaya aplikasi dll...diskon makin dikit...payah...yah 2 bintang aja...nanti kalau dah royal bonusnya baru nambah bintang...
,"Seandainya gosend kalian kasih ke driver platinum dan molis gogoro,sy yakin tidak ada 1 pun orderan yg di lewatkan,,karna mereka takut performa ratingnya jd hancur,,tapi sayang IT gojek masih kurang cerdas baca karakter mitra2 nya...🤣🤣🤣"
,Banyakin promo lagi kayak dulu.. biar kami pengguna menengah kebawah banyak yang order..
,dengan aplikasi gojeg perjalanan menjadi cepat dan mudah untuk kebutuhan transportasi
,Update terbaru 6 april 16.45 gw pesen goride ga bisa kenapa ya? Aneh eror mulu giliran dapet malah batal otomatis
,"kalo bisa harga makanan tdk dinaikkan lagi, krn sdh dpt ongkir bahkan service cukup besar"
,Sangat membantu saya pada saat butuh makanan (lapar) dan butuh transportasi yang cepat dan tepat waktu
,"Sekarang tarifnya makin mahal kalah Ama aplikasi kuning, dan udah gak ada vocher potong diskon lagi, kayanya Lg kejar profit ya"
,"Aplikasi g pernah dipakai, sekali mau pakai kok keterangan dompet terkunci Udah bantuan ga ada solusi malah sudah ditutup, aplikasi beban"
,"Gopay udah gak seasik dulu beli gofood udah gak bisa pake cashback terus buat apa dong cashback kalo gak bisa di gunain sama promo, mending pindah kesebelah aja kalau kayak gini mah"
,"kebanyakan notifikasi, sangat menggangu.. nggak penting sama sekali"
,Aplikasi nya down ga bisa dipakai padahal sudah instal ulang berkali2
,Aplikasi nya makin sekaang makin aneh otp aja lama suka elor tidak bisa pakai pitur ini ganti pin ga bisa pake email.hars pake ke no..makin ga jels
,Nggak bisa top up gopay lewat friend atau keluarga harus update dulu katanya tapi gak bisa diupdate
,Makin gak jelas . Beli vocher langganan digunain dgn semestinya . Tapi malah kena blokir . Lapor cs gak ada solusi . Parah . Kalo ujungnya bakal di blokir ngapain ngadain promo vocher langganan . Tiati ya ges ya . Kasih rating 1 aja . Pelayanannya gak banget !!!!
,Makin kesini biaya/tarif semakin tidak masuk akal. Sudah lama cari drivernya biaya sudah diluar nalar. Mohon maaf kami sebagai customer mending cari yang lebih bersahabat. Yang katanya produk anak bangsa
,"Gunakanlah rute jalan besar, ga semua custamer ingin memotong jalan' karna efek nya jalan potal,kebon bahkan kuburan di lewati rute,. Jek jek teralu"
,tolong pihak gopay..scan QR..BARCODE..buat belanja d Alfamart sangat sulit..tidak bisa d gunakan
,Aplikasi nya mantap betul alias mantul banget...sukses selalu buat PT GOTO Indonesia
,Aneh jg siy. Ada layanan GoClub tapi benefitnya per maret ini dihapus... Trus promonya jg dihapus smua.... Tambah pelit siy.
,"Baru instal trus daftar langsung top UP, pas coba test buat tf gagal terus komen terlalu sering konfirmasi... Hadee... Padahal perdana transfer... Berat nih boss"
,"Alah, aplikasi ga bisa dipake, udah kaga ada driver nya disini, kecewa bnget.."
,"Udah 10kali lebih pencet kirim ulang buat kode otp tp ga bisa, pdhl sinyal bgs+pake wifi"
,"Driver dapat doble order saya tidak setuju, makanan saya lama nyampenya, dingin pula."
,"Beberapa hari ini buka aplikasi gojek cuma muter² aja, ga kebuka. Padahal buka aplikasi yg lain lancar"
,"Kadang Kadang Tidak bisa chat dengan driver saat memesan tolong diperbaiki, mulai dah kalo ujan gak bisa dpt driver"
,"makin hari makin mahal aja tarifnya plus susah dapet promonya.Minggu ini dapet promo potongan harga goride sm gocar pdhl masih ada sekitar 6voucher lagi yang blm dipake dn sampai tanggal 26feb,lah ini baru tanggal 24 tapi tbtb semua voucher saya hilang padahal ada sekitar 20+voucher nya.Gimana sih nih adminnya ngantuk apa gmn sih"
,Saya pengguna lama gojek dan sampai sekarang masih tidak dapat mengaktifkan GO-PAY pay later dan ini membuat saya kecewa
,"Makin bingung sm apk gojek , login nomer akun lama malah kayak bikin baru. Trus udh nyairin saldo malah gak masuk masuk"
,"Sistem error di gofood. Udah update juga, tetep error"
,opsi gofood mode hemat itu suka lewat estimasi. biaya layanan juga semakin agresif dinaikkan
,"Benerin dulu deh sistem gpsnya. Makin mahal ongkosnya, naro titik suka salah terus, kasian driver suka nyasar"
,"Aplikasi yg sangat membantu, banyak promonya juga. Makasii sukses slalu!"
,"Selama ini pelayanan bagus, walau masih ada beberapa kekurangan d sana sini tapi bagi saya yg penting cepat sampai dan selamat sampai di tempat tujuan itu sudah cukup"
,"Parah.. biaya bisa berubah dlm 4x dr 28rb,naik ke 30rb,naik lg ke 32rb n ending nya naik 37rb gara2 susah dpt driver"
,"mau upgrade gopay plus ga bisa2, padahal udah bener datanya."
,"Bintang 3 aja dlu sudah lama pakai gojek trs pakek gopaylater cicilan gampang dan mudah bahkan gk pernah telat bayar,knp sekarang tdk bisa di pakai lagi"
,"Ada perubahan yang cukup signifikan, semakin bagus pelayanannya. Tingkatkan terus"
,"Gak tau knapa sekarnag saya gak bisa lagi beli makanan selain di sekitar dekat rumah aja, kalo di search tempat makan yg jauh dari rumah selalu gak ada"
,"bingung mau order gofood, menu ga keluar2 muter2 doank apa yang mau diorder?🤣🤣.. mending app sebelah"
,"Pada saat order di jakarta, ada mobil yg dekat, tapi kasih yang jauh."
,"Sudah di update versi terbaru,kedepan lebih baik lagi sistim dan pelayanan nya; trimakasih respon nya cepat 🙏"
,"gojek aplikasi terjelek menurut saya ,masak saldo gopay saya dbekukn ,sudah lapor tp gk bsa jga dgunakan,sudah gtu gojek saya katanya pas mw masuk tggu 12 jam ,tp uda dtnggu smpe 12 jam gk bsa jga masok ,"
,"jangan isi lebihan saldonya, pas order gomart hilang disedot, susah komplainnya lagi. bye saldo..."
,Bermanfaat sekali dan memudahkan orang untuk memenuhi kebutuhan sehari2 untuk menggunakan jasa ojek online ataupun memesan makanan & masih bnyk lagi yg lainnya
,Saya sangat senang dan nyaman pakai gojek..karna pelayanannya/penjemputannya cepat dan tepat tujuan
,Sudah sering belanja makanan gojek food dan gojek driver tp vocer kadang gak bisa di pake....ni malah gofoodnya gak da promo. Bilangnya aja promo pas di klik udah hbs lah mengecewakan gojek sekarang nih...marilah kita beralih ke grab yg lagi banyak promonya
,Saya pesan gosend tapi appsnya ngehank. Hanya mencari driver terus tak jalan jalan . D kluarin gak bisa
,"Halo, ini kenapa ya gosend drivernya gabisa di chat? Fitur pesan dan telpon warnanya putih gabisa dipencet. Klo gini gmn cara kita hubungi driver nanti pas bawa pesanan? Ngotak dikit dong"
,"Kenapa sekarang tiap melakukan pembayaran qris sering nongol notif internet putus tp transaksi berjalan, dan notif promo selalu failed nongol"
,Gojek semakin kesini semakin parah dan membingungkan on udh konsisten tp kenapa secara tiba tiba anyeb padahal ngga ada masalah sama sekali
,"Hilangkan biaya pembungkus Krn yg menyediakan pembungkus bukan dari aplikasi tp dari pihak resto, dan biaya aplikasinya terlalu mahal,"
,"Maaf min mau tanya kenapa ya di akun saya tidak ada menu tarik tunai, saya jadi bingung, padahal udah upgred plus lho, gimana min saya bingung kok jadi tidak ada di menu explor nya, tolong penjelasan nya"
,Ntah kenapa sekarang voucher Gofood belanja minimalnya besar2. Dulu 25rb udh dapet diskon. Sekarang Akun udah Anak Sultan dapat voucher gofood 10rb. Itupun belanja minimal 200.000. Dapetin voucher juga dari hasil order gosend/gofood..
,"Mohon nomor kontak penerima barang (tokopedia) dimunculkan kembali,untuk kiriman saya rasa nomor kontak perlu sekali.Kasihan drivernya kalo harus kontak admin via pulsa sendiri..emang ada subsidi pulsa dari gojeknya?"
,"Gak bisa ganti nama akun, suruh nunggu 30 jam terus.. Tapi sudah 30 lebih tetap sama, tidak bisa ganti nama juga"
,knpa aku saya gk bisa di buka yah apakah apk nya error atau gmna.. padahal kecepatan sinyal saya kenceng
,tolong diupdate fitur dimap buat lalu lintas jalan karena ngga tau seberapa macet jalan di area drivernya
,kak mau tanya fitur tarik tunai nya kapan muncul lagi? kok belum ada lagi fiturnya...
,"Top up gopay gak masuk2 via mbanking BCA , solusi nya gmn ? Sering kayak gini tp lama2 lumayan juga kan.."
,biaya layanan kok makin mahal yah ! dari yang 2-3 ribu ini smpe 11 rbu..😭sangat jadi beban dan bikin males pesan gofood.. padahal udah berapa tahun setia sama gojek.. tapi kalau gini caranya bakalan uninstall deh🙏
,"Makin kesini, makin kesana. Makin lama apa apa semakin mahal. Beda ama yang sebelah. Ga semahal ini. Uninstall aja deh. Nanti kalau udah lebih bagus, mungkin akan download lagi"
,"Lama dapet drivernya, padahal pesen pas sore,trus saya lagi ada di kota, tapi lama banget dapet drivernya"
,"harga gofood ud lbh mahal dr pada beli ditempat,, masih dikasih biaya aplikasi,, biaya bungkus... semoga kedepannya lebih baik lagi..."
,"Makin sering di pake makin mahal, makin gda promo, kirain klw sering di pake makin bnyak promo ternyata gak unistal lbh baik ternyata"
,Astagfirullah fraud validation error error kapan coba di perbaiki? Sudah dua hari lalu masih saja belum di perbaiki.
,"Keren sangat membantu,mudah digunakan,,sayangnya pay laternya minim bget,,kalah sama yg sebelah"
,"Kek mana ini Maps nya gak ngikutin kita Jadinya sering salah alamat, tolong di perbaiki ini.saya tiap mesan salah alamat Mulu gara gara Maps nya gak ngikutin kita.kasian drivernya"
,"Harga nya makin gak ngotak,sangat diluar nalar..lebih baik naik indriver atau maxim jauh lebih terjangkau"
,Dulu aku ngasih bintang 5 ke kamu. Karena datar go-pay plus enak muda. Sekarang tak kasih bintang 1. Karena daftar go-pay plus kayak orang ngemis-ngemis. Susahnya minta ampun
,Saya sebagai driver 2018 tetap ngasih bintang 5.tapi dengan sistem sekarang tampilan baru di aplikasi gojek driver akun sya hancur berantakan sudah berapa bulan kalau saya malas saya terima tapi saya selalu bekerja keras tapi hasilnya tak ada semakin ambruk sampai habis modal pinjam sana sini penumpukan hutang sedangkan sekarang di kota saya mulai masuk aplikator aplikator baru.jangan samakan sistem dengan aplikator sebelah justru sebaliknya sekarang aplikator seblah mengikuti sistem gojek dulu
,"Sudah lama donlot, tapi baru dipakainya bagus aplikasi dan responya cepat, semoga maju terus pelayananya"
,Aplikasinya mantap bisa untuk mempermudah bertransaksi keuangan belanja secara cepat
,"malah nambah buruk, tidak ada fitur transfer gopay ke orang lain lagi lewat kontak!"
,"Sudah di-update nga bisa dibuka, Instal ulang tetap nga bisa dibuka jg."
,"Lama bnr aplikasi lemot ngak kaya dlu lagi ,mau pesen mkn an aja lemot jaringan bagus , masuk menu mkn an aja kaya apa aja"
,Kenapa saya topup saldo gopay tidak masuk padahal di counternya sudah berhasil dan nomor nya pun sama
,"Gatau kenapa, tapi setiap dapet driver selalu baik bangettt, gk kaya ijo yg sebelah, udah berulang kali dapet driver tapi gk ramah samsek, emang terbaik go jek"
,satenya enak dan daging semua . bumbunya enak. Tongsengnya enak sekali rasanya luar biasa
,"Sebenernya aplikasi udh bagus, cuma kesel karna skrg musim hujan yg goride jarang punya jas hujan dan pas lagi hujan dikit jarang ada driver yg mau ambil orderan pdhl aku bawa jas hujan sendiri. Mau naik gocar kalo sendirian takut kenapa-kenapa. Jd percuma ada aplikasi ini kalo lg butuh malah drivernya pada males ambil orderan heu"
,"Hancur dah gak kayak kmren lagi vocer promo gofood di hilangkan, sia sia dah mls lagi pertahankan gelar anak sultan nih,, trpaksa pakai apk sebelah menikmati diskon makanan pesan antar,, gua sbagai trader yg mageran slalu pesan gofood, tapi syg gofood tak seindah kemarin,"
,"Secara keseluruahn oke, wau satu dua kali dpt pengalama kurang baik."
,"Aplikasi yg Sangat membantu... Terus tingkatkan promo"" menarik yachh..."
,Apk nya bagus serbaguna tapi kadang suka reloadnya lama apk nya cukup berat sering bikin laq tapi bagus kok
,"cukup membantu untuk yg super sibuk dan mager, ada uang semua jd mudah🤭"
,"Ongkirnya mahal , dan lagi masih ada biaya penanganannya,, malah tambah mahal ,, suwek"
,"Terlalu banyak bug yg ga jelas dn kurang rekomended.., pelanggan bayar full tapi ke driver nya cuma murah sama"" Di rugikan pihak kantor gojek yg lebih untung pelanggan dn driver sama di rugikan"
,Mau naik versi takut orderan bukan tambah banyak malah ga dapet orderan sama sekali percuma di perbarui kalau tambah anyep😡😡😡
,Coin GO-PAY ga bisa di pake di toped Padahal udh terhubung sama toko online nya
,"Susah banget aplikasinya. Sudah isi gopay, saldo rek kepotong tp di aplikasi gak nambah"
,Jaringanya tolong diperbaiki saya nonton yt lancar mau pesen makan susah!!
,Sangat mudah dan membantu dlm membutuhkan transportasi serta serta memesan Makanan dan minuman
,"Lokasi tidak terdeteksi udah 3jam, katanya masalah GPS tapi kok bisa 3device gak kedeteksi lawak"
,"Sekarang kalo mau checkout susah, loading lama. Internet kenceng dibilang ga ada koneksi."
,Diskon mengecewakan fungsi nya apa jika diskon tp potongannya sama dengan biaya lain2. Sama aj boong
,tidak bisa login. udh coba di perbarui juga tidak bisa di akun itu ada saldo saya gmna ini mohon kejelasannya
,Tolong perbaiki ko order food di gabung dengan orderan cs lain udah lama jadi tambah lama jadi ga ada kualitas nya kecewa
,Membantu transportasi di kala mengejar waktu & memesan makan jadi mudah.
,"Setelah update kenapa alamat favorit banyak yang hilang Tolong di benerin lagi, harus ketik ulang alamat favorit lagi Tolong ya dibaca dan di balas, kenapa bisa hilang"
,Abis pembaharuan malah ngebut parah. Aneh kan tolong segera diperbaiki. Bintang 1 dulu. Kalau udah diperbaiki q kasih bintang 5
,"percuma pake go coins kalau pesen makanan jadi jatuhnya lebih mahal, pake gopay malah diskon nya ilang semua, malah murahan bayar cash"
,Aplikasinya busuk. Buwat bayar tagihan gopaylater gak bisa. Buwat transfer kirim saldo bank jago gak bisa. Ogah kalau sampai saya denda Rasain sendiri buwat bayar tagihannya gak bisa😠😠😠👎👎
,makin lama makin susah transfer ke bank aja membutuhkan waktu 2x24 jam kata ya lebih prioritaskan custumer tp kayak gini aja gk bs di atasin masalahnya
,Sangat mengecewakan sekarang suka eror dan sudah gx ada promo lg buat devplover mohon di perbaiki lg supaya pengguna jasa ojol nyaman trimakasih
,"Terlalu mahal ongkir untuk gofood & jam kerja goride yg berubah"" dan driver jaman now agak kurang ramah,mungkin liat custumer kurus.mahal senyum apa karna omset tipis setipis badan saya kah?! . Meskipun sering kecewa dengan sikap para driver walau gak semua driver bersikap gak ramah, tapii kenapa yg ramah sedikit,meski demikian tetap saya kasi bintang 5 & tips walau gak seberapa untuk yg ramah aja yg jutek ogah amat ngasih tips"
,"Tetap terbaik, teraman dan ternyaman sari apk pesaing..."
,"Ini kenapa setelah update semua riwayat perjalanan reset, apalagi malah disuruh ngisi alamat lagi kecewa saya"
,Akun sya nomernya hangus .. dan hp sya kereset .. mau masuk akun sya lagi ga bisa... Uda kirim email verivikasi .. eh pas ganti nomer baru .. selalu jawaban tunggu 30 jam karena masuk perangkat lain .. kenapa ya Go-Jek semakin ga jelas dan buruk😒 mohon diperbaiki ini gimana sya masuk ke akun sya ..
,"Sulit untuk login untuk yang nomer hp nya sudah tidak aktif, dan terverifikasi alamat email nya"
,pembayaran gopay sangat tidak mengenakan akun saya di blokir dan tidak bisa di buka dan saya tidak bisa menggunakan gopay kembali
,"Lemot, stuck di menu pesanan, padahal WiFi lancar pake yang lain"
,"Susah amat mau login!!! registrasi baru gagal terus, pakai akun lama malah suruh nunggu 30 jam mulu!! Mau nya apa????"
,"bagus dan berfungsi satu kendala, displaynya saja apik tapi iki"
,Disuruh masukin nomor udah saya masukan tapi pas mau ganti email dibilang email sudah digunakan saya harus gimana? Di bikin bolak balik pake nomor yang sama tapi mau ganti email gak bisa
,"Gak bisa di pake:( , keluhannya loading terus..udah di update tetep lemot dan gak bisa di apa apain🙏"
,"Bagus.. pembayarannya cepat, gampang di gunakan"
,masalah pesanan saya yg kurang memuskan krn pesanan makanan tdk diantarkan tp driver sdh mnyelesaikan dan bukti pengantaran jg tdk ada. Saya sdh melaporkan tetapi respon dr pihak gofood lambat. Pesanan sekitar jam 22.00 sampai jam 08.30 blom diantarkan. Pembayaran pakai gopay. Itu sangat saya sayangkan. Smoga ada perbaikan. Trmksh
,"Alhamdulillah, aplikasi yg sangat membantu dan mempermudah dlm perjalanan. Terimakasih"
,"Laporan kalau akun tidak bisa dapat promo, dan ditanggapi dengan baik masalahnya. Sekarang sudah ada promo lagi"
,"Pembaruan mulu.. Setelah di update malah loading lamaaaa... SCroll malah ngelagggg... Apa apa an ini, mau order gofood sejam baru bisa order"
,Link login dan kode OTP lama di kirim. Tutup saja aplikasi tidak berguna
,Auto uninstal sya ga bisa update k gopay plus karena poto ktp sya ga jls syng padahal saya sblmnya suka bngt pke aplikasi ini tp gpp msh ada aplikasi yg lain yg serupa
,Astaga sekarang aplikasi nya harga Gories naik nya nggak ngontak 😢😢 yang benar saja bugnya voucher error tidak bisa dipakai saya kecewa dengan aplikasi ini
,"lama2 males ma armada ini, udh naik level juragan voucher gratisnya mengecil itu juga ga bisa di pake, ganti armada lain ahh"
,"Saya salah kirim uang,harusnya ke dana saya kira hanya ditulis no hpnya saja ternyata bukan saldo jadi berkurang bagaimana ya tolong bantuannya lumayan 30rb juga🙏"
,Udh dpt driver info driver tinggal 1 mnit lg sampe tau2 ganti driver dan harus nunggu 10 mnt lg . Dan lbh dr sekali demikian di lempar2 g jelas. Sampe terlunta2 gmn kl yg pesen bnr2 org yg sakit mau ke rumh dan istrahat? Driver dan apk yg sama2 g bertangung jawab
,"Akun gojek saya tiba2 sakit, gak pernah ketempelan promo apapun, banding malah ditolak terus, heran padahal gak ngelakuin kesalahan apapun! Mana akunnya udah premium,, gojek sekarang gak asik"
,Sekarang belanja makanan (gofood) gak bisa pake promo ya? Semenjak update ada mode hemat kaga bisa pake promo ngakak dah 🥱
,"Tiba tiba saja akun gojek custumer saya diturunkan dari gopay plus ke gopay biasa tanpa sebab,saya ulang upgrade lagi pas mau ambil foto KTP keluar Notice ""Gojek tidak menanggapi"" ini sudah 3 hari saya coba ga juga bisa,bagaimana ini bos???"
,"beli pulsa gak bisa, udah ngikutin semua cara yang disarankan tetep ajah gabisa, lol"
,Berapa kali saya masukin kode promo. Promo nya hilang nggak tau ke mana. Ketika saya masukin kembali kode promo nya ada tulisan sudah di tukarin. Bener bener ngaco ni aplikasi. Sayang sekali padahal saya pencinta gocar dan goride.
,"Sudah bayar tagihan gopaypinjam sebelum jatuh tempo, tapi tagihan nya masih muncul."
,Sulitnya untuk komplen restoran karena pesanan tidak sesuai permintaan. Restoran kadang tidak membaca catatan yg di inginkan
,"Sangat membantu, dikala mager tinggal tunggu di rumah makanan kesukaan datang"
,Gojek ga jelas. Aplikasi bisa digunain tapi Titik Lokasi tidak terdeteksi. Suwek
,Promo nya semakin gak jelas dan gak bisa dipakai padahal sdh memenuhi persyaratannya
,"Saya pernah mengalami gopay hilang dua kali, tapi setelah dilaporkan katanya menjamin gopay bisa kembali, tapi kenyataanya tidak, saya jadi malas pakai aplikasi gojek, mending hapus aja jika tidak bisa dipercaya.🙄"
,"Tolong yah batu agar bisa upgrade ke gopay plus, upgrade selalu di tolak"
,"aplikasi apaaan ini, masa mau transfer dari gopay ke bank aja nunggu 2x24 jam, mikir coba emang duitnya kaga mau di pake ? makin kesini makin aneh aja ini aplikasi, mending apus aja gausah pake premium premiuman biar gada layanan transfer ke bank, aplikasi lain aja kalo transfer langsung masuk lah ini nunggu 2 hariii halloooooo ??? apakah yg buat sistem seperti ini waraasss ?? saya rasa sih mungkin masih warasss soalnya ya kaliii mempekerjakan orang orang bodoh!!"
,"Maksudnya apa coba, kmrin eror ga bisa pesan ojek, sekarang ga bisa ngasih titik lokasi penjemputan, padahal setiap hari sya naik gojek, tapi malah kaya gini"
,Ga jelas. Tdnya ada promo makanan giliran diisi saldo gopaynya eh promonya ilang!selalu begitu.
,"Sangat membantu, semoga cepat bisa beroperasi di kupang NTT..(ONBID)"
,"Tambah sering update tambah lemot buka aplikasi ini, tambah ga bener"
,"Kalau saya boleh kasih masukan.. Mendingan tidak usah ada gopay pinjam, yang platform nya disediakan pihak lain, hanya akan menambah daftar komplain costumer"
,Sekarang mau pesen gofood harus ada biaya aplikasi terus ongkir mahal2 banget gak ada gratisnya lama2 menguras
,setiap lewat tengah malah q sllalu pesen makanan dan selalu tepat waktu datangnya gk oernah sekalipun terlambat
,"parah, login make email gak ada...kode verifikasi juga lambat masuknya"
,"Pertahankan yg sudah baik, tingkatkan pelayanan dan fitur terbaik"
,"Untuk para castamer bijak memilih layanan, aplikasi ini buat rakus akan keuangan dan bisa d katakan lebih malah dari aplikasi lain, segera pilih aplikasi yang ramah d kantong dan unistall aplikasi ini."
,Kelamaan nunggu draivernya selalu dapat drever jauh jadi sering telat drever jauh dari titik pengorder kok bisa padahal ada drever yang dekat..capedeh
,"Ini udah top up tapi ko aplikasinya muter lama banhet ya gabisa ke buka2, nyesel juga top up"
,Mahal banget biaya gofood sekarang. Gratis ongkir gak seberapa. Biaya Layanan dan Lainnya sangat meresahkan.
,Terima kasih gojek telah memberikan pengalam yang berharga selama saya menggunakan apk ini berharap sistemnya lebih baik lagi dan sukses
,"Males sama gojek, udah mah ga promo, ga pernah kasih voucher lagi, kasih harga mahal banget, Sering eror. Makin lama makin ga jelas sekarang tuh, dulu suka pke gojek, sekarang lebih baik pindah yang lain aja deh"
,"Karena saya pakai nomer baru akun gojek saya terdaftar atas nama orang lain dan email-nya orang tsb jg sehingga saya tdk bisa verivikasi email. Coba gojek kasih solusi tanpa saya harus bikin email baru, karena email yang saya gunakan sekarang sdh terdaftar akun gojek juga dgn nomer lama."
,𝘉𝘶𝘳𝘪𝘬..𝘋920 𝘢𝘫𝘢 𝘨𝘢 𝘫𝘢𝘭𝘢𝘯 𝘴𝘪𝘯𝘺𝘢𝘭 𝘰𝘬.... ....𝘨𝘪𝘮𝘢𝘯𝘢 𝘺𝘨 𝘬𝘦𝘯𝘵𝘢𝘯𝘨 𝘺𝘢.... ...4𝘯𝘫𝘪𝘯9 𝘯𝘪 𝘢𝘱𝘬...𝘯𝘺𝘦𝘴𝘢𝘭 𝘨𝘶𝘦 𝘪𝘯𝘴𝘵𝘢𝘭...𝘣𝘶𝘢𝘯𝘨 𝘸𝘢𝘬𝘵𝘶 𝘯 𝘬𝘶𝘰𝘵𝘢 ..𝘴𝘦𝘮𝘰𝘨𝘢 𝘺𝘨 𝘣𝘪𝘬𝘪𝘯 𝘥𝘱𝘵 𝘪𝘮𝘣𝘢𝘭𝘢𝘯 𝘺𝘨 𝘴𝘦𝘵𝘪𝘮𝘰𝘢𝘭 𝘢𝘵𝘢𝘴 𝘬𝘦𝘭𝘶𝘩 𝘬𝘦𝘴𝘢𝘩 𝘬𝘶....
,Pembaharuan terus Dan harganya makin mahal dan sangat jarang dapet diskon. Lumayan bisa pesen tiket bioskop
,"Gofood ongkir nya mahal banget, udah gitu kena biaya penanganan, iseng coba beli yg harga nya murce, eh total ongkir plus biaya penanganan lbh mahal dong dr harga makanan nya padahal jarak nya deket bgt, dikerjain ma Gojek kan jadinya, konyol"
,"Kenapa kalok malem sulit pesen driver nya, padahal mau pulang kerja. Tolong dipermudah ya."
,Ini pasang promo di gofood susah amat ya?? Ke batal terus... Minta di perbaiki
,Tidak tahu kenapa jadi loading lama apknya sedangkan jaringan gw stabil kuota banyak ah bingung dah
,"selama ini saya tidak pernah cancel driver goride,tapi td sore saya berkali2 di cancel sama driver.apakah salah saya😢."
,"Sangat membantu & bermanfaat, terutama dalam mengefisienkan waktu"
,Sudah 3 Minggu ga bisa di gunakan. Padahal gopaynya masih banyak.
,"Tolong dong gojek sekarang kenapa pake segala ada double order. Kasian yg order pertama argo normal kena biaya tambahan juga tpi nunggu jdi lebih lama. Kasian juga driver sama sama harus nunggu, tapi argo ga wajar. Ngapain kudu ada double order sih, Gojek kan terkenal banyak drivernya. Gausah di bikin susah dahh"
,"Harus nya ,lebih bagus dan lebih canggih,ni gojek,online pertama,di Indonesia,ni semakin kesini semakin ga jelas,aturan semakin ga jelas,ga malu apa sama online2 yg baru2,,"
,"Ganti hp baru,pake no lama,kok ngk bisa daftar sih.Padahal daftar apk sebelah langsung bisa log in lho.Ada apa dengan apk ini."
,"Aplikasi terbuka dgn sendirinya, aneh banget pdhal udh aku stop notif maupun mulai otomatis"
,Mempercepat dan mempermudah perjalan ke tujuan...nggak pake lama..!
,"Pelayanan bagus memuaskan, tapi sayang driver-nya tidak mau bantuin mengangkat barang-barang saya yang banyak."
,Habis instal ulang semakin loading lama gak bisa dipake
,Mantap Cuma harus diperluas lagi area layanannya. Masih banyak area yang belum ada servis Gojek tapi layanan di Ojol lain sudah tersedia
,Pelayanannya bagus tapi bahasanya pake Inggris jadi kurang mengerti harusnya pake bahasa Indonesia saja
,"Aplikasinya tidak bisa chat dan telepon driver... gimana caranya kita tau mau diambil sama driver atau tidak, tgl 18 april 2023 jam 20:30"
,Assalamu'alaikum maaf bgt tapi ini kode otp kenapa ngga masuk² udah 2 Minggu saya tunggu kalo ada 1 bintang stgh udah saya kasih mohon untuk gojek di perbaiki karna mau top up ga bisa 🙂 mohon bantuannya untuk di perbaiki segera trmksh 🙏🙏🙏
,"Sering susah untuk scan barcode saat menggunakan barcode di gotransit, mohon perbaikannya"
,"Driver Suka Gak Mau Cancel padahal tapi kesaannya Gak niat,ibu saya tering terlambat masuk kantor karena di mainin sama Driver...Digantung Trus Jemput gak Cancel juga gak...Kalo ibu saya Cancel Biaya Ongkos Naik....Tolong dong di Improve Fiturnya"
,"Buat para pengguna baru aplikasi gojek customer saya harap mengurungkan/membatalkan niatnya untuk menggunakan aplikasi ini, sebab secara tidak langsung aplikasi ini sangat merugikan customer ataupun driver dengan menaikan ongkos kirim (customer) dan memangkas pendapatan (driver) terlalu besar. Apa ini yg di namakan perusahaan anak bangsa? Tidak memanusia kan manusia secara materi. Saya harap urungkan niat anda dan jangan pernah menggunakan aplikasi ini apapun alasan nya. Terimakasih"
,"kok saya mau pesen tidak bisa ya, tulisannya ""sedang tidak bisa pesan antar"". pdhl di akun gojek yg lain bisa. ini knp ya"
,Suka dengan ketepatan waktu dan kondisi barang yang tetap oke sampai tujuan
,"Min, tolong ditambahkan pengubahan alamat di gofood, kemarin aku pesen.. Alamatnya error, gak bisa di ganti.."
,"Driver yang saya dapat selalu jutek, padahal go club saya udah sampe juragan, kenapa tidak mendapat driver dengan ranting terbaik"
,Ini kenapa fitur tarik tunai tidak ada di akun saya ya? Padahal udh jadi gopay plus dari 3 tahun yg lalu !
,Kecewa sekarang transaksi pulsa aja jadi lama banget masuk nya... Hemm
,Ongkirnya Diluar nalar padahal deket dan voucher nya banyak yg gak bisa dipake
,"Ngirim laporan kerjanya lelet amat, ada gak sih fitur chatlive kayak di shop**? Saya sudah menggunakan fasilitas bantuan di gojek, tapi lelet dan terkesan salah penanganan."
,Kenapa sekarang saya tidak bisa menyimpan love toko seperti sebelumnya? & Susah untuk top up dri driver
,"Aplikasi yang sangat membantu transportasi ,apalagi klu dapat voucer Makin ketagihan pakai aplikasi gojek"
,Masa sudah upgred dari gopay plus masa tiba2 harus upgred lagi sh buat isi pulsa aja gak bisa gantung
,"gilaaakkkk Lonjakan Ongkir go food nya ngadi ngadi... edan, mending langsung geser ke apk sebelah, masa ongkor jadi 9000 trus brubah 20000. blm biaya layanan dan lain lain. Skip!"
,"App sering error, perushaan gede tapi hak kecil gaa d perhatikan, jelek sekali!"
,"Byk diskon,,pengiriman cepat,,tp ada biaya layanan jd tambh mahal"
,kebiasaan gojek. nahan duit orang. udh di upgrade gopayplus. malah turun ke regular . al hasil suruh nunggu lama lagi. bisa gk sistemnya di rubah. baru kali ini pakai e-wallet kaya gini bngt sengn nahan duit orng
,Untuk makanannya enak dan untuk pengantaran (gojek) juga tepat waktu...terimakasih
,Sangat nyaman dan menyenangkan pakai aplikasi gojek nie...pejemputan cepat dan ga ngaret...pokoknya saya suka pakai aplikasi gojek
,Sangat membantu dari semua hal dan aplikasi sangat mudah di gunakan
,Menu tarik tunai saya tidak ada. Mohon segera diperbaiki supaya muncul kembali. Terimakasih.
,"Pesan berkali2, dapetnya jauh2 banget, trus ga gerak2 drivernya. Order siang di Jkt suka drama."
,Banyak membantu aktivitas usaha saya dalam pembayaran belanja online dan transportasi online. Makasih banyak dan jaga pelayanan tetap prima.
,"Tidak bisa masuk ke aplikasi, padahal saldo masih ada di dalam"
,"Voucher gak bisa di kombo lagi, gak kaya shope di tambah dobel order makanan saya lama sampainya udah dingin jadi gak enak tolong dipetibangkan lagi kebijakannya"
,Perbarui system nya sesimple mungkin biar HP RAM kecil pun bisa lancar meng akses👌
,"Terlalu banyak biaya layanan yg dibebankan kepada customer,tapi si driver tetep kebagian argo yg murah , terlalu besar potongan ke drivernya"
,"Saya bayar tagihan gopay later tgl 1 biar g kena denda. Malamnya saya pakai lagi gopay later, eh tp kok jatuh tempo di hari yg sama?wah baru tahu klo gopay later semacam money trap model gini. Untung gak pernah gede pakenya."
,"Payah, top up nya cuma bisa pake Indomaret, bca one klik sama bank jago. Ribet kalo mau top up gabisa pakai dana atau bank lain"
,Gabisa login udah dari awal maret loading trs sampe sekarang msh gitu tolong perbaiki
,"Memudahkan dlm segala hal, ketika mager tp lapar,ketika gk da kendaraan Ketika gada siapapun yg bisa diandalkan. Gojek paling bisa diandalkan"
,disini saya ingin memesan makanan tetapi selalu tidak bisa dan ada kendala padahal sudah saya download ulang tapi tetap tidak bisa.
,"Sekarang gojek drivernya pilih-pilih, diaplikasi harganya sekian, tapi gak ada yg mau ngambil, padahal siang hari pukul 14.00 WIB dan di Jakarta ordernya.."
,Proses pembayarannya lama. Sangat sangat mengecewakan 👎
,Penjemputan Cepat Sesuai Alamat.. Driver Ramah & Sopan..
,"Reset trs aplikasinya oprek trs mau jalan 3 bln akun masih belum normal gak ada perubahan,sistem rubah rubah trs makin hari makin menjerit kayaknya bakalan makan angin bkn makan nasi"
,Sangat disayangkan saya pengguna lama tapi fitur gocicil tidak muncul di aplikasi gojek saya.
,Apk ini sgt membantu dlm kehidupan sehari² walaupun kadang banyak ngelag nya.
,ga bisa order goride... Padahal lg nguber waktu... Ga bagus ... Kalah sm kuning
,Senang sekali dan para driver'nya cepat sekali dalam penjemputan
,"Aplikasi sangat mudah untuk bertransaksi pokoknya suka bangedt,,somoga aja gopay pinjam saya di setujui"
,Seharusnya aplikasi ini menyediakan atau membantu mencari lokasi lewat nomer gopay karna sering ada kasus penipuan biar lebih aman harus menyediakan pelacakan lokasi nomer hp yang terkait di gojek dan memberikan kronologi apa yang terjadi
,"Berguna bgt gojek buat saya yg blm pnya motor. Semoga aplikasi ini semakin bagus ya, bnyak promo menarik jg"
,Akhir-akhir ini kok saya selalu bermasalahan dengan Map yah padahal udah kasih masuk lokasi yang akurat tapi tetap aja di suruh cari lagi
,"Upgrade gopay plus aja susah banget tiap kali upgrade ditolak Mulu padahal semua nya udah bener, sistem nya aja kurang bagus lebih gampangan pake DANA"
,"Baik, Titik-titik jemput sudah sesuai tapi belum pas"
,Aplikasih jelek saya pesan minuman dan makanan kok harganya mahal sedangkan harga makanannya murah tapi pas mau dibayar kok mahal ini gk sesuai
,Ini gimana y mau pantau gocar malah keluar tiba2 Padahal mau kasih tip ke gocar nya Memang nih aplikasi mending pindah ke grab
,"Tidak memuaskan,,, transfer ke bank gak terkirim,,minyak bantuan responanya kurang membantu,!"
,"Terima kasih. Berkat aplikasi gojek ini,,saya mau bepergian jadi mudah dan nyaman. Sukses selalu buat kita semua."
,"Saya mau masuk ke aps gojeknya tapi saat saya masukan no hp saya tidak bisa masuk2 padahal sudah terdaftar, tolong dibantu min bagaimana caranya, makasih"
,Udah beberapa kali komplem saldo belum masuk2 udah hampir 3 Minggu GK ada kejelasan......parah pihak aplikasi diem Bae apa emang sengaja di didiemin sistem ny korupsi.....TAPI MASA IYA SISTEM BISA KORUPSI ?? MASA SISTEM BISA NYOPET SALDO ?? MASA SISTEM BISA NGEBADOG DUIT ?? PARAAAHHHH
,Kecewa dengan gopay later sudah merasa bayar tagihan tapi limit belom kembali dan masih suruh bayar...kecewa sekali
,Suka error sendiri saldo kepotong tapi tulisan amsih di proses .perbaiki lah
,Biaya pemesanan aplikasi mahal & voucher promo potongan tidak maximal..lebih murah apl sebelah
,"Di app keliatan driver banyak, tapi pesanan saya gak dapat-dapat."
,Verifikasi upgrade terlalu lama...jd tidak bsa mengakses tranferan
,Gojek sudah membantu mnusia yg sedang pengganguran dgn aplikasinya dari tuhan ke mnusianya makhluk ciptaannya terimakasih banyak atas aplikasinya yg sangat membantu untuk meringankan beban mnusia
,Cobalah seperti aplikasi gojek yang dulu. Banyak promonya dan tidak ada biaya sewa aplikasi segala.
,Ini di saya atau gimana yah kok gak ada fitur tarik tunai min gimana ni sebelum2nya ada padahal udah plus
,Pelanggan setia kok gak pernah di kasih promo.Yg dapat hanya pengguna go pay.Bintang 1 lebih tepat
,Jeklin mengatakan Kalo sering cencel bakal di blokir permanen gmn gak cencel banyak yg gak gerak2 kadang plat nomer gak sesuai kalo ada apa apa gmn
,Lambat sekali + banyak bug nya
,"Mau pa pa serba gampang tanpa ribet,sangat membantu,dlm semua layanan,yg tersedia di aplikasi gojek,gojek selalu yg terbaik"
,"admin knpa proses verifikasi identitasnya nya lamaaaa, udah ditunggu ngga bisa buat transfer antar gopay."
,Tolong perbaiki driver nya ke banyakan kurang ramah ga kaya grab ramah baik
,"Sangat membantu,dalam urusan perjalanan,jajan dan paket."
,"ribet bgt, pas mau ngirim uang ke temen tulisanya disuru update pas udh diliatin di play store ga update"
,Tampilan gofood jadi makin berat scrolling nya. Kembalikan seperti kemarin saja guys
,Kenapa sekarang kalo bayar pake gopay ga bisa kecewa deh udh topup malah g bisa payment
,"Harga lumayan terjangkau jika banyak promo, hehe"
,Sangat membantu dalam hal kebutuhan transportasi sehari hari dan banyak promonya 👍👍👍
,"Simpel., tidak mahal.. dan cepat proses nya.. SUKSES TERUS BUAT GOPAY... Thanks"
,Ojek online yg cukup mudah digunakan dan respon cepat serta drivernya paling banyak
,Makin jelek aja mau pesan gotix aja dibilang ngk ad sinyal ngk ad quota.makin jelek aja ni aplikasi mana cuman bsa top up dpake ngk bs selain gojek gofood .
,"Ngirim barang berupa dokumen yang beratnya kurang dari 1 kg, masa harganya sampai 70 ribu keatas udah gitu ga ada diskon lagi. Pesan gojek, gocar, dan gofood juga mahal banget padahal jaraknya cuma 2 km tapi harganya sampai 40 ribu keatas. Sering dicancel darisananya, sering error, sering lemot padahal wifi+kuota lancar, dan sering keluar sendiri secara tiba-tiba. Tolong diperbaiki lagi dong. Thanks..."
,"aplikasi menyiksa mitra,orderan kebanyakan dijedanya,smenjak adanya skore kinerja... tlong dihapus skore kinerjanya,kami dsnih tidak neko2 soal orderan,tpi dri pihak gojeknya sndri yg kebanyakan neko2 dan mempersulit mitra dgn adanya skore kinerja sperti inh,orderan foodnya jdi mendem..."
,"Aplikasi nya bagus, jadi mudah untuk berpergian kemana-mana"
,Apk oke..tranfer nya cepat dan muda....tingkat kan trus..trmksh
,"tingkatin terus fitur nya ya kak, semoga sukses selalu"
,Tingkatkan lagi promonya dan gratis ongkir nya😅👍
,"Udah minta kode masih aja slow respont, padahal udah minta berkali kali kode nya masih slow respont, taik emang"
,Tolong dong titik jemput nya jangan terlalu jauh terkadang saya jadi telat nunggu driver nya dan makin malas make gojek apa lagi kalo mesen gopood nya dah terkadang nunggu nya aja sampai 1 jam lebih kasian sama driver nya dah bensin mahal dah di kasi penjemputan jauh lagi
,Tolong ya untuk gojek semisal kalo driver tidak merespon dan tidak menuju resto sama sekali mungkin bisa dibatalkan pesanannya karena ini sudah kejadian untuk sekian kalinya
,Setelah di update tidak bisa dibuka sama sekali
,"Aplikasi nya sangat bagus, driver nya baik dan ramah, peta dan gps akurat, namun kekurangan nya ada di bonus seperti cashback, gratis ongkir kadang cmn sedikit dikasih nya,mudah2an kedepan nya bisa sangat lebih baik,terimakasih."
,"Mau transfer gopay error terus ""internet mati"" padahal aplikasi lain lancar."
,"Sampai hari ini bagus, dan normal Tingkatkan terus kualitas program nya"
,"Untuk sistem di up gopay saya selalu gagal, data ktp sudah benar tapi masih aja ditolak. Tolong di perbaiki lgi, akhir-akhir ini gopay eror mulu"
,Sampai saat ini sih oke oke saja. Tetap tingkatkan terus mutu layanan
,"kalo mesen driver nya lama banget, apalagi klo lagi buru², harga nya juga lumayan mahall, driver nya ga gercep 👎👎"
,"Acara berpegian waktu lebih simpel , cepat , tepat sampe ditempat Terima kasih Gojek 👍"
,"Yaelah pake Eror segala tidak bisa kirim Saldo GOPAY, Udah laporan malah ngatasinnya nunggu 1x24jam, ya sellernya nungguin saldo masuk, ya jadinya transaksi batalin, padahal mau banget beli, ah elah."
,Gojek nih emg paling the best sih selama gua pake aplikasi ini aman² aja gk ada kendala sedikit pun matep bangetzzzz....tapi tolong dong buat gojek adain promo atau bonus gopay coin gratis buat pengguna gopay membantu banget untuk kaum misquin kayak saya hehe...:(
,"Pake parkee minta pin mulu pasahal saldo cukup, bikin repot aja, lama2 aplikasi GoFood udah kaya lintah ngisep duitnya untuk pake ada biaya aplikasi segala"
,Makin buruk map nya ga bisa diklik untuk melihat driver disekitar
,Makin hari loadingnya lama.. Tolong di perbaiki dong
,pesan gofood 2x gagal sistem dan saldo jago sudah terpotong. 2x berturut turut. customer servicenya yg penuh dgn jawaban bot. entah manajemen gojek ini bagaimana dlm menangani aplikasi ini
,Kenapa sering ada kendala dalam transaksi transfer. Tolong di perbaiki lagi terimakasih
,"Selalu di persulit buat upgrade gopay plus. Padahal lagu butuh bngt uang nya:) Mohon di perbaiki lagi ya, supaya upgrade nya di permudah"
,"Karena butuh withdraw upgrade ke gopayplus, tapi prosesnya lama sudah hampir 30jam dari yg dijanjikan sampai 1×24jam. Persyaratan sudah dipenuhi semua, jadi malas naruh duit di gopay."
,"Tiap hari tf ke bank kok pending mulu, setidaknya kalau lagi offline itu di cancel aja biar ngak usah nunggu saldo lama"
,"Kalo bisa, ada pilihan buat blokir restoran yg kita ga suka / merasa dirugikan biar ga kelihatan lagi di daftar, jd ga perlu kejebak 2x beli di restoran tersebut. Terus kecewa barusan beli free ongkir gofood harga 19900 maksudnya biar dapat free ongkir, ternyata kalo ada promo toko kayak flashsale gitu, free ongkir yg kita udh beli ga bisa dipakai. Nyesel jadinya kan."
,"mohon maaf tapi gofood sekarang mahaaaaallllll misal nasi goreng harga 14 ribu ,total sama ongkir jadi 28 ribu (padahal deket tempatnya,kecuali jauh ),bahkan pernah lebih mahal ongkir dari harga makanannya .. mending maxim atau grab .."
,"Mohon d perbaiki ka mau ganti poto pfofil ko selau d tolak terus padahan udah ta coba beberapa macam poto typ d tolak, trimakasih"
,Kenapa ya kok gak bisa upgrade ke gopay plus ya? Padahal lagi butuh banget
,Masalah pada paylater . Giliran mau bayar paylater udh jatuh tempo malah ERROR . Denda semakin naik setiap hari nya . Salah siapa coba ???? Yg di rugikan consumen dong kayak gini . Paylater by findaya g efisien .
,"Untuk sekarang masih aman pakai apl ini, tapi untuk hubungi kurir tidak bisa, harus nunggu kurir yg tlpon"
,Ko makin lama aplikasi gojek makin gabagus ya tiap masuk aplikasi loading lama padahal sinyal kuat
,"Aplikasi bapukkkkk saya sudah ganti pinasih aja pin tidak sesuai keterangan nya, mana saldo saya ada lagi 300.000"
,"Bikin metode cicil dong untuk gopay latter nya biar gk memberat kan, masa bayar harus langsung full gak bisa di cicil."
,Serius loading lama banget. Dan pembayaran melalui gopay susah
,Pelayanan seribgkali buruk. Main cancel atau di oper ke driver lain padahal sudah lama menunggu
,Sistem berubah ubah trus bikin orderan makin sepi
,"Aplikasi gak jelas baru beli HP instal gojek kok gak ada promo sama sekali aneh, ya terpaksa b1 lah"
,"Aneh sih, untuk harga gofoodnya, rincian sebelum pesen dan setelah pesen beda, yg awalnya ongkirnya 13rb berubah jadi 16rb, biaya penanganannya juga berubah. Ongkir sm biaya penanganan bisa buat makanan 1porsi. Terus lagaknya ada gratis ongkir tp karna ada biaya penanganan jadi ttp kayak bayar ongkir. Ongkirnya 13rb, gratis ongkir 6rb, biaya penanganan 4rb, sama aja anjir berasa ttp kena ongkir. Perasaan dulu gak kayak gitu."
,"Sebelumnya aplikasi nya bagus, semua terkoneksi dengan baik. Kenapa sekarang2 fiturnya susah di akses dan sekarang tidak bisa masuk ke aplikasi. Untuk aplikasi yang sekarang dengan pembaruannya mengecewakan"
,"saya pesan go ride dari tempat saya berdiri,jarak 100meter ada banyak driver,,dan tiba-tiba saya dapat driver di sekitar jarak 3km dr lokasi saya,,kemudian di cancel sama driver nya dan dapat lagi di sekitar lokasi tujuan saya,,,,padahal saya buru"" masih harus nunggu driver dengan jarak yang sangat jauh,ribet amat,,padahal di dekat saya jarak 100meter ada banyak driver gojek...PERBAIKI!!!!!!"
,"tolong lebih seleksi lagi memilih supir sering sekali saya mendapatkan supir gocar yang berkata kasar dan tidak sabaran kalau memang ingin menjadi driver online ya harus tau resiko membawa mobil adalah macet, dan ada yang sering mendecak (ck), memang diantar sampai tempat tujuan dan tempat nya tidak sesuai titik karena tempatnya pindah, tapi jarak lebihnya tidak terlalu jauh masa meminta bayaran dilebih kan 18ribu"
,"Mau masuk ke akun yg dulu gabisa karena kaya daftar akun baru. Klik masuk tapi tahapannya kaya daftar baruu. Pas masukin email lama gabisa, karena sudah terdaftar. LAH EMANG DIAWAL TU KLIK MASUK, BUKAN DAFTAR BARU HADUUHHHHHHHH. Kesellll bangettt. Sedangkan gabisa pake email yang sama. Lah kenapa ngga langsung suruh masuk aja ke yg kemarin, ini mh jatuhnya malah bikin akun baru"
,"Gojek sekarang kenapa ya udah susah banget mau masuk,sinyal sudah bagus tapi server sibuk terus. Lelet sekali,apk sudah saya update juga. Sudah semingguan begitu terus,jika tidak mau pengguna memakainya, ya hapus aja apk ini dari google play. Saya perhatikan gojek dari dulu koq tidak pernah ok ya,belajar lagi dari apk sebelah. Semoga di perbaiki lagi,sukses terus."
,"Awal penggunanya bagus, tpi lama kelamaan malah banyak error. Pada saat pembayaran menggunkan pin padahal udah malah di sistem terbaca salah terus."
,"Kemarin akun saya bermasalah, tiba-tiba keluar dari aplikasi. Ketika saya mencoba masuk kembali selalu ditolak. Lalu saya coba menggunakan alamat email lain, justru aplikasi gojek semakin aneh, tidak bisa membatalkan pesanan secara langsung dan itu sangat mempersulit saya Saya tidak akan lagi menggunakan aplikasi ini!! Aplikasi GOJEK MEMPERSULIT DRIVER DAN CUSTOMER!!!! PAYAH!"
,"Sangat kecewa banget, klo aku lebih ke Layanan GO-PAY nya, kenapa ??? karena saya selalu gagal melakukan pembayaran menggunakan saldo GO-PAY saya, padahal itu kan uang , uang saya kenapa di persulit untuk menggunakan uang saya sendiri!!! Terus bikin laporan waktu tunggu nya harus 1x24 jam, itu waktu yang sangat lama banget, karena uang saya sudah saya top up ke GO-PAY semua, jd saya tidak bisa belanja, mohon di percepat penanganan nya, karena uang sudah di GO-PAY semua"
,"Sangat tidak memuaskan, driver kasar bicaranya, minta tambahan uang karena kelebihan penumpang dengan cara yang kasar sampai2 kami diturunkan (kami mau saja bayar lebih tapi ""cara""nya sangat tidak sopan. Driver menggunakan akun F1 880 AS Daihatsu Xenia (akan tetapi mobil yang tiba di lokasi bernomor plat B 188 OS) atas nama Doni Prasetia. Seharusnya seleksi driver yang lebih baik. Jangan biarkan ada akun bodong. Ditambah lagi harga ONGKIR MAKIN MAHAL dan gak masuk akal... Ckckckckck mau jadi apa"
,"Semakin hari gojek tidaklah prefer untuk beberapa kabupaten, contohnya di Toba, Balige khususnya. Tarif minimal terlalu tinggi dan minimnya driver di lokasi, jadi kebanyakan dari mereka lebih memilih offline dibandingkan online."
,"Coba login dari minggu kemarin sampai hari ini ngga bisa2. Udah coba 2 nomer yg terdaftar jg ngga bisa, loading terus padahal internet lancar2 aja, mobile data & wifi lancar tp kok ngga bisa2 loginnya, udh bersihin sampai uninstall & install lg. Dm ke ig ngga ada respon dari hari jumat. Padahal mau pakai apknya. Gmn nih?"
,"Wow, biaya aplikasi waktu order goride di stasiun 3500. Tanpa ada keterangan jelas di awal baik jarak maupun biaya aplikasi. Eh ini ulasan waktu pesan goride, bukan gofood. Jawabnya ga nyambung. Eh malah makin naik biaya aplikasinya, ini malang bukan jakarta, berpindah ke yang lain atau jalan kaki aja., hemat"
,"Padahal lokasi udah aktif, tapi di aplikasi diminta aktifkan lokasi terus. Padahal udah di update, bahkan di uninstall trus di install lagi, tapi masih ttp minta aktifkan lokasi. Tolong diperbaiki, klo masih ttep kaya gini terpaksa di uninstall.."
,"Dah 2 hari saldo gak masuk"". Alasan.a jika tempat TOP UP bukan partner gopay . Padahal sebelum"".a tidak add masalah sama sekali dan tempat TOP UP ditempat yang sama dan saldo sebelum""nya jg masuk aman""aja . Memang tidak seberapa tapi jika lagi butuh kan beda cerita. Terimakasih"
,"Mohon tolong diperbaiki aplikasinya karena punya saya suka error saat menggunakan wifi dapat notifikasi tidak bisa digunakan karena tidak terdapat internet namun saat menggunakan data seluler baru bisa dan sering sekali saat saya gunakan aplikasi sering error saat ingin memesan go ride dan titik driver tidak terdeteksi, Mohon perbaikannya 🙏🏻"
,"Kenapa sekarang para pengguna dibuat bingung dengan sistem yang ada di aplikasi? Saya baru saja memesan taxi. Tapi, tanpa ada informasi. Pesanan saya tiba-tiba dibatalkan oleh pihak driver dan saldo saya berkurang. Padahal pesanan dibatalkan, dan itu bukan tindakan dari konsunmen. Tolong segera perbaiki sistem dan kembalikan aaldo Go-pay saya!!!"
,"titik motor driver di map aplikasi gojek tidak terdeteksi. bagaimana driver mau dapat orderan klo sinyal dari aplikasi gojek customernya error terus? sudah di setting kalibrasi, all update system maupun aplikasi lainnya. Tolong perbaiki akurasi sinyal"
,"Sangat kecewa, udah lama langganan pakai gofood utk pemesanan makanan, tapi baru sekarang makanannya tdk lengkap sesuai order dan pada saat kirim keluhan, sangat slow response."
,"Mohon perbaiki masalah titik maps, antara titik maps di aplikasi dan titik di driver lokasinya berbeda. Jaraknya selisih 10-20 meter sebelum titik seharusnya"
,"Tolong ya kalau mau ambil untung gak gtu juga,masak jarak 1km ongkir bisa tembus 40k,trus berubah naiknya setiap saya refresh,itumah bukan karna driver yg sibuk tp emang systemnya yg gak bener.tolong di fix hal kyk gini."
,"Tolong di perbaiki aplikasi nya Saya sudah berapa kali setiap mengirim uang sedang di proses dan begitu terkirim saya tidak tahu ,akhirnya uang yang saya kirim hilang Dan malam ini uang yang saya kirim di proses lagi ,tidak tau kapan terkirim nya Yang jelas uang saya malam ini pasti hilang lagi Cuma di aplikasi ini saya dapat kendala seperti ini Saya pakai aplikasi sebelah sekalipun tidak pernah dapat kendala seperti ini Sekali lagi tolong di perbaiki ,jangan biarkan pengguna tidak nyaman"
,"Parah banget hari ini gojek, saya udah pesen goride, tapi aplikasi ngaco, saldo sudah terpotong, tp driver tidak bisa dihubungi, dan aplikasi ga bisa batalin, telp cs minta dibatalkan. Saya update lah gojek, setelah itu saya order lagi, dan hal yg sama terjadi. Saya telp cs lagi, tapi tidak bisa dihubungi. PARAH SIH INI. KECEWA BANGET SAMA GOJEK. BIKIN SULIT KEMANA MANA JADINYA.. TOLONG DONG DIPERBAIKI SEGERA, DAN SALDO SAYA KEMBALIKAN. TRIMS.."
,"Ada apa dengan gojek ? Nomor hilang yang ada verifikasi emailnya kok di persulit, katanya tdk di temukan email tersambung padahal saya sudah pernah verfikasi email saya di akun gojek saya.. dan tolong berikan penjelasan untuk penggantian nomor yang sudah hilang kartunya"
,Saya sudah 4 kali instal ulang apps gojek pdahal belum waktunya update pas saya mau cari alamat tujuan saya kenapa tidak muncul apa ada yang bermasalah ya di bagian maps'nya?? Tiap saya cari yang muncul alamat rumah dan tujuan yang saya cari tidak dtemukan
,"Dear gojek, kenapa aplikasi saya gak bisa dibuka ya, hampir 4 bulanan lah , padahal saldo gopay nya masih 100 ribuanlah, kalo dibuka jawabannya aplikasi berbahaya dapat membobol dan mencuri data anda, pilihannya perbaiki atau keluar aplikasi, tp setiap diklik perbaiki yg timbul cuma pembaharuan perangkat hp, hadehhh, coba diuninstal aplikasinya trus download lagi tetep aja gak bisa dibuka, gimana nih solusinya..."
,"Fitur dan kegunaan nya sudah sangat bagus, namun seiring berjalan waktu, tarif tarif jadi semakin naik, harga pengiriman naik, tarif layanan naik, harga makanan dari restoran naik jauh, sedangkan promo tidak bisa digunakan gabungan lagi, dan jarang diberikan promo, serta privilage dari GoClub dikurangi, tolong lebih kritis dalam memikirkan regulasi dalam aplikasi, mungkin komentar ini tidak berlaku bagi kalangan menengah atas, namun bagi beberapa orang, harga berlebihan sangat tidak nyaman."
,"Semenjak naik versi Aplikasi goshop chatnya sering kali lemot, tulisan disambungkan tp.., mohon para IT yg mumpuni solusinya, karena saya salah satu pengguna goshop aktif dan sangat membantu komunikasi chat dengan driver. Trima kasih"
,"Jika Nomor Lama sudah tidak digunakan, dan sudah Lupa, sedangkan Email sudah Terdaftar, Bagaimana Pengguna Log in, Sedangkan yang diminta nomor HP yg lama, begitu kita mendaftarkan akun baru, Email Sudah Terdaftar, Memang sudah Terdaftar, TAPI OPSI LOG IN MENGGUNAKAN EMAIL YANG SUDAH TERDAFTAR, TIDAK ADA??? TOLONG PROSES LOG IN ATAU PENDAFTARAN AKUN JANGAN DIBUAT KONYOL, SANGAT AMAT LUCU, PERBAIKI SEGERA"
,"Rating saya kasih terjun bebas dari 5 sebelumnya. Masuk ke app selalu force close, udah uninstall berkali-kali dan login tapi setelah itu force close. Update beberapa bulan sebelumnya juga pernah begini. Uang dari bank jadi tersedot, tidak ada gopay masuk (di cek di tokopedia juga sama). Masa iya pelanggaran penggunaan? bayar terus loh saya pake aplikasi ini :) Hubungi CS pun ribet harus email, dah gak jamannya harusnya kasih shortcut di pusat bantuan aplikasi atau website :)"
,"Aplikasinya bagus, harganya terjangkau, dan banyak vocers tetepi terkadang titik lokasinya tidak sesuai dengan penjemputan, jadi banyak driver gojek yang cansel. Tapi tetep suka🥰, lebih ditingkatkan lagi"
,"Aplikasi nya loading terus, sdh install ulang tetep loading terus alhasil ga bisa masuk/login. Seperti tidak konek ke server nya, tolong solusi nya sdh 1 minggu tidak bisa menggunakan gojek. Padahal saya sering menggunakan gojek"
,"Saya kecewa dengan pelayanan Gocar, disaat kita benar benar butuh berulangkali pesanan saya dibatalkan Driver, Beda dengan Sebelah baru sekali klik langsung orderan diterima. Apa gak ada sangsi ya untuk driver yg seperti ini. Managementnya seperti apa...?"
,"Halo admin, team gojek... Tolong segala untuk memperbaiki email ataupun no tlp dipermudah. Email sudah terdaftar, seharusnya kita bisa ganti no tlp dong melalui email yang dikirimkan ke email yang sudah terdaftar, untuk bisa ganti no tlp baru baik hilang atau apapun. Ini mau untuk login saja susah, segalanya harus baru baik no telepon ataupun email. Sangat disayangkan"
,"Di Gofood untuk restoran yg memiliki beberapa cabang, harusnya memunculkan yang terdekat.. Ini malah yg jaraknya lebih jauh. Alhasil driver malah ngakalin untuk pesan makananya di cabang yg lebih dekat tapi bayarnya dgn tarif yg lebih jauh."
,"Aplikasi gojek sangat membantu beberapa kebutuhan saya dalam transaksi keuangan. Namun, masih ada beberapa hal yang perlu ditingkatkan khususnya pada Go-Car. Dahulu saya suka order GO-CAR karena dari segi harga yang ramah di kantong. Tetapi kadang saya kasihan sama drivernya karena titik jemput yang dikasih lumayan cukup jauh. Padahal sebelum sebelumnya udah dekat dekat. Untuk aplikasi lainnya cukup lumayan lah. Kasih bintang 4 dulu deh ya Bro. Tetap semangat untuk berkarya😊💪"
,"Ongkirnya terlalu mahal, apa lagi ada biaya penanganan tambahan, beda jauh dengan grab. Klo ada promo potongan ongkir, dan promo potongan resto baru saya pakai gojek, Saya sering pakai grab karena ongkir lebih murah."
,"Kemarin sih oke2 aja. Hari ini agak kecewa. Sorry kalo bintangnya 2 buat aplikasi ini. Masa' gara2 lama dapat driver, saya disuruh pesan ulang, harusnya disc sdh terpasang otomatis donk. Nah ini harus input baru dan baru ini saya kejadian. Jadi bayar lebih mahal deh padahal udah nunggu lama Chat CS juga begitu, ngapain ada CS kalo semua option dari sistem, customer tidak ada kesempatan buat masukin komplain , males ribet ya?"
,"Maaf saya uninstall, saya sudah lama pakai gojek dan cukup sering order untuk pulang pergi ketempat kerja dengan jarak yang biasanya 7km kemarin menjadi 11km lebih, dari tempat dan tujuan yang sama dengan rute memutar lebih jauh dari maps yang seharusnya."
,"Harus anak sultan untuk tanggapan cs cepet? Tanggapan untuk kendala di costumer service sangat lelet, yg jawab cepat hanya chatbot. Sudah ditanggapinya lama, ditutup nya lebih lama lagi. Tolong perbaiki lagi. Sangat menghambat karir"
,"Saya beli tiket di go transit lewat gopay, sudah 2 kali beli tiket kereta dari stasiun bekasi ke stasiun rangkasbitung, tidak bisa digunakan tiketnya karena alasan jaringan sedang error dan hangus begitu saja, agak kecewa dengan gojek tadinya saya penggemar gopay tapi kalau begini saya jadi kecewa, tolong perbaiki dan beri info kalau memang sedang ada problem"
,"Sudah lebih dari 40 menit gojek saya error. Setelah dapat driver lokasi driver tidak terlihat diperangkat saya. Saat saya tlp, ternyata driver sudah mengcancel dari perangkat-nya. Saat saya coba cancel dari akun saya selalu tidak bisa. Mohon bantuannya 🙏"
,"Karena saya baik, saya kasih 5 bintang, tapi sedikit masukan dari saya... tolong perbaiki mengenai mapsnya karena terkadang pada saat penjemputan drivernya sudah tiba tapi di mapsnya tidak gerak dan hal itu cukup mengganggu bagi saya. Terima kasih"
,"kekurangan resto vege , padahal ada bnyk bngt . ga bsa pesen di tengah jln . ini app menang cmn di gopay untuk toped 🤣 , dan tolong map ny di perbarui sesuai dengan gmap atau waze . map di gojek berbeda sendiri membuat driver bingung ."
,"haii gojek, sudah bagus kok pelayanan nya, cuma kenapa ya saat melakukan transaksi pembayaran lewat code qr scan gabisa? katanya ada yg bermasalah, padahal sebelum nya baik baik aja. tolong di perbaiki lagi yaa! thank you gojek"
,Dear gojek Sekarang kalau hujan kenapa tidak bisa pesan lewat layanan gofood?? Semua resto tidak dapat menerima orderan. Karena hujan itu saya gak keluar jadi pesan lewat gofood dan 1 lagi. Sekarang kalau pesan go ride driver nya sering komplen kalau kita minta lewat jalan protokol. ( driver nya jalan sesuai dengan rute yang di berikan sama aplikasi karena jauh kalau lewat jalan protokol dan tak sesuai ongkos) Kasih pilihan buat kita buat merubah rute perjalanan . Tolong d pertimbangkan
,fitur masukkan promo di gofood kenapa ga bisa ya? di sy promo ga bisa dipasang. tolong donk pak it..membingungkan sekali ini cara pake apk nya. mbok ya dibikin simpel gitu lo. udah gitu biaya layanan sm ongkir makin mahal.
,"Mantap...mudah digunakan...banyak pilihan menu makanan...dan juga banyak pilihan resto..terus maju bersama gojek.selain food terdapat banyak pilihan sistem pembayaran mulai dari listrik,pulsa,paket data,pembayaran indihome,pajak kendaraan ,pam/ air ,bpjs kesehatan dan masih banyak lagi...."
,"Untuk aplikasinya sendiri tampilannya bagus, tetapi terkadang ada sebuah kendala dimana map kadang lambat merespon . Tapi selama penggunaan kira kira 2 tahun, Gojek selalu konsisten memberikan pelayanan yang terbaik bagi saya. Terimakasih Gojek"
,Saya biasanya hanya menggunakan aplikasi gojek dalam setiap perjalanan saya...tidak ada aplikasi lain tetapi sekarang dalam setiap perjalanan harganya dibanding aplikasi ojol lain selalu lebih tinggi...dengan diskon perjalanan hampir tidak ada...
,"Gak kerasa sekarang biaya aplikasi/layanan/lain2nya NAIK LAGI yg semula 1.000 trus jadi 2.000 trus jadi 3.000, dan lanjut 4.000 ntar jadi 5.000....nanti lama kelamaan biaya aplikasi/layanan/lain2nya LEBIH MAHAL daripada harga makanannya..... KUEEEREN BANGET DEEHHHHH Ujung2nya nanti pasti jawaban replynya ""Demi meningkatkan layanan dan bla.. Bla... Bla... Bla... Bla... """
,"Ada armada mobil terbaca di peta, tapi pada tidak mengambil pesanan, mengsedih, hampir semua driver dengan enaknya meng cancel pesanan, sudah ditunggu juga,rugi waktu"
,"Penalti driver yg cancel seenaknya, kalo bisa bikin dia susah dapet orderan. Saya 3 x kena cancel seenaknya perut sudah perih nunggu. Terus pengalaman pernah pesan tidak ada driver yg ngambil jadi harus nunggu 20 menit tanpa bisa cancel, dan saya pastinya sudah lapar jadi saya pesan makanan sendiri, malahan ketika saya sudah makan baru dapat driver. Kan rugi jadinya."
,"Dear gojek, jujur aja dua bulan belakangan ini kecewa sekali. Driver yang ada di aplikasi saya selalu gak menerima pesanan terhitung sudah dua bulan sejak december kemarin. Bahkan pesanan goride saya suka bilang gak ambil orderan saya tp orang lain. Mohon lain kali untuk upgrade kedepannya bisa lebih baik"
,"Fitur one tap hapus saja, yang tadinya cek pesan go ride bisa pakai promo, saat klik one tap langsung order gitu aja dengan harga normal. Atau perbaiki supaya bisa pakai promo di fitur itu. Thx"
,Kenapa ya sekarang ini gojek lebih banyak biaya2 yang memberatkan customer. Kalau kayak gini terus bisa2 di tinggal customer lari yang lebih murah. Sekarang itu pastinya para cust cari yang sesuai budget yang gak ada biaya tambahan lainnya. Coba deh di koreksi kembali tentang biaya tambahan tersebut. Terimakasih sebelumnya
,"Coba dong lebih fleksibel lagi , kalo misalnya sharelock jangan selalu jadiin lokasi tujuan dong , kasih opsi sharelock ini mau dijadikan lokasi jemput atau lokasi tujuan . Ini udah kalo di ketik sendiri gak muncul jalannya giliran lewat sharelock langsung lokasi tujuan padahal mau bantu temen yang ada di Semarang buat pesen gojek karena dia gada aplikasi nya makanya titik jemput lewat sharelock eh gabisa . Kurang FLEKSIBEL!"
,"Bintang 1 agar diperhatikan, sering sekali kalau pesan gocar biasa dan dapat Blue Bird, 90% nya dibatalkan driver Blue bird nya, dan bisa2nya rating driver nya 5,0. Sangat terkesan driver Blue bird pilih2 penumpang."
,"Sudah cukup lama gabung Go Club....udah level JURAGAN,,,,tapi untuk naik ke level sela jutnya sangat sulit,,,tiap bulan poinnya selallu balik ke awal...ga seperti awal ikut go club.....terasa sulit akhirnya jarang dipakai......ehhh....ternyata langsung turun ke BOS.....hahahaha....padahal saya punya temen, tapi poin ga pernah turun walaupun ga dipakai."
,"Promo nya kurang menarik yang sekarang,terutama promo untuk layanan go food nya, Apalagi promo hadiah go club nya,beda banget sama yang dulu. 😔, Semoga kedepannya Gojek jauh lebih baik lagi, Terutama untuk Promo2 nya,semoga kedepannya ada lagi promo menarik lagi dengan konsep seprti yang dahulu. 😉😊"
,"saya ubah bintang dari 5 ke 1 dengan alasan, ""awal mula muncul notif dari app gojek di hp saya perihal langganan voucher saya penasaran, trus saya lihat isinya karena penasaran, trus saya mau keluar niat tekan tombol home nah kebetulan juga tombol beli berada di atasnya eh malah keteken tombol beli, nah yg saya bingungkan KENAPA GAK ADA KONFIRMASI MASUKIN PIN? ini tiba2 kok langsung ke beli dan ke potong saldo saya 19.900, rencana ingin refund liat ketentuan jawabannya gak bisa"" itu alasannya."
,"Sayang aplikasi bagus, tapi pelayanan gak bermutu. Customer menanyakan fitur Gopaylater yg dipake transaksi tgl 1 Januari 2023 kenapa ditagihkan tgl 2 Januari 2023 gak dijawab. Tinggal kasih penjelasan saja apa susahnya. Customer kan perlu tahu ketentuan yg mungkin diperbaharui. Akhirnya customer tetap jadi korban janji, dan akhirnya tetap bayar tagihan dulu, artinya gak ada guna paylater utk 30 hari setelah transaksi."
,Kenapa ya...kalo kita mau ke suatu tempat dengan gocar seringnya dapet gocar nya deket alamat yg di tuju..kalo kita lg pengen cepet2 sampe ke tempat tujuan malah jd tertunda dan klo kita sdh dpt drivernya..driver pun kadang tdk buru2 segera berangkat ke penjemputan..maksud hati pengen 10 / 15 menit sampe malah bs jd setengah jam...tolong donk sistem & aplikasinya klo pilih driver yg sesuai dgn perkiraan waktu sampe...jgn jd buang2 waktu..klo ky gini terus bs balik lg ke angkutan umum.
,"Sedikit masukan, mungkin sebaiknya *gojek* harus menambah alasan ""PLAT KENDARAAN BERBEDA DENGAN APLIKASI"" supaya konsumen merasa lebih terjamin keamanannya (utamanya saya) karena saya tdk mau menggunakan kendaraan yg berbeda nomor platnya sehingga saya sering mengcencel orderan, itu disebabkan krn masih sangat banyak driver (utamanya goride) tdk menggunakan ""plat kendaraan"" yg sama dg yg terdpt di aplikasi konsumen, semoga mendapat perhatian dr pihak gojek"
,"tuh sudah update versi berkali2 sesuai saran Go-Jek, jg tetap tidak bisa bayar tagihan gopaylater.... PAYAH MERUGIKAN. dan membuat Virtual Account BCA jg cuma singkat 4 jam... Mengherankan dipersulit sekali. Lebih baik buka jg Virtual Account Bank Lainnya, untuk non nasabah BCA jd mempermudah. Padahal bayar tagihan gopaylater bulan-bulan lalu lancar-lancar saja Pasti saya kapok pakai gopaylater karena dipersulit, bahkan sehingga di sengajakan supaya bayar denda. Dan akhirnya kena denda 2 hari."
,"Aplikasi gojek sàya sering sekali eror, tidak bisa log in . Atau apliakasinya gak merespon sama sekali, Giliran saya logout bisa. Pas mau log in ulang susah sekali. Chat cs berapa hari gak ada solusi"
,"Udah 2 kali tiap naik gojek klik promo tapi tidak terpasang,katanya promo tapi diklik kok tidak terpasang,tolong sistemnya diperbaiki,dulu kalo ada promo selalu terpasang otomatis,sekarang diklik aja tidak terpasang,udah 2 kali gitu terus.....jadi males"
,"Aplikasi bodoh masa anyep sampe berminggu2, mau makan apa gua kalau kaya gini terus, pedahal gua driver khusus samday mustahil kalau gak ada orderan mah!!! Tolong lah dibenerin aplikasi ini internet gua dah bagus, aplikasi selalu nyalah dari jam 8 sampe jam 5 sore, setiap hari dah muter2 ngabisin waktu dan bensin!!"
,Sangat mengecewakan ketika gagal ber transaksi harus menunggu 2x24 jam waktu kerja... Transaksi di lakukan di jumat malam untuk keperluan membeli OBAT untuk keluarga yg sedang sakit... Dan tdk bisa di gagalkan dengan status menunggu... Otomatis saya akan menerima saldo kembali pada hari selasa minggu depan... Freak bgt sih... Terimakasih... Saya sangat sangat kecewa untuk yang kali ini
,"User interface buruk sulit untuk bernavigasi secara cepat dan minim fitur, Banyak biaya layanan tidak penting seharusnya pihak gofood mencari pendapatan dari mitra penjual/pengusaha bukan dari para konsumen, tidak banyak program voucher atau kupon menarik, ada juga driver yg meminta uang parkir yg seharusnya ini disesuaikan oleh pihak mitra dari gofood, banyak makanan yg overpriced tak sebanding dengan kualitasnya yg seharusnya hal seperti ini ditangani dengan algoritma seo yg mutakhir"
,"Tolong diperbaiki bug pada aplikasi, saya tidak bisa menggunakan kode promo padahal saldo gopay saya cukup. Hal ini sangat merugikan bagi konsumen, terlebih harus top up dalam jumlah yg lebih besar agar bisa menggunakan kode promo gofood. Saldo gopaynya jadi menumpuk dan gak kepakai. Tolong diperbaiki dan jangan seenaknya!!!"
,"Makin hari makin buruk ni aplikasi Masa saya top up gopay di alfamart tgl 19 sampai sekarang ga ada masuk,nama sama nomornya juga udah sesuai,padahal niat ngisi saldonya mau langsung dipakai eh malah kek gini,pas dilaporkan ke customer care nya banyak alasan ini itu."
,"Mohon maaf fitur waktu tunggu untuk mendapatkan driver lebih baik di hilangkan karena saya orang sibuk kadang habis pesan hp saya taruh,,dan itu menurut saya kurang efisien karena sama saja kalo resto nya antri banyak jd malah nambah waktu tunggu nya,,nanti kalo fitur itu sudah di hilangkan kembali baru saya kasih 🌟 5"
,Buat gojek tolong segera perbaiki sistem setiap mau order kadang susah dapat driver..padahal di sekitar saya banyak driver yg mangkal..kadang di aplikasi nya juga tidak muncul driver..malah kadang dapatnya driver jauh dr saya padahal kadang saya pengen cepat..terimakasih
,"Beli tiket KRL tpi giliran mau scan di mesin yg ada di stasiun ngga bisa,. Ini mah bukan mempermudah tpi mempersulit para pengguna KRL,. Kalo kaya gini mending pake kartu KRL aja ngga usah pake di buat² harus beli lewat aplikasi"
,"Kenapa Gojek gak bisa digunakan di wilayah Cikande padahal sudah masukin titik lokasi dan tujuan dengan tepat bahkan sesuai dengan Maps, merasa kecewa kalo begini nanti gak bisa kemana mana, giliran di kota lain bisa, aneh heran nya seperti itu"
,"Aplikasi maling Masa ada promo, pas promomya dipake malah akun di blok, mana saldo ngga bisa di balikin lagi Pas hubungi cs malah banding di tolak tanpa alasan yg jelas dan tidak bisa rinci katanya, woyy balikin saldo gw!!!!"
,"Nyesel rasanya. Top up sudah 3 Hari belum masuk. Tidak ada tindak lanjut. Sudah minta rekomendasi via aplikasi Cuma dapat kata: "" Di tanggapi. dan via email cuma dapat kalimat: ""Mohon maaf atas ketidak nyamanan. Emang kalimat di atas bisa menyelesaikan persoalan ?.. Kecewaaa.."
,"Akhirnya selesai di hari ke-7. Hari ke-6 dan masih belum ada solusi. Great job! Ada minus udah kasih minus 😮‍💨 Penyelesaian masalah terlalu lama. Padahal bukti sudah diupload. 4 hari dan masih belum selesai. 🙈🙈🙈 tetangga ga nyampe 1 hari, jangan kan 1 hari, malah 1 jam ga nyampe"
,"Perbaiki google maps nya,banyak jalan yg tak terbuat di google,ingin mudah jadi sulit, gunakan aplikasi satelit yg benar untuk google maps nya."
,Knp promonya gak bisa jika digabungkan pembayarannya menggunakan gopay coin? Sebelumnya masih bisa. Terus sebelumnya bisa menggunakan double voucher dengan reward. Skrg gak bisa semuanya. Beda sama aplikasi sebelah :(
,"Drivernya galak"" Banget sampai ada yang nyamperin karna dibilang alamat nya nggak jelas. Padahal alamatnya sudah sesuai titik. Malah drivernya minta penilaian sendiri biar dikasih bintang 5. Padahal itu hak kita sendiri buat menilai karna sudah dikasih fitur dari apk nya. Tolong GO-JEK diperbaiki lagi untuk drivernya terutama driver GO-CAR agar lebih sopan dan BERTANGGUNG JAWAB"
,"Saya sering order gofood, tapi kadang juga makanannya kurang saya ajukan refund gak pernah bisa dana kembali mau jadi juragan ataupun anak sultan tidak memberikan keuntungan sama sekali, untuk apa dibikin sistem goclub kalau kalian tidak bisa percaya sama customer, lebih baik dihapus saja karena gak ngasi keuntungan buat saya. Beda banget ya sama aplikasi sebelah... Masih bisa refund walaupun bukti cuma nota aja."
,Knp driver untuk go send hobby sekali cancel2 orderan tetapi pada saat konfirmasi pesanan n memberikan intruksi mengatakan ya ya atau ok kk.. tp setelahnya ternyata drivernya berganti.. sedangkan selaku pemesan orderan tdk selalu cek2 hp setiap detik ..ya klo orderanny dekat ya kali klo jauh masa harus melototin hape sampe brg yg dipesan sampai. Y mending saya ambil sendiri dari pada pake go send
,"Sudah hampir 1 minggu lemot, kondisi sinyal stabil dan sudah update versi terbaru. Tapi tetap saja masih lemot dan tidak bisa digunakan."
,"Kecewa sekali, aku biasanya pesan go food di alamat ku biasanya bisa aja, kok setelah di update malah gak bisa, restonya tidak tersedia terus, apa udah berubah yaa kalo dialamat ku yg sekarang gak bisa lagi ? Kecewa banget aku"
,"Saya pesan gofood dg voucher diskon dan cashback, sebelum pesan voucher sudah di pasang. Tetapi selama proses, jaringan internet mati serta voucher hilang dan saya baru tahu voucher hilang setelah pesanan selesai diantar. Sudah hubungi cs, katanya saat pemesanan saya tidak pakai voucher, dan mereka tidak bisa bantu. Sungguh mengecewakan sekali."
,"Minta tolong juga ya untuk menentukan jarak driver boleh lah dicek dlu jarak aktualnya. Jgn langsung jarak terdekat. Kasian muter"" sama nunggu. Tolong programnya lebih diperbaiki. Thx"
,Jangan di rubah rubah sistem dong . Kerja sampe kesiangan gara gara saya setiap order dapat driver yang jauh terus. Padahal di sebrang jalan banyak driver. Mending seperti dulu driver terdekat. Mendingan Grab selalu dapat driver terdekat
,"Payah sekali. Saat mau ganti limit baru, harus nunggu bulan depan baru bisa dipakai. Orang ganti limit, karena darurat atau mau digunakan secepatnya. Ini malah harus nunggu sampai bulan depan, untuk penggunaanya 🤡!!"
,"Aplikasi sering error,selalu ada masalah pada pesanan seperti makanan kurang/hilang(tidak di kasihkan dari resto),driver nya kurang profesional,menyebalkan butuh penindakan yg tegas dong terhadap driver"" nya payah sekali konsumen kecewa nih!!!"
,"Setiap pesan gofood, titik jemputnya sudah sesuai tapi pas pesanan udah di jalan, maps yang di aplikasi jalurnya tidak sampai titik antar. Duh semoga paham"
,"Baru nyoba pake go pay later, pas mau bayar tagihan, aplikasi go pay laternya gga bisa dibuka, sampe harus hapusin apk2 lain, tetep gga bisa, apa ada cara lain buat bayar tagihannya, dan juga tidak ada notifikasi ,berapa jumlah tagihan yg harus dibayar"
,"SuperApp no 1 di hapeku yang paling sering saya gunakan menjelang akhir tahun 2022 hingga saat ini. Yang luar biasanya adalah 90% driver/ojol ramah² banget. 5S nya diterapkan. Semoga SOP seperti ini terus ditingkatkan dan dipertahankan. UI Aplikasi yang mantap jiwa, semakin nyaman. Terimakasih Gojek."
,"Masalah nomor mati saja gua gk bisa bayar paylater, bisa gk kasih pilihan email buat nerima kode otp. Terlalu ribet sekali hanya krn kode saja. Trus kenapa kog gk bisa sistem auto tarik saldo saja sedangkan saldoq cukup buat bayar."
,"Ngeselin kali gojek ini.. Tiap order selalu aja yg dpat driver yg jauh"".. Padahal ada yg dekat pun posisinya dengan lokasi jemputan nya. Tolong perbaiki lagi sistem nya. Saat saya lagi buru"" atau lagi kelaperan pesen gofood mau cepat, eh malah dapat driver nya yg jauh banget."
,"Setiap kali isi gopay, harga gocar/goride pasti otomatis naik. Heran, kenapa sengaja dinaikin gitu ya? Padahal udah ngisi sesuai harga awal, cuma jelang semenit buat topup, harga langsung berubah drastis. Emang gitu konsep bisnisnya?"
,"Tidak ada perubahan selama 3 tahun ini, voucher semakin pelit, maps semakin ngawur, aplikasi semakin tidak jelas :)) terima kasih dan saya berhenti pakai aplikasi ini karena sudah tidak efisien lagi"
,"Dear gojek tolong dong saya sudah update berkali kali tapi kenapa setiap mau kirim barang kealamat yang sudah kita favorit malah susah suruh cari titik jemput sendiri, tolong diperbaiki lagi sistem nya seperti dulu, sekian terimakasih!!!"
,"Belanja GoMed, ga diantar, malah diantar ke rumah tetangga beda Blok, tidak bisa kasih rating utk driver, hub CS mau tanya2, diminta 4 nomor akhir pesanan (6XKNLP-9640), selalu dibilang salah. Setelah WA ke group kompleks, baru ketemu paketnya, effort banget, sdh mahal banget daripada beli offline, masih harus cari paketnya."
,"Sangat buruk, tidak bisa membantu karena salah mengisi saldo GO-PAY ke akun yg tidak aktif namun tidak bisa di pindahkan padahal bukti sudah sangat jelas, peraturan perusahaan yang menurut saya sangat merugikan customer sehingga saldo tersebut sebesar Rp.500.000 mengambang di akun yang tidak aktif, sudah berapa kali melaporkan namun tidak ada kelanjutan yang dapat menguntungkan dari pihak customer, hanya berorientasi pada peraturan dan berkata ""kami tidak bisa bantu untuk pemindahan dana"""
,"Sampai saat ini order GoCar berjadwal nya masih sesuai jadwal, namun ada rasa khawatir utk jadwal pesan berangkat antara jam 1:00 - 4:00 krn info dari driver mereka baru dpt notifikasi utk pick up penumpang mendekati jadwal yg di pesan, sementara penumpang sdh pesan jauh2 hari sesuai jadwal, sehingga khawatir akan tdk sesuai jam yg dipesan terutama tujuan bandara...bisa ketinggalan pesawat nanti. Tolong lebih di prioritas kan yg berjadwal krn konsumen bayar lebih utk itu...tks"
,"tidak recommended menggunakan gopay later. Karena sekarang ada biaya bulanan. syukur"" dapat diskon di tokped pakai gopaylater. eh ternyata biaya bulanan gopaylater jauh lebih mahal. Padahal gk ada!!!!! kecewa"
,"Ok....dulu Sekarang makin mahal jatuhnya harga dan tiba2 paylater saya malah hilang as saat mau dipakai.....kenapa ya, padahal pembayaran paling lambat nanti masih 2 Februari 2023, dan pemakaiannya masih jauh dari plafon."
,"Pelayanan admin gojek nya soal perubahan nomor telepon dan tidak bisa login baik sekali, gak sampe 24 jam langsung di rubah. Dan di konfirmasi email hanya dalam 30 menit padahal weekend. Terimakasih atas pelayanannyaaaa."
,"Bagaimana ini masa gojek di hp aku loading gak bisa buka tampilan sama sekali. Padahal udah update, udah ganti ganti koneksi. Ttp aja. Giliran di hp lain pada bisaa. Ini aku suruh unsintall kali ya"
,"Saya sudah lama menunggu, saya sakit mau kerumah sakit. Tapi driver alasan macet. Dan setelah 15 menit menunggu, mau sampe alamat saya,driver membatalkan. Setelah saya cek, ternyata tidak macet di jalan yg dilalui. Dan aplikasi ini tidak mendukung untuk komplain semacam ini. KECEWA"
,"Ada 2 hal yang saya benci dari update Gojek terkini... Yang pertama untuk memberi tip kepada driver sekarang nggak bisa menentukan nominalnya sendiri, bisanya yang sudah tertera di pilihan. Yang kedua sekarang metode pembayaran Gopay sudah tidak bisa digabung dengan tunai. Jadi pesan saya tolong dikembalikan ke semula agar bisa memudahkan. Terima kasih!"
,"untuk go pay tadi saya sedang buru2 tiba tiba harus upgrade jadi tidak bisa pakai go pay untuk bayar di alfamart, fitur jgn maksa gitu dikasih kelonggaran untuk upgrade seperti beberapa hari, gua tadi belanja jadi gak jadi."
,"Aplikasinya sudh bagus, tapi kadang selalu ada bug, saya memasang alamat dengan benar tapi knp driver malah nyasar ya? Tapi gpp, yg pnting makanan saya tetap diantarkan kerumah.."
,"Boleh nggak sih Gojek balik ke app basis, transportasi sama gopay aja, soal fasilitas atau Fitur lain buat link untuk download lanjutan. Aku hanya memakai untuk transportasi tapi harus download seluruh Fitur, alhasil loading app saja sudah berat, belum fitur fitur lain harus nangkring juga. Makanya pelan pelan saya beralih ke InDriver.... Wanna say good bye. Uninstall. Bye"
,"Aplikasinya kaya RENTENIR kebanyakan biaya tambahan/pajak sedangkan ada promo gk bisa di pake...payah lo jek,mending pake apk yg laen aje yg lebih kompetibel dari pada nyang n'ni...gk custumer gk mitra di rampok truuuss..mending kalo kinerja apk nya bagus,ini mah malah bobrok!!, IT magang di pake,,jek..jek..BEGO BANGET SIH LO JEEK!!"
,"tolong berikan promo kepada kami yang selalu top up di atas 100ribu. kami butuh promo untuk beli gacoan!! ongkir mahal sekali 30rb, dan gacoan menjadi mahal +5rb tidak sesuai harga toko"
,Tidak pilihan untuk alamat tersimpan dan tidak bisa pesan gocar/gojek utk orang lain karena titi lokasi penjemputan tidak bisa di setting sesuai alamat penjemputan dan alamat yang dituju juga tidak bisa di edit supaya tepat
,"makin parah , pelayanan pesen gocar dengan voucher seperti permainan , map gak mau gerak,di tungguin sampe set jam lebih, chat gak di respon, tlp tdk bisa di hub, di cancel harga naik dong, berkali kali terus seperti itu"
,Tolong dengan hormat sistem di perbaharui kembali untuk kasih label Halal / tidak halal nya di setiap resto yg ada di go food karna ini sepele tapi sangat dibutuhkan oleh kami yg muslim dan membantu kami untuk lebih cermat dalam memesan dan memilih resto nya sesuai dengan agama kepercayaan masing2.. Terimakasih
,"13/1/2023 jam 5 sore aplikasi tiba2 mengalami error baik dri penumpang maupun pengemudi, sya jadi punya 2 pesanan penjemputan, gopay sya juga sudah kepotong tapi tetep erorr, pengemudi tdk bisa dihubungi, hanya bisa melalui tlp biasa, di cancel tidak bisa jga, dilihat aktifitas penjemputan jga tidak bisa. tolong di bantu + kembalikan gopay saya yg sudah terpotong trimakasih"
,"banyak bug nya,padahal update selalu tapi bug nya ga di bener² in mana sekarang driver lama banget pada terlambat trus padahal sebelumnya tidak ada satupun yg terlambat, makin kesini makin jelek aja gojek jadi sedikit kecewa"
,"Mau aktifkan akun kembali tapi tidak bisa soalnya nomer hp lama hilang, diarahkan lewat email tapi tidak ada masuk pake email.. mau daftar baru pake nomer baru malah keluar email sudah terdaftar Sangat membingungkan & sudah tidak recomended lagi kayaknya ini"
,"Gimana sih maps nya suka ngaco alamat sama Titik jemput gak jelas, seharusnya kalo alamat nya udah bener titik juga harus disesuaikan menurut alamat, gojek gak mau disalahin malah nyalahin costumer, kalo gak ada costumer juga sepi, payah parah"
,"Kecewa banget sekarang apk gojek kayak gini, tarik tunai gak bisa, transfer ke ATM gak bisa jugaa, dikit dikit errorr. Padahal yg dikiranya jadi mudah dan praktis malah jadi ribet dan susah"
,Aplikasi jelek.tidak bisa merahasiakan hak akun pengguna aplikasi. Seharus nya aplikasi itu ada setting kunci aplikasi jadi setiap buka aplikasi bisa terkunci atau setiap buka aplikasi harus masukan sandi..apabila ada temen mau pinjam hanphon atau anak anak pakai hanphon untuk mainan APLIKASI GOJEK tidak bisa langsung TERBUKA.
,"Banyak oknum merchant/mitra gofood yg hobi mencurangi/dzalim terhadap costumer dengan isi menu makanan yg dipesan, salah satunya dengan memasukan item lain yg harganya tidak seberapa dan mengurangi porsi bahan2 utama hingga 60% . Contoh mengurangi keberadaan daging (baik dalam bentuk olahan apapun) & memperbanyak porsi daun singkong atau sejenisnya yg membuat penampilan makanan itu tetap 'berisi' Dimata awam . Kesulitan top-up gopay ke driver gojek yg gak punya saldo . 🙏🙏 #tolongdievaluasi"
,"Untuk gojek tolong d perbaiki lgi aplikasi nya saya tidak bisa masuk ke aplikasinya padahal sudah saya instal ulang tapi tetap tidak bisa masuk untuk nomor juga sudah bener, jadi tolong untuk pihak gojek nanti akan saya kembalikan bintangnya ke bintang 5"
,"Biaya layanan nya gede Banget, dapat tawaran gopaypinjam bunga 3% tapi biaya lain² kalau di total jadinya 12.6% tenor 2 bulan. Di shopee lebih enak dan tidak ada banyak biaya² seperti provisi dkk dan bunga nya ringan cuma 10% tenor 3 bulan."
,"Dari dulu sampai sekarang tiap mau pesen gojek ato gocar harus posisi ada di wilayah itu. Bisa ga sih, diupdate gtu aplikasinya biar kita yg otw ke wilayah tertentu bisa ngecek dlu ada ga gocar di situ yg standby, harga berapa dst... contoh ini posisi kita di bandara nih, kita kan pengen memastikan di lokasi nanti ada kendaraan yg bisa anter2 kita gtu"
,jadi ragu mengupdate...krn tarif mahal..setelah dicek..biaya yg dibayarkan ke apilkasi makin besar 4rb. belum parkir 3rb. belum bayar drivernya. yg notabene yg diterima driver sangat kecil dan tidak masuk akal
,"Mohon untuk kedepan nya untuk opsi alasan membatalkan pesanan di perbanyak .jangan hanya satu opsi aja .karena keluhan dr penumpang ttg membatalkan pesanan juga banyak ,bukan hanya 1 atau 2 hal .ttp ,hanya di kasi 1 opsi aja ."
,APLIKASI SCAM! Pemerasan secara tidak langsung. saya sendiri buktinya. Ada transaksi yang tidak di kenal dan tanpa sepengetahuan saya dengan mengatasnamakan nama produk yg sama seperti produk yang sudah saya pernah beli sebelumnya. Sudah komplain ke pihak gojek/gopay tetapi tidak ada tindakan yang memumpuni. Semoga teman2 sekalian tidak terlalu banyak menyimpan uang kalian di dalam saldo gopay ini🙏🙏
,"aneh sekali gopaypinjam hanya muncul opsi cek cicilan,tidak ada opsi bayar,terus bagaimana cara saya membayar nya,saya tidak mau nanti saya di denda gara gara aplikasi yang tidak jelas seperti ini,saya sudah melapor ke cs tpi tnggapan nya gak nyelesain masalah pdahal juga sudah di kirim kan screenshot permasalahan nya,tapi tetap jwaban nya tidak menyelesaikan masalah"
,"Apk nya bikin emosi mulu. Padahal aku udah aktifin fitur gopaylater tapi tetep gak bisa dipake, keterangannya selalu aja ""aktifkin gopaylatermu sekarang"" padahal kan udah jelas jelas aktif dan disetujui. Ditambah lagi CS nya bener bener lemot parah berhari hari gak direspon dan gak ada penyelesaiannya sama sekali, percuma antri kesekian ratus ribu tapi gak ada penyelesaiannya, boro boro selesai, direspon juga nggak, ampe aku komplen berkali kali masi tetep dikacangin😭tolong dong min dibantu😭😭"
,"Kasih 2☆ ini sudah update versi 4 keatas, skrg susah sekali mau dapat diskon voucher, persyaratan dipersulit sekali, dulu pertama x pakai selalu dpt voucher diskon, skrg mau pakai gojek harus banyak pertimbangan, lama2 org jdi mls pakai apk ini , berahli ke APK lain🙄😪"
,kenapa tiba* fitur gopaylater cicil tiba tiba tidak dapat digunakan ? Padahal itu sangat membantu loh menurut saya . ga ada keterangan pula sampe kapan ini ada peningkatan layanan nya . Tolong dperbaiki secepatnya .
,"Bintang 1, soalnya eror mulu kalo beli paket data sama pulsa!! Padahal udah diupdate tuh applikasi gojeknya, terus udah pake sinyal yg kenceng. Tapi tetep ajaa... emang gojek sekarang mengalami penurunan sihh👎🏻"
,"Kenapa saya mau transper pulsa salah mulu masukan pin nya.padahal pin nya sudah benar. Waktu ketika saya daftar pin nya sudah saya catat 6 digit angka, eh pas mau beli pulsa masukinkin pin nya salah katanya. Gi mana sih. Ngebug apa gi mana itu ? Coba tolong perbaiki bos."
,"Mahal bgt, pesen mknan ongkir 11rb, layanan pesanan dsb 6 rb, pdhl pesanan makanan cmn 38 rb, bisa bisany jd 55rb, blm lg biaya lainnya, trs ada promo 70% utk pembayaran gopay, bank jago/lartu pembayaran, giliran udh ngisi gopay, tbtb promonya hilang. Promo promo lainnya jg kyk maksa bgt pke paylater utk ngutang, pdhl kadang promonya ttp ga membuat harga makanan/apapun yg kita pesen jd harga normal, hargany kena promo tetap lbh mahal 10-20rb jg. Mana kadang apk nya suka error"
,"Kenapa si skrng gomart ribet banget!!pertama lokasi rumah yg gak bisa dipake(trs gw harus kasih alamat orang lain baru bisa belanja)padahal lokasi rumah gw ada kalibata permukiman ramai,kedua gak ada pilihan minimarket/supermarket nya..cuma ada pilihan barang²nya aja..apa²an si ini ya gojek,jd pengen gw un instal aja nih"
,Alamat sering salah jadi harus nambah lagi uang buat bayar minyak di luar aplikasi. mana ni programmer nya balikin aplikasi seperti dulu aja lebih mudah. udah 2 kali kejadian seperti ini
,"untuk masukan, 1. sistem panggilan masih bs nge bug ,berdering tp tidak muncul notifikasi, driver mungkin susah menghubungi saat mengantar orderan. 2. mohon dihimbau untuk seluruh driver agar tidak menggunakan smartphone ketika kendaraan berjalan, mencari alamat atau pun lainnya , karna bs mengganggu lalu lintas dan membahayakan pengguna jalan lainnya. terimakasih ..."
,aplikasinya bagus dan mudah digunakan tapi sering bermasalah apalagi kaya lagi mau transaksi ataupun tarik tunai suka susah atau error apalagi kalo lagi kondisi terdesak perlu buru buru tarik tunai atau transaksi yg lainya sering error
,"Tarif nya jadi mahal bgt, jarak deket aja mahal pdhl udh pake voucher tp tetep mahal. Untung udh ada aplikasi online lain jd bisa beralih sm yg lebih murah dan terjangkau"
,"Aplikasi udah bagus tapi saya agak sedikit bingung dengan Promo yang tersedia, saat saya memesan makanan direstoran MCD lewat apk Gojek , saya memilih metode pembayaran GoPay , dan saya dapat Promo Cashback 27rb bila order di Gofood dan diskon 35% jika bertransaksi dengan min bertransaksi.35rb. ( Disini saya bertransaksi senilai 101rb untuk orderan Gofood pesanan saya ),, tapi entah kenapa saya hanya dapat diskon harga ongkir dan saya tidak menerima cash back seperti promo yg ditawarkan knpa y?"
,"Waduh, update terbaru, semua alamat yang kesimpan di riwayat kehapus semua, jadi sedikit ribet pilih di peta, apalagi kalau kita lagi banyak kerjaan."
,untuk para pengurus server yang saya yakini dapat di percaya juga kemampuan nya tolong kenapa setiap hujan server selalu error terus ya? tolong lebih di tingkatkan lagi server nya terimakasih
,"Aplikqsi gojek sangat membantu saya. Baik dlm mengantar pergi2 maupun mau pesen makan apa saya. Tp sayangnyaa belakangan ini harga ongkir mahal bngt, walaupun trkdng dpt promo msh gk ketutup. Jd membuat berfikir ulang saat mau pesan apa gk nyaa. Krn kegedean ongkir drpd pesanan saya. Hahahahaha Jika sdh begitu saya cancel goreng tempe or telor aja dech jd nyaa."
,"Ini kenapa ya saya gabisa pake promo gofood? Setiap mau dipake promo yg gede selalu di batalin. Padahal kemarin masih bisa, skrg sistemnya malah gajelas. Tolong diperbaiki lagi."
,"Sejauh ini penggunaan aplikasi GO-JEK baik, 2 minggu lalu ada kendala masalah pesanan makanan di gofood, saya complain 1 bungkus makanan yang tidak dikirim alhasil dana saya dikembalikan tetapi waktu proses nya cukup lama sekitar 12 hari baru dana dikembalikan.. agar ini menjadi masukan untuk lebih baik kedepannya 🙏"
,"Mohon diperbaiki, setiap saya mau pesan makanan di gofood saya selalu mengalami masalah yaitu ""Wahh resto tidak muncul"" saya sudah sudah mencobanya berkali"" tetapi hasilnya tetap sama"
,"Gocarnya ngapa dh 🙄 gua udh pilih buat yg 6org, tpi dapetnya mobil kecil yg muat 3org. Smpe 2x order, sama aja. Padahal ongkirnya, ongkir buat yg 6org bukan 3org. Lawak bgt. mnding lgsg aplikasi sebelah. Pilih yg 6org ya yg Dateng yg muat 6org. Ramah bgt lagi drivernya.. perbaiki lagi tuh sistemnya. Atau apalah itu namanya. Biar penumpang yg lain ga ngalamin kyk gua gini..."
,"Kecewa dengan app gofood yg baru. Tidak bisa membatalkan pesanan. Driver tidak ada hak membatalkan pesanan, customer jg tidak bs membatalkan pesanan, resto jg tidak mau rugi. Misalkan saya ingin ganti alamat pesanan/ganti menu pesanan sedangkan dari pihak cust/driver tidak bs batalkan, apakah resto driver dan pihak gojek jg tidak dirugikan ? Yg pasti bisa bahaya dan makin banyak orderan fiktif. Tolong dipikirkan kembali jika ingin upgrade aplikasi. Makin kesini makin menyusahkan customer !"
,Knp saat saya transaksi batal terus padahal pin saya benar dan mengapa tiba2 saldo saya hilang sendiri terus saya lapor tuh nah pas saya lapor fast respon awalnya saya kira bisa di kembalikan saldo yg hilang ternyata gak di kembalikan. Saran: jangan download apk ini gengs kalo gk kalian nyesel dan yg udh punya gw saranin uninstal aja apk nya.
,Kenapa ya tidak bikin fitur tambahan buat pesan makanan yang ga terdaftar di gojek? Kan enak tu kita tinggal pilih lokasi rumah makannya via maps udah tinggal itung²an biaya pengiriman sama nanti biaya yg dipesan Apalagi saya suka pesankan jarak jauh Liat tutorial di google via goshop tapi prett bisanya cuma belanja makanan ringan gabisa pesen makanan
,"Saya sangat kecewa sekali dengan apk ini, soalnya di dalam akun saya ada saldo 600rb tapi hp saya rusak dan nomornya gk aktif lagi terus pas saya mau login pke hp satunya gk bisa, saya mau ganti ke nomor hp yg baru tapi disuruh tunggu 30 jam setelah 30 jam saya coba lagi dan ternyata di suruh tunggu 30 jam lagi udah 4 kali saya coba ttap gk bisa, padahal di dalam masih ad uang saya.. Untuk developer kembalikan uang saya"
,"Tolong bantu akun saya, nomor telpon sudah benar tapi kok emailnya beda ya jadi mainakiprasetyo saya gk kenal itu siapa ,kok bisa berubah akun saya, sementara bbrpa bulan yg lalu saya pernah pake aplikasi gojek pake nmr hp yg sama dan email benar ,untuk sekarang email diakun gojek itu tidak bisa diganti . KECEWA!"
,"Aplikasinya sudah bagus, dab berkembang juga. Tp sekarang banyak biaya tambahan dan selalu naik, bisa di pastikan untuk taun depan gk pakai apk ini lagi."
,"Karena kmrn lg buru2 pesen makan, mau isi gopay hp satunya g kebawa, alhasil pake gopay later, aku kira biaya bulanan 10k itu untuk yg telat byr ternyata bukan. Mengenai gopay later untuk biaya adm 10.000 itu terlalu besar, bank aj g nyampe sgtu perasaan."
,"(Bintang 2 nih) perbaiki keakuratan maps nya, Pemesan nya dimana Maps yang Ditampilkan Di luar Daerah, terkadang Di depan muka ada drivernya Tapi yg dapet Driver dari jarak yang sangat jauh 🤦‍♂"
,Kenapa kok eror sih saat dibutuhin?! Nekennya go ride malah keluar go car terus loadingnya lama banget. Untung tadi ada pak Gojek yang baik mau berhenti di tengah jalan dan nganterin sampe aman ke rumah😅 meskipun ga lewat aplikasinya karena aplikasi masih error😡 tolong diperbaiki sistemnya
,"Sangat kecewa saya, saya salah satu pengguna gopaylater, saya gak pernah telat bayar gopaylater kemaren 28/29 Desember saya membayar gopaylater yg saat itu gopaylater saya jatuh temponya tanggal 30 Des 2022 pas tanggal 30/31 saya menggunakan lagi gopaylater buat beli kuota tetapi kenapa jatuh temponya hanya 3 hari gak sampe 1 bulan dan di suruh bayar lagi bahkan sudah lewat jatuh tempoyang saya pikir bakal jatuh temponya tanggal 30 Januari 2023, kejadian seperti ini sudah yg ke 2x nya kapok"
,"Makin mahal aja nih ongkirnya, mana skrg ada biaya pemesanan yg tarifnya hampir sama kayak ongkirnya. Ditambah promo g bs di gabung, masih mending aplikasi sebelah, promo bisa di gabung ongkir juga murah."
,"Sekarang udah ribet untuk pemesanan gofood, mulai dari promo yang cuma bisa 1, harus milih sendiri ga otomatis, sampai yang paling aneh pembayaran tidak lagi bisa digabung dengan gopay coin. Lalu apa gunanya ada gopay coin jika tidak bisa dipakai dalam pembayaran lain? Bukankah gopay coin itu cashback? Lalu kenapa tidak bisa digunakan dengan pembayaran lainnya?"
,Pernah pesanan yg saya terima kurang. Padahal saya sudah bayar. Lalu driver juga meminta tip untuk mengganti uang parkir. Untuk ke depannya mohon buat sistem yang bisa digunakan untuk mengubah rating yg terlanjur diberikan kepada driver.
,"Baru aja tukar goclub untuk vocher go food 30rb kayak biasanya, uda dtukar tapi kok gak bisa sih, tulisannya expired des 2023, tapi tdk mncul saat checkout atau di tmpat2 voucher. Pdhal klik d go club ada, gimana ya ini"
,"Aplikasi Bagus karya anak bangsa, programmernya berpealaman,apa lagi drever nya,sopan rapi,menguasai rute, pokok nya pasti ada jalan, semua jadi muda karena aplikasinya bagus saya kasih bintang jenderal"
,Mantap Gojek. Pelayanan dan kecepatan dan mudah di pahami dlm pemesanan di aplikasi. Jadi mudah dan gampang. Terimakasih Gojek.
,"Responnya jadi cepet banget kalo udah kasih ulasan jelek + bintang satu di playstore, mwehehehe. Gitu dong, min. Harusnya, jangan nunggu bintang satu dulu baru diproses padahal kalian responnya bisa cepet banget, loh! 🙂Gaada dua hari akun gojek + saldo ku udah balik. Padahal sebelumnya sampe setengah tahun gak balik-balik. Ini gak aku kasih full soalnya udah sangat sangat kecewa sama pelayanan kemarin yang lama banget. Semoga bisa ditingkatkan terus😍"
,"Skrg gk akurat maps nya, di maps drivernya gk maju² jd gk tau udh sampe apa blm. Trus hrg beda² gk standard. Lg penuh dikit jd mahal, pdhl pesanan lg penuh ya nyari drivernya juga susah...udh gitu sering bgt diksh rute yang lebih jauh dg alasan rute yang gk macet. Ya kali biasa pake rute yg cm 4km diarahinnya ke yg 20km jd biaya lebih mahal, hrsnya customer bisa pilih rute sesuai kebutuhannya..."
,"Awal pemakaian bagus semua lancar dan baik kesini"" makin gk jelas gopaylater nya di pake baru dua hari udh di tagih pdhl baru tgl 3 pas di pake tgl 1 ,biasa nya tagihan akhir bln knp skrg Langsung di tagih percuma dpet limit gede jga penagihan nya terlalu cepat mending gk ush pake gopaylater sangat mengecewakan ,tolong perbaiki lgi supaya customer nyaman terimakasih"
,"Susah banget cantumin alamat yg benar di aplikasi ini, mau pesen makan jadi ragu disini karna titik udah akurat tapi nama alamatnya yg gak akurat, jangan hanya lokasi"" terkenal aja dong yg akurat, kalo kaya alamat rumah begini kenapa tidak pernah akurat, selalu 'Lokasi Tidak Ketemu, Cek ejaan mu' emang yg benar tuh gimana?"
,"Kenapa sekarang titik jemputnya tidak bisa ke alamat posisi saya berada, selalu ada di jalan utama, tidak mau masuk ke lokasi rumah saya, padahal jalan perumahan mobil bisa masuk dan jalannya nerus sehingga mobil tidak perlu mundur"
,"Sejauh ini layanan aplikasi nya ok . Untuk maps harap lebih akurat, agar driver dpt titik yang pas. Terus untuk next Fitur2 yg lebih inovatif."
,"Maaf, ini knpa ya saya daftar tapi susah masuk, sebelumnya saya uninstall karena memang tidak bisa transaksi sama sekali. Saya sudah DM lewat ig tetap tidak ada balasan Mohon bantuannya"
,"Saya pengguna lama sangat kecewa untuk gopaylater ga muncul"" Di akun saya padahal di suruh nunggu sampe bulan desember sekarang giliran dah lewat tanggal malah ga bisa daftar paylater katanya sering"" Bertransaksi selama setahun lebih saya bertransaksi hampir tiap hari di gopay"
,"Jujur, agak kecewa sama Gojek sekarang. Tarif naik drastis, dulu ak bepergian jarak 15km biayanya hanya 30-40rb an. Sekarang bisa sampai 100rb, padahal rute yang sama. Jarak yang dekat saja juga bisa sampai 20rb an"
,"apk jelek, kok jadi susah di oprasikan loading melulu kaya berat oadah sinyal gua di hp full, katanya suruh men setujui ketentuan & privasi eh pas di klik lola anjir(loadaing nya lama sekali gak ngebuka-buka kaya yg berat ini apak) parah ni apk harus di uninstal mungkin, padahal apk yg lain ngebut-ngebut aja pas gua buka, aneh apk ini bukan'nya malah bagus makin sini itu."
,"Buka gojek cuma krn terpaksa pake banget. Sudahlah makanannya ada pajak (lebih mahal dr harga asli di warung), promo ongkir dll seperti ga guna, ngantar jarak dekat pun bisa sampe belasan ribu. krn biaya lainnya makin tinggi. 4000 loh, lumayan banget. Beli makan dikit, bayar jasa banyak."
,"Sekarang gojek tidak bisa di gabungkan voucher goffod seperti dulu 35% langsung dan 35% dari akun tidak kaya dulu sekarang harus pilih salah satunya tolong kembalikan promo seperti dulu bisa di pakai semua, kalau begini cuma 1 diskon saja bisa itu tetap mahal tolong kalau lama lama begini saya pindah ke ijo sebelah , terimakasih semoga kedepannya bisa seperti dulu 👍👍👍"
,"Asli dah ini gojek kenapa dah, udaa pesen tapi pas cek detail pesenan ga keluar. Mana udaa kepotong biaya pemesanannya, telfon drivernya juga ga masuk katanya orderan. Mau di cancel ga bisa pesananmu tidak keluar. Makin gajelas"
,"Baru niat nulis ulasan skrg, utamanya krn order gofood promony g terpasang jd terpaksa bayar lumayan. Bs kejadian krn: - G ad layar konfirmasi pas checkout. Dlu ada tp g ketemu setingan buat nyalain lg - G ad opsi cancel buat benerin order. Ad pnjelasan buat dibatalkan tp abis wkt buat baca dluan - Tampilan order mknn dan check out g beda secara sekilas. Kirain msh di layar order gtauny udh check out dan blm pasang promo - Saran: opsi pasang promo sblm order biar g ketinggalan pas check out"
,"Makin kesini makin mengecewakan untuk layanan GoFoodnya, Sudah Promo Gabungan Gak bisa lagi, Biaya Pemesanan 5000, Kesian driver di daerah saya sehari yang biasanya bisa dapat 20 orderan, sekarang nyari 5 orderan aja susah karena menurunnya minat beli online akibat terlalu mahalnya memesan makanan menggunakan aplikasi"
,"Pesan makanan lewat gofood lama banget cari drivernya bisa sampai 10menit baru ada driver, setelah ada driver posisinya jauh dr resto padahal dr aplikasi kita tau disekitar resto banyak driver. Ongkir ada diskon tapi biaya layanan aplikasi makin tinggi."
,"Tolong buatkan fitur baru untuk gosend, penjemputan barang lebih dari satu tempat .. agar bisa sekalian di antar ke tempat kita hanya dengan menggunakan 1 driver.. ini akan sangat membantu saya.. terimakasih !"
,"pokoknya sejak versi baru kalian hati hati deh jangan sampai tergiur promo cashback nya, sekarang cashback udah gabisa pake promo lagi... satu lagi, itu promo udah gak otomatis terpasang lagi sekarang, jadi hati hati kelupaan pasang promo pas pesan gofood. mantep banget permainan gojek sekarang"
,"Aplikasi nya ga bisa di buka. Padahal aplikasi lain lancar jaya. cuma muter"" loading terus. Udah uninstall terus install ulang tetap saja tidak bisa. Padahal ada saldo Gopay nya. 😭"
,"ga seperti biasanya driver susah sampe lokasi, dan telp yg dipakai untuk komunikasi ga bisa whatsapp, jadi susah mengarahkan alamt ybs, berulangkali telpon mobile tanpa WhatsApp"
,"Aplikasi apaan ini butuh cepat,banyak driver mangkal di depan,malah dapat nya yang super jauh,edannnn...pesen gofood pas di waktu hujan tarif semakin naik tidak mendapat driver2,begitu dapat driver,saya kasihan lalu iseng2 tanya dapat nya hanya Rp 7.200..edaaannnnnn..lha saya bayar mahal td buat apa??? tidak masuk ke driver nya."
,"Agak kecewa untuk penggunaan GO Carnya, karena oleh pengemudi sering di cancel, tolong lebih profesional lagi , maaf saya kasih bintang 2...karena aering kecewa saya untuk penggunaan gocarnya"
,"Harta karun makin sini makin menyebalkan 🤣 mending ga usah ada aja kl pilihannya jelek2,percuma..udh 4x dpt jg ga pernah di klaim.."
,"Tolong dikasih pilihan ganti driver jika driver bermasalah, tentu saja atas persetujuan driver. Baru mau brgkat jalan 5 menit. Ban bocor, sy telat gara2 harus nungguin driver nyari tambal ban. Dibuat lebih flexible lah aplikasinya."
,"Alamat yang dituju yanh seharusnya lebih dekat, malah di kasih rute memutar yang jauh dari mapsnya. Sehingga perhitungan harga jadi lebih tinggi."
,Kalau naruh lokasi pada peta yang benar dong! Kasihan pengemudinya jadi bingung. Saya sudah naruh sesuai titik map kok malah titik mapnya ke lokasi orang lain? Harap diperbaiki aplikasinya!
,"Buruk banget, makin hari makin gajelas, masa iya promo otomatis dibatalin, klo ga bisa dipake ngapain juga dicantumin, aneh banget padahal kalo di syarat/ketentuan untuk pemakainan promo nya juga sudah terpenuhi..."
,"Gojekku gabisaa. Td masuk halaman dpnnya gaada muncul iklan dll. Trus klik gofood, gaada tampilan apa2. Ku clear chace masih gabisa. Ganti wifi juga masih gabisa. Akhirnya hapus data. Login lagi juga tetep gabisa. Mana masih ada saldo gopay nya😭😭"
,"Sudah tdk seperti dulu biaya pengantaran, malah ditambah lagi dengan biaya2 yg lain yg semakin bertambah mahal. Sehingga kastemer harus membayat lebih mahal biaya aplikasi"
,"Hai gojek, saya merasa tidak melakukan transaksi di youtube mengapa dengan tiba-tiba saya melakukan transaksi. Dan juga kasus seperti ini sudah pernah terjadi dan saya sudah melaporkannya, tetapi respon buruk sekali. Saldo saya rp 65.490,00 hilang!!, Walau kecil tetapi tetap saja saya mengalami kerugian!"
,Kenapa gojek sekarang selalu dapat driver yg jauh jadi nya sy sering cancel Krn merugikan sy juga driver nya.. terus itu kalau order makanan kenapa selalu ada biaya penanganan yg lumayan mahal jadi walaupun ada promo tetap sj kena mahal.. sudah ongkir mahal tambah lagi biaya penanganan yg mahal
,"sumpah demi apapun' dulu misi dapet cashback langsung dapet' semakin kesini aku ikutin' tapi Cashback nyaa gak dapet dan sulit dimengerti.. !!!! sekarang Mission nyaa kayak hoax' gak jelas padahal udah sesuai Syarat dan masa berlaku' kayak dibohongin.. Tolong dong dipermudah apk untuk pengguna! ..dan Tolong buat transparan' belajar jujur kalo kasih Cashback yg nyata kayak OVO gitu langsung ada cashback!! ""Biaya Lain"" itu apa untuk GoFood dijelasin dong, lumayan gede tiap order makanan :("
,"Tolong donk kalau pesan Aplikasi gojek nomor nya yg bisa di hubungi biar tdk membingungkan driver, dan kasih alamat yg lengkap Nomor rumah,blok, Rt/Rw biar jelas, trus kalau kasih note juga dilengkapi, maps nya jgn lupa di update biar titik nya pas...........oke👌"
,"Kecewa menu bantuan tapi tidak ada yang saya cari,respon lambat . Saya menanyakan kenapa gopaylater sekarang cuma 3 hari jatuh tempo nya . Padahal biasanya sebulan . Saya gunakan 1 Januari 2023 sekarang sudah muncul tagihan"
,"Tolong lebih diseleksi rekruitmen drivernya karena saya selalu kasih bintang 5 meski kesalahan fatal seperti ambil rute salah yang sangat jauh, tidak berkata jujur tentang lokasi penjemputan, membatalkan order sepihak hanya karena tidak mau bergerak sekitar hanya 5 meter, kendaraan tidak tepat di titik jemput dan titik antar yang sudah disetting, driver berhenti untuk kepentingannya saat ditengah perjalanan, tidak menawarkan helm, dan masih ada yang lainnya."
,"Ini gojek kenapa ya? Menawarkan promo diskon, setelah mau checkout tiba tiba ada tulisan, maaf promonya ada masalah jadi tidak bisa di pakai, udah ikutin aluran promo tetapi di bodohin di arahkan promo yang lain? Tolonglah sama saja penipuan ini!!"
,Aplikasi tidak bisa membantu customer. Masalah GO-PAY juga sangat sulit di tanggapi. Alamat hilang saldo GO-PAY saya... Kecewa sekali sama gojek
,"Kaco banget udh berkali kali rugia gua, pertama beli vocher go food tapi nggk bisa di gunain, trus mesen salah item kagak bisa di cancel. Mau nge cancel ribetnya luar biasa gitupun nggk bisa juga. Gaje bngt"
,Tolong untuk GOPAYLATER diubah jgn berdasarkan bulan tapi berdasarkan tanggal atau hitungan jika pemakai gopaylater tanggal 15 desember berarti jatuh tempo di tanggal 15 januari. Karena akan sangat merugikan jika di akhir bulan ( tanggal 30 misal ) kita sdh lunasi saat kita mau memakai gopaylater ( di tanggal 31 kita masih harus bayar biaya admin di bulan yg sama lagi ) seperti itu bisa ditingkatkan lagi karena tidak semua orang gajian di awal bulan.
,"saya sangat kecewa dengan go pay, saya mau pake uang sendiri aja gak bisa, alasannya KTP saya buram, sudah saya coba beberapa kali contact csnya tapi gak ada balasan, lucu ya di zaman sekarang, saya di email noreply, tapi tambah parah gak ada respon dari pihak gojek aama sekali"
,"Overall bagus, namun annoying sekali saat tinggal check out makanan malah bengong sistemnya. Banyak sekali yang pindah ke aplikasi sebelah karena gojek sering bengong."
,"Tolong lah ini saya udah download dari lama ga bisa masuk mulu gara-gara emailnya udah kepake buat nomor yang lama, saya mau masuk pake nomor yang baru ga bisa gara-gara emailnya udah kepake di nomor yang lama, tolong dong kasih pilihan masuk pake akun google gitu kayak aplikasi yang lain biar ga ribet jadinya"
,"saya kasih bintang 2 dulu deh awal pertama pesan harga nya murah tapi makin kesini makin mahal padahal titik penjemputan sama tujuan sama terus, tolong dong min perbaikan"
,Untuk sistem dikembalikan ke prioritas. Karna menjadi akun prioritas butuh proses dan perjuangan extra. Kasihan yang bergantung kerja pokok dengan aplikator kalo sistem nya kaya gini....
,"Gak jelas banget gojek. Perasaan masukin pin itu bener"" malah salah. Mau ganti pin gagal. Malah suruh telefon. Coba kaya aplikasi lain tinggal verifikasi lewat SMS atau email. Mana saldo dh terlanjur di gojek semua. Suruh nunggu 2 hari. Sangat mengecewakan aplikasi sebesar gojek kayak gini. Dipermudah konsumen itu jgn di persulit. Mau pake app biar gampang bukannya susah"
,Dikomplain tapi pake bintang 5 gak ditanggepin yaudah bintnag 1 aja sekalian. App nya suka eror kadang gak bisa masuk stuck di logo gojek trus kadang loading gak selesai2 gatau akhir akhir ini banyak masalah appnya. Eror mulu ganggu banget padahal udah sengaja support gojek timbang app sebelah tapi klo apk nya gitu bagus sebelah aja gak pernah trouble.
,"Puas dengan layanan aplikasi ini, simpel dan cukup lengkap utk semua kebutuhan operasional harian maupun bulanan, hany tampilan app di buat lebih esensi dan proporsional.--thx-🙏"
,Saya sudah punya akun tapi sempat uninstal. Setelah instal ulang malah jadi gak bisa masuk.. no. Telp untuk login sudah tidak aktif. Hanya bisa masuk lewat Facebook.. tapi tidak ada tombol untuk masuk lewat Facebook 🙁. Mau bikin akun baru dengan no. Telp baru gak bisa karena email sudah terdaftar.. apa harus pakai email baru juga?
,"Apiklasi tiba2 tidak bisa diakses. Sudah diuninstal , instal ulang tetap tidak bisa masuk dgn no Hp biasanya. Padahal pembelian gofood bisa 3jt tiap bulan. Belum pemakaian gosend dll"
,"Dear developer,ini gofood kok bisa mahal banget ya ongkir sama layanan apk nya,padahal jarak hanya 0,6 km dan jasa layanan sudah 8k,sedangkan ongkirnya mencapai 18k,apakah ini sudah benar?,jujur agak kecewa saya sama ni apk sekarang,di pikir'' jarak segitu ongkir total 26.000 mending jalan kaki meskipun lagi sakit"
,"Fitur tarik tunai nya tidak bisa terpakai lagi, padahal baru 2 kali tarik tunai. Percuma upgrade ke plus."
,"Apk Gojek sangat membantu belanja online, sangat memudahkan dlm pembanyaran. Semoga ke depannya lebih banyak voucer2 belanja lagi dan juga menu Paylater serta Pinjaman cepat disetujui, agar bisa lebih mudah lagi utk belanja online / offline. Semoga Apk Gojek Semakin Terdepan. Tq"
,"Makin mahal, semakin terus naik dan ada aja alibi dengan alasan biaya pelayanan... NO RECOMMENDED 👎🏻👎🏻👎🏻👎🏻👎🏻👎🏻👎🏻"
,"tolong perbaiki fitur nya, saya mau cancel tp udh di tunggu 20 menit katanya jaringan padat mulu,jadi harus nunggu lagi supaya bisa cancel. selebihnya apk nya sudah bagus"
,Tidak bisa top up lewat indomaret pas di klik ngebug gabisa
,"Mohon maaf karena sebelumnya saya memberikan bintang satu,kenapa setiap masukan Koda gopay saya padahal bener setelah di ganti namun di suruh coba lagi,itu bug ap saya yang kurang paham Mohon di selesaikan"
,Tiap bulan selalu pembaharuan aplikasi Maps bukan lebih baik tapi makin buruk Percuma update terus kalau pelayanannya buruk Persaingan di ojol saat ini amat banyak jangan hanya pembaharuan terus tp liat faktanya bukan semakin baik
,"untuk layanan go ride atau go car sering tidak ada balonnya jd tidak tau ada driver atau tidaknya di area situ,mksh"
,"Kok semakin hari semakin tambah buruk ya aplikasi dan layanan Gojek ini,, sudah sering tidak bisa digunakan untuk fitur Go-Ride nya & voucher-voucher nya, sekarang malah tidak bisa untuk Login akun,, terus bagaimana dengan saldo akun saya nih!?"
,Aplikasi makin ribet mau order susah dapet driver kebanyakan diotak atik sistemnya
,Aplikasi koplak... Sekalinya install gbisa dipake... Klw duit ane g nyangkut ogah install ni aplikasi.
,"Sdh 15 hari app tdk bisa di buka, sdh di reisntal jg sm gak bisa kebuka lg app.nya jd susah sy mau pesan makanan. Bilangnya sistem Beta lg penuh tuk app ini."
,"gojek yang sekarang serakah, saya pesan gofood ternyata di aplikasi nya driver dapat double order, driver nya baru jalan kalau pesanan order ke 2 nya selesai, pesanan saya sampai dingin karena pesanan order ke 2 lumayan banyak, buat yg mau order gofood mending cari ojek online yg lain daripada kecewa seperti saya"
,"Kalo ada bintang setengah, saya kasih bintang setengah dah. Makin kesini makin jelek applikasinya. Lambat, lebih malah, driver ngeluh doang isinya. Salam applikasi #karyaanakbangsa"
,Mas saya gak bisa upgrade ke gopay plus mohon bantuan ya saya lagi butuh uang untuk hari ini kalau harus ke Disduk dulu lama dan harus keluar biayanya lagi mohon bantuan ya untuk di acc ke gopay plus cuman buat ngambil uang aja
,Ga jelas....lagi ada urusan biar cepet pesan goride...malah tujuan tidak terdeteksi sama sekali. Gak Bisa pesen sama sekali.
,eror mulu gimana sih ini aneh udh topup 500rb kaga bisa dipake
,Setiap transaksi gagal gagal mulu jadi ragu ngga kaya dulu kalo mau naroh saldo banyak di aplikasi ini
,"Aplikasi nya sudah bagus. Hanya saja terkadang menemui yang dimana saya bayar dengan gopay coins,trs malah GK ramah. Entah mungkin jadinya diantar gratis atau gimana GT, makanya GK ramah. Mungkin pihak gojek kasih bonus lagi lah ke driver biar semangat."
,"Aplikasinya bagus tapi ongkosnya mahal makanya saya kasih rating 4 apa lagi jarang ada promo besar""an seperti grab"
,"Maunya apa seh?Lo yang ngasih pin pas mau di pakai nggak bisa, emang kalau mau pake harus ganti2 terus"
,Promo makanan diskon ongkir dihilangkan di google club juragan. Promo diskon ongkir di mobil dan motor juga dihilangkan payah jelek banget
,"Nggak bisa menghubungkan ke google play saat mau di hubungkan malah dapat notif ""terlalu sering mencoba"""
,"Bikin emosi terus yaa appl nya,, dri nunggu lama tau2 di cencel,, mau bayar payleter jg gaa bisa2 giliran telat kena denda"
,"Isi emoney status sukses, tp saldo g bertambah padahal saldo gopay terdebet. Dasar rampok !"
,Saya sangat kecewa pada layanan gopay yang sangat aneh. Saya tidak melakukan transaksi yang mencurigakan apapun namun akun gopay saya di bekukan. Bahkan isi transaksi saya hanya berupa top up game dan transfer ke orang lain saja.
,Sebaiknya kalau pakai gopay coin tetap bisa pakai fitur edit tujuan. Saya salah klik tujuan mau edit tapi gk bisa karna pakai gopay coin. Padahal cuma 1 rupiah.
,Driver nya lama bikin orang yg kerja survai jadi terlantar begini makanya jangan diotak atik sistem nya biar enak yg nunggu order enggak kelamaan Terima kasih
,Mantap.. cuma sayang go mart udah gak lengkap. Susah belanja rok**k 👎
,"Mau log in juga ribet, udah dikasih link untuk masuk tetap aja gabisa masuk"
,"Mantap Tampa harus lagi keluar dari rumah, barang atw makanan sdh sampai di rumah, dgn adanya app gojek castamer yg sangat menbantu kita semua, tpi lebih bagusnya lagi klw di kasi promo dong kayak dulu biar makin murah ongkirnya ,hehehehe 👍😊"
,pembayaran super cepat dan lancar
,Map nya kurang detail bagus nya ada gambar satelit nya
,aplikasi yg bagus dan modern cocok buat kaum kaum mager
,Tadinya bagus... sekarang kalo pilih alamat harus mulai lagi dari awal. Kalo dulu udah ada alamat bekas pemesanan terakhir. Saya pemake gosend hampir seminggu sekali. Semenjak alamat d hilangkan tiap kali mau pesen alamat harus d ketik dari awal lagi.
,"Sumpah tekorr terus karna alamatnya berubah ubah, jadi di suruh nambah ongkir yang gak pasti dari tukang gojeknya, ini gimana si!!!!!!!!!! , bisa gak ditambahkan fitur setelah pemesanan boleh ganti alamat biar gak nombok terus!!!"
,"Ngapain kasih fitur email kl gabisa login lewat email, saya abis ganti hp dan download gojek, pas nulis nomor saya buat login malah jadi bikin akun baru pake email saya yang lain, pas mau ganti ke email yang dulu malah dibilang email ini sudah dipakai"
,Makin lama makin broken gjls! Mau isi alamatnya aja aplikasi kebanyakan ngeframe ajg
,"Koq gak bisa masuk ke aplikasi nya sie, pdahal ada saldo gopay aku di sana"
,Saya sudah membayar cicilan di GoPayPinjam pada 5 april tetapi masih tertagih di aplikasi dan langsung mengisi laporan pengaduan dengan menyertakan bukti namun tidak di proses proses sampai hari jatuh tempo pembayaran pada 9 april dan setelah nya akan terkena denda. Saya juga sering di telpon oleh pihak gojek terkait pembayaran cicilan yang sebenarnya sudah saya bayarkan sebelum jatuh tempo. Kalian mengancam untuk melaporkan saya ke pihak OJK akan tetapi sistem aplikasi kalian yang bermasalah.
,"Saya kasi bintang 3 aja.. kendala di musim gerimis susahnya nyari driver gofood. Kalau untuk promo"" makanan di gofood emg lebih murah si dr yg disebelah. Cuma percuma juga kalau gk dapet driver. Ujung""nya order via sebelah."
,"makin kesini aplikasinya makin mempermudah cuy, thanks ya, semoga kedepannya akan lebih baik lagi"
,T4i lah iklan gosen di mana mana menggangu banget. Loe kalah ya sama lalamove jadi gencar banget bikin iklan GO-SEND
,Ku ksh 3 bintang dl karena tolong diusahakan buat para driver jgn suka cancel² karna ada acara jadinya telat waktu.
,"Ko semakin jelek aplikasinya, saya tf ke bank BNI sampai sekarang belum masuk saldo nya Status nya masih menunggu"
,"Good playanan tepat waktu, smoga bisa ditingkatkan lg"
,Gabisa dipakai kalo mau masuk selalu keluar sendiri ntah dari apk ny yg eror atau apanya klo hp gamungkin si dan klo misalnya jaringan? Bagus padahal g ada gangguan apa pun
,"Iklan iklan yang sangat menyingung, tidak seperti iklan biasanya, ya saya mengerti anda ingin membuat iklan yang unik, tetapi mohon untuk membuat iklan yang tidak menyingung"
,"Dana kepotong tiba2 beberapa menit setelah top up karena pembelian yang entah dari mana , udah report GOJEK & GOOGLE , pihak Google ga menemukan transaksi pembelian sama sekali di histori karena itu terjadi di Aplikasi Gojek , & Hasil laporan dari GOJEK ga bisa melihat akun google mana yang di hubungkan ke gopay , jelas2 saya top up ke email yang sama dengan email yang melakukan pembelian yang entah dari mana"
,Sangaaattt membantu...anak yg diluar pulau....buat ngirim makanan en barang ke ortu di pulau seberang
,"gila gilaan kalo ngasih biaya layanan nya, begitupun harga aslinya sama.harga di gojek bedaa... ga kayak dulu, kecewa!"
,Akun Gopay saya di blokir tampa alasan yang jelas dan saya melakukan banding jawaban nya akun anda bermasalah terus dan laporan nya slalu di tutup bisa bantu saya apa engk percuma saya isi saldo klo kaya gini mohon di atasi masalah saya ini dasar alpikasi yang ga jelas pokok nya saya mau saldo saya kembali atau gopay saya di bukakan kunci nya saya ga mau tau dasar pihak gopay Ga bisa bertanggung jawab😡
,aplikasi ini sangat membantu sekali.. trimakasih n pertahankan mind
,"Driver tidak bergerak sama sekali dan tidak ada opsi untuk melaporkan hal tersebut, aplikasi anti kritik"
,"Driver padahal yang dekat banyak,online lagi,kenapa meski dapet yang jauh,bikin waktu tunggu lama"
,"Jam padat pulang kerja tibatiba gak bisa dipakai, driver pun sama gak bisa, Kenapa yah? Lagi pembaharuan pada saat jam di butuhkan? Yaudah sih saya pesan pakai aplikasi lain ajah !!!"
,Dear gojek sistem pembayaran sangat sulit saya mau beli pulsa aja pake gopay pas mau bayar pake pin eh malah pin salah padahal pin saya udah di ganti berapa kali udah teliti jga masih tetep salah ini apk gk di awasi apa ya sistem kerjanya
,Kenapa aplikasi gojek bikin driver nya nyasar.. Knp aplikasi gojek ga mau memperbaiki GPS antara driver dan costumer..
,"maps nya suka ngawur, kadang drivernya suka nyolot gk ada akhlak."
,"Saya upgrade ke gopay plus , gagal terus untuk transfer jadi tdk bisa."
,Fitur gopaypinjam susah sekali dibuka..padahal saya mau melakukan pembayaran..sudah berulang kali dicoba tapi susah sekali masuk ke gopaypinjam
,"good job, sangat membantu dalam segala hal tingkatkan pelayanan demi kepuasan pelanggan."
,"Aplikasi yg sangat membantu untuk keperluan mendadak ,sangat membantu!!!??"
,"Heran deh sama gojek ini , order go food bukanya dapat driver terdekat tapi dapat driver terjauh. Padahal di depan restonya banyak driver dan mereka juga sedang tidak ada orderan. Jelek banget sumpah ini. Niatmya mempermudah hidup pakai gojek ztaoi malah suruh nahan laper sampai lama. GOJEK JELEK BANGET SUMPAH BIKIN KESELLLLLLL 😡😡😡😡😡😡😡😡🤬🤬🤬🤬🤬🤬🤬😡😡😡😡😡😡😡😡😡😡😡😡🤬🤬🤬🤬🤬🤬🤬🤬🤬🤬🤬😡😡😡😡🤬🤬🤬🤬🤬🤬🤬"
,Tapi mahallll banget tarifnya. Kadang 2 kali lipat dari aplikasi sebelah. Padahal kita pelanggan setia. Malah gelar dinaik2in dan dimahal2in. Padahal gak perlu itu jg sih 😪
,Tgl 27 aprol2023 dikarawang sore hari pesanan diterima tp driver minta tambah harga melebihi argo... Trus disetujui...eh 3 kali saya telp kembali malah di diamkan panggilan saya trus ama driver di cancel.... Pelayanan yg sangat buruk.... Kejadian serupa juga terjadi wkt saya di kota magelang tgl 26 april 2023.... Tolong diperhatikan
,Selalu minta update memakan data besar Harga nya semakin k sini makin mahal terlalu banyak aplikasi yang tidak di pahami Harus nya seperti dulu aplikasi yg sangat mudah dan Simple
,"Aplikasinya semakin hari semakin aneh dan sulit, contoh fitur kamera di chating tidak ada lagi"
,"Semoga selalu jaga keamsnan dan kenyamanan penumpang ,terima kasih pelanyannya yg sudah bagus"
,Sangat membantu dalam kebutuhan sehari-hari dan selalu ada yg di ingin kan👍👍👍
,"Sudah menunggu sampai 4 hari tp masih saja dalam proses terus, apakah memang sengaja agar dana dari prakerja tidak dapat digunakan. Mohon jadi perhatian..."
,Ada dengan Gofood??? saya sudah nunggu sampai 1 jam lebih tapi masih sibuk gak bisa pesen gofood.
,"Belakangan Aplikasi Sering Eror. Update Pembayaran GoPay lama, Diskon tidak dapat digunakan."
,Ini knp ga bisa masuk terus loading nya smpe 15 mnit ga masuk terus
,Mana nie fitur tarik tunai nya..kok udah gak ada lagi sih udh hilang lagi aja 🥱
,Aplikasi gojek lebih makin maju lagi 👍👍👍 Dan bisa mensejahterakan para driver yg selalu senantiasa berjuang di jalan demi keluarga. Salam Satu Aspal
,Ini kenapa ini saya pesan kog gak ada respon? Padaha udah setengah jam saya nunggu tapi masih tetep kudu nunggu ?emng sampe berapa lama?
,Ga bagus ini apk gua setiap pesan go ride gapernah dapat padahal ada hal penting
,Terus tinggakan layanan.. Dan lebih selektif dalam memilih mitra.
,"Barang yang saya kirim ke teman tidak sampai ke tangannya, malah namanya diterima oleh orang lain, sudah masukkan kendala di apknya tapi belum ada kabar lanjutan. Sudah di proses."
,"Ongkir semakin mahal, promo semakin sedikit, tolong perbaiki"
,"Terima kasih atas pelayanan drivernya, meskipun hujan pesananya tetap sampai tepat waktu😁"
,"Min mau tanya kenapa fitur gopay tiba² diblokir gara² aktivitas ""mencurigakan"". Padahal sehari² aktivitas hanya dipakai buat jual beli (menerima & membayar pembayaran) produk. Tanpa ada keterangan jelas kesalahan apa yang saya lakukan, gopay kena blokir. Alasan yang selalu disebutkan hanya karena aktivitas ""mencurigakan"". Berarti hanya menduga-duga. Yang pada kenyataannya yang dicurigai tidak melakukan kesalahan apapun. Mohon solusi agar gopay bisa digunakan kembali."
,"Udah merasa gak mood lagi pake gopay,,udah bertahun2 pake gopay tapi gopaypaylater nya gak bisa didaftar dengan alasan tertentu...aneh bin aneh.. Bintang 1 udh ckp buat aplikasi nii bagi saya."
,selama ini gunakan itu jasa pesan antar pesanan diantar tiba baik karena dukungan maps bagus cuma ada driver kurang paham baca maps jadi ada agak lambat
,Tidak sesuai tarikan bawa penumpang cewe selalu stay di jalan terlalu lama untuk diantar ke tempat tujuan sedangkan tarikan itu wanita tukang gojek mentang mentang wanita seenaknya aja di pinggir jalan nunggu sedangkan posisi tujuan udh Mao sampai tolong perbaikin lagi nih harus bikin rasa nyaman penumpang untuk di antar
,"mau upgrade gopay ga bisa, katanya cahaya terlalu terang pas foto ktp. flashnya auto nyala dari apk anda, gimana sih. mohon diperbaiki lagi"
,"Perjalanan aman,nyaman,selamat sampai tujuan mantap"
,susah buat login karena link selalu blank tidak bisa di buka
,Biaya dan ongkos kalian makin mahal Lebih baik pakai indriver dan Maxim lebih masuk akal....
,"Ini gojek aneh bgt.. Cari driver susah, dpt driver ngeblast jauh.. Sy D cancel puluhan kali sm driver. Ini sistem nya kok beda sm yg dulu2.. Makin menurun nih gojek.."
,"potongan besar ke customer , driver & merchant .. aplikasi sering error !.. order ke driver sepi !!.. sistem gajelas !.. beda jauh sama aplikasi sebelah .. 1 kata buat kalian PT GoTo Gojektokopedia "" #aplikasielitordersuli "" .. "" #aplikasielitsistemsulit "" .. semoga susah nemu jalan ( buntu ) !.. amiinnn"
,"Percuma aja performa nya mengejar gold atau platinum, tp orderan nya tetep anyeb tanpa ada masalah dan kejelasan ! Sementara yg basic atau silver tetep gacor orderan nya. Sungguh aneh sistem nya 😏"
,"GopayLater harusnya bisa digunakan setiap tgl 1 jika sudah lunas, tapi pas pembelian tgl 1 saya malah disuruh bayar lagi untuk bulan sebelumnya padahal sudah saya lunasi. Saya beli langganan spotify via TokPed dengan Go-Pay per tanggal 1 Januari 2023, tapi malah kena charge bulan Desember 2022, hal ini sangat saya sayangkan karna saya harus keluar kocek 2x sebelum waktunya. Mohon balasannya, terimakasih"
,Ok bgt mempermudah mobilitas tanpa ribet.
,Saat saya ingin mengecek saldo gopay saya entah kenapa aplikasi gojek saya loading terus padahal wifi dan internet saya kencang dang bisa menjalani aplikasi lain.. lalu saya uninstall dan instal aplikasi gojek kembali tapi saat ingin log in akun saya aplikasi gojek nya loading terus seperti sebelum di uninstall
,"Gila promo nya ngakalin,mahal banget biaya nya Percuma di kasih voucher tapi gak ada diskon nya kepotong ongkos sama biaya2 gak jlz"
,"haloo!, aku mau nanya, kenapa kode OTP aku ga masuk² ke sms, kira kira kenapa ya?, soalnya aku mau top up hehe.."
,"Cepat, hemat waktu dan uang"
,Semoga dengan ada promo paket pengiriman gofood hemat.para karyawannya lebih murah senyum dan sapa yang baik
,"Mudah mencari di peta, sehingga tdk banyak waktu yg terbuang"
,"Pleasee ini aplikasi nya gimanaa ya allah, hilang duit saya di gopay karna ga bisa login lagi katanya akun gmail udah kedaftar login ke akun lama juga ga bisa karna kartu yang terdaftar dulu udah ga aktif lagi. Udah nyoba fitur yang ada kendala nomor itu tapi tetep ga bisa katanya nomor nya ga kedaftar padahal itu nomor yang saya daftarin di gojek nya😭😭😭😭"
,"Saya mau masuk aplikasi tidak bisa loading terus hanya layar putih, padahal sudah update versi terbaru, lalu saya instal ulang masih tetap sama! Mohon bantuannya."
,"Aplikasi saya abis ke uninstall terus nyoba masuk lagi ke akun saya yang lama belum bisa masuk sampe sekarang , aplikasi nya juga suka eror padahal lagi buru buru tolong ya pihak nya di tinjau lagi"
,Mantap sangat membantu untuk tranfortasi .perjalanan nyaman
,"Makin gak jelas ih Gojek... Muter aja terus, giliran dapat driver di server drivernya pesanan kita hilang/gak masuk Tolong diperbaiki udah biaya makin mahal masa erorr terus"
,Untuk para cust yg baik hati...rating anda untuk driver sangat brarti sekali.. 🌟🌟🌟🌟🌟
,"Sangat menyenangkan, dan mempermudah akses perjalanan saya"
,udh mahal aplikasi sering error. IT mu ganti aja klo gak pecus
,"Loadingnya lama, semakin kesini semakin lemot. Tawaran voucher gofoodnya juga terbatas, gofoodnya rata2 mahal ditambah lagi ongkir dan biaya aplikasinya."
,"Ada kendala pembayaran, minta nomor driver ga dikasih. Harusnya minta konfirmasi ke masing2 pihak dan minta bukti terkait. Bukan cuma bilang gabisa. Trus tutup chat. Tidak helpful. Bintang 1."
,"Tolong pak/bu penejelasan ny ,saya bayar gopayleter tangal satu,tanggal dua bulan yg sama di tagih lagi,sebelem ny saya blm pernah kaya gini,dan ini buat saya muak,tolong di liat akun saya,dan kalo ada tolong nomer cs yg bisa ngasih jawaban buat masalah ini."
,"Gojem memang mantap buat bepergian kmanapun tujuanya,, baik driver dan pelayanan sangat memuaskan lengkap mantap, pokok'e jos mazeee"
,"Sejak ada Gojek saya jadi ada jembatan penyambung kebutuhan transportasi yg andal, maklum belum bisa berkendara secara mandiri. Saya tahu kewajiban saya demikian sebaliknya. Driver hampir semua baik dlm memberi pelayanan."
,"Beli go food pakai gopay later tanggal 1 Mei, tanggal 2 Mei ada notifikasi terdapat tunggakan pembayaran bulan april. Ternyata pembelanjaan Mei dimasukkan tagihan April, tanya customer service jawabannya penagihan 30 hari dr waktu belanja. Ditanya kenapa belanja tgl 1 Mei masuk tagihan April ngga bisa jelaskan. Bayar tagihannya, tutup gopaylater nya, review aplikasinya. Done, semoga jd pembelajaran bagi yg lain. Editing: benerkan ga nyambung jawabannya, Meta.. Meta.. Robot atau CS nich?"
,"Menu dirubah & diupdate, semakin mempersulit"
,"Bagus aplikasinya, kami cocok dan paling sering pake gofood. Bisa remote pesan antar makanan diluarkota, tanpa kami harus berada di tempat kami pesan"
,Aplikasi sering bermasalah tp untuk penanganan lambat
,Kenapa srkarang GOFOOD tidak bisa berlangganan gratis Ongkir .kenapa d hapus untuk paket yg Berlangganan gratis Ongkir .
,Anak saya main hp tapi kepencet memesan pembayaran pakai gopay .. mau cecel udah terlanjur .. untung jatuh tempo bulan April pas. Dgn tgl gajian .. pertanyaannya . Saat barang sampai di rumah apakah ongkos kirim harus saya bayar lagi ke kurirnya atau menunggu pembayaran full semua melalui aplikasi gopay mohon jawaban nya kak
,"Dirumah saya koneksi aman, bisa buka fitur gojek yang lain. Sudah menggunakan apk gojek terupdate juga. Sudah coba buka link yang Anda kasih juga, tapi keterangnnya bilang kalau link tersebut diblok oleh pihak bitly, dari keterangan tersebut ada link untuk report kalau blok oleh pihak bitly tersebut adalah kesalahpahaman. Tapi saya tidak isi link tersebut, kenapa jadi ribet banget. Sudah saya email, mohon segera direspon"
,Upgrade gopay plus lama banget beda sama apk tetangga (apk dana)lebih cepat verifikasinya...gua kasih bintang 🌟 satu
,Ini gimana ya saya ga bisa update gopay plus KTP nya ketolak trus tolong dibantu yah saya mau pake gopay nya jadi ga bisa
,"Makin gak jelas, tarik tunai dihilangkan sementara, kirim lewat virtual bank masih banyak yang belum mendukung, makin tolol"
,"Kenapa ga pernah bisa isi Kouta di sini , padahal sering beli disini , sudah dari bulan kemarin transaksi gagal terus , tolong...."
,"Satu Drivernya di gojek-food kurang ajar. Sudah marah2 ke saya dengan banyak alasannya, menuduh saya yg tidak2, dia juga melecehkan fisik saya lewat chat WA (beberapa jam setelah pesanan saya sampai didepan rumah saya). Drivernya tolong diseleksi lebih ketat agar etika baik bisa selalu terjaga. Saya baru Makai pertama kali Go-Jek food malah dapat yg seperti ini. Mengecewakan."
,"Knpa sering eror, mau pesan goride apk tdk bisa masuk terpksa order sebelah..."
,Respon customer servisnya sangat buruk. Saat ada masalah malah selalu menutup obrolan.
,Hapuskan mode hemat!!!! Sangat merugikan driver....
,Tolonglah developer knp lokasi pesanan bisa berubah sendiri padahal lokasi yg di pesan udh benar tapi pas pesanan masuk jdi kurang akurat lokasinya kasihan drivernya harus muter² dlu titik pengantaran ga sesuai sama lokasi pemesanan yg ada saya yg dikira ngerjain drivernya🤧
,"Sebenernya aplikasinya membantu. Tapi ketika pesan makanan di gofood, biaya jasa aplikasi dan yang lain nya itu tiap minggu nambah. Kemaren aku pesan makanan dari gofood biaya jasa aplikasi nya 3000, seminggu kemudian udah 4000, sekarang sudah 5000, seminggu kemudian nya lagi mungkin udah 6000. Tolong di perhatikan baik baik."
,"Kendalanya di komuikasi dg penjemput, penjemput dan aplikasi bisa memberi informasi ke pemesan, sementara pemesan membalas chat selalu centang satu, ini gak efisien."
,"Kenapa gak bisa masukin sandi baru ya padahal udah di genti sandi, pas masukin yg baru malah gk bisa"
,Driver dah di depan mata tapi mapnya kok masih jauh gimana nih akhirnya di cancel sedih kali ...udah jauh2 datang begitu sampai tujuan di cancel..tolong di perbaiki bos...
,Pelayanan baik dan perlu terus ditingkatkan agar menjadi lebih sempurna
,"Harga nya jgn jauh kali ama aslinya. Dekat kali pun kena jarak macam berkilo2. Intinya smakin srg pakai harga nya beda trs. Semakin naik. Uda gue bedain antara pengguna baru, pengguna lama."
,"aplikasi apa ini, sudah bayar tagihan malah tagihan tetap ada, sudah buat laporan tidak ada tanggapan dan penyelesaian, kapok sudah pake gojek , ampun tobat selamat ga lagi lagi"
,"kasih pengaturan buat ngehapus pesannn dong, soalnya suka kepencet pesan cepat, malah kepencet pesan ngasal dan gabisa dihapus"
,"Kenapa ya makin lama makin susah nyari drivernya,tunggu sisa 1menit baru dapat gojeknya,dulu ga separah ini selalu cepat dapat drivernya ditambah lagi maps nya selalu gak akurat😶😶"
,"Aneh, apk nya gabisa jalan atau eror. ketika saya masuk ke apk nya, cuman ada gambar doang semua nya ga jalan padahal internet saya bagus. mohon diperbaiki lagi"
,"Sangat mngecewakan Order gocar selalu dapat taxi,, orang beralih ke taxi online karna lebih memilih dan nyaman dengan taxi online dibanding taxi konfensional. Apa gunanya ada aplikasi ini kalau order gocar yg datang taxi. Dari segi keramahan dan pelayanan sangat jauh lebih baik driver gocar"
,"Ribet bgt, udah terlanjur top up gopay ternyata gabisa dipake harus upgrade gopay plus. Lebih baik upgrade nya manual drpd auto gagal terus malah ribet."
,Layanan yg lumayan dan tidak membuat kami kecewa namun satu hal kalau boleh kami saran kan.agar pencarian lokasi tujuan maupun penjemputan agar lebih di permudah agar kami tidak kesulitan menemukan lokasi tujuan.trimaksi
,"saat di perlukan, malah lemot, untung masih ada app lain."
,Tlg GO TO INI BGMN SOLUSINYA KOK TOMBOL PASANG PROMONYA YUK YG DI APLIKASI GOFOOD NYA TIDAK MUNCUL YA??? PADAHAL SDH UN INSTALL APLIKASI & DOWNLOAD ULANG LOH. KOK TETAP SAMA MASIH GA MUNCUL TOMBOL YG BIASA ADA UTK MASUKKIN VOUCHER PROMONYA😭😭😭
,Ongkir suka besar banget padahal pesan nya sedikit
,Aplikasi yang sangat membantu disaat jarak memisahkan.
,"Lama saya pakai bagus, tapi hari ini saya mendapat masalah kalau tidak dapat melakukan transaksi"
,Ada apa dengan gojek? Pemakaian Gopaylater sekarang dibatasi. Gopaylater cicil dihapus. Gopay pinjam malah ga diterima sama skali.. sebagai pelanggan dr bbrapa tahun saya merasa kecewa..beberpa tahun loh..bukan bbrp hari atau bulan.. padahal selalu tepat waktu pembayaran. Tp tetap aja ga di hargai sebagai customer lama..sungguh sy kecewa..berat..
,Nyaman aman dan sampai tujuan dengan selamat . Puas pokoknya dech
,"Saya merasa belum sama sekali mendaftarkan email tapi kenapa entah semua jalur dari daftar sama masuk selalu tulisannya ""email sudah terdaftar"" LA TAPI SAYA ITU DI OPSI MASUK kenapa segitunya sih mau login aja ga bisa ck"
,"Min ,kok aplikasinya loading nya lama,sudah itu saya coba download ulang ,waktu memasukkan nomor loading nya berjam-jam belum juga selesai -selesai,uang saya ada didalam nya .tolong lh"
,Tolong aplikasi nya saya sudah isi saldo gopay berhasil tapi saldo saya tidak bertambah di dalam gopay
,"Dear gojek Tolong kembalikan sistem gomart seperti dulu,yang mana bisa memilih di minimarket mana saya bisa memilih dan belanja, kenapa harus d tentukan otomatis dari gojek..saya jadi tidak tahu di minimarket mana saya belanja.."
,"Ini apk nya lgi knapa ya? Mau pesan nyari alamatnya ngga bisa-bisa, mau liat pesanannya juga ngga bisa, tolong dong segera di bereskan permasalahan apk nya"
,Sering doble order mohon di perbaiki ..di kira saya yg sengaja ngerjain driver ..padahal aplikasi yg eror
,"Membantu, mudah, praktis dan aman"
,Pengiriman endak pakai lambat sangat cepat sekali
,"Loading transfer lamaaaaa sekali, sangat tidak memuaskan"
,Tepat dalam penjemputan dan lancar sampai tujuan
,Sangat membantu dalam perjalanan Semoga para driver selamat dan sukses selalu
,"Kalo niatnya bikin voucher ada ketentuan kota yang bisa ngakses mbok ya infokan di kolom syarat dan ketentuan voucher, tulisannya cuma suruh update di versi terbaru, giliran udah di update ker versi paling baru tetep gak bisa digunakan, bikin keluhan di cs gojek pun percuma tanggapannya gak membantu sama sekali dan MENGECEWAKAN👎🏻👎🏻👎🏻"
,Mode hemat mana udh ga gratis ga bisa dipakein diskon hadeh
,Koq kenapa setelah update saya biasa pesen layanan gosend yg multi delivery sekarang jdi ga bisa tambah lokasi tujuannya udah beberapa hari di awal bulan tetep ga bisa nambah tujuan lokasi
,"Parah banget pake aplikasi go shop nya, estimasi total udah 38 ribu, tiba2 jadi 57 ribu, gilaaaaaa.. buat 1 harga sebuah seblak bayar segitu, gk lagi2 saya pake gojek"
,"aplikasi ini sangat membantu saya...tpi mohon dong harga makanan nya jangan Mahal"" ,terimakasih."
,Suamiku pesen gomart... gk nyampe2.. status nya masih disiapkan aja... padahal uda dapet driver.. tp driver gk jalan2 karena belanjaan masih disiapin.. gimana yah cara telp tokonya... apa toko nya lupa sampai nyiapin belanjaan aja dari jm 7malam kmaren sampe sekarang gk kelar2... belanjaan uda dibayar via gopay lagi.. ☹️
,Kirim gopay ke bank nyangkut .. biasanya langsung sampai .. skrng nyangkuitt duitnya .. kirim email lama balesnya . Tidak fast respon . Tolonggggggg mau chat sm cs nya gmn caranya ... Pengin chat sm cs nya langsungggg
,"semenjak update tidak ada fitur tarik tunai, ini sangat mengecewakan"
,Bagus bgt drivernya Apa lagi pake gopay simple tinggal bayar. Kalo ada yg gampang kenapa Harus ribet chuaakzzz Pake gopay sekarang Tapi tambahin metode isi gopay nya dong pake pulsaa
,"Parah ko mendadak naik harganya?? Iya kalau buat supir, lah ini harga naik masih ada potongan 20% itu yg saya tau dari semua driver gojek, ko kalian parah banget potongan 20%, iya kalau ada penumpang terus, kalo gak ada!! Udah turunin harga, kasian supir-supirnya. Saya sebagai penumpang sangat kecewa sama aplikasi gojek dengan sistem sekarang ini🙏"
,"aplikasi yang sangat mudah san peaktis, adanya gojeg apa apa ga ribet"
,"Go-Mart versi terbaru rada menyulitkan, karena dulunya bisa memilih toko sekarang tidak bisa, jadi misal barang di toko A kosong tidak bisa ganti ke toko B, biasanya saya melakukan hal itu karena di toko B selalu ada barangnya sedangkan di toko A kosong, saya harap Go-Mart di kembalikan ke versi lama lagi yang bisa memilih lokasi toko dan bisa mengganti toko"
,"Cari alamat tujuan dan penjemputan susah, padahal nama lokasinya udah bener, tapi ttp alamat tidak ditemukan"
,Padahal paylater udah di bayar. Tapi masih ada laporan masuk.. denda 2 ribu per hari.. tolong perbaiki lagi
,"akurasi petanya ga jelas, biasanya saya beli makanan di toko yg sama dengan ongkir yg harusnya Rp 16.000,00 jadi Rp 42.000,00 agak ga jelas mapnya, nyesel pake gojek, semoga di feedback, minimal di perbaiki."
,"Aplikasinya sangat membantu sekali, fitur yang lengkap, pergi kemana aja mudah & ga ribet, untuk kedepannya, sukses selalu buat Gojek Indonesia"
,"Bertahun2 saya gunakan gojek, baru sekarang gojek saya ga bisa dibuka...setelah update malah eror...hapus cache, hapus penyimpanan, restart ulang, instal ulang, izinkan semua udah...ttep eror ga bisa dipake...mungkin saatnya ganti ke ojol lain🥺"
,"Kirain bila sudah sering jadi anak sultan, pesanan prioritas ada gunanya. Ternyata driver lebih sering cancel dan tetap sulit dapat driver. 😓😓😓"
,"Aplikasi super tolol, kenapa ga bisa kirim E-money lewat pesan lagi GOBLOX TOLOL APLIKASI GOBLOX"
,Apk ga jelas anjirr masa gw mau tf ke qriss ga bisa tulisan nya 'Ga bisa lanjutin transaksi ini' trs saldo gw di gopay banyak lagi gmn ini tolong bantuannya untuk pihak gopay
,Mau ganti PIN GOPAY kok susah gk ada kode OTP yg masuk!!! Udah coba sms dan sampe beli pulsa. Ternyataa aplikasnya yg error!!!!!
,"selama ini saya merasa terbantu. Tiap hari saya pakai aplikasi untuk pemesanan go food. Tapi kok ongkirnya tambah mahal aja. Terus ada tambahan platform fee, dan tambahan biaya2 lain"
,si paling gamau ambil orderan gocar kalo bawa barang dan ukuran org jg ga terlalu bnyk padahal udh pake gocarr(L) gimana nih solusinya?!!!!
,"Parah ni saldo saya belum masuk"" sudah 4 bulan. Ngga masuk juga."
,"Pesan dapatnya lama, uda gitu kadang ga dapat.. hhhmmmm"
,"Aplikasi nya nge hang di hp saya, pesan gojek untuk menampilkan detail pesanan nya lemot"
,Munyer munyer caranya upgrade ke gopay plus ga nemuin.... transaksi bolak balik topup capek.. 😭😭😭😭 beberapa bulan ini setiap masuk eror tak bisa di akses.... aplikasi sampah tak bermanfaat.....👎👎👎
,Sangat mudah untuk berbagi dengan teman dan kluwarga
,Ini kedua kalinya saya kasih bintang 1 .. driver gojek skrg pada manja gk mau antarin makanan jarak 5km. Padahal ongkirnya bisa isi peralite 5liter. Halaaaau gojeeeek
,"Loading terus enggak tau masalahnya apa padahal jaringan bagus, udah coba buat uninstal terus download lagi berulang kali tapi tetep sama loading terus enghak mau masuk"
,"1. double order.... kadang muncul 2 driver. 2. pesan gocar/gocar L, yg muncul Bluebird. 3. Goride/Gocar hemat. Untung buat costumer, kejam buat driver. Tarif Gojek memang kejam.... Sangat kejam sekali...."
,"Posisi sedang puasa pesan gofood aja satu jam ga ada respon, cuma ada notif gofood lagi ramai ramai nya, mohon di benahi kembali"
,"Kapan CIIOOOOKKK....buka lowongan untuk driver lagi? Daftar sudah lama, ga ada panggilan pengaktifan akun. Ancok tenan."
,"Makin kesini makin kesono Mau pesen goride aja, muter2 bae,, Padahl sinyal bagus dan kuota ada"
,Untuk keperluan transportasi dan makanan jadi lebih mudah
,"Sejak ada order food gabungan di GRAB, saya pindah pakai Gojek, Eh sekarang Gojek latah ikut ikut ada food gabungan, yang aneh saya order food tidak menggunakan MODE HEMAT, saya gunakan yang reguler, lalu kenapa pesanan saya digabung dengan yang pesan dengan MODE HEMAT, sudah gitu pesanan saya diantar diurutan kedua.. Hahh AMPAS."
,"Saya pengguna lama dan hampir setiap hari saya pakai aplikasi ini, bukan nya dikasih diskon murah malah dibuat semakin mahal, masak gofood jarak 1km ongkir 16rb, dongo ni aplikasi, dimana mana itu pengguna lama dikasih murah bukan semakin mahal biaya ongkir dan biaya pelayanan gajelas itu, gw unistal ajalah dongo bgt"
,"Sangat membantu,tpi kecewa sekarang yg kerja sama dg gojek itu Alfamidi,beda bnget wktu masih dg Alfamart dlu,kita bisa milih tokonya,ini gk bisa milih ini kritikan saya buat aplikasi gojeknya,bukan driver,klo driver selama ini tdk ada kendala."
,"Kecewa dengan aplikasi ini, tiba2 setelah update kenapa status saya di gojek yg hampir mendekati sultan balik lagi ke bos... Pointnya kemana aja itu kecewa padahal saya pengguna lama"
,Untuk pihak gopay tolong ya..untuk transfer jangan hanya gopay plus yang bisa..kalo salah TF jadi gabisa balikin lagi uangnya..rugi..tolong untuk yg tidak gopay plus masih bisa tf
,"Luar biasa, semuanya mudah dalam satu genggaman"
,Gofoodny sgt berjasa sekali buatku. Mkasih y sehat selalu semuanya spy bs berbagi kebaikan.
,"Enggak semua drivernya jujur karena pernah ketinggalan hp tapi tidak dikembalikan dan sudah melapor ke kantor tapi cuma dikasih kontak drivernya saja tidak ditindaklanjuti, jadi mohon maaf saya kasih bintang 3."
,"Saldo lama masuk padahal udah ada ditf tmn, notifnya ada berhasil, tapi ttp kosng saldonya"
,Kenapa ya sekarang gojek susah banget dapat driver. Kadang sampai di cancel otomatis
,"Ini kenapa gopay udah 1 minggu gak bisa tarik tunai, kalo begini terus terpaksa pindah ke app digital sebelah. Trims"
,Anjlok cuy data jaringan idup di kira mati aplikasi udah mulai ga waras
,Gojek sekarang susah mau ganti nama/email pun mau nunggu 30 jam dak kayak dulu lagi aplikasinya mudah sekali ganti nama langsung terivikasi Kasi bintang 1udah cukup klo aplikasi nya udah bagus baru ditambah bintang nya.
,Aplikasinya oke ...drivernya bagus ...cuman sering susah cari drivernya saat cuacanya hujan....semoga diperbaiki lg kedepannya...👍👍👍
,"Ini gojek nya error apa gimana ya?,,saya lagi ga buka aplikasi gojek ataupun mesan tapi ini tiba"" ada notif pesanan telah tiba.tolong ini error apa gimana?soalnya ini ga sekali aja tapi berkali kali berganti pengemudi ,,tolong ini kebijakan nya,knp apk gojek nya jadi seperti ini??🙏🙏"
,Saya kecewa dgn Gojek karena sya mau upgrade Paylater tdk di setujui atau di tolak sy tdk aka pakai apk ini lagi. Padahal awalnya saya senang pakai tapi pas dpt penawaran Gopaylatter sy ditolak tanpa ada alasan apapun. Auto Uninstal.
,"Sinyal bagus, jaringqn bagus, tapi begitu masuk aplikasi gojek kaya ga ada kuota, muter2"
,"Sangat membantu sekali buat perjalanan semakin seru dengan promo, harga yg terjangkau dan tentunya semakin savety bisa jadi perhatian gojek. Semoga para driver dan customernya bisa sejahtera"
,"Sebenarnya yg salah hp saya atau memang aplikasinya yg bermasalah,masak udah bisa di dowload pas mau bayar pakai kode atau tf ke gojek lain gak bisa malah aplikasinya gojek terus berhenti,maksudnya apa yah tolong dong segera di perbaiki.terimakasih"
,"Kenapa pas di buka aplikasi nya loading terus??? Udh logout, terus login lagi susah .. padahal internet nya Lancar .."
,Aplikasi error ya kok ga ada driver terdekat ya
,"Kebanyakan biaya tambahan ini itu, bukannya makin henat malah makin boros, mending beli offline, tolonglah jgn serakah , kan sdh dpt jatah 20%"
,Ternyata marketingnya bikin promo nanggung. Lebih murah grab ternyata
,Pesan untuk komunikasi SMS tidak terdengar
,"Tagihan gopaylater udah lunas sesuai tanggal, bahkan seringnya lebih cepet dari hari h bayar, tapi sesudah bayar masih aja di telfonin itu gimana sih?!"
,"Servernya sampah, saldo kepotong terus, giliran cancel orderan sama minta balikin saldo susah 👎"
,bawa mobil nya ugal ugalan tidak ramah dan sopan dengan penumpang
,Trimakasih atas pelayanannya dengan baik dan ramah
,"Setelah di update beberapa hari ini malah makin lambat loading terus gabisa dibuat apa apa, instal ulang waktu masuk pakai nomor juga loading terus.."
,Promo gofood gak bisa di pakai keterangannya hanya promo di batalkan tadinya berpikir oh mungkin hanya 1 merchant ternyata hampir semua .. Nyesel udh update
,Mantap sekali terjangkau di tempat terpencil bisa dapat. Sukses selalu gojek
,"Saya sudah mempercayai aplikasi ini buat pulang pergi, sampe2 gaada driver yang bisa, akhirnya saya ngga bisa pulang"
,Makin ke sini makin susah dapet driver.. Padahal banyak driver knp harus dapet yg jauh aneh..
,Aplikasi ga jelas gw gada salah tiba tiba di blokir padahal uang gw banyak
,"Tolong feedback layanan customer service nya, disitu terlihat aktif tapi tidak ada balasan,"
,"Barusan saya top up gopay, karena ada info diskon saat beli makanan bayar pakai gopay. Tiba-tiba info restonya tutup, lah pas tak klik lagi ternyata restonya belum tutup, dan pesanan saya pakai pembayaran tunai dengan harga yang lebih tinggi dari bayar pakai Gopay. Mengecewakan."
,"Sering lag aplikasinya, bukan karena koneksi internet saya tapi beberapa moment aplikasinya ngga bisa dipake untuk order apapun, stuck pas mau checkout muter2 trs. 31/01/2023 sekitar pukul > 18:50."
,"Cepat, mudah dan tidak ada salah pada nomor kendaraan yang saya pesan. Semua sesuai dengan pesanan yang tertulis di dalam aplikasinya. Aman"
,"Dari dulu sebagai pelanggan gojek sangat dimanjakan banget, pakai gomart belanja apapun bisa. Sekarang mau beli rokok karena cashless, gabisa. Malah mempersulit diri sendiri hahaha mungkin boleh dipertimbangkan barang-barang 18+ seperti rokok boleh beli di gomart lagi, asal benar sudah 18+"
,"Agak kecewa, pdhal saya pengguna setia, skr diskon2 berlaku kl pembayaran pakai paylater, yg pake gopay disc kecil bgt, trs ada biaya aplikasi, pdhal hrg makanan di gofood dgn beli langsung sdh beda, voucher2 dr loyalitas jg makin kurang ok, g seperti sebelumny."
,Bisa sampai tujuan dengan baik dan sikap drivernya ramah
,"Waktu nya balik ke jaman beli apa2 sendiri dan pake ojek pangkalan, biaya layanan Rp.5.500 , mahal nya minta ampun, auto uninstall."
,Aplikasinya keren cuma heran kenapa kalo pake pembelian tiket KRL suka eror kadang ga bisa di pake katanya scenernya eror dari pagi sampai jam segini ga ada tindak lanjutnya udah gitu di 2 stasiun berbada pun sama....😐😐
,"Awal saya pinjam paylater gopay tenor 1bulan, lah ini knp ketika ajukan kembali tenor nya cuma sehari doang Tolong lah diperbaiki sistem nya, punya aturan yg jelas kalo ingin mau dibayar pinjaman nya"
,"Jujur lebih efisien kalo make gojek buat berkendara maupun buat tf, tp minusnya nomer yg kedaftar dan ga kedaftar juga ikut tercantum. Jadinya klo udh tf ke nomer yang salah ya ga bisa kembali deh tu uangnya. Tolong bgt buat gojek lebih diperhatiin lagi buat nomer yang udah kedaftar maupun yang belum. Thx"
,"Perform aplikasi mya tolong di percepat lagi, experience nya itu kayak ada delay sedikit tiap mau masuk menu yg membuat experience menggunakannya jadi terganggu"
,"Kenapa aplikasinya error, mau pesan goride gk bisa"
,"Gojek udah gk kayak dulu lagi, lelet parahh dan voucher gratis ongkir min ord 40 rb nya juga udah gk kayak dulu lagiii (pelitttt ngasih gratis ongkir) dulu potongan ongkir lumayan besar, skrg potongan ongkir cuma 2-3 rb padahal udah lebih dari min order pesanan nya"
,"Aplikasinya makin hari makin lemot, banyak animasi dan fitur yang ga perlu² amat sebenarnya, kalah sama aplikasi sebelah. Pengaturan titik juga sulit, banyak tempat umum yang kalau diketik malah ngaco hasilnya"
,Ini gimnA gabisa login ke akun padahal ada saldonya malah loading terus muter
,Setiap transfer selalu pending kalau di chat admin y gk pernah balas. Ini masalh uang bukan masalh permainan tolong tidakannya. Orng pun ada keperluannya bukan keperluan kalian aja yang mu di pentingkan
,"Maaf kak saya kecewa banget sama gojek,saya ada kendala tidak bisa tarik tunai nggak tau apa sebabnyaa, padahal udah gopay pluss dan saldo aman aman aja,katanya gangguan gangguan tapi lama bangettt sampekk 2 Minggu,apalagi pas saya butuh butuhnya nggak bisa tarik tunai lagii, semoga cepet di perbaiki ya"
,"Aplikasi bangkeeeee, leeeeleeeeet,mau buka aja loadingny lamaaa bangeeet"
,"Najoonk,makkn lama makin mahal,mi 9500,jadi 15.000,+biaya pesan+ongkir,kebanyakan biaya ,calo ga gini2 amat perasaan🤘🤘🤘"
,"gak lagi pake gojek sm gopaylater!!! ada perubahan peraturan jatuh tempo tapi cust ga dikasih tau duluan!! padahal di help centernya jelas, jatuh tempo tiap tgl 25 setiap bulannya!! lah knp skrg diubah jd tgl 1 setiap bulannya!! udh gt transaksi tgl 1/1/23 harus bayar tgl 1/1/23 jg!!! apa guna paylater an***j!!!!!!!!!"
,"Sudah saya ralat ratt bintang jadi full tu, kalau ada 100 bintang saya kasi 100 bintang, tapi sayang sampe sekrang layanan paylatre nya gak pernah saya di kasi, sudah kesekian kalinya di tolak terus"
,aplikasi tidak bagus tf ke bank selalu payab dilaynya panjang ....
,"Knp tb2 gofood saya tdk bisa lg input promo sama sekali, tdk ada pilihan pasang promo pada saat akan paymen d gofood"
,Skr promonya sedikit diskonnha kecil2 juga ya...masa nanti mau kalah lagi sm kompotitor sebelah
,"Tibatiba akun gabisa di gunakan, dicoba masuk gabisa, terus loading, dicoba pake wifi maupun jaringan internal, sama aja gabisa, buat akun baru juga gabisa"
,"Awal awal bagus si tapi kenapa hari ini gojek lama Banget loading nya!!!! Capek nunggu innya udh lama bgt pas nge install ulang tpi malahan lama bngt masuk ny knp ini gojek hari ini lemot banget , semoga bisa di perbaiki lagiii syg banget pdhl mau makek gopay ak di akun tdiii"
,"Terimakasih dg adanya aplikasi gojek sy sangat terbantu, apalg menu gofood byk pilihan dan byk diskon."
,"Merasa kecewa karena sistem/fitur double diskon atau promo (go food) gabisa lagi digabungin, jadinya mahal mahal .... Saran adain lagi, thx..."
,"Sedikit saran untuk jangkauan seharusnya bisa lebih diperluas kedaerah"" terpencil"
,"Kenapa waktu nyari driver, selalu dapat yang jauh? Maksudnya adalah, di dekat saya ada driver kenapa dia ga dapat order saya?"
,keren tepat waktu meskipun sedikit mahal
,Aok ga jelas driver dekat2 ada tapi ga kedeteksi ... Malah dapat driver jauh2 ya iyalah di cancel ama driver orng jauh pengambilannya.. Alhasil ga ad driver yang mau
,"Voucher tidak bisa digunakan, padahal syarat syarat sudah terpenuhi minimar order sudah saldo gopay juga mencukupi. Sudah coba lapor ke pusat bantuan tidak ada kemajuan"
,tolong pihak gopay bertangung jawab atas saldo saya telah di potong satatus proses tapi saldo saya tidak kembali tolong pihak gopay bertangunh jawab kalau tidak akan saya viral kan sudah sekian.kali nya seperti inj.
,Kirim transfer dari ewalet gopay 60000 nomer rekening dan nama rekening bca sudah sesuai ..setelah transfer selesai nomer rekening bisa berubah..jadi kekirim ke BCA orang lain.. Mau ngadu kemana saya ..gojek tidak ada ruang pengaduannya
,"Cukup bagus, mempermudah, plus ada paylater cicilan membantu banget,saran saya pertahankan & ditingkatkan lagi pelayananya. 👍👍👍"
,Entah kenapa akun saya baru daftar nomor baru 0821xxxx5181 dibekukan padahal sudah pakai nomor baru dan email baru. Aplikasi makin kesana makin kesini JELEKNYA
,"Kenapa belakangan ini banyak muncul resto ""gak bisa pesan antar"" tp masih masuk di aplikasi go food terdekat ? Jd menyusahkan & mengecewakan kami."
,"Tolong balikin Saldo gopay saya, tidak sesuai dengan ekspektasi. Saya kecewa sekali, baru pertama kali isi saldo gopay ternyata ga sesuai lain kali tidak mau lagi saya"
,"Bagai mana ini, ini sudah hari ke 4 tapi saldo belum kembali dan respon juga sangat lambat tidak ada solusinya juga hanya di suruh menunggu 2 - 3 hari tapi ini sudah 4 hari,berapa hari lagi menunggu saya juga transfernya ke bank jago gak sesuai sama yg di katakan katanya kalau untuk bank jago hanya 2 hari dan ini sudah 4 hari tolong lah di bantu,pelayanan juga sangat buruk sangat lambat"
,Udah banyak yg kasih b 2 masih diatas aja yg b 5...ini fakta apa sistemnya yg bermain.apalagi akun untuk driver nya . kesejahteraan makin turun di pertimbangkan gojek
,Sy aangat teramat kecewa dgn gojek terutama go car. Order terakhir sy di ambil tp di jalan di batalkan driver sehingga tdk ada riwayatnya orderan. Mohon admin cek orderan terakhir yg di cansel. Teringat sy mobil ertiga. Kecewa x keluarga di turunkan di jalan ongkos di ambil lebih. Driver mitra go car gak ada ahlak
,"Error dari kemarin ga bisa dibuka, selalu force close setelah update pun bisa kebuka tapi load screen trus baik pakai data maupun wifi"
,"Parahhh koneksinya,keterangnnya internet ga ada,saya ulang"" Lagi malah ke kirim 3x tf ke oranggg,pdhl tulisannya internet ga ada,kocakkkkkkkkkkkkkk ga konsistenn"
,"Saya sangat tidak puas,karna akun gopay saya tersambung dengan prakerja,selalu minta upgret data,bukan cuma sekali/2X,ini aja baru kemaren di ubgtet,sekarang katanya udah gagal apgret lagi,tolong dong,kalo memang ada masalah dengan akun saya beri penjelasan kesalan nya dimana,"
,"Login akun tolong jangan cuma otp dari no hp, kan kalo mau masuk lagi pas nomer lama lupa jadi susah"
,Sering error dan orderan sering hilang dan akun semakin gagu
,"Semakin sering pesen gofood,semakin mahal. Tidak bisa cancel driver yg tidak merespon. Butuh waktu lama sampai 15 menit untuk dicarikan driver lagi."
,"tahun ini app gojek luar biasa👍,sesudah di dalam app driver gocarnya,msh aja gk tau lokasi tempat customernya,sy pengguna app gojek dr sejak awal di luncurkan app,sy tdk pernah pindah2 app.tapi di sayangkan driver gocarnya masih tdk mengerti lokasi penjemputan (maps).di maps gojek sudah akurat,masih aja keliru salah masuk lorong alasan kebanyakan driver gocar Tolong Di Tingkatkan Lagi Khususnya Driver Gocar,Cara Penggunaan GOOGLE MAPS PDA DRIVER GOCAR TERIMA KASIH"
,"Beli pulsa 20rb pake gopay latter,total pembayaran 25rb,sy pikir 25rb itu total yg harus dibayar nanti bulan depan,ga tau nya 25rb itu BIAYA gopay latternya nya aja,belum sm pulsanya,total yg harus dibayar 45rb,lebih mahal adminnya,, hadeehhh,, kapok ga mau lg lg,"
,"Tolong dong kalo misal ada driver yang nakal langsung di tindak lanjuti, udah beberapa kali pesan di gofood pesanan ga dateng tapi driver udah nyelesain pesanan nya, kecewa saya udah lama pakai aplikasi gojek malah di kasi ketidaknyamanan nya!!!!!"
,"Yang bener aja dong jek, masa jarak hanya 2km jadi 8km. Rutenya dibikin muter2,. Gimana mau laris, kalah sama yang sebelah dong kalo gini."
,Voucher potngan ongkir di go food gak bs d pake..padhl di ket nya bs untuk transaski slm 14hr. Udh 2x beli tapi gak ke potong ongkir ny!! Lalu skeg app nya nge lag mulu...map nya ngaco..pick up go car N go ride bs bbrp driver yang ambil... Tolong perbaiki donk
,Sangat Membantu dan mudah Transfer k Bank manapun dan Sangat mudah untuk pinjam dana kalau lg ke pepet dan bisa d cicil 👍
,Bagus banget sukak soalnya bisa isi gopay jdi lebih gampang buat bayar membayar
,"Aplikasi apa ini tidak berguna ,sudah di upgrade berpa kali pake ktp tidak masuk"" karena ktp rusak.mau di apa kalau sudah rusak memang bgt karna sudah lama"
,Akun sehat tapi tbtb promo resto gofood ilang semua. Komplain ga dapet solusi. Minim solusi. Mending grabfood ajaaaa
,Kenapa mau topup pake indomaret kok malah ga bisa bisa tolong diperbaiki
,Yg jls utk komunikasi baik dan pngiriman pun tepat wkt.
,"order gofood bisa nunggu lama sampai 30 menitan kemudian driver konfirmasi bahwa resto tutup, padahal status di aplikasi masih buka .. tolong ya saya paling tidak suka menunggu lama, apalagi sudah menunggu lama namun ternyata zonk! mohon perbaiki sistemnya serta regulasi dan aturan terhadap resto. untuk menghindari resto yang tidak bertanggung jawab berikan sanksi kepada resto apabila kasus seperti yang saya alami terjadi. ini hanya salah satu dari beberapa pengalaman buruk saya pengguna gojek!"
,"Dear gojek..Saya kecewa dengan aplikasi ini. Saya menggunakan gojek sudah cukup lama,saya sering melakukan pembayaran via gopay. Tapi dalam beberapa waktu tertentu,saya berhenti menggunakan aplikasi ini untuk sementara,tetapi saat saya log in kembali,akun gopay saya diblokir. Sampai saat ini saya tidak bisa melakukan pembayaran via gopay,saya sudah mengajukan keluhan tapi ditolak. Dengan alasan katanya saya melakukan transaksi yang janggal.Tetapi tidak ada penjelasan transaksi apa yang dimaksud."
,"Melakukan pembayaran non taglis PLN, keterangan sudah berhasil, saldo terpotong, tapi di PLN statusnya belum terbayar"
,"Selain mempermudah transportasi saya,,juga membantu saya dalam hal transaksi keuangan maupun pembelian."
,"Penggunaan mudah, inovatif dan semua fitur tersedia. Apalagi banyak promo nya, seneeeeeng banget Alhamdulillah aplikasi ini memudahkan dan bisa bikin hemat. Makasih goto ♥️ makasih gojek ♥️ sehat"" selalu & berkah usahanya aamiin"
,"Aplikasih payah, ketika hujan driver semua menonak dan jika di ambil sengaja tidak tidak bergerak agar konsumen membatalkan nya"
,Pas lagi ujan kenapa susah banget dapet driver padahal lagi butuh banget
,Bagus mudah digunakan dan sangat membantu
,aplikasi beli makan lebih mahal 20℅ dari pada harga asli resto nya..
,Tolong difix ini karena untuk mencari driver pesanan sangat lama bahkan gagal tolong gojek untuk fix ini segera
,Aplikasi apaan ini ga guna masa kode pin baru sudah terkonfirmasi masih salah juga
,"Udah semakin pelit promo, biaya jasa aplikasi yang semakin besar"
,Aplikasi yg sangat membantu Pelayanan baik dan ramah
,"Banyak bug, padahal sinyal bagus"" aja"
,Sangat puas adanya aplikasi gopy dan mudah....
,Awal pesen 14rb salo saya ada 4000 trus saya topup 10rb kenapa pas pesen lg jadi naik trus ngkos nya kacau
,Ini kenapa susah sekali buat upgrade GoPay Plus mau foto e-ktp aja pake ngeblank app nya. Jadi rugi saya uang ga bisa dikirim malah nyangkut di app yg belum terupgrade GoPay Plus nya
,Udh d update ngapa susah d buka si ...pdhl sinyal normal
,"Buruk sekalai jarang dapat promo ,akun ga pernah buat order tapi akun di tahan jd ga dapat promo"
,"semakin parah, ongkir dan biaya jasa aplikasi bergaanti terus, semakin lama semakin mahal, CS yang menyusahkan, pesanan tidak bisa dibatalkan"
,"Dear Gojek, saya melakukan pembelian paket data lewat gopulsa tgl 26 Januari 23, dgn menggunakan paylater, hingga saat paket datanya belum masuk dan saldo paylater sdh terpotong, saya sdh menghubungi Telkomsel, bahwa tdk ada transaksi pada tgl 26 Januari 23 atas nama saya dengan nomor HP saya, tolong di cek dan saldo paylater saya dikembalikan, Krn saya tdk Mau ada biaya tambahan dari keterlambatan, jangan selalu minta Maaf, tolong perbaiki cara menangani masalah khusus agen findaya, terimakasih"
,Maaf satu dulu.. Soalnya udah donlod coba bbrp kali mencoba masuk dgn pemulihan no HP lama. . Tetapi Ngk di kirim kirim email kode Verifikasi nya.. Padahal butuh akun lama aku. Tp pikir pikir malah jadi buang waktu percuma aku saja.
,Gojek g bisa diupdate walaupun sudah di uninstall di download lagi loading berhari hari gimana sih!!!!!
,Buat transaksi dan perjalanan Lebih mudah
,"Maaf bintang satu karna aplikasinya eror terus, padahal wifi aktif sinyal kenceng tapi keterangan di aplikasinya jaringan anda bermasalh, tapi diaplikasi lain lancar-lancar aja"
,"Kenapa gopay tidak punya aplikasi terpisah seperti ovo. Biar lebih episien, Knp harus di kait kan sama aplikasi gojek, tolong di jawab."
,"Sering ngebug , saat mau pakai Qris bug internet mati.Padahal saya lagi online"
,"beli disini ga ada gratis ongkirnya . langsung ke cekout aja, padahal belum di check ada uangnya apa engga .. mending beli di toko orange aja banyak gratis ongkirnya, biaya layanan ga semahal disini . ga recommended aplikasinya ini"
,"Jadi turun dua bintang krn Tolol, tiap mao isi saldo dr bca selalu minta otp. Padahal top up dari bank sendiri ga pernah pake bank lain. dah gitu nomer hp ada di hp yg pake gopay masih aja kalo top up ribet"
,"kenapa rata2 gojek nya gak pernah menawarkan bantuan untuk barang bawaan konsumen diletak didepan, padahal kadang saya bawa belanjaan dari pasar dan saya harus gendong belanjaannya dibelakang"
,"Voucher ga bisa dipakai, ongkos kirim makin lama makin mahal. Taik emang"
,"suka nyariin kendaraan yg jauh2, padahal yg dekat banyak"
,"padahal aplikasi tarik tunai itu sangan membantu dan berguna, tapi mengapa harus di hilangkan🥺."
,Suka dengan driver²nya cepat sigap tanggap dan ramah
,Biaya penanganan sekarang mahal banget sama ongkirnya.. percuma ada promo diskon sama enggk sama aja .. tetap mahal.. dulu bagus banget sekarang sangat buruk dan mahal ..
,"Tolong dong gojek balikin lagi kaya yg dulu , gofood bisa double voucher jadi hemat kebantu banget apalagi diem di kosan kebantu banget gara"" double voucher. Tapi sekarang udah gabisa jadi kalo mau gofood mikir"" lama . Tolong dong untuk gojek balikin lagi metode double voucher nya 😭"
,"Aplikasi yg d rekomendasiin sepupu ku, tapi sayang banget, log in nya harus pake no telpon, bukan email"
,Bikin kesel udh hampir 20 kali cari driver tpi gada yang nerima . Begtu dapat satu driver eh di cancel sama drivernya sampe gajadi jalan . Dan juga mau tanya kenapa harga yang di pesan buat besok sama langsung kok selalu beda ????
,"Kecewa sih , awalnya di suruh upgreade yg terbaru , Kok sampai sekarang mau masuk ke aplikasi nya aja susah minta ampun, udah laporan ke email, tetap saja tidak bisa masuk ,"
,Untuk Go-Jek kalau bisa di perbanyak mitra pengemudinya karena menurut saya masih agak lama untuk mendapatkan driver saat pemesanan jika dibanding aplikasi serupa. Terimakasih
,"Gak tau knp sekarang gopay gak bisa tarik tunai si mesin, di aplikasi saya gak ada, padahal sebelumnya ada tarik tunai di mesin BCA, gojek makin kesini makin kesana🤦"
,"Dear gojek, mohon dibantu untuk di perbaiki terkait mpas nya. Hari saya titik koordinasi di rmh saya utk penjemputan namun tiba2 gesernya sangat jauh sekali. Kalo geser 10 - 20 meter saya bisa kluar. Tapi ampe 500 meter itu sangat jauh dan kasihan sama drivernya yg pada akhirnya tlp2 utk mencari jalur alamat yg benar"
,"Instan, cepat dan tepat"
,"Aplikasi mencekik bangsa terlalu mahal biaya ny,dan terlalu banyak potongan ny.semua di tanggung pelanggan bukan 20% lagi udh 50% jadi ny.beda sama Maxim n indriver"
,"Servernya lemot baikin dulu woy bikin ga mood sumpah mau pesen makan loading mulu,buka app lain lancar aj mmg kocak ni app"
,"sy sudh lamaa jadi pelanggan gojek baru ini appnya bermasalah, tolong dong cepat diperbaiki minn, biar lancar semuanya. sampai skr belum ada solusi, terima kasih"
,"Setelah sekian kali menggunakan gopay untuk berbagai transaksi. Kali ini saya kecewa,,cuma mau transfer dari gopay saya ke gopay istri saya harus upgrade ke gopay plus. Berkali kali slalu gagal ""karna KTP saya terdaftar di gocar"" Masa mao transfer saldo aja seribet itu???"
,"Gojek jadi sering error dan suka ada bugnya :( karena error, akunku pernah pesen pizza jadi 2x. 300k melayang deh :( tolong perbaiki dong, kaka2 dev :"")"
,Sangat membantu dan opsi bagi yg malas ke resto🙏
,Sangat membantu di saat lapar dan gabut
,"Pembelian token pakai gopay kacau masa proses nya 24 jam padahal saldo sudah terpotong duluan tapi nomor meteran ga muncul muncul sampai 1 hari , KACAU !"
,Sebelum saya download aplikasi ini sangat ragu.tetapi setelah saya download aplikasi ini saya merasa sangat puas Top up gopay berhasil dan lain lainnya sangat bagus Semoga ke depannya tambah baik yaa Thanks
,Susah gak ada live chat Ama CS .. bantuan juga percuma kalo gak ada live chat cs .. kaya dana aja slow respon
,"Masih gk bisa pake fitur tarik tunai tanpa kartu, sangat di sayang kan sekali"
,"Nyesel update, gomartnya ga bsa pilih toko, go food suka kluar2 tiba2, koq bgini sih, pdhal pelanggan setia"
,"Mau daftar baru, terkendala email sudah pernah daftar. Mau login tapi disuruh inputnya nomer HP, sedangkan nomer HP aku baru. 😂 Coba sediakan login via email jika bagi GOJEK email aku sepenting ituuuh."
,Terimakasih sudah membantu upgrade sy wlwpn ktp sy blur .. Semoga sukses selalu ❤
,Untuk gofoood notenya hilang dan gak bisa dicheck notenya ada atau enggak setelah pesanan selesai
,Kenapa saya top up GO PAY Rp. 20.000 belum masuk juga padahal menurut keterangan tokonya ud masuk dan biasanya aku sering top up GO PAY di toko itu ga pernah bermasalah tolong ditindak lanjuti
,Biaya aplikasi semakin tambah banyak.bisa g di kurangi..kadang baca ada biaya sewa aplikasi segala.kaya kontrakan rumah. Biaya aplikasi tinggi sering eror....
,"Aplikasinya jadi ngaco masa mau pesen gofud di semua resto ga bisa di kirim ,1 atau 2 toko normal lah mungkin ga ada driver di sekitar Ya kali semua toko, ga mungkin kan Perbaiki lah"
,Aplikasi nya bagus untuk pengiriman barang dan makanan
,Sayangnya kalau ndak instal gopay plus ndak bisa transfer
,Fix ... Uninstall.. Makin lama makin aneh... Baru kemaren pake pay later... Eh.. hari ini akun dapat tagihan dan dibekukan.. biasanya kan akhir bulan..
,"Jelek banget servicenya, aku mau bayar gopay di Indomaret aja gabisa, giliran aku Alihin saldo, ke Bank Jago yang katanya partner Gojek, malah dari jam 12 sampe skrg gak masuk masuk saldonya. Mana aku udh satu jam di depan kasirnya."
,"aplikasi yang menbosankan, bukan malah mempermudah malah makin mempersulit, bukannya update malah downgrate, mulai dari segala fitur di aplikasi, mempersulit orang untuk belanja, menghapus menu yg ada ( padahal jelas"" di toko tertera produk ada dan masih di jual ), dan konyolnya yg di hapus hanya di hp android sedangan di ip tidak haha, apa setiap orang harus beli hp ip dlu?kalo memang keberatan atas voucer yang di berikan gausah sok""an kasih promo, takut saham turun? buruk sekali kinerja"
,Selama pakai gojek Alhamdulillah ga pernah mengecewakan. Lebih ditingkatkan pelayanannya ya
,"Gojek nyaman.. Tapi kenapa kok kasi diskon pilih kasih.. Kalo cash gada diskon pake go pay banyak diskon seharusnya sama"" Dapet diskon kan sama"" Uang.. Please kendepannya di samakan diskon nya yaa.. Terimakasih"
,"Kenapa makin hari makin lemot ya ini apk, padahal menggunakan wifi dan pakai data pun di jaringan 4g+ juga suka lelet ketika mau go food."
,"Terlalu banyak biaya lain2, mahal buat customer, padahal pendapatan driver minim, aplikasi makan terlalu banyak biaya dari customer, resto dan driver"
,Pencarian driver lama dan tidak bisa di cancel
,Aplikasi ini mudah2an membatu meringankan keprluan aktifitas se hari2.....mantap ..!
,Driver banyak kok yg keliatan 2 driver aja gimn ni aplikasi makin lama makin jeleķ gimn kl mau pesan driver cuman 2 yg naik banyak telat lah kl kerja tolong di perbaiki aplikasinya seperti dulu yg banyak drivernya
,"mau bayar pake qriss ga bisa terus, pdhl koneksi bagus, udh g bisa atau gmn? dan ada vc diskon buat goride tapi g bisa dipake tuh buat apa?"
,"Best, sangat bermanfaat, membantu saat dibutuhkan."
,"Aplikasi simpel, sesuai kebutuhan...😊 Semoga lebih baik lagi"
,Makin mahal potongan ongkir sekarang diganti ke potongan toko yang ada badgenya gak universal Halah makin mahal semua mending sebelah kalau gini
,"Aplikasi makin kesini makin kesana saya pesen kopi di tebengin kopi saya jadi dingin setelah saya tanyakan ke driver juga ongkir lebih murah ,kejam sekali gojek sekarng ya ,gak lagi order di sini"
,"Saya sangat kesal dengan aplikasi ini, setiap pesan makan selalu saja ada restoran terdekat anda tidak ada, uhhh kesal saya jadinya"
,"kurang suka dengan keterlambatan pesanan, sering terjadi yang disebabkan oleh driver yang susah"
,"Tepat waktu, drivernya ramah komunikatif...alhamdulillahhh"
,"Cepat, tepat, dan aman dalam mengantar pelanggan"
,"Untuk layanan Gomart sekarang gak bisa pilih toko sendiri ,ada toko terdekat dapetnya yg jauh jadi ribet ,kadang banyak barang yg gak tersedia juga"
,"Pantesan Pelanggan bnyak yg kecewa promo gak ada atau gak bisa dipakai skrang saingan banyak dan lebih murah?????gmana mau saingan malah driver makin blangsakkkkkkk orderan susah mpe berjam"" delaynya...Hadehhhhh kojek kojekkm..."
,Saya bingung lagi enak2 pakai gojek malah akun saya balik ke awal harus di upgrade ke gopay plus tapi giliran mau upgrade malah gak bisa...sudah lama saya minta hapus akun saya yang lama soalnya nomor terblokir tapi malah gak di hapus2 heran saya mana saya mau transfer tau gitu mending saya gak usah pakai gojek ribet banget bikin orang kecewa aja
,"Kalau hujan atw sehabis hujan susah dapat...dpt aja di cancel sama driver nya..kalau mau melayani pelanggan ya mau hujan mau panas mau apapun hrs ny gampang di dpt nya,ini susah ny kayak dunia mau berakhir"
,"Info google gojek udh bisa transfer ke rekening dana,dengan pilih bank permata.tp sudah memasukkan kode dan nomor yg betul masih tidak bisa""nomor rekening tidak di temukan""gimana sih"
,"Bagus banget, worth it dengan harganya yaa biarpun kata orang-orang ongkir nya gak masuk akal tapi menurut ku gapapa it's okay buat aku yang mageran 😂"
,Kecewa..setiap mau pakai padahal utk internetan lncar tapi pas buka aplikasi gojek mau buat pesanan atau yg lain selalu aja g bisa katanya selalu gak ada jaringan..
,Cari driver sulit. Banyak yg dekat tapi tdk diambil.
,"Ini kanpa sii, gue pesen gofood, tapi motornya gak jaln 2pdhl , aslinya 30 menit nyampe lah ini udah lebih fdari itu"
,"Gojek bandara makin ksini makin ribett,bukannya di desain makin simple biar gampang dipake,ini mlh tambah ribet..pake kode kode sgala lg... Gue nunggu sejam setengh blm dpt jg"
,"gimana sih, mau upgrade ke Goplus aja gagal terus. aneh"
,"Order langsung dapat dan cepat ,,pengemudinya baik baik ,,"
,Knp sih abs update malah gk bisa masuk... Pdhl kuota bnyk
,"Pakai GoFood, giliran dah order yg dapet diskon dan cashback banyak, eh tokomya cancel sepihak, aneh deh pdhl menu tersedia, ngedadak dicancel dan stok menu dibikin habis, mohon tindak tegas utk toko² partner makanan yg sperti ini. Asli saya kecewa, thanks jika masukan saya direspon🙏"
,"sering eror, sering keluar sendiri dari aplikasi"
,"Maaf kak saya ada keluhan Ketika saya akan bayar tagihan ke orng itu tpi slalu gagal harus terus dicoba aja,udah 5 kali saya coba kirim saldo nya tpi tetep gak bisa,kalo orang lain ke saya bisa tpi saya ke orang lain gabisa itu gimana ya kak solusinya 🙏padahal semua udh sesuai kok"
,"Suka pakai Gopay, karena hampir semua pembayaran bisa bayar pakai Gopay, apalagi sekarang terintegrasi dengan Bank Jago, bayar sesuatu bisa langsung didebit dari Kantong Jago tanpa perlu Top Up, kalaupun mau Top Up saldo juga gratis dari Bank Jago. Sukses selalu Gopay x Gojek."
,"Semakin kesini semakin ilang promonya, belum banyak biaya tambahan dll"
,Kurang mahal bg . Mahal kan lagi biar cepat kaya klian semua pakai biaya biaya ini biaya itu lah padahal kalo di beli offline beda 3 ribu sama di aplikasi udah beda 3000 tambah biaya jasa ini jasa itu hadehhh
,"Kejadian nyata pada hari Jum'at, 13 Januari 2023. Aplikasi tidak dapat digunakan dengan sangat baik, aplikasi GoJek telah merugikan customer dan seluruh driver ojol. Jujur, saya adalah customer, tapi kalau saya diposisi driver, saya sangat merasa dirugikan. Tolong banget diperbaiki dengan sangat benar, dan tolong ganti rugi seluruh driver. Sumpah, kasian. Demikian dan terima kasih (Aplikasi kalau udah bener banget, naik lagi jadi bintang 5)"
,"Makin di update makin lama dan susah nyari driver udah nunggu berjam jam udah diulangi tetep gak dapet"""
,"Selalu mendapatkan driver yang jauh ,,,padahal driver yang dekat ada malah dapat yang jauh konsumen sangat di rugikan di karenakan pingin terburu2."
,Sangatlah membantu dan mudah untuk di akses
,Saya ada saldo gopay tapi susah untuk dipindahkan maupun ditarik gara2 harus update gopay...sdh.2X update ditolak karena alasan ID sdh.prnah trdaftar di akun lain..brarti macet gk.ada cara lain yg artinya saya tk.bisa menarik saldo.
,Aplikasi gojek pemeras driver...bayar fuul tapi sampai kedriver ternyata cuma 2500 ..kasian pak driver nya ternyata cuma dapat segitu..tapi saya sebagay custumer bayar fuul..wwktu pesann food..
,"Sangat membantu saya dalam keperluan pulang sekolah, harapan saya kedepannya sih semoga semakin banyak diskon saja hehe"
,mantap sekali aplikasi ini mudah dimengerti dan dipahami oleh semua orang termasuk saya
,"Aplikasi lain bisa di pakek internet, lah gopaynya malah gak bisa, malang di suruh cekbkuota shombong amat gopay ni"
,"Saya pemakai jasa Gojek dimana sebelumnya tarif sangat ekonomis namun lama kelamaan saya pahami sekarang pakai Gojek makin mahal ada tambahan biaya aplikasi dan lainnya yang semakin gak jelas.Dan lagi itu banyak mitra Gojek yang tidak mendapat kesejahteraan dikarenakan potongan biaya aplikasi terlalu gedhe sehingga pendapatan bersih yang diterima tidak sepadan dengan resiko,klo begini terus kedepannya Gojek bakal ambruk sendiri..."
,Kenapa harus da biaya pemesanan?? Pdahal kan .. Kami sebagai pemakai.. Mending di hilangin aja. Biar murah...
,mending ongkir goceng dihapus!! cs1 bayar ongkir normal. driver kena double orderan. cs 1 yg rugi makanannya kelamaan nyampenya keburu anyep!! mau untung gak gini jg jek!! org pesen makaan mah laper ini malah makin lama sampenya!! bodoh dipelihara! cs rugi driver rugi. elo doang yg untung!!!!!
,"pelayanan toko cepat, dianterin pun cepat"
,"Pengiriman cepat, pengantar ramah"
,Gojek Serakah.. Sudah pilih menu bantuan sampai telpon ke CS Panggilan berlangsung selama 18 menit.. alhasil tetap saja driver selalu dikambing hitamkan..
,"Hari ini saya mau menggunakan aplikasi gojek,tapi akun saya di nyatakan bermasalah sehingga sy tdk bisa menggunakan layanan gojek,tidak ada petunjuk bagi utk bisa mengaktifkan kembali akun gojek saya,benar benar jelek pelayanannya,kalo begini lebih baik pindah aplikasi dong😄😄"
,"Maaf saya pemula,baru pakai APP GOJEK. GOPAYLATER nya kurang informasi. Tanggal 1 pakai gopaylater,tanggal 2 besok hari nya ada penagihan,harus di bayar sebelum tanggal 7 di buLan yang sama. Padahal di kontrak atau inforrmasi sebelum nya jelas ter tulis jatuh tempo per akhir bulan.. Hadeuhhhhh🤦🤦🤦. Bukan masalah nominal nya,tapi jangan di bilang akhir bulan dong kalau besok nya di tagih mah. Mana ada biaya admin lagi.. jadi pelajaran pribadi saja. SAYA KAPOKKKK.."
,Makin lama makin gak jelas ini aplikasi.saldo gopay saya 8juta di blokir buat laporan tidak ada tanggapan.sudah kirim KTP swafoto gak di respon.aplikasi maling uang castamer.
,Tidak ada persetujuan penggunaan paylater tiba2 jd metode pembayaran utama
,"Tolong gojek ini kenapa yaa ? Akun gopay saya tidak bisa kebuka , sudah saya hapus terus download lagi tetap gabisa kebuka juga ? Masalah ini kayaknya bukan sekali dua kali deh , tapi sering banget terjadi hal hal kek gini"
,"Sangat membantu sekali,dalam keperluan akrivitas"
,"Kenapa mau login setelah update tidak bisa alasan no internet connection padahal semua aman wifi dan selular, ada yang spt itu juga?"
,Bagus banget ..senang kali pake aplikasi nya mudah Aman dan sigap..🥰🥰
,Tambah mahal mencekik konsumen goofood juga sering dapat makanan tidak sesuai penjual cenderung jualan seenaknya ongkir terlalu mahal
,"Pleaselah,ubah gopay+ yang sebelumnya hanya untuk yang sudah 17+/memiliki ktp menjadi 15+ dengan syarat menggunakan kartu Identitas anak Hal tersebut dapat mempermudah transaksi yang diperlukan pelajar dalam berbelanja atau berbagi antar orang"
,"Aplikasi makin hari makin bapuk MENDING HAPUSSSSS Orderan seenak nya di cancel Orderan seenaknya gonta ganti driver ujung2 nya nggk di ambil dan di cancel sama driver MENGECEWAKAN,,, HAPUSSSSSSSSSSSSSSSSSS !!!!"
,"gila, ga ada 1 km ongkir buat gofood bisa 11 rb, pungutan biaya jasa aplikasi juga terlalu tinggi 😤🤮"
,"Untuk aplikasinya sudah cukup bagus, tetapi sering terjadi permasalah karena setiap ingin membayar pakai gopay selalu tidak bisa"
,Makin hari makin gak jelas gojek ... Tiba2 gojek plus saya d tarik lagi padahal udah lama gopay plus saya dari tahun 2018 aplikasi sering lag lagi makin hari makin lelet
,"Kenapa aplikasi saya tdk bisa dibuka, sudah diperbaharui, sudah diunistal trus download lagi, masih tetap saja tidak bisa dibuka, mohon bantuannya, soalnya punya tanggungan gopaylater"
,"Aplikasi canggih, dan sangat membantu untuk orang banyak, fitur dan operasional aplikasinya lancar tanpa gangguan, terimakasih telah menciptakan aplikasi Gojek yang sangat banyak manfaatnya 🙏🏻"
,"Tolong dong fitur chat nya di tingkat kan lagi, Dan baru tiga kali cancel aja udh di blokir"
,"Giliran pake paket deliveri hemat ngga ada driver yg mau pick up order, giliran pake ongkir normal langsung gercep, kl gitu ngga usah bikin promo daripada php nunggu orderan d pick up driver smpe 15mnt ujung2ny d batalin sama resto ny karna ngga dpt driver"
,Hmmm saya masih ragu pakai gopay buat transaksi yg menggunakan uang yang banyak.sekarang voucher gk bisa digabung sama voucher tokonya dan juga setiap pemesanan makanan ada biaya jasa aplikasi sebesar Rp 5.000 padahal makanan yang ditoko udah agak dimahalin daripada beli langsung kesana.
,"Sangat membantu untuk umtransportasi di era digital seperti sekarang ini, mungkin yg harus di BB update adalah jaringan dan maps yg lebih update lg"
,Aplikasi in enak untuk pesan kendaraan dan makanan
,"Ada program gocar hemat tapi sudah bner dapetin drivernya,, sepertinya para driver ga mau ambil gocar hemat"
,"Aman..nyaman..cepat ,,thx..tingkatkan semuanya utk tetap baik.."
,gabisa pilih lokasi penjemputan yang tepat
,"Percuma dikasih promo food. Promo 30% maksimal 25000. Abis buat ongkos,biaya jasa aplikasi,biaya kantong dan lain-lain. Alhasil tetap saja kebeli nya mahal diatas harga resto."
,"Tidak ada fitur Tracking Resi ""tanpa"" harus memesan dari apk ini. Perusahaan sudah sebesar ini, fitur msh kurang lengkap... Biaya pelayanan aja yg makin mahal !"
,"Maps gak akurat, voucher n promo alfa sering prank. Yg tertera diiklan kenyataan di scan bohong. Blnja pun sama gak ada yg msk vouchernya."
,Selalu cepat dan akurat. Driver ramah.
,Ini gimana sih transfer dari gojek ke bank jago dari jam 4 pagi sampai sekarang jam 12 siang belum terkirim juga ini lagi penting banget untuk berobat sekarang malah di tahan gini gimana sih saya minta tolong sekarang di proses
,perubahan waktu gofood order bikin kecewa niat malem mw gofud jdi gk jadi udh kesekian kali karna sistem nya ngubah waktu bener2 kecewa berat
,"Sebelum memberi penilaian kali ini, apresiasi penuh saya berikan kepada gojek atas semua produk layanan, kali ini saya ingin menilai buntunya situasi saat driver tidak berkenan layani pesanan gofood entah dikarenakan kendala teknis apapun, tetapi pelanggan sudah menunggu dan hanya mengetahui pesanan terlambat karena kendala dll."
,Awalnya seneng sm aplikasi gojek cmn kok lama² uangku pernah hilang hbs itu aku coba supaya dikembalikan cmn karna blm punya ktp jadi gk bsh eh mlh sekarang keluang lagi 😔😭 . Keulang lagi sekarang . Sayangnya uangku yg hilang tanpa kejelasan
,"Kalo Developer / QA gojek baca tulisan ini tolong bantu kendala saya, login gk bisa udh berminggu-minggu2 apps udh clear data & install ulang tetep gk bisa login Akun saya ada banyak saldonya jadi gk bisa dipake Thanks"
,"Sekarang makin mahal kalo pesen makanan. Kalo mau ongkirnya yang mahal, harga makanannya jangan di markup. Ini mah ongki r mahal dan harga di markup Saya peseen nasdang langganan via ojol karna sibuk gak bisa keluar kantor, saya biasa beli 16rb, di ojol 21rb dan onkir 15rb Kalo jalan kaki saya bisa kenyang dapet 2 bungkus itu 😂, jarak nasdang ke kantor coman 300m padahal."
,"Sudah 10kali upgrade ke gopay+ gagal mulu,tolong d permudah min."
,"Jika kalian ingin topup di shop online² jangan pakai gopay, saya kena scam 400rb tetapi gopay menolak mengembalikannya. Mengecewakan aplikasi apa ini terkenal doang tetapi saat ada yang butuh bantuan tidak ingin bertanggung jawab. Ingat jika scammer2 disana tidak diambil uangnya mereka akan ketagihan dan alhasil dosa jariyah karena sama saja dengan mendukung mereka melakukan scam"
,"Fix,Aplikasi ini tidak berguna sama sekali.buat transfer ke rekening gak bisa dan ke sesama teman tidak bisa, Terus kegunaan gopay saat ini buat apa? Sudah lapor tetap aja tidak bisa buat bayar ke sana ke mari.. Tolong mending aplikasinya di hapus aja...?"
,Voucher ga bisa d pake.. udh berkali2 klik pakai tapi harga ttep ga berubah dan voucher nya ga ke pasang..
,"Kalau ada gerimis dikit susah sekali dapat driver,apalagi tarif voucer"
,Sumpah ya hari ini kesel bgt sama gojek. Aneh banget giliran lg ujan dan jam sibuk malah kasih drive jauh2 lebih dari 1km. Aneh banget ini perusahaan dan aplikasinya
,Sangat kecewa..saya onbid dari pagi jam 6 ..sampai jam 10 malam hanya dapat 3 orderan.. terpaksa saya pakai applikasi Grab
,"Promo makin pelit, cuman dikasih ke akun akun baru, akun lama minim promo. Biaya makin mahal, aplikasi sering ngebug, bad banget."
,"Aman,dan cepat. Sesuai dengan ekspektasi.👍🏼👍🏼"
,Driver nya pilih2. Kan kita bjtuh banget ya. Di cancel mulu
,"Goride sering tertukar antara tujuan dan penjemputan, user interface nya agak membingungkan, terlalu sering diubah"
,"Pada aplikasi harusnya disertai fitur chat dengan admin.. Agar para pelanggan bisa report kendala yang dialami, dan segera di tindak lanjutin utk driver2 atau mitra usaha yang bermasalah.."
,"Kenapa sekarang fasilitas ""tarik_tunai"" menjadi hilang..!?! Sepertinya akan mengurangi, kelebihan dr gojek-gopay tarik-tunai..!!!"
,Mau kasi bintang lima tapi saya tidak bisa ditelpon sama driver karena option tanda telpon muncul di hpku
,"Mohon maaf sebelumnya, kenapa tagih Tunai dihilangkan ya... saya sangat bergantung kepada fitur tersebut. sangat berguna bagi saya."
,Aplikasi macam apa nih.....dah ga jelas sering eror....sangat kecewa ...dah potongan nya gede banget ...
,Setiap sore deket magrib sering banget server padet merayap gak bisa ngapa2in. Dari dulu sering banget gitu.
,Makin kesini makin ga bener banget aplikasi ga bisa akses apa2
,Kenapa tidak bisa akses go paylater ma go pay pinjam... Padahal transaksi dah melebihi sampai 5jt lebih
,"Kacau nih aplikasi masa mau kirim gopay atau request gopay di menu chat udah gka kayak kemarin lagi malah gak bisa sekarang , update nya di benerin lagi dong masa begini sih , kecewa aing lah sm gojek"
,"Belum selesai masukkan titik tujuan dan metode pembayaran, langsung dicarikan driver oleh aplikasi ini. Sungguh aneh, menjebak dan menjengkelkan"
,"gojek makin kesini makin gk jelas,semua voucher diskon gk ada yg bisa dipake...terus kenapa motornya banyak yg jadul leleeetttt banget,kita kan pengen cepat biar gk telat,ini mah puluhan motor udh ngelewatin kita,eh...motor kita msh anteng Bae gk ada panas2nya dilewatin motor laen 🥱 bintang tiga dulu lahhh.."
,Sip bagus.bisa langsung mesen pas lagi mager+sering ada diskon 🤭.
,Gopay coin gak bisa di pakai bareng promo nya. Dulu masih bisa sekarang gak bisa. Makin kesini tambah berkurang fasilitas nya..
,"Coba dong management turun ke lapangan. Sudah ada area yg diambil alih maxim, yg mulai di ambil alih banyak. Fokus ke bidang usaha real, jangan kebanyakan ngakalin riba. Pahit memang, tapi kalau tidak sekarang, nanti lebih pahit lagi."
,Kenapa akhir akhir ini susah banget bayar tagihan gopaylater.... Sedangkan nanti kalau telat bayar tagihan bunganya gak main² Rp 2000 . Luar biasa banget
,"Aplikasi nya gak bisa di refres yah, dan lagi gopay nya erorr saya terima tf tapi pas di cek masih kosong padahal sudah masuk Saya jarang pake gojek karena gak ada promo untuk grebbek yang memakai uang kas jadi saya pake apk sebelak"
,Kekurangannya hanya tidak bisa pinjam saldo darurat..sewaktu waktu kita ada kebutuhan mendesak jadi tolong disediakan seperti pinjam pulsa darurat...nanti tersedia baru saya kasi bintang 5
,Akun tiba tiba gabisa dipake. Katanya ada masalah. Pas di cek katanya karna penyalahgunaan akun dan promosi gituu?? Aneh
,"Sistem pembayaran dengan kartu debitnya payah sekarang, kalau saldo terpotong, kembalinya lama gak jelas, customer juga harus hubungi sendiri banknya bukan pihak gojek. Padahal saldo terpotong karena nggak dapat driver bukan karena batalkan sendiri. Sangat tidak customer oriented untuk mekanisme pembayarannya sekarang. Harap diperbaiki."
,"Aplikasi anehh menyusahkan.. Ya bisa gt gue dmn dtg grabnya dri manaa, sejam gue muter2 nunggu driver doang!!"
,Setelah di update makin susah dapat orderan makin GK jelas aplikasi nya
,Buka aplikasi GO-JEK di HP baru susah. Soalnyo gk bisa di pindah karena belum logout di HP lm. Karena HP mati total.. Tlg admin bagimana cara biar bs si pindah k HP baru. Sdh sering mskn no ttp tidak bisa
,"Tolong jarak penjemputan drivernya di perdekat, drivernya sering kejauhan bisa 3 kilo apalagi pas agak mendung"" belum lagi jalannya agak macet kasian drivernya juga."
,"Akun udah 3 tahun tdk dipakai , pas dipake lagi bener bener kaga dikasi orderan udah semingguan, yaampun tolong dong pihak gojek diperbaiki"
,"saya kasih bintang 2 dlu,,soalnya ada barang saya yg tertinggal di slh satu mobil driver. klo driver itu jujur dan bisa mengembalikan brg sya,,saya kasih bintang 5"
,"Dibilang bagus sih engga, banyak jeleknya, makin kesini promo2 semakin dikit padahal makin sering dipake, ongkir juga gak masuk akal, mana pake diakal2in sama mode hemat apalah itu padahal akhirnya sama aja, huhh, semoga bisa ditingkatkan lagi ya. Padahal ga masalah kalo emg harus bayar layanan kalo aplikasinya bagus🤦🏻‍♀️🤷🏻‍♀️"
,pelit banget sekarang udh ga ngasih promo digofood mana harus langganan dulu mending pake grab aja banyak promo (_)(_)==D
,"Aplikasi parah!! Cari makanan via go food ketemu yang beda kabupaten, di cancel gak bisa. Alhasil tunggu 2 jam baru sampai."
,"kadang bayar pake kode eror jaringan terus, malu banget pas pembayaran di alfamart lama jadinya"
,Perjalanan menyenangkan.. harga terjangkau..
,Setiap transaksi gk bisa² harus bukak plastore dulu baru buka gopay trs setelah buka gopay gk ngapain ²
,"Aplikasinya sudah sangat baik dan membantu, update terus, tapi entah kenapa loading banget bikin emosi padahal jaringanku baik."
,"Terima kasih gojek 🫶🏻 Sangat membantu saya untuk bepergian kemana pun, manajemen sistemnya bagus, driver nya selalu ramah dan tepat waktu, terutama untuk order makanan 🫶🏻"
,Promo nya semakin berkurang Susah cari driver yang terdekat di resto Harga semakin mahal di banding dengan aplikasi lain Kalau terus begini mending pindah ke yang lebih murah
,Mohon di perbaiki lagi saya buka aplikasi nya sering error mohon untuk segera di perbaiki dan peta nya ngk sesuai dengan aplikasi nya..
,"Aplikasi apa kalian ini,hujan lebat skitar 1 jam saya order ga di respon tau ga saya nunggu di stasiun KA priuk tapi semua yang order grab datang jemput semua pelanggannya dari sini saya tau kalau driver gojek pemalas dan manja,saya tidak punya app lain selain gojek,tp kalian mengecewakan saya sebagai pelanggan setia,bye saya akan pindah ke grab."
,"untuk gojek, kenapa selalu kasih driver yang jauh. tolong klo ada yg dekat dikasih yg dekat ya, supaya saya tidak menunggu terlalu lama. tingkatkan lebih baik lagi. jangan menyusahkan pelanggan."
,Kasih lagi banyak promo min contoh y gratis ongkir
,Pakai gojek lebih mudah untuk bepergian...jadi gak ribet jika kita gak pakai kendaraan pribadi
,mudah dan tarif sesuai budget
,Langganan tahunan bukan berati bakal setia terus kalo ongkir lu ga ngotakk. Sering Goride udh nunggu lama2 tiba2 cancel gajelas.. driver juga banyak yg songong sekarang. Banyak ya bukan semua!! Aplikasi sebelah separo harga..
,Terlalu banyak biaya2 gak jelas..... aplikasi yg merusak ekosistem.....
,"Sangat membantu,tetap pertahankan pelayanan nya agar lebih baik lagi. Makasih"
,"Terlalu sering gangguan, jadi gak nyaman pakenya,,tolong tingkatkan lagi"
,"Pendapatannya ngga nutup, udah oke sih min cuma masih anyep. Yg gacor masih ngga tau model kek gi mana. Mudah2 next gojek bisa ngegacorin"
,Masalah pay later. per tanggal 1 jatuh tempo saya sudah melakukan pembayaran tanggal 1 februari namun ketika memakai kembali kan harusnya 1 maret ini malah jatuh tempo nya tanggal 7 februari sungguh di sayangkan padahal saya pengguna setia pay later
,"Masak jasa aplikasi sampe 8 rb ..padahal harga yg tertera setiap restoran udah ada biaya jasa aplikasinya ...kebanyakan biaya .... Gua sarain ya gausah kebanyakan ngasih gratis ongkir kalo lu gak mampu yg ujung""nya bingung nyari balik modalnya darimana alhasil lu nambah""in biaya gak jelas biaya bungkus lah jasa lah...hadeeeh SIMPEL ONGKOS STANDAR HARGA STANDAR BERESSS....GAUSAH SOK""AN NGASIH GRATIS ONGKIR DISKON"" SEKIAN PERSEN"
,Tingkatkan Terus Kualitas Layanannya Ya :)
,di aplikasi foto driver muda . sampai ke rumah Tua. atau sebalik ya .gojek harap di perhatikan aplikasi ya . soalya kita tidak tau apa yg terjadi pada pengguna .saran saja
,Promo sudah dimasukin tapi tidak mengurangi harga
,"Tolong donk gimana ini aplikasi tarik tunai tdk bisa di pakai sjak 1 febuari 2023 ,pdhl sya udh biasa terima pmbyran lewat go pay,Dan tdk ada pengumuman langsung aplikasinya,sya bru tau ktika pas tarik tunai tdk bisa.langsung ga brani simpan uang disini lgi,trs gmn klanjutanya masa tdk ada klanjutannya proses penutupan smntra tarik tunai.stdkny dksh tau dlu smpe tgl brp?jd sya jg smntra off in fitur pembayaran gopay"
,Maaf sy kasih bintang 1..krn sy merasa di rugikan tagihan gopay cicilan muncul 2x dlm periode yg sama.padhal sudah di bayar semua.tiket komplain saya jg di close terus.padahal blm ada penjelasan nya.
,Saya daftar go pay plus. Ga bisa bisa. Ngapain saya topup topup ga bisa. foto itu pasti ada perubahan apa lagi yang di butuhkan. Orang asli
,Apk mulai ga jelas!! Udah nyalain lokasi malah lokasi yg mncul di t4 lain. Mau pesen gojek/gofood selalu aja blg ada yg salah/internetnya mati. Pdahl wifi kenceng😕
,Solusi pilihan menu terbaik untuk lunch.
,"Saya kecewa banget kali ini,setalah bertahun"" lamanya sy pakai apk inj, sy sudah mengumpulkan XP point hampir 6000 trs tiba"" turun drastis jd 1600an..kejadian ke 2x nya point XP sy udah lbh dr 5000 tiba"" turun lagi ke 1500an..klw ga mau konsumen smp level sultan ya ga usah di iming""in."
,"Ngk tau kenapa udh berkali"" Upgrade gopay plus tapi tetep ngk bisa, padahal foto KTP sama asli sama, tolong lh di perbaiki, sangat mengganggu..."
,Knpa tiba2 app gojek saya tidak bisa di pakai posisi saya sekarang ada di malaysia padahal selama ini bisa di pakai
,Semoga nanti bisa diperbaiki ya soal pemesanan untuk orang lain walaupun beda kota. Terimakasih
,Tolong segera di perbaiki...saya mau beli pls kok waktu mau bayar kode pin salah terus...saya coba ganti pin baru tetep salah...udah terlanjur topup..
,"Good bye gojek, terimakasih telah menemani saya selama ini dalam berpegian. Saya selalu percayakan pada gojek untuk mendukung karya dalam negri, Namun setelah sekian lama saya menyerah Sering kali driver marah padahal yang salah driver nya, titik jemput dimana driver nya juga nyampe dimana, Apalagi saat hujan gojek hanya pajangan, tidak pernah mendapatkan driver, sekali ny dapat langsung yang jauh posisinya, itupun selalu di i tolak lewat chat dengan berbagai alasan,"
,Kenapa menu tarik tunai di saya tidak muncul padahal sudah gopay plus
,Banyak menawarkan promo tapi tidak ada yang bisa digunakan
,Sering error dan pelayanan lama
,"Driver luh pada rese rese semua nj1ng. Kalo gk mau nyari rezeki, gk usah mempersulit rezeki orang bilang ama driver lu. Bikin susah orang lama lama.."
,"Aplikasi Aneh, buat mindahin saldo aja susahnya minta ampun. Yang error lah ini lah, e wallet paling ribet di Indonesia ya cuma aplikasi ini."
,"Gojek tolong dong layanannya agak di tingkatkan, Saya pengguna gojek sering terjadi pengiriman uang ke bank terjadi menunggu sampai beberapa hari Padahal saya sangat membutuhkan uang tersebut, ibaratnya kita butuh beli obat kalau karena telat pengiriman kita bukan sembuh malah lebih sakit lagi. Tolonglah layanan tranfer uangnya di tingkatkan karena saya mengalami untuk yang ke tiga kalinya. Karena kami komplain chat CS dengan jawaban yang sama Terima kasih atas perhatiannya"
,Gila lu ye ngapa jadi jelek amat dah... Padahal gw nyaman loh pake nih gojek.. Sekarang susah bet woi buat order dkk malah error di aplikasinya. Wah payah nih
,"Aneh bgt...bayar pake scan qr code Criss dri galeri ga kedetect.. pdhl klau dri aplikasi lain , codenya ke detect di criss nya. rusak bgt emng aplikasi nya, sampah"
,Aplikasih ini sangat membantu saya dalam belanja buat puasa🗿👍
,Ga ada lagi promo makanan ahh setiap hari download hapus gojek cuma buat nyari promo makanan tapi ya udahlah ya
,Saya Habis ganti pin terus saya coba salah terus padahal pin sudah benar dan tidak bisa walaupun udh di ganti lagi tapi pin tidak bisa di masukan
,"Tidak ada fitur tarik tunai , segera diperbaiki"
,Saya sumpahin yg punya aplikasi ini kena Azab. Akun saya di bekukan dengan alasan (adanya transaksi tidak wajar.) Padahal semua transaksi saya normal tidak melanggar hukum dan dapat saya buktikan semua transaksi saya di akun Gopay. Sudah buat laporan. Tapi tidak bisa juga di selesaikan. Cukup beritahu saya aktivitas tidak wajar apa di akun Gopay saya. Semuanya bisa saya buktikan bahwa semua aktivitas di akun Gopay saya tidak melanggar hukum. Saya sumpahin semoga kena balasan kalian semua aamiin
,"Aplikasi gojek sangat membantu, apalagi saya adalah seorang IRT yang tidak bisa mengendarai kendaraan. Terus ditingkatkan lagi pelayanannya serta keamanannya."
,Ongkir untuk antar makanan mahal banget. Jaraknya hanya 1 km tapi ongkir nya 22.000 . Gila apa ya
,"Buka app lain lancar, buka gojek lemot bahkan suka error, terlalu mentingin UI sampe UX nya ga dipikirin, harga pun ga bersaing, promo nya pelit. app kapitalis"
,Baru kali ini kesulitan transfer ke bank . Biasanya cepet ini gak bisa-bisa Malah muter2 nominal - pin - penerima. Gitu aja terus Tolong di perbaiki dong
,"Lokasi tidak terdeteksi terus, padahal jaringan 4g"
,Makin lama makin mahalll Dan jarang banget dapat diskon atau pocer yg sesuai
,"Yang tidak aku mengerti dari aplikasi gojek masalah biaya antar makanan Ada dua opsi 1. Reguler (berbayar) contoh 9 rb 2. Mode hemat (gratis ongkir) Tapi pas mau cekout dng ""mode hemat"" harga nya tetep sama dng mode ""reguler"" Pertanyaannya buat apa ada ""mode hemat"" kalau bayar nya tetep segitu😂😂😂"
,"Nggak lagi buka apk tapi tiba² ada yang tlpn dari apk, nggak cuman sekali tapi 2 kali dan itu nakutin banget tapi setiap dijawab selalu tiba² hilang dan kalo apk dibuka nggak ada apa²"
,Sangat membantu dan mempermudah transportasi.
,Ongkir gofood kl ga pakai promo terlalu mahal.. jarak terdekat 17ribu.. yg jadi pertanyaan driver cuma dpt ongkir 8800.. knp potongan terlalu besar..
,sering lag kadang cuma loading doang di menu
,Sangat disayangkan fitur tarik tunai sudah tidak ada lagi :'(
,Mode hemat dan reguler sama aja wkwk aneh
,"Biasanya bisa tarik tunai di BCA walau ada admin goceng, eh sekarang ga bisa. Kalo ga salah liat di gopaylater baru bisa, masa iya saya harus minjem duit? Riba cuyy"
,aduh kasian para driver gojek/gocar.. tolong lah untuk pihak aplikasi ..jangan terlalu besar potongan driver hanya untuk memperkaya aplikasi.. kasian driver yg di lapangan pergi pagi pulang malam hanya untuk mencari nafkah buat keluarganya.. kalian hanya enak² an duduk di kantor terima uang gede..kerja cuma 8 jam itupun di blom di potong istirahat.. tolong jangan kalian zolimi para driver..
,"Bintang 1 aja biar komplain kita diliat n diperhatikan, dulu kayanya ada fitur buat mengatur menu di muka, fitur2 yang sering kita pake bisa dipilih untuk ditampilkan di awal, jadi tinggal klik gak usah scroll, kok sekarang gak ada yaa? Apa lagi kebanyakan fitur & promosi yang menurut gua gak penting n gak menarik, kedepannya kalo bisa ada fitur yang membuat pengguna meringkas tampilan home pas dibuka, jadi enak diliat n lebih efisien"
,mohon untuk agar secepat mungkin memperbaiki untuk seperti semula gojek saya sudah memakai ktp sudah premium tetapi saya tidak dapat menggunakan gopay dan tidak dapat transfer ke pada orang lain pihak gojek terimakasih
,"Pesan utk goBbird Wkt order kisaran harga sekitar 80 SD 100, krn driver muter2 wkt jln,&di lampu merah pun agak sedikit lelet, kendaraan lain kiri kanan SDH lewati lampu merah, saya masih di lampu merah yg sama SMP kmbali merah lg. Alhasil argo terus jln.beda dng gocar yg memang SDH harga pasti. Tdk bermain dng rambu lalin&jln yg tdk perlu diputar2. Saran saja perhatikan argo gobluebird jika SDH batas maksimum hrp dikunci. Di akhir saya hrs membayar 170an. Hampir double."
,"Sekarang harta karun dari GoClub makin berkurang, dulu dapet diskon GoFood 30k setelah itu jadi 24k, lalu 14k, dan sekarang 12k, dan yang terpenting, kenapa min pembelanjaan harus 100k? Sudah sekarang diskonnya tidak bisa di gabung dengan diskon lainnya, diskon bisa tiba-tiba hilang, padahal belum digunakan, dan dihistory GoClub juga tidak hangus. Tidak sebanding dengan biaya yang untuk menaikkan exp agar dapat harta karun. Intinya, kalau memang tidak mau mempermudah, tolong jangan mempersulit."
,"Mohon maaf ini,Saya transfer tapi belum masuk, harus menunggu 2-3 hari, buat laporan tpi ga di gubris, saldo nyangkut , ga masuk akal saldo GO-PAY udh ilang tapi transfer status menunggu nunggu ga nanggung "" Dsruh 2-3 hari kan ga masuk logika"
,Sangat kecewa ya dgn pelayanan gojek skrg...terutama gopaylaternya...pemakain tgl 1 biasanya jatuh tempo di akhir bulan tp kok skrg udah di tagih di tgl 2 nya pd hal sy ga pernah telat byr sekali pun...kl ga byr sp tgl 7 malah mau di kenakan denda 2rb per hari...di komplain pun ga ada balasannya
,Biayanya makin tinggi ya sekarang. Trs klo hari besar seperti lebaran gtu susah bahkan g dapat untuk gofood. Semoga mau hari apapun selalu bisa di proses ya 😊
,"Ini kenapa ya ko instal gojek ngeloding teruus, padahal sinyal ga bermasalah dan sudah di update ke versi terbaru masih saja ga bisa"
,"Driver nya pada gamau jemput, kebanyakan minta batalin, dan pencarian driver nya lama"
,"Kenapa fitur tarik tunai kok hilang sih padahal sering saya pake, dan kapan kira kira menu itu kembali ya..?"
,"Pembayaran GOPAY di alfamart selalu blok transaksi, padahal belum sama sekali transaksi pembayaran lewat GOPAY 3 hari sebelumnya Payah, dari dulu selalu seperti itu"
,Aplikasi ku error gk bisa buat pesan gofood
,"apknya bagus , tapi dari dulu saya pakai gojek ini , susah untuk mengaktivkan gopayleter nya , ampe sekarang gk bisa2 , kenapa nih?"
,Pelayanan Exelent. Banyak Membantu Saya Untuk Kebutuhan Transportasi dan Informasi. Lanjutkan.
,"aplikasi sering error,,pdhal uda update"
,"Knp saya gk bisa transfer ke sesama gopay kalo pake nomer ponsel, Terus sya laporkan dan kata cs ada pihak tak wajar, pdahal selama saya pake gojek gk ngapa2in, dan tidak membantu pula cs parah,,,"
,SETELAH UPDATE!!! GAGAL CEK SALDO GO-PAY. GO-PAY TIDAK BISA DIGUNAKAN. BAHKAN SALDO ITU TERTINGGAL DI DALAM DAN AKHIRNYA 0 GOJEK GAK JELAS SEKARANG AUTO PINDAH KE APP SEBELAH. GAK BERES. CS NYA MASA BODOH DENGAN KELUHAN. LAPORAN SAMPE SEKARANG DI GUBRIS. APP YANG SALAH. MEREKA SALAHKAN DRIVERNYA. LAPORAN DITUTUP MULU. APP MU ERROR WOI DEV GOJEK. SALDO GUA TERTINGGAL ITU SALDO DUIT BUKAN DAUNNN. ANJENK AUTO PINDAH
,"Transaksi gopay sering telat sampai ke tujuan, sampai berhari hari"
,Kenapa internet nya tidak bisa konek padahal sinyal nya bagus?
,Kalo pesen gofood itu ada biaya lainnya? Maksudnya apa ya mana mahal banget lagi hadehhh makin kesini malah makin banyak biaya² 😞
,"Tolong min limit cicilan dinaikan. limit nya kentang cuma 1,5juta gak bisa buat kredit Hp limit nya gak cukup kalo bisa limit nya tambahin biar 2,5juta biar bisa cicil hp. Supaya bisa saya gunakan🙏 kalo udah dinaikan limitnya langsung saya kasih bintang full."
,Paket lengkap pokonya semua ada disini...banyak promo juga
,"Metode pembayaran nya sedikit,dan ribet percuma saya top up gojek banyak, buat bayar ini itu,dan harus pake pihak ke 2, kayak bank dan pihak mini market,kan jadi ribet"
,"Dear gojek tim gofood. Tolong varian restoran nya di berikan label halal nya, (tulis juga mengandung babi/ alkohol). Saya hampir setiap hari menggunakan jasa produk anda. Plis banget"
,"Menyenangkan, apalagi kalo harganya lebih murah lagi"
,"gimana mau dapat driver berkualitas, kalian kasih duit ke driver kekecilan, sedangkan biaya admin besar."
,"Bagus, sangat membantu untuk yang tidak tahu alamat tujuan, bisa langsung sampai pada alamat yang di tujukan"
,"Udah suruh masukin Email udah Verifikasi, malah kagak kepakek email-nya lol"
,"gimana ini aplikasi saya kirim uang dari kemarin nggk masuk2,saat saya komplain respon lama gila ni apk nggk guna banget"
,"Makin lama app nya makin jelek,knpa paylater sy GK bisa di pake,padahal sy gk pernah telat bayar dan club sy juga sudh melebihi level juragan..biasanya enak enak aja."
,"Sudah cukup lama pakai aplikasi ini, dan tidak ada kendala sama sekali. God job"
,"Keren dan mantap, promo nya banyak"
,"Bintang 1 saja. Mau pesan gofood pake kode promo yg ada cashback dan potongan ongkirnya, setelah diklik ""PAKAI"" hasilnya dibatalin sepihak sama aplikasinya."
,Mengapa sekarang sulit dapat driver ya sekalinya dapat driver pasti jauh akhirnya dicancel deh karna kejauhan
,Saya kasih bintang dua karena draivernya kasih lebih pembayaranya dan yang seharusnya kembaliannya 45 draiver hanya mengasi 10 ribu saya sangat tidak meyakinkan untuk mendonlowd aplikasi ini 😊😉😀
,2x tf ke bank lain pedning mulu gajelass mending perbaiki dulu deh sistemnya. sebell banget buang2 waktu
,"Tambah lama ongkirnya tambah dinaikkin, promonya juga jadi pelit banget"
,"Ribet bgt skrg gojek mau kirim barang aja banyak tahap , udh gtu pembayaran di batasi , banyak gak bisanya , ribet ! Mending grab kemana-mana deh"
,"Padahal internet bagus, tapi mau order apapun loading lama..jadi males pake gojek"
,e-KTP buat upgrade gopay plus ga bisa masa cuma gara² foto w beda abis potong rambut doang
,"Aplikasinya komplit , , , segala kebutuhan tinggal klik"
,"Aplikasi lama"" tambah ribet banget ya Ngga sesimpel dulu Mau Pesen atau mau naek apa"" jadi ribet banget"
,Aplikasi dompet gak jelas masalah banyak admin slow respon bahkan tidak merespon sama sekali jangan install gojek
,"Tolong diperbaiki, kenapa ada panggilan dari driver gojek terus padahal tidak sedang menggunakan aplikasi. Sangat mengganggu !"
,"Tertulia nya sih disana dapat potongan, tapi kok ternyata pas bayar, saldo gopay tertarik nya harga normal :( Instruksinya kurang jelas nihh, tidak seperti grabb"
,"Mau tanya, hari ini aplikasi gocar dan goride ada notifikasi ketika dibuka : Aplikasi Google Play sedang pembaruan. Maksudnya apa, ya? Akibatnya saya tidak dapat menggunakan aplikasi gocar dan goride dari tadi pagi jam 06.00 sampai saat ini, jam 10.33. Bisa minta penjelasan? Bagaimana pemulihannya? Terima kasih."
,"Layak bintang 1, pin tiba tiba salah, padahal tidak pernah dirubah,terus diirubah tidak bisa digunakan lagi. Pindah aja ke biru."
,Benerin algoritma rute kuningnya kasihan mitranya jek. Berikan Algoritma sesuai traffic tercepat saat order..jgn random sprti d lapangan biar penumpang gk terlantar..tembok trotoar semua dilibas dikira kita makhlus apa ya.
,Aplikasi nya sangat membantu dan memudahkan dari segi bayar membayar
,Aku kadang sebel soalnyaa grabnya tetap ajah dii tempat gak gerak sama sekalii kalau udah pesan🤦🤦 Tapii tetap bagus kow💪💪
,Untuk semua driver di harapkan keselamatan nomor 1. Untuk kecepatan juga harus tapi keselamatan juga nomor 1 yaa... lebihh berhati² lagi... #salamsayaanakkesehatan.
,"Mulai kurang fitur aplikasi nya, dan juga sekarang aplikasi ini beda harga dengan warung/toko aslinya, sdh ongkir makin naik juga."
,Klo saya sort / search makanan di gofood. Saya tidak butuh resto yg di rekomendasikan. Sangat jauh dari menu yang saya cari.
,aplikasi lengkap dan mudah dalam implementasinya
,"Gak jelas amat nih aplikasi, tiba tiba akun gopay Terblokir, dengan alasan adanya aktivitas tidak wajar. Kalo ada bintang 0, udah gw kasih bintang 0 nih aplikasi, aplikasi sampah 👎 Jangan mau simpan uang di gopay, nanti malah seperti gw, terblokir akun gopay nya"
,"Aplikasi maling, Saldo gopay saya sering hilang gak tau kmn, Padahal gak pernah di pakai."
,Mudah dan simple dalam pemakaian aplikasi.
,Menyenangkan dan aman Dalam perjalanan
,"Promo di rubah seenak'a aja, pdhl voucher disc 6rb msh bnyk tp tiba2 di ganti disc'a jd cuma 5rb doank 👎"
,Pesan makanan cepat banget dan driver sangat ramah
,"Biasa mesen makan bayar make debit, giliran mau beli kartu tidak dapat diproses, pas didaftarin ulang kartu nya malah ga bisa di simpan mau lu apa si ,"
,Pengen banget ada fitur privacy no offering bisa ga. Kadang muncul di waktu yg kurang tepat
,"Sangat membantu walaupun kadang agak kesel suka lemot, kadang-kadang juga suka mendadak mahal tarifnya kalo lagi rame atau macet"
,Aku suka pakai gojek krn aplikasi ini bermanfaat dan juga selalu dpt promo voucher dong
,"Di appsnya gk bisa estimasi biaya perjalanan kalo kita gk lagi di lokasinya. Pilihan tujuan juga gk jalan kalo maps gk nyala, sedangkan kalo maps nyala. Pilihan penjemputan gk bisa dipilih dari tempat yg jauh dari lokasi yg sekarang. Mungkin memang menghindari penipuan, tapi gk nyaman juga"
,Mau bayar² susah kudu pake finger print knp gk pake pasword aj minimal pilihan gitu
,"Aplikasi mantap Dengan adanya paylater gopay memudahan transaksi apapun ,cocok buat yg gajian ahir bulan karna bisa bayar ahir bulan & sangat murah biaya adminnya ,,setiap melakukan tsansaksi pembayaran menggunakan gopaylater selalu dapat diskon ..terimakasih gojek"
,Driver terdekat tidak mau melayani APLIKASI CANGGIH tetapi MEREKRUT ORANG2 MALAS.!!
,Isi pulsa disini prosesnya kenapa lumayan lama ya? Ga kayak biasanya 5 menit masuk
,Promo nya hanya untuk pembayaran pay later
,"kebanyakan yah internetnya mati , sinyal bagus juga"
,"Tiap region mngkn berbeda tarif tetapi gojek selalu memberikan layanan terbaik. Kalau boleh saran tolong agar selalu tersedia driver yg standby disaat hari besar,lebaran misalnya. Karena dari pengalaman saya disaat moment hari kemenangan itu sulit sekali mencari driver yg aktif disaat kita membutuhkan."
,"Apa sii sering lag banget gajelas, padahal Pake wifi main Game lancar, pindah ke Data sama aja lemot ni apk, mau pesen makan aja harus kesel dulu, perasaan gak berat"" amat nih gojek"
,Aplikasinya membantu sekali tapi masalahnya untuk mencari driver lebih cepat lagi apalagi kalau saya sedang memesan gofood itu lama
,saya suka aplikasi ini cuma saya sudah upgrade ke gopay plus cuma tiba-tiba sudah menjadi reguler lagi mau upgrade gopay plus lagi sudah dipersulit terpaksa pakai aplikasi lain terimakasih gopay mohon maaf saya turunin bintangnya
,Mempermudah dalam mencari sarana transportasi dan pengiriman barang
,Hari ini saya dibikin susahmau bayar pakai gopay nggak bisa.dgn alasan disuruh upgrade .sesudah upgrade masih saja TDK bisa .dikarenakan saya yg sama.jawaban yg nggak relevan sama sekali.jika masih begini terus.gopay akan menyusul OVO.kedepannya.gopay akan tidur seperti OVO
,kenapa promonya gak bisa dipakai hanya berguna diaplikasi 4.42 hadeh dihp saya selalu diperbaharui sekarang versi 4.58 sedih sekali padahal sering naik dan pesan makanan lewat aplikasi ini
,pelayanan gocar mengecewakan..sering di cancel dan harga mahal!!!
,"Kenapa ya saat saya menghapus google dari aplikasi yang terhubung ke gopay dan saat saya mau hubungkan lagi udah ga bisa, padahal tujuannya biar gopay saya ga auto bayar MEMBERSHIP YouTube, tolong dong pihak gopay gimana nih, saya mau beli membership jadi ga bisa sekarang karna gopay udah ga kehubung lagi, dan juga tolong kalo udah bisa kehubung lagi jangan buat app nya auto beli membership, terimakasih"
,"Sudah tidak bersahabat lagi sekarang nih aplikasi, bikin jengkel, driver susah di temukan, ongkos mahal, semakin lama semakin jelek aja nih aplikasi, mending di hapus aja dari play store"
,Lemot banget kenapa ya padahal aplikasi lain aman-aman aja
,Sistem sekarang sangat buruk saya sebagai driver dari jam 10 pagi sampai jam 12 malam cuma dapat 6 order.. anak istri saya bagaimna
,tolong PIN gopay saya di aktifkan kembali. karna setiap mau transaksi menggunakan gopay pin salah terus. padahal sudah d membuat pin baru
,Mempermudah disaat kita butuh cepat
,Kalau mau bayar suka tiba tiba keluar sendiri kalo pakai gopay aneh suka eror kalau mau top up gopaynya ga bisa dipake padahal saldonya sesuai tolong perbaiki lah ini menyusahkan
,proses transfer ke bank nya lama banget saya kecewa dan saat saya minta bantuan tapi kagak ada respon sama sekali👎
,Kenapa sering update ya tapi malah bikin lemot udah gtu saya pernah ketipu sama drivernya mau isi ulang gopay orangnya udah pergi saldonya malah gk di isi tolong diperbaiki lagi ya saya sdh 4thn memakai aplikasi ini tarifnya gk menyesuaikan waktu pula
,"aduh kapok pake aplikasi ini deh,,setengah jam nunggu ga dpt driver ,,udah 3 kali dpt tapi dicancel semua..drivernya pada belagu ga mau anter ke jakut.. Auto apus dan ga akan download lagih"
,"Kirain pesanan terjadwal itu bakalan langsung di keep sm driver, ternyata paginya masih nyari..jadinya saya telat deh"
,"Ini kalo bisa gk pke bintang mnding sya kosongin bintangny....,Tolong kasih batas maksimal pesanan di gofood,antrian banyak masih di terima aja,bikin males pake gofood,udh ada psanan offline, dari gofood juga banyak yg nunggu gk jelas memang,"
,Pesanan makanan cepat & memuaskan
,"Pelayanan oke, kalo bisa lebih banyak lagi promonya yaa"
,Update bukannya bener malah gak berfungsi
,"Habis update error, 1 jam tunggu driver tidak datang2, setelah berhasil hubungi driver, driver bilang tidak ada orderan di aplikasinya. Tidak bisa cancel sampai saat saya tulis di laman ini, merugikan waktu customer 🙄"
,Gak Bisa daftar untuk masuk langkah selanjutnya. Tolong di bantu cara masuk ke daftaran
,"Tolong dong min diperbaiki bug mapsnya, terkadang suka eror pas di saya ke arah kiri pas didrivernya ke arah kanan/sebaliknya"
,"Jaringannya Suka lemot, padahal di pake buka apk lain kencang."
,Aplikasi lancar tapi kadang titik tujuannya yg saya ketik masih harus milih tujuan yg disediakan gojek mohon perbaikan supaya kita gak usah milih...ya sesuai yg kita ketik
,"Apk nya udah bagus berjalan lancar, kebetulan saya suka pake gopay buat transaksi dan ambil uang ke atm via bca, kok hari ini malah gabisa ya? Tolong perbaikan nya dipercepat dong"
,Bermanfaat dan mudah sekali penggunaannya terima kasih sukses dan maju terus Gojek
,Tolong perkiraan harga y lebih akurat lagi.masa sejauh itu onkos y cuma segitu
,"Dear admin ,mohon infonya atas terkendala apk GOPAY yang saya alami ,karena ada beberapa kendala ,nomer telpon yang terdaftar terblokir dan lupa password ,karena ada saldo sebesar 50.000 yang akan saya tarik ,untuk perhatian nya saya ucapkan terimakasih"
,"Ganti tujuan gabisa kalo pake poin, disaat yg sama gabisa ganti metode bayar. Jadi terpaksa lanjut."
,"Tombol Hapus Akun jangan ditaruh dibawah tombol keluar. Saya berulang kali berniat pencet tombol keluar, tapi malah pencet tombol Hapus Akun."
,"Mohon maaf goclub skrg gak asik gak ada cashback belanja tiap bulan, katanya prioritas"
,kalo bisa vouchernya bisa gabung lagi seperti dulu dan jangan dikurangi juga biasanya dapat voucher 3 x 20rb dalam sebulan skrng dapat nilai 14rb saya pengguna setia level anak sultan semoga menjadi bahan pertimbangan selain itu sudah ok
,Kadang kalau perjalanan jauh.ongkos tak sesuai. Saya tambahin/lebih. Tapi ada juga gojeg yang gak mau dilbihin
,"Parah.. sering banget error.. saat saya lagi bener2 urgent buat jemput anak saya pake goride, error..!!!"
,"Caranya upgrede gopay pakai kamera depan gimana, kamera belakang saya rusak. Sedangkan uang saya disana gak bisa diambil kalau belum di upgrede. Gak ada pilihan galeri, padahal uang saya masih disana. Mau kirim juga gak bisa, diapa apain juga gak bisa 😭😭😭😭😭😭😭😭😭😭😭😭😭😭😭😭😭😭 udah bisa, caranya akun saya, saya pindahin ke hp lain. Kelar. Terimakasih."
,Begitu isi gopay tiba² muncul restoran mana yg bisa pesen. Sblm isi gak muncul dia kirain bisa dipake ke semua
,"kenapa mef yang sekarang d aplikasi drever lemot,,udah jalan ketempat jemput mef motornya masih diem d tempat awal mau jemput,,ujung ujung nya d cencel cs d tengah jalan,cs Go-Jek udah banyak beralih k aplikasi lain karena terlu mahal"
,"Admin tolong diperbaiki,masa pin saya salah terus padahal diganti berulangkali kode benar kok salah terus ,gimana nih ,top up saldo masuk tapi transaksi kode pin dibuat salah ,ah kacau gopay"
,"Dear manajement gojek,jangan hanya memperhatikan rute perjalanan dan biaya saja. Tolong diperhatikan kelayakan atribut drivernya, mulai dari helm yg tidak layak pakai untuk pelanggan, jaket driver yg sudah lusuh dan motornya yg kurang enak dipakai jalan, terima kasih"
,"Udah 24jam saya mau login, tapi link yang dikirim buat login tidak masuk2 error mulu tulisannya. Sinyal udah bagus padahal"
,"Hampir semua aplikasi, saat pertama luncur it sangat akurat dan sangat bagus, setelah update hampir semua aplikasi, ada yang lelet, ada yang menu di hilangkan, ada banyak bug, ada Megabyte gede, ada yang muncul iklan, ada yang susah register, ada yang loading nya lama banget, ada yang data GK bisa di hapuskan, dan lain2."
,Lebih cepat dan lebih tepat tiada banding
,"Tolong ya utk iklan2 apapun tentang gojek, jgn pernah muncul2 lg, karna sangat mengganggu, apalagi ketika saya sedang chat, nonton youtube dll. Tanpa di adanya iklan gojek, saya sdh tahu, bahwa gojek aplikasi terbaik yang selalu saya pakai. Mohon perhatian nya. Terimakasih"
,"Aplikasinya keren,.. so far so good,.. klo pun ada kendala, sejauh ini kendalanya bukan dr aplikasi, kendala lbh krn internet di area yg ada masalah 👍👍👍"
,Kenapa susah sekali mbatalin pesanan pas beli Restonya tutup tapi orderan tetep masuk?? Telpon cs bikin kesel ngabisin pulsa ga ada solusi. Kasihan bapak driver gojek nya jadi nggantung. Padahal yg salah restonya
,Dengan adanya gojek perjalanan kemana aja jadi gampang dan mudah ok mantap
,"Serba mahal, kalah sama. Aplikasi sebelah,, gak ada promo lg,, udah bangkrut lu jek"
,Ga bisa melihat lokasi saat ini Mau pakai takut ga akurat mapsnya
,"On 12 jam tapi cuma dpt 1 orderan. Sistemnya bobrok, dungu. Hayo buat yg masih pake gojek mending uninstal aja aplikasinya karena merugikan kedua belah pihak. Termasuk konsumen Sama driver. Masih banyak transportasi online yg lain bisa kita pakai."
,"Gojek lagi gak baik2 aja, saya biasa transfer lewat gopay, dan skrang uangnya gak masuk2 dan pengaduan saya tidak direspon. Kalau meski harus nunggu 1x24 jam urusan yg tdnya mendadak harus menunggu lg gara2 transfer ke bank tidak masuk."
,Jek mana fitur tarik tunai nya.. Kok hilang habis update
,"kenapa saya tidak bisa log in, akun sebelumnya sempet di unistal anak saya, ketika saya download lagi tidak bisa masuk"
,"Sistem makin gak jelas kasihan drivernya,ngambil untung nya keterlaluan"
,"Bagus sih juga lebih murah dari aplikasi sebelah, cuma sedikit kecewa bank cuma bisa bca, semoga kedepannya bisa ditambahkan lagi bank bri atau bank lainnya"
,Buka aplikasi harus nunggu 5 menitan baru normal aplikasinya padahal sinyal aman
,"Mau beralih ke GRAB aja ah... Gojek ga jelas, jemput sama antar penumpang malah jauhan posisi driver buat jemput penumpangnya ketimbang antar... Sama gofood nya juga gitu, kita pesen makanan yg deket rumah tapi dapet drivernya jauh banget ampe beda desa... Udah lama makin lama lagi... Kenapa engga buka pendaftaran buar driver baru? Sistem nya ngaco ni gara-gara di perempuan berponi/Dora..."
,"Tolong min, aplikasi ini semakin hari semakin buat aku malas makenya, apalagi soal ongkir mesan gofood, jarak 500 meter aja masih 11.000? Astaga min.. mikirlah!"
,Sering di cancel dan minta cancel sama driver gocar? Sampai saat masih belum ada perubahan juga kebijakannya.
,Sangat membantu klo mau bepergian pesan Gojek lebih simple tidak harus bawa kendaraan sendiri klo kondisi lagi kurang fit.
,Halo gojek mau tanya saya dulu pernah jadi driver gojek tahun 2017 kalau ngak salahmah.yang waktu hp jaman JTE sama huawaei. Nah hp saya itu hilang trus lupa lagi emailnya juga.yang saya mau tanya apa masih bisa d aktifin lagi apa tidak?
,"Cukup menyenangkan , ramah, bawa kenderaan rapi."
,"Biaya layanan makin naik, kualitas layanan makin menurun :)"
,Masa punya saya gojek nya gak pernah ada promo apaan makin ga jelas makin mahal pula biaya ini itu nya
,"Lebih suka gojek dulu yang bisa memasang double diskon di gofood. Dulu kalau ada voucher akun di aplikasi bisa dipadukan dengan voucher dari masing masing outlet makanan, sekarang engga bisa. Kangen gojek yang duluu"
,"Gojek di daerah saya kalau pas hujan sulit sekali dapat driver, bahaya kalau lagi ditunggu penerbangan, bisa-bisa ketinggalan pesawat,"
,kepada para operator yth.. klo kami pesan gosend mohon carikan driver yg terdekat saja.. jgn buat kami tunggu lama.. 🥴🥴🙏🙏
,"Aplikasi ini sudah menemani selama masa dari kuliah. Hehehe, jadi sangat berkesan buat saya ketika kelaparan buat langsung cuss pakai gofood. Cuman buat harga2nya emang bisa dikatakan tinggi sayyy 😭😭😭. Bisalah dikasih diskon loyalitas buat pelanggan setia."
,Kenapa tiba2 pinjaman ditolak dan baru bisa tahun depan lagi. Pdhl selalu bayar sblm jatuh tempo. Mana lagi butuh banget.
,"Map sering eror, posisi driver tdk bergerak"
,gila kalo gofood harganya hampir 2 kali lipat kalo beli sendiri dr pada lewat apps ini
,Kualitasnya udah berkurang. Banyaknya driver yg menyepelekan waktu pengiriman barang padahal urgent bgt. Apa perlu stiap saya pesan saya kasih rate 1 biar rusak sekalian tuh driver
,"Masa sih, gak bisa transfer ke bank di persulit banget"
,Status gopay plus saya dikemnalikan ke regular. Padahal gapernah transaksi aneh2.
,Aplikasi tolol lemot loading lama habiskan waktu
,Masih tak tertanding dgn aplikasi lainnya. Tarifnya di murahin lagi yaaaa
,"payah banget gojek sekarang. udah loadingnya lelet, sering ngebug, eror, dan fiturnya banyak yang ilang2an lagi. kualitasnya bukannya meningkat malah menurun ckckck"
,Sangat asyik dan nyaman... Semoga dipertahankan...
,Keren dan cepat tapi harga realitis lah
,"Ko voucher2 saya ga bisa di klik ya, jdi harga normal terus , udh di uninstall 3x masih sama , Bintang 2 dlu klo udh lebih baik ganti bintang"
,"Pelayanannya sangat lambat sekali / lemot banget pelayanannya , kenapa gopay saya tidak bisa gopay plus , padahal saya sudah upgred tapi ga bisa bisa ."
,"Setiap driver tlp, bingung mau angkat tlp, ga ada icon/notif buat angkat tlp"
,"cepat, tanggap, dan... humble!"
,Udh bagus cuma kalau bisa tambah penghapus riwayat karena kalau sering pakai Go-Jek kan jadi kebanyakan riwayat nya juga jadi sulit inget kapan pakai itu kapan beli itu gitu moga ada untuk hapus riwayat
,Saya suka banget pake aplikasi ojek lebih murah dan lebih cepat mau ke mana aja
,Pesan bike yg muncul bentor..pengen buru2 malah telat...
,"Tolong untuk admin gojek, driver²nya sekarang banyak yang gak mau jalan dan pilih² ketika menjemput dengan alesan berbagai macam agar customer yang men CANCEL orderan. Tolong jika tidak ada penindakan dari admin segera, MINIMAL KASIH OPSI KETERANGAN ""FEEDBACK"" OPSI DRIVER MINTA DI CANCEL BIAR TAU MANA YANG MALES DAN PILIH² kesel banget"
,gak dapat dapat driver nya padahal Deket banget biasanya ada
,"Kasih order yg merata donk buat mitra,.. ini bukan ajang berkompetisi,... Semua mitra itu manusia, mahluk hidup, butuh makan buat pribadi & keluarga,. Bagaimana mungkin bisa menghidupi keluarga kalo on bid seharian cuma dikasih 2 - 3 order? Pulang Boro boro bawa duit, yg ada malah bawa penyakit magg,.. semua mitra yg onbid tentu tujuan nya mencari duit, bukan menjadi pengangguran yg beratribut GOJEK ."
,untuk gopay cicilnya. kapan bisa di gunakan kembali. sdgkan saya dapet limit yg payleternya cuma 100rb. upgradenya juga susah. pdhl saya gak pernah telat bayar.
,"Gojek emang bisa di Andelin,butuh kendaraan,makanan,minuman,belanjaan,ataupun kuota tinggal klik dari rumah sambil rebahannn.gak tau lagi deh buat yg buat ni app,bener mikirin si pemakai app banget👍👍"
,"Sangat tidak membantu saat hujan pasti tidak dapat driver,"
,"min mau tanya, knp ya akun sy gbs transfer udh 2× yang pertama saya menunggu 2 Minggu baru bisa transfer lagi dan lagi lagi saya gbs transfer lagi tolong perbaiki min agar fitur itu di hilangkan"
,Aplikasi ter the best!! Fitur2nya membantu bgttt😍
,"Tidak bisa pembelian voucher langganan, padahal vouchernya ada. Bug gara"" di update versi terbaru"
,"Udah 3 bulan gabisa tarik tunai. Gaada kejelasan sama sekali kabar tarik tunai kapan mulai bisa aktif lagi. Ditanya lewat dm dan komen ig pun jawaban template, jawaban yang sama tapi tidak memberikan solusi. Mulai males, jarang pake gojek semenjak fitur tarik tunai gaada kejelasan, dan kalau sampe akhir bulan ini gaada kejelasan mungkin akan uninstal gojek dan gaakan pernah pake gojek lagi. Lagipula saya udah ga pernah dapet voucher lagi gatau kenapa, jadi yaa mending gausah pake gojek lagi."
,"Gofoodnya kadang promonya ga bisa di klaim padahal sudh sesuai syarat dan ketentuan menurut saya, klo ga promo harga normalnya mahal bngt untuk gofoodnya, sudahnya harga pesanannya naik ditambah harga ongkirnya mahal"
,Kenapa ya app gojek selalu eror setiap kali mau pakai tolonglah adminnya di tingkatkan lagi kualitas app gojeknya..masa setiap mau kirim jualan eror mulu app.gojeknya
,Makin sering dipake makin sering ngedown
,"selalu menyertai biaya jasa aplikasi dengan alasan agar dapat meningkatkan kualitas layanan,kualitas layanan ya tergantung dari diri sendiri,kenapa musti meminta biaya. Dan setiap cek ongkir dari layanam gofood,makin lama makin naik harganya,kurang memuaskan"
,Aplikasi ini sering error..butun 20 menit utk memesan makanan di aplikasi ini Tolong di perbaiki apkikasi ini..sdh sering eror sperti ini..cape deh...
,Sangat membantu dalam menguranggi kemacetan .....mantap
,Ketika cek email alhamdulilah gojek tidak lagi kerjasama dgn pinjol mau bangkrut... Kerjasamalah sama bank minimal kredivo manajement nya bagus dibanding kredit pintar aplikasi pailit kok di ajak kerjasama sih... Skr saya kasih bintang 5 .. Bravo
,sekian lama pake gojek selalu dapet driver bintang 5 cuma beberapa kali aku kasih bintang 3 karna emng alhamdulilah selalu dapet driver yg terpercaya sabar dll good👍
,Dulu promo otomatis terpasang sekarang kenapa harus manual? Biaya juga semakin naek sementara diskon semakin turun
,apikasi bagus mudah di pahami dan sangat membantu
,"Untuk pihak gojek,mohon kebijakan dalam pemberian promonya,soalnya jarak minimal perjalanan untuk menggunakan promonya sangat pendek sehibgga promo tidak bisa digunakan"
,"Sudah hampir satu tahun pake gopay later, tapi limit nya masih mentok di 300.000, Padahal transaksi setiap bulannya tergolong banyak dan gede, berjuta-juta malah, saya sangat kecewa.. Pembayaran selalu on time dan gak pernah telat, masa gak ada apresiasi buat nasabah setia."
,"Keren, pelayananannya ramah👍"
,Ini kenapa gojek jadi sering bug gini sih?!! Udah update tapi tetep aja.
,"Tiba2 melakukan pembayaran tanpa autentikasi seperti pin dan lain,"
,"Teruntuk layanan gocar . Mentang"" hujan jarang yg aktif. Tapi bikin storry di medsos (apa"" mahal di barengi orderan sepi)🤦‍♂️ Padahal lokasiku di kota kenapa masih saja susah sekali cari layanan gocar dalam kondisi hujan, sampai aq terlambat dan batal mengunjungi suatu acara bersama keluarga😭Maaf untuk aplikasi gojek sementara aq rubah bintang 5 menjadi bintang 1 Sbagai wujud kekecewaanku. Semoga bisa di perbaiki kinerjanya🙏"
,"tak kasih bintang 1 aja, karena aplikasinya sering error,, saya kira internetnya yg error,, ternyata untuk buka aplikasi lain lancar,,,"
,"Kenapa aplikasi gojek sy TDK bs tfr ke no rek bank?trs utk fitur go pulsa tidak bs digunakan?stlh diklik nominal pulsa yg ingin di beli msuk ke pin gopay tp tampilan balik lagi ke tampilan awal,KECEWA!!"
,"sebagai warga +62, saya bangga menggunakan aplikasi transportasi OJOL asli Indonesia. NASIONALISME selalu bangga buatan Indonesia. untuk apa menggunakan aplikasi OJOL yang CEOnya bukan orang Indonesia."
,Sangat di sayang kan pesan chat dengan driver tertutup. Udah ngetik bner gak tau nya salah.
,"Waktu pengiriman cepat,ongkir murah"
,"Gopay coin gak bisa digunakan, sudah berhari hari alasan nya selalu ada gangguan teknis. Sangat mengecewakan"
,"Sangat mmbntu bgi sya yg suka traveling,berkat adanya gojek jdi lebih mudah ketika liburan keluar kota kemana mana uda ga bingung nyari jalan,makasih GOJEK🔥"
,Ini gimana sih ga bisa pesen sesuai alamat yg ada malah alamat yg jauh dari lokasi saya orang alamat nya di Jatim malah jadi di Jakarta mana ga bisa di edit lagi lokasinya gimana mau pakek gojek kalo kek gini caranya
,Diskon buat gofood pelit banget. Bahkan yg reward dr GoClub pun harus ada minimal ordernya.
,"Emang gajelas aplikasi satu ini. 2 akun diblokir dimana sama"" pas saldo masih ada. Padahal waktu saldo 0 belum ada tanda tanda pemblokiran."
,Sering gangguan mash enak versi yg lama lbh akurat
,Mohon diperbaiki masalah voucher/promo yg tiba-tiba menghilang gak ada entah kemana
,"Senang pakai aplikasi Gojek, pokok nya the best 👍👍👍, tapi mohon bisa di tampilkan alamat yg detail baik lokasi penjemputan maupun lokasi tujuan, terima kasih 🙏🙏🙏"
,"Aplikasinya sangat membantu, para drivernya sangat ramah dan pandai memilih jalan. Moga sukses GOJEK.."
,"Apk macam apa ini?,skrg kok map fav saya ilang sih? Lalu makin ribet tau gak,sampe² sy nyasar gara² map fav sy ilang,sy mohon diperbaiki lagi!"
,"makanan ga sampe bukannya diganti saldonya malah asal ditutup laporannya, kecewa!!!!"
,"aplikasi ngk jelas udah topup gopay mao beli gofood malah ada masalah mulu sampe login ke hp lain ngk bisa juga ""kami menemukan aktivitas yang tidak biasa"" kaga jelas lu bikin aplikasi kaga niat, dulu gpp sekarang aplikasi lu makin ribet jek jek"
,Pelayanan bulungan sangat bagus dan cepat
,Kl pesan gocar yg jaraknya dekat kog susah banget ya... driver pada gk mau
,Ko gabisa lagi buat tarik tunai padahal lumayan membantu😖
,"Mohon bantuanya kenapa aplikasi gopay saya tidak bisa di gunakan ya, untuk melakukan transaksi pembayarn tidak bisa mohon bantuanya"
,Aplikasi tidak berguna mengisi gopay banyak tapi tidak bisa melakukan pembelian pulsa/paket data kecewa padahal butuh cepat
,"Sangat membantu, tapi tlg GOPAYLater sy knp di blokir, mau bayar sampe skg tdk bisa. Tlg dikondikan"
,Sy ga bisa up date gojek terbaru...susah utk verifikasi ttd tangan nya..no oTp ga muncul by sms...tolong di permudah donk..sdh bbrp kali coba ttp aja ga bisa...ribet jadi nya ga bisa pakai aplksi gojek...gara2 hrs ttd trus otp nya ga muncul2...hadeeuh..🙃
,Mohon diperbaiki saya sudah masuk tapi keluar aneh
,"Cukup membantu aktifitas saya sehari hari jualan,,, Hanya skrg buka aplikasi agak lemot pas buka pilihan Gosend,,,baru muncul pilihan dalam kota,,,sayangnya kalo cuaca hujan googlemap nya ga akurat ngaco. Satu lagi terkadang driver pilih2 paket.kalo menurut driver kebanyakan langsung cancel,,,😥"
,jangan mau download gojek.. tidak bisa membantu.. mending grab atau maxim.. taik...no hilang udah lengkap persaeatan buat ganti no gak di hiraukan.. aplikasi ini hanya memakan saldo kita yang ada di aplikasi.. share ke youtube biar pada tau semua
,Bagus sih aplikasinya ngebantu cmn sayang gabisa ngebatalin pesanan kadang salah tekan
,"Woy Min akun q dah dr kmren tiba2 gak bisa nerima tf an kesesama gopay, q dah lapor 3x dr aplikasi maupun dr email gak ada balesan yg pasti ini gimna. Saya sudah pakau gopay 2 tahunan lebih baru kali ini gopay saya begini. Padahal saya gak lakuin apa2 saya hanya melakukan transaksi seperti biasanya dimana usaha saya adalah membuat poster tournamen dan saya tiap hari mendapatkan kan orderan. Lah ini gopay saya begini may gimana. Saya sangat kecewa!!!!"
,"Pernah terlalu lama dapat driver, pernah juga udah nunggu lama, tiba² di cancel sama drivernya, Tapi selebihnya bagus kok pelayanannya"
,"Tepat waktu,sopan,gesit tp teratur"
,makasih gojek sdh menjadi bagian saya untuk melakukan transsaksi apapun di aplikasi gojek dan sangat aman aplikasi nya.klo bisa biaya admin nya di kurangin dong.
,"Aplikasinya bisa loading otomatis pindah halaman saat mau masukkan voucher diskob, akibatnya bisa salah pencet jika tidak hatii hati"
,"Bayar tagihan gopaylater tgl 1 eh tgl 2 udah jatuh tempo, tolong kebijakannya diubah. Masa jatuh temponya di bulan yg sama"
,"Selalu puas dengan Aplikasi Gojek. harga terjangkau, pengiriman super cepat dan tentunya banyak discountnya juga."
,Kenapa buat top up game mahal amat tolong di perbaiki
,"Bintang satu... Buat upgrade gak bisa,tidak merespon"
,"Tolong buat gojek jgn terlalu untung besar , kasian customer setia sama driver nya , apalagi kalo order food trs si driver dpt dua order , ongkos yg kedua cuma 2 ribu , padahal customer bayarnya normal alias mhal . Tolong lebih bijak lagi jangan smpe ada salh satu pihak yg d rugikan , bekerja dengan jujur biar berkah biar lebih maju kedepannya ."
,"Ada tambahan biaya Tol saat saldo tidak cukup, sisa pembayarannya yg dibayarkan tidak jelas, malah jadi tip, sorry mau uninnstall gojek dulu 👎🏽👎🏽"
,Kok di gojek saya tidak ada metode tarik tunai. Saya punya kbutuhan bukan di online saja emg smua bisa di bayar pakai gojek saya mau tarik tunai tidak ada metode nya. Tolong di tindak lanjuti
,"GOJEK kenapa ga bisa di buka , GoPay juga masih ada saldo , tolong di perbaiki"
,"bagussss banget sih, bener bener membantu, keren dehh"
,Kami juga seneng si klu aplikasi gojek bisa bersaing dgn yg lainya baik hrga pemakai aplikasi ini egg urakan tpi punya kepuasan bgi castamer yg punya kesan tersendiri 👌
,Kalo pesen di aplikasi 4 menit gak taunya datengnya 1 jam harus nunggu...gak teratur untuk drivernya dan gak tepat waktu...mohon untuk kenyamanan costumer driver drivernya di buat tertib dan gak ngaret
,Hallo gojek apakah kalian tidak ada seleksi dalam memilih driver? Saya sudah berkali2 dapat driver yang motor nya sudah tidak layak ga ada plat nomor spion dan motor sudah jelek
,"Kenapa tiba tibak tidak bisa transfer dan tidak bisa melakukan penarikan saldo, sedangkan pin yang saya masukkan sudah benar, sudah di ganti yang baru sama saja"
,Kenapa sekarang agak ribet ya dengan doble order kasihan kalau nunggu bisa lama makanan jadi dingin dan bisa tertukar makanan nya juga
,Sudah yang kedua kali nya saya transaksi pake gopay tidak masuk dana nya ke pihak yg di tuju. Sedangkan di riwayat transaksi nya sukses terkirim.
,Kenapa kamera saya ga bisa di buka pas mau upgrade goplus
,Aplikasi menurut saya yg paling diandalkan saran saya inpokan trus apdet terbarunya ya sukses trus buat gojek
,"Cepat mudah & driver y ramah""👌👌👌👍👍👍"
,"Tepat waktu, aplikasi komunikatif"
,Minta verifikasi KTP lagi. Padahal pas daftar udah verifikasi. Skrg saldo malah nyangkut. Ga bisa di transfer
,"ayolah, pas di butuhin urgent malah server sibuk. gak bisa dipake"
,Driver nya banyak yg gak gerak. Malah nolak cuma gara gara gerimis.
,Bener bener gabisa dipake sampe uninstal trs download lagi mau masuk pake akun sendiri aja gabiza gimana nih
,"Tingkatin terus, pelayanannya memuaskan"
,"Gojek nyebelin bgt lgi pengen nge go-food dri tdi ga bisa mulu katanya go-food lagi rame ramenya nii , ga bisa mulu sebel"
,"Sudah saya kasih bintang 5, karena sudah bisa login dan sering dpt promo 👍"
,"Payah TF pake gopay belom masuk malah disuruh nunggu 2-3 hari kerja,dimana mana mah kalo pending 1x24 jam 👎👎👎 Bayar admin aja mau nya gedeeeee!"
,"Drivernya baik,,sopan dan ramah.. Makasih buat drivernya🙏"
,Dari dulu ngk pernah kecewa sama nih apk 😁
,"Aplikasinya ok, simpel dan ga ribet"
,Layanan sama biaya aplikasi nambah teruùuuuuuuuuussssssss
,"MAKIN ANEH APLIKASI GAJELAS. TRF BANK BUTUH 2 HARI KERJA, PERASAAN TERAKHIR PAKE MASIH AMAN. DI DETIK ITU JUGA SAMPE, APAAN YA? minimal punya aplikasi yg bener dulu."
,pokonya GOJEK gak ngecewain dech utk pelayanan nya.
,Ongkir makin mahal untuk jarak dekat 🤕
,Pemakaian saldo gopay bukan dipermudah makin dipersulit harus upgrade gopay plus untuk transaksi suruh foto KTP dan selfie KTP ditolak KTP tidak sesuai id komplain malah disuruh ke dukcapil kan parah benar bego nya maaf kasar Saya pribadi pakai gopay untuk mempermudah bukan untuk mempersulit transaksi bagaimana cara transaksi jika dana tertahan di gopay Jujur kapok pakai transaksi kerjaan via gopay tidak sesuai untuk mempermudah sangat mempersulit dana ketahanan buat apa
,"Tgl 11 Mei '23 lalu anak sy pulang dr magang di Kebon Jeruk menuju Rawamangun. Setelah order,sebuah motor melintas didepan kantor nya motor dgn PLAT YG SAMA sesuai yg tertulis di apl tp MSH membw orderan nya. Gojek ternyata cukup jauh mengantar si penumpang di cancellah oleh anak sy.. Dan order yg kedua !! tp apa yg terjadi?? Si driver nakal ini Nge klik menerima order anak sy... Alhasil SALDO BERKURANG 1 KALI lg...- 53.500 Sy di laporkan TAPI GA DI RESPON... GIMANA NIH TANGGAPANMU GOJEK 🤨"
,Penanganan kasus refound sangat tidak jelass....masa harus nunggu 2×24jam Mana lagi fitur chat cs gaada gunanya .. Kalo gini mending gausah buka jasa layanan aplikassii kalo ga mau tanggung jawab
,Ternyata pake gojek lebih murah dan lebih cepat
,Perlu tambahan menu hapus daftar rekening karena berpotensi salah transfer jika pemilik rekening yg sdh terdaftar menutup atau mengganti nomor rekening
,Yg pst mudah pesan dan cepat respon
,Gopay pinjam sangat membantu. Kalo bisa naikkan limitnya. Tenor di perpanjang lagi
,2 kali kecewa sekali lagi dah ga mau make lagi parah parah makin jelek aja
,Banyak promo tapi ga ada yang bisa dipakai👎🏻👎🏻👎🏻👎🏻
,"Info Penting : Sekarang biaya administrasi naik menjadi 2000 di setiap transaksi, harap dimengerti & dimaklumi ya guys, cmiw...."
,Sangat membantu jika keleparan di tengah malam 🤣
,Baguss bangett suka sih tapi dulu sempet bingung cara pake nya gimana
,"Gaji doang gede tapi bikin performa aplikasi di bawah rata"""
,"Filter resto harus ditambah ""Gofood Plus"". Jadi, memudahkan pelanggan dalam pencarian makanan yg disupport Paket Langganan Gofood Plus"
,Penjemputan sekarang jauh jauh .gak beda dengan maxim . Harus nya tambah maju ini malah ikut ikut an mundur
,Ramah dan tepat waktu pada saat penjemputan
,Yang bener aja donk lu ksih promo diskon tp ongkir lu naikin 3x lipat.. Sama aja bohong hadehhhhhhh.... Kekmana sih harga makanan ama ongkir mahalan ongkirnya pdhal jarak gk sampai 1km Jangan kek gini lah.. Selama ini gw setia pake lu.. Lama2 ditinggalin banyak org lo
,Sudah lebih 1 bulan aplikasi gojek eror. Gimana caranya mengaktifkan lagi
,halaman bantuan nya lemot banget anying
,"Semakin kesini semakin kacau, ga effective ga effisien buat customer orang lagi buru2 pesen makan malah 2 pesanan jadiin satu driver harus nunggu anterin ke tempat satunya dulu"
,"aplikasi gak jelass emangg!!!! gak pernah ngelakuin transaksi janggal/ilegal malah di bekuin gopaynya, haduhh gaada kejelasan bangett, ga tanggung jawab atas keluhan pelanggan"
,Mksih aplikasi nya sangat membantu perjalanan..
,Ini kenapa aplikasi gojek saya ga bisa ya ga ada gosend gofood ga seperti biasanya kenapa ya
,"Biaya aplikasi makin besar aja , kebanyakan biaya biaya biaya"
,Selama saya pakai GOJEK masih aman & lancar.semoga sukses slalu buat anda semua.jangan lupa bahagia....
,Hallo min krnapa saya tak bisa login ke akun saya .. loading saja gak bisa masuk2
,Kenapa sekarang tidak bisa bayar spaylater shopee ya. Makin menurun aja performanya hmm
,"Biaya layanannya kemahalan,,,"
,"sering order paylater gak dinkasih,aplikasi php"
,Aplikasi yang Sangat dibutuhkan dan sangat membantu
,"Cepat dan aman,,"
,"Bagus banget aplikasi ini, ditingkatkan terus ya"
,Banyak kecewa...banyak kekurangan...slow respon...payah
,"Tidak bisa tf kesesama gopay.. di block padahal pakai uang pribadi.. bukan duit org.. logika.. uang di dompet sendiri, pas mau di gunakan tidak boleh sama org lain.. aneh"
,Sukses dan sehat selalu terimakasih banyak 🙏
,Mempermudah menggunakan jasa kendaraan
,".saya dr dlu tf pke gojek,gofood tiap hari,langganan sehari saya bisa paki 3 kali tapi tidak bisa mencari solusi dikala saya komplein atau ada masalah.seolah tidak melihat riwayat transaksi tiap hr yg saya lakukan.ingin untungnya saja."
,"Sering kepencet sendiri, gak jelas banget padahal mau pulang eh malah ke lokasi lain"
,Aplikasi gak jelas.dapet driver gocar selalu jauh beda sama grab
,Gk bisa masuk. Pdah email sdh terdaftar.
,kenapa untuk akhir-akhir ini aplikasi tidak bisa tarik tunai
,Sangat membantu untuk kebutuhan setiap hari
,Saya mau login ga masuk masuk kenapah.sedang kan no saya masih aktif
,"Harga makanan mahal, beda jauh sama beli di tempat"
,bagus cepat . layann baik . pokoknya neneg dewh . pke apliksi ini
,biasain jangan berat berat mau login aja susah
,Apa ada yang ngalamin penarikan uang ke rekening bang jago setatusnya Menunggu? Kenapa? Itu kan uang saya.? Ko prosesnya di lamain? Suruh nunggu 3 hari kerja pula.. Orrang duit2 saya. Ko di tahan di pihak Apk Ini. Kan JNNCK
,Ini driver gojeg pada pilih2 banget ke orderan.. Dan ga sabaran.. Tolong dong pihak gojeg di perbaiki pelayanan nya.. Saya juga kan di sini bayar
,Makin ke sini makin mahal aja biaya antar nya harga makanan ga seberapa...
,"Lemot banget skrng gojek, jaringan stabil pdhl."
,Pernah dapet merchandise dr BTS X Gojek tapi lama di pengiriman dan sempat hilang paketnya 🥲
,Aplikasi bagus sangat membantu ssya yang tidak punya mbangking
,"sekarang gojek makin parah, ongkir mahal di tambah biaya penanganan pula pdhl jarak dekat haduh kecewa"
,Sy pengguna gojek sdh lama skali. Dari antar dan jpt anak sekolah. Dan keperluan kemana qja. Apalagi dgn adanya gopaylater bisa dipakai apa saja dan byr akhir bulan. Dan lebih terbantu kagi dgn adanya gopaylater cicil. Sayang sekarang gopaylatercicil sedang gk ada. Ktnya sih akan ada lagi. Sdh 5 bln msih tetap blm ada. Semoga segera ada lagi.
,Parah ini mau update ke gopay plus aja susah...padahal ektp asli....udah dibela belain cetak ulang ektp ..tetep aja ga bisa......
,"Tolong dong perbaikin warna kursi di fitur gotix,kita ngga tau yg udah ke isi sama yg blom yg mana, karena warnanya samaa"
,pelayanan cepat ramah
,Gojeg sekarang mahal banget..parah biaya aneh aneh nya makin banyak saya tanya ke driver nya..driver cuman dapet sidikit..kasihan driver potongan nya bangat banget..GOJEG SEKARANG PANTAS DITINGGAL KAN
,Tambahkan topup atau metode pembayaran via dana dong kakak
,"Ko gak bisa masuk , muter terus"
,Mahal biaya layanan...blm lagi harga makanan sengaja dinaikin sedot nya banyak bgt dr biaya layanan dan harga nakanan yg di up dr apk gojek males lama2 pakai ni apk
,Parah makin parah Order goocar gk pernah dpt di cancel trus sama driver nya. Gk tau alasannya apa
,"Gopay Pinjam aneh, saya pinjam dana tanggal 25 April, tapi sudah jatuh tempo tanggal 10 Mei. Sudah saya email ke Gojek,Gopay,Findaya tapi gak ada perubahan, saya malah disuruh email kesana email kesini, mereka saling lempar2. Saya jadi rugi 15 hari, paraahhhhh!!!!"
,Sangat membantu untuk keperluan bepergian 👍🏻
,"Min mohon diperbaiki masalah notif chat dengan Driver ny, soalny kadang driver ngechat tapi ngga muncul notif ny"
,"Mantap lebih banyakin promo donk, slama ini ga ada masala"
,Good lebih di tingkatkan lagi kualitas vitur vitur di aplikasi
,"Tiba2 di ban...padahal ga prnh buat kesalahan.. tidak pernah batalkan pesanan, tapi yang batalin adalah abang gojeknya dengan alasan jauh,.... Taik emng...gojek penyakitan"
,"Saya mau ganti no hp dengan no hp sama dengan no hp yg di aplikasi driver gojek ini kenapa kaga bisa ya ??? Please tolong dibales & dibaca, terimakasih"
,Mantap dan sangat mudah
,Gak bisa tf ke bank padahal udah upgrade ke goplus kecewa
,Terimakasih sangat membantu untuk transaksi gopay
,Potongan makin gede hampir 50% biaya cs tetep pendapatan driver dikurangi.. ambil hikmahnya kl main aplikasi
,"Masa upgrade gopay harus pake ktp,kasian yang blom punya harusnya bisa pake kartu pelajar/ kk"
,"Untuk saat ini fine fine aja, pokoknya seterusnya harus fine fine aja 🤗😉"
,"Dompet gopay saya terkunci tiba2 sudah hubungi cs tidak ada tanggapan ,sampe sekarang Saldo saya msh terkunci !!!!parahhh !!!!"
,Bagus tapi kenapa kalau mau tf harus premium dlu ya jadi kasi bintng4 dlu
,Aneh order gelar dateng ya blubird uninstal lgi...
,Sekarang error aplikasinya... Ga bisa dibuka
,kasih 3 dulu karena saya masih belum bisa menggunakan Gopaylater di akun saya tolong di bantu perbaikan nya
,"Biaya layanan makin mahal ya,,, 2xshopee food, voucher diskon ongkir dan diskon makanan ga bs digabung ,"
,Gimana ya caranya buat upgrade ke gopay plus...soalnya saya mau ke bank disuruh upgrade ke gopay plus...kasih saran donk kak
,Gofood sgt praktis & menyenangkan
,"Biaya2 tetekbengek berkedok layanan sudah tidak masuk akal, sampe 15000 ini lebih mahal dari ongkir dan harga makanan nya sendiri. Tolong gojek ini buat customer mikir seribu kali untuk order layanan2 di gojek."
,Sangat membantu dan memudah kan sekali makasih gojek🙏🏻🙏🏻🙏🏻
,Banyak promo menarik
,"Sangat membantu, pekerjaan jadi cepat."
,Keren baru nyoba gojeg gampang di pahamin...driver ramah ramah dan tepat waktu
,"Mantap, driver nya juga ramah²"
,"Sangat cinta hehe,pelayanannya sangat mwah"
,Masih banyak driver yang malas angkut penumpang terutama daerah cikampek!
,"Akhirnya permintaan terpenuhi, skrg sudah muncul lagi menu tarik tunai via ATM di gojek, thanks gopay....skrg kamu wajib mendapatkan 5bintang"
,"Tolong drivernya di traning semua, bawa motor dijalan membahayakan pengguna jalan lain. Belok sembarangan, asal ambil jalur orang, terobos lampu merah, main hp dijalan Tolong di tindak...."
,"Gk bisa masuk aplikasi, lemot"
,"Laporan saya tentang pengajuan permohonan pengembalian dana kenapa tidak di proses"" saya sudah menunggu 2-5 minggu tapi tidak ada proses dri permohonan pengembalian dana saya saya ingin memakai saldo saya untuk kebutuhan sehari hari semoga cepat di proses"
,Kenapa saya tidak bisa menerima kode otp ya ketika saya mau ganti pin
,"Sudah 3 hari ini, gojek, gofood ada keterangan internet mati. Padahal internet saya kencang, YouTube 1080p lancar, HP Ram 4."
,Membantu banget dengan ongkir yang turun🥰
,APLIKASI ONLINE PALING BURUK....GOPAY UPGRADE TIBA2 DI LOGOUT....DAN TDK BISA MENGAJUKAN LAGI...APLIKASI BERAKK
,bagus harga kompetetif
,"bagus pelayanan,orangnya asyik"
,"Gofood kebanyakan bohong katanya ada gratis ongkir di klik ga bisa, biayaan pelayanan kaya Rentenir gede banget jadi males gw jajan di gofood"
,Parah saya laporan barang tertinggal tapi malah bulak balik gak jelas pernyataan nya pedahal bukti saya sudah cukup kuat bahwa driver nya ngambil
,"Transaksi Qris tidak bisa, GAGAL TERUSSSS..."
,"Kok ada aplikasi jelek begini ya, Sudah di perbaharui makin ga guna, mau pesen makanan susahnya minta ampun, aplikasinya loading ditunggu sampai 30mnt ujung²nya ""yahh Internet kamu sedang mati, jadi gak bisa disambungin"" Saya baru bayar wiffi tgl 9 kemaren, ada² aja, niatnya praktis malah bikin emosi 🤬🤬🤬"
,ada apa nich dengan go pay semakin lama semakin lelet banget dan pada hari ini seharian gak bisa loding
,Dari pagi jam 8 sampai jam 12 malam..tetep saja g ngangkat orderan..kadang satu kadang 2 orderan...solusinya donk
,"Kecewa banget udah isi saldo gopay, eh malah gak bisa di pakai untuk top up game , lebih baik pakai aplikasi Dana saja praktis gak kayak gopay ,"
,"drivernya asyik mobil wangi bersih, musik slow rock classic ciamik"
,"good, cuma pengecilan memorinya biar ga makan banyak tempat, waktu itu ini ada restart xp ya ?"
,"Saya pernah pesan gofood hingga 2x, niat hati agar bisa bantu driver dapat order. Tapi kenapa jadinya hanya driver itu saja yang dapat, saya tanyakan langsung kedriver katanya dia dapat double order atas nama saya. Saya bersyukur berarti si driver dapat ongkir double. Ternyata jauh dari kenyataan, si driver hanya dapat tambahan 2500 dari double order saya. Padahal saya pesanan pakai yang biasa bukan yang hemat, saya bayar total 40 RB, tapi driver hanya dapat 10400 + 2500. Parah km jek..."
,Biasa top up listrik /tagihan token lancar... Eh sekarang tambah parah... No Token nya ga dikirim bagai mana saya mau isi token nih..? bisa gelap gulita dah...
,Tidak ada kalender buat pemesanan Dan kapasitas orangnya kurang... Harusnya nambahin lagi dong min kapasitas penumpang lebih dan barangnya...
,Dengan adanya aplikasi gojek saya jadi mudah mau pergi kemanapun juga.. Sarannya cuma dikit harganya jangan naik terus dan banyakin voucher nya..
,"Kenapa sering gagal untuk melakukan pembayaran, dan reward nya kadang ga bisa di pake di merchant terkait"
,"Tolong di bantu, topup BNI TAPCASH belum masuk tapi saldo Gopay sdh terpotong. sdh update di ATM BNI tetap belum masuk"
,Sangat membantu kalau ingin beli makanan diluar
,"dari tanggal 28 app gabisa dipakai, pas buka loading terus, coba reinstall tpi ttp aja malah pas mau login jga gabisa loading terus:("
,"Coba dong GOJEK, tambahkan akun DANA, OVO dsb sebagai alat pembayaran juga agar mempermudah pembayaran kalau tak ada uang cash."
,Harus lebih baik lagi untuk customer servicenya seperti bisa top up gopay pakai dana
,Aplikasi nya bagus dan driver nya juga ramah
,"Kesel sama gopay yang sekarang,KLO dulu ngak prnah ganguan,sekarang kenapa tiba² sistem gangguan trus dengan alasan sedang peningkatan sistem mau sampai kapan kaya gini, KLO gini trus uang saya tidak bisa cair di prakerja🙏🙏"
,"Sampahh!!! Lelet kali sumpah, mau pesan gofood aja lama bet anjg loading nya .. udah selak mati kelaparan baru bs order 😡😡"
,Mau transfer duit sendiri aja susah. Seharian gak bisa sama sekali. Kayak gini kok bisa jadi perusahaan gede .
,"Pesan makanan buat anak tidak dapat di medan . Biasanya ngk ada masalah, karena saya diluar jangkauan go jek"
,Oke banget deh... Tapi sayangnya kenapa tarif gojek sekarang lebih mahal dari aplikasi transportasi yg lainnya...
,Makin lama makin ribet daftar GOPAY plus aja lama banget harus besok jadinya pdhl kan lagi butuh bngt
,"Alamatnya gak bisa dirubah, dicancel juga gak bisa, favorite hilang , harga naik nya gak kira2, semakin ribet."
,Cs tidak menyelesaikan masalah. Cs tidak menjelaskan dengan detail apa yg menjadi masalah. Hanya bisa kami tidak dapat membantu. Sangat tidak membantu.
,Tolonglh Gojek utk selanjutnya diperhatikn motor nya kalau bs punya standarisasi Dan driver dijaga penampilannya biar lebih menyamankan kita
,lama banget dapat drivernya. Padahal dah pesen dari 06:30 tpi ga dapat driver
,"Ya jadi gini ya ges ya, kan waktu itu gua iseng download nih aplikasi eh tiba tiba gua jadi seneng gitu ges karena sepupu gua sering di jadiin meme ges"
,"Kesel, Saldo gopay tiba tiba terpotong padahal saya ga melakukan pembelian aplikasi apapun. Masih belum ada solusi, udah ajuin klaim uang kembali tp belum ada kemajuan. Bakal saya edit kalo uang kembali"
,"Buat Manajemen Gojek, bener gak sih, kalau CS ngasih TIP ke driver, apa msh di potong juga. Klo gini modelnya, mending kasih tip cash aja."
,"Udah bagus"" g ada dobel order skrng malah ada sistem dobel order. Udah nunggunya tambah lama. Makanan dteng udah dingin. Jd tambah males order"
,"Error gak bisa bls chat,20 menit saya nunggu tadi pagi,di cancel sama driver"
,"Saya kira gojek beda ternyata sama dengan badan finansial lainnya, kalau urusan incashflow semua lancar tetapi jika sudah urusan outcashflow ribet dan dipersulit. Padahal KTP saya itu asli hanya tergores sediki, hanya karena itu saja pengajuan saya tidak disetujui."
,Mau transfer jadi susah harus pake gopay plus dlu pas udah daftar gopay plus tetep ga bisa karena id sudah terpakai kapan saya daftarnya jadi susah untuk transfer
,Gk bisa minta uang ke orang lain. Katanya suruh update. Sudah saya update tapi tetap nggak bisa
,ini apk makin rusak sumpah makin menjadi jadi ini apk gua mau tarik tunai kagak bisa gua mau TF kagak bisa alasanya terlalu sering verivikasi sampe 1 jam habis itu alasanya sandi salah gua ganti Sandi masih kalo dari awal yang bermasalah nya di sandi bilang woy jangan ngomong verivikasi ini gopay makin rusak sudah potong pajak mahal pas narik tunai hadeh mengecewakan
,Kalaw ada bintang setengah saya akan kasih ..terlalu ribet dan memaksa dalam meng upgrade..intinya terkesan meksa konsumen dalam mengupgrade .mohon di perbaiki
,Driver nya ramah enak diajak ngobrol nya cepat dan tepat aja
,Transaksi top-up dan transfer antar bank selalu bermasalah. Kenapa harus pending terus? Kalah jauh sm aplikasi lain!
,Tolong dari pihak gojek kenapa alamat saya ke reset padahal gak saya korek² tolong di perbaiki lagi
,"Ongkir & biaya layanan tiba² naik, biasanya ga smpe 20k keatas skrng smpe 24k.. Lebih mahal ongkir ny drpd makanannya hmmm, pdahal sering bnget pake gojek buat gofood , hampir stiap hari.. tpi klo kya gini jd males mau pake lg"
,GO-JEK Adalah Transportasi Nomor One Bagi Saya Sangat Membantu Untuk Urusan Kerjaan Dan Kebutuhan Sehari-hari Tanpa Harus Keluar Sendiri Untuk Menghemat Waktu👍👍 Good Job.... Semoga Terus Maju Dan Lebih Baik Dan Mudah Salam SUKSES Nb: Sudah Berjalan Berapa Bulan Dan Akun Status Sudah Anak Sultan Namun Limit GojekPaylater Belum Naik2🤭 Pdhal Bisa Irit lagi Karena Pot biaya 1000r tiap top up saldo... Dan GO-PAY later Cicil Saya Tak Kunjung Muncul/aktif🥱.
,Jelek saya mw pakai gopay later ..trus mw bayar kenapa kata sandi salah terus aplikasinya kurang pantesan semakin merosot
,Kenapa saya tarik tunai dengan gopay ke gopay tidak bisa masuk di rek gopay saya sedangkan saldo gopay temen saya adh berkurang bisa bantu kn admin yg terhormay trs
,"parah, transfer dari tadi belum masuk juga ke bank, dan harus menunggu selama 2 hari untuk melakukan proses nya , sedang kan saya sangat membutuhkan kan uang nya sekarang"
,"Aneh banget saya sering menerima diskon yang dibatalkan disaat mau saya pakai, apakah gojek yang error atau bagaimana ya? Dan jika diskon dibatalkan secara paksa oleh sistem mohon diberi alasan yang jelas"
,Aplikasinya mudah digunakan dan banyak promo nya
,"Saya kecewa berat sama gojek ,. Saya mitra saya juga custamer ,.system yang tdk pernah pulih tdk adil orderan susah ,jeda nya parah"
,"Sekarang mahal bgd ongkir n biaya lain-lainnya, gak kaya dulu..!!!"
,"Mantap , cepat dan supir ramah"
,Susah dapet driver kalo ongkosnya pake vocer promo sebagian🤦‍♂️padahal kita slalu bayar lebih meski pake promo juga
,"Aplikasi Gojek sekarang MAHAL, kecuali kalo ada promo baru mending, tapi promonya jarang"
,"bagus cuma setiap nge gofood pakai gopay, driver nya selalu banyak drama. inilah drivernya makan dulu atau delay gada sebab padahal dari resto nya udh selesai. trs drivernya diganti jdi g bisa ngasi bintang ke driver yang nyebelin tadi"
,"Aplikasi eror, pesanan tidak masuk ke driver tapi uang sudah dipotong"
,"Sudah jarang pakai semenjak sebelah promonya lebih mantab. Terimakasih untuk kenangan indahnya, semoga saham GoTo meroket terus"
,Cara bayar tagihan paylatter gimana sih udah di blokir permanen. Aku lupa udah berapa bulan . Karna gak install. Dan kira2 ada keringanan gak yah soal denda nya kaya nya banyak banget 😭😭😭
,"Sinyal internet bagus , dan buka aplikasi yg lain gak aga masalah"
,Biaya layanan dan Ongkir benar benar keterlaluan mahalnya
,"Udah d perbarui tapi go pay ga bisa d pake, padahal saldo juga baru d top up. Tolong lah.. D bagusin lagi."
,Paling keren dari yang lain walaupun dari segi ongkos sedikit lebih dari yg lain tapi sebanding dengan kualitas pelayanan.
,"Udah sering pake jasa ini, servicenya top.."
,Saya order gofood ...kenapa driver nya di kasih double order....sampe rumah saya makanan yg saya order dingin .... Jangan di salahkan driver atau mitra nya...sistem double order kan yg bikin tim atasan gojek....
,"Haloo, ini kenapaa yaa , sudah beberapa kali kejadian di telp dari aplikasi oleh "" driver gojek "", padahal tidak ada pesan apa apa , mohon di bantu cek dan di tindak lanjuti !!!!"
,"Terima kasih responnya, saya sudah Uninstal dan Instal ulang, dan berhasil."
,"Aplikasi dompet terbaik , penyaluran prakerja"
,Tau2 go player cicil ilang padahal kita selalu tepat waktu bayarnya..anehh
,Semakin buruk👎👎👎👎 padahal internet lancar jaya tpi tetep ajaaa LEMOT!!!
,untuk upgrade ke gopay plus nya susah
,Mau orderin gojek buat suami di jakarta. Kok susah bgt ya. Aplikasi ni terlalu fokus ke lokasi hp . Jd ausah mau pesen gojek buat antr jemput orang lain diluar kota
,Pembayaran nya simple.. Ramah tamah
,Gw beli pulsa harga 30k pake payetter kena biaya limit 25k gw harus bayar 55k mana jarak pelunasannya deket bgt. Gak berkah lu
,Disuruh nge update tpi gk ada tulisan buat update
,"tolong ini gopay saya tidak bisa di akses, padahal pin sudah benar tolong di perbaiki lagi saya kasih bintang 1 dulu kalo gopay saya sudah bisa memasukan pin yg benar saya kasih bintang5"
,BURUK!!! dana salah transfer bukan nya ada solusi tapi dibiarkan hilang.. dikira cari duit gampang.. aturan sih aturan. Tapi kalo gini caranya ya ini perampokan. Namanya orang kadang ada salahnya. Salah ketik salah ingat.. sekelas BANK aja ada solusinya. PARAH.. HATI - HATI
,"Percuma pakai voucher saat mode hemat,g berfungsi malah tambah lama waktu pengiriman.kalo g niat ngasih diskon mending g usah ada voucher sekalian."
,"Kon,gua udh isi saldo masuk si masuk,dan ya gua mo langsung top up,gua lupa pin,trus pin nya gua ganti malah pas gua coba salah,gua gnti lagi,trus masukin lagi salah,hadeh ngebug apa gimana dah"
,Pelayanan semakin buruk. Transfer ke bank sudah 3 hari belum masuk padahal saldo sudah kepotong. Jadi malas pakai gojekk
,Minta saldo ke teman nggak bisa segera di perbarui ya aplikasinya
,Kebanyakan eror ga jelas kadang suka ngedown emang apk buatan indog itu ga jelas semua anj
,Transportasi alternatif paleng oke waktu dibutuhkan..makasih banget OJOL semoga tetep langgeng n klo bisa diturunkan biayax ya kayak dl..hehehee..
,Makin kesini makin sedikit promonya. Voucher GoClub udh gak menarik.
,Saya cari menu bantuan sulit amat....maaf saya kasih turun ratingnya. Mau komplain xp sering tidak masuk ...susah amat
,"pesan go food , servernya lambat sekali. muncul tulisan ""tidak ada internet"" padahal digunakan buka youtube lancar saja"
,Harga menjadi terlalu mahal . Disc Sekarang 1k .2k . Lebih baik gausah disc aja
,"Maaf aplikasi go partner terpaksa saya hapus...niat mau cari tambahan nyatanya nambah pengeluaran. Motor rusak, ongkos tidak sesuai. Customer pada banyak yg pindah aplikasi dengan adanya tambahan biaya ini itu. Tarif naik untuk customer tapi untuk driver sendiri tidak ada kenaikan yg sebelumnya bonus sudah dihilangkan... maaf saya bukan babu mu, Mitra itu bukan begitu systemnya. Coba dikaji lagi apa pengertian dari Mitra"
,"Pelayanan nya cepat,ramah,"
,Pesanan banyak dan lumayan cepat
,Map nya suka eror klo lagi pesen makanan :(
,"Entah kenapa akun saya promo gratis ongkirnya ga bisa, ga muncul tanda plusnya aneh banget rugi saya belinya"
,Aplikasi nya mantap semoga promo nya lebih banyak
,Aplikasinya sangat membantu cuma untuk upgrade gopaynya ko aga lama yah mesri 1x24 jam . Mohon di pemudah lagi untuk upgrade gopaynya . Terimakasih .
,CS nya slow respon.... tf duit menunggu terus parah aplikasi lain ga harus nunggu 2x24jam 👎👎👎👎 kalau bisa kasih ulasan ga pake bintang mending ga kasih bintang skalian
,Tidak support samsung keyboard. Aplikasi perlu di optimalkan khususnya untuk android samsung
,Bikin pusing pas waktunya dah mepet mau transfer dari gopay ke rekening lama bgt g bisa bisa
,"ayoooo pada pindah ke apk lain ,yg ini makin parah !!!harga ke kita sebagai customer makin mahal biaya pesanan lah parkir lah ini itu taik kucing ,,faktanya kita bayar ongkir mahal tapi ke driver cuma 6 rb ,,kasian drivernya woy!!!"
,Updated skrng makin gak jelas . Banyak bug . Terutama di pemesanan sering tidak muncul
,Kadang eror di bagian maps nya ketika butuh cepat maps nya gak bisa di gunakan dengan baik kadang langsung tegang di bagian maps nya udah membuat laporan langsung di aplikasi tapi sampe skrng belum ada jawaban dari aplikasi nya masih sama seperti awal belum bisa menggunakan maps nya
,Kok makin lama makin payah sih Ganti hp gak bisa login banyak bgt persyaratan Terus kalo program Beta sudah penuh gak ada solusi gitu ya
,"Pelayanan ny ramah, mknan cepat sampai. Trimaksih"
,"untuk layanan pay later lebih ditingkatkan, memakai pay later slu tepat bayar, berhubung ada keperluan ditunda tapi tetap koperatif bayar sesuai peraturan,kenapa dr pihak findaya tlf terus...sangattt menjengkelkan"
,Sameday kalau bisa ga usah pakai batasan berat barang
,Sering banget keluar sendiri. Titik banyak yang ga sesuai. TOLONG SEGERA DI PERBARUI DEMI KENYAMANAN PENGGUNA.
,"Cepat, tepat dan mutu tinggi"
,Untuk log in aja susah amat ya.. Padahal udah pake jaringan wifi tapi tidak terhubung. Aneh emang..
,"Gak bisa bayar, katanya kode nya tidak dikenal apa ini Sebelum nya bayar sih bisa kok sekarang gini sih tolong lah gojek"
,"Tiap kirim uang banyak gangguan, di proses terus ga masuk"""
,"Masa ga bisa ngapa ngapai di apk ini,, bolak balik di coba server sibuk terus.. kalau sibuk ngapai buat aplikasi yang buat melayani"
,"Gojek kenapa sihhh, tadi mau di pake ngga bisa sekarang pas bisa di cancel terus sekalinya dapet drivernya ngga respon dan ngga jalan-jalan maunya apa sehhh?"
,Makin baik fiturnya.....hanya kadang lama aplikasinya ( bisa mungkin karena sinyalnya karena baru saat hujan ).....
,Sistem acak2an. Bagaimana mau maju. Bukan maju malah mundur. Semua komplen tapi balasanya hanya copy paste. Kalo ada yang ribet kenapa harus dibikin simple. Inilah gojek sekarang
,"Hemat,aman,murah,cepat,tepat sopan pelayanan nya"
,"Cukup bagus, driver ramah, tapi aplikasi kurang ramah kepada pengguna baru, terutama yang pertama kali pakai. Sisanya bagus."
,Payah ni gojek nyari driver lama udh 15 menit ga dapet2 begitu buka aplikasi sebelah semenit langsung dpt. Bener2 mengecewakan
,"Akun gojek saya knp tiba2 tampilan gopaylater ny hilang ya? Trs pesan goride juga ga ada tampilan menu gopaylater nya? Tlp cs ny juga susah bgt sih, yg jwb mlh mesin. Pelayanannya bnr2 jelek bgt"
,Transfer ke bang gk masuk masuk padahal saldo sudah terpotong parah ni penipuan
,"Capek banget pesen makan udah di accept penjual, giliran dpt driver di map udah mau sampe tiba2 ada notif driver sibuk. Prosedurnya gimane sih ga paham. 3x coba kaya gtu terus smpe abis itu yg mau gue pesen. Pengen simpel pke gofood malah ribet."
,"Aplikasinya mulai sering eror, saya jadi berantem sama driver gara2 aplikasinya eror"
,"Perluas dong jangkauan dalam mencari drivernya, payah banget sih gk kaya shf sma grf yg langsung dapat driver dalam hitungan detik, jdi gak ada orderan yg di cancel otomatis gara2 gak dapat driver. Ini mah sering bgt gk dapat driver, kurang maju ni aplikasi ketinggalan sma yg lain. Sering bgt dapat orderan di cancel otomatis gara2 gak dapat driver, malah nyalahin restonya yg minim driver sekitar resto, pedahal klo jangkauan nya diperluas mah pasti gk bakalan ada kasus orderan di cancel otomatis"
,Ada apa dgn aplikasi ini? Udah berapa hari ga bisa dibuka. Loading terus... udah diupdate sampe sy reinstall masih sama aja....
,"Harap dirubah penentuan driver gofood agar tidak jauh dari lokasi restonya, konsumen jadi lama menunggu driver yg jauh dari lokasi restonya."
,ini kenapa coba masa saya tap gopulsa malah aplikasi terhentikan ?! aneh
,Lambatttt banget sekarang udah hampir sejam nunggu ngga dapet dapet drivernya
,harganya mahal mobilnya suka gak sesuai udah bawa barang banyak yg dateng mobil kecil tanpa konfirmasi 1 lagi history pesanan udah lewat gak bisa dihapus menganggu sekali
,Mau bayar gopay pinjam gk bisa kmn mana.. Niat mau lunasin trobel mulu tidak terdaftar.. Emang gk mau dilunasin apa aneh aplikasi
,Promo gofood sudah tidak seseru dulu yg bisa gabung promo! Skrg jadi lebih mahal ga seruu!!
,Sangat susah buat nentuin alamat kalah sama grab sangat mudah nentuin alamat padahal tempatku di tengah kota Surabaya bukan plosok kok bisa sesusah itu
,"Kapok pake gofood, nunggu driver anter makanan lama, di lihat di maps driver berhenti sekitar 20 menit di perjalanan menuju ke lokasi antar, setelah sampai lokasi di cek makanannya udah berkurang alias dimakan sama drivernya."
,"Bagus pelayanannya, cepat datang jdi gaal nunggu lama,sopan ramah jdi aman pake.Makasih"
,"Scan qr gotransit KRL nya kadang eror, pas d belakang lagi antrian panjang t nyebelin bgt"
,"Aplikasi buruk,respon lambat, ada penagihan lebih dari driver pagi ini, sudah lapor tidak direspon, sangat kecewa, penyelesaian setelah 2-4 hari, sangat mengecewakan"
,"Aplikasinya bagus dan sangat membantu untuk yang tidak memiliki kendaraan. Tapi sering maps nya tidak sesuai. Padahal tempatnya gak berubah, dengan alamat yang sama namun kadang driver diarahin ke lokasi yang berbeda. Terlalu sering minta di-update menjadikan ruang penuh. Banyak-banyakin voucher seperti dahulu yaa Kak, soalnya membantu sekali untuk menghemat biaya transport."
,"Sekarang berpergian menjadi mudah dengan gojek, mapnya lumayan akurat dan driver nya sangat banyak.. kekurangan aplikasi ini terdapat pada tarifnya yang agak mahal untuk ongkir gofood, juga terkadang map nya tidak sesuai dengan titik. Tapi overal sangat membantu untuk berpergian.. saya paling suka dengan banyak nya pilihan fitur yang bisa kita gunakan, seperti gosend, gomart, dan gohealth."
,terlalu terlalu terlalu... apk yg tidak bisa di percaya. kuota cepat abis minta update terus. tp bug tmbah banyak. hp jd lelet !!!.. kok bisa nyuri data pribadi ya... diliat dari apk yg terus berjln dilatar belakang dan terus mengirim data. tp g tau data ap yg dikirim ?? wah wah wah... bahaya bobol bisa atm wkwkwk
,"Tidak pernah mendapatkan voucher/tidak bisa redeem/apply promo/voucher apapun. Idk why. Setiap redeem code promo pasti gak bisa. Sistemnya masa bisa random gt yg dpt. Aneh pilih2! Mengecewakan, percuma report berulang kali hanya dijawab itu2 aja (jawaban template)👎 Sama sekali tidak menyelesaikan masalah👎👎👎👎👎"
,"saya suka aplikasi ini, tp mohon disediakan opsi tarif perkilo meter jarak yg ditempuh & Tarif Masa Tunggu. Karena, kadang kita harus jmput teman yg di luar rute tujuan yg sudah tertanda & ada kalanya masih harus menunggu untuk beberapa waktu. Karena intinya, masa dalam perjalanan relatif fleksibel."
,"Berkali kali up ke plus gak bisa-bisa aneh,padahal udah pakai 3 hp berbeda juga,tapi selalu ada saja alasannya...awalnya email blum sudah terverfikasi,lalu sudah saya verifikasi digmail dan sukses,yang kedua foto blur.... sedangkan jika hasil foto jernih,alasannya gmail nya yang belum terverifikasi,begitupun sebaliknya (berkali kali) .asli aneh dan kecewa"
,"Terkadang aplikasi error saat voucher dicek terpasang tiba2 setelah pesan voucher tdk terpasang. Jadi kesel. Layanan CS juga tdk maksimal hanya komunikasi via email tdk komunikasi dua arag dan syarat2 berbelit2 tdk to the point dan CS tdk bisa ngecek langsung ke sistem. Kadang juga Map tdk sesuai. Kadang menu real resto tdk sesuai dgn aplikasi, kebanyakan diaplikasi tdk ada pas cek langsung direstonya ada, padahal itu menu favorit. Map hanya mengukur dari peta tdk berdasarkan akses jalan"
,"Sampai saat ini saya selalu pake gojek dibanding app ojek tetangga dan berharap gojek tetap fleksibel dan user friendly sperti dulu. Sejujurnya makin kesini app ini makin tidak menyenangkan. Mulai banyaknya info dan fitur kurang penting sampai sulitnya melakukan setting sederhana sperti ubah password one klik saja saya dibuat bingung. Saat layar digeser ke kiri tidak ada tombol/cara lain untuk kembali ke menu sebelumnya, harus tutup dan buka ulang app. Tolong utamakan kemudahan penggunaan app!"
,"Fiture lengkap, jadinya loadingnya cukup lama dibandingkan dengan APK lain. Tapi meskipun loading lama padahal RAM aku masih kosong, this apk doesn't need huge spaces. I really love GOPAY fiture, it helps me a lot. Keep it up. Mungkin bisa diatur apknya jadi lebih ringan biar transaksinya jadi lebih mudah & cepat. Thanks"
,"Masukan saya, aplikasi ini masih kurang nyaman dr pesaing sebelah. Tolong perbaiki: 1. aplikasi lemot bgt di hp saya, terlalu berat. 2. Tampilan pencarian food gak rekomended, susah nyari menu trtentu dalam resto, tidak urut jarak jg. 3. Sering beri voucher ride/car atau potongan food. Dijamin bersaing dgn pesaing sebelah."
,"Untuk Go-Food menurut saya ""SANGAT BURUK"" Karena fitur resto super partner menurut saya sangat tidak bersahabat.. Cuma baru coba klik2 pesan langsung otomatis order dan gk bisa dibatalkan & diubah apapun,, kesannya seperti ""MEMAKSA!"" sangat kecewa, tapi gpp, untuk pengalaman terakhir kalinya. Kasian jika orang2 tidak sengaja kepencet gitu. Tidak Mohon tidak maaf, tidak ada bintang untuk aplikasi ini,... Kapok saya instal gojek👎🏼👎🏼👎🏼 baru pertama lngsung Kecewa. ""SANGAT PANTAS DI UNINSTALL"""
,"Bagus sih Kak Aplikasinya, tapi sejak harus nunggu konfirmasi pesanan dari resto, aku jadi sebel karena pesanannya sering dibatalkan tanpa aku sadari. Ribet banget apalagi kalau pas pesan banyak menu, harus ulang lagi dan lagi. Kenapa gak mencontoh sistem kompetitor yang praktis, efisien dan tak ada tuh opsi2 batal segalak"
,"Saya turunkan rating nya yaa, saya pemakai paylater di gojek baru kali ini ada sialnya, pakai paylater di tanggal 1 jan, eh selang 1 hari sudah di suruh bayar tagihan mana nominalnya besar bagi saya, sedangkan di akhir bulan kemarin saya sudah bayar, mohon bantuan nya untuk CS Gojek menangani hal ini, yang seharusnya tagihan di bayar bulan depan kenapa jadi di bayar bulan ini juga, masi sukak sama gojek yang dulu huhu"
,"Untuk saat ini aplikasinya sdh sangat lengap. Namun setelah saya update dengan versi terbaru, mesin pencari alamatnya pada maps tidak berfungsi dengan baik seperti pada aplikasi sebelumnya. Dimana mesin pencari alamatnya bisa menjangau jarak ribuan km seperti pada google maps. Pada aplikasi gojek sebelumnya apabila kita ketik nama jalan/nama tempat yg telah ditag di google maps, maka semua akan muncul. Nah pada aplikasi yg terbaru, ini benar2 tidak berfungsi. Agar diperbaiki spt versi sebelumnya."
,"Aplikasinya tidak bisa dibuka, ketika dibuka force close. Udah di uninstall trus install lagi, dihapus data, restart hp, semua permissionnya dibolehkan, jaringan oke tetap aja gabisa dibuka. Ketika baru di install trus login akun langsung ketutup sendiri semenjak update terakhir. Mohon bantuannya/ diperbaiki bugnya secepat mungkin."
,"mengapa ya harga tarif biasa menjadi lebih mahal dan walaupun lokasi pengantarannya sudah diganti tetapi tetap saja masih segitu harganya padahal itu sangat dekat dan mengapa berbeda seperti saya pertama kali menginstal applikasinya saya kecewa atas pelayanannya, voucherpun sangat tidak berguna tidak bisa dipakai sama sekali, jika saldo gopay saya habis voucher tidak bisa dipakai padahal tarif dengan vocher malah lebih besar voucher harganya tapi tetap tidak bisa dipakai. Tolong perbaiki."
,"Dear Gojek, Mohon diperbaiki lagi sistem cancelnya, saya pernah kepencet pesan, dan belum juga 1 menit sudah tidak bisa di cancel, harus laporan dulu, ke email dulu, RIBET, sedangkan harus cepat dicancel sebelum pesanan siap, sampaiselesai keribetan itu semua pada akhirnya tidak bisa karena sudah jadi, itu jadi mengecewakan, nggak ada backup untuk pembeli yang memang benar benar keepncet, kalo kebetulan kepemcet ada uang tidak masalah, kalo uangnya kurang???? Tolong dipertimbangkan lagi"
,"Kasih ☆2 dulu deh. Bugnya parah, berapa kali ketemu tulisan ""server sedang padat merayap"" tapi ternyata transaksi berhasil, ketika dipencet ""coba lagi"" malah membuat transaksi baru, dan transaksi yg on going masih dalam proses, ujung2nya malah jadi double order. Mohon dicek bug yang ini karena sangat merugikan. Trims."
,"Tolong dong, untuk nada dering/notif nya bisa di edit/ganti sesuai kita.. karena notif orderan masuk cuma bunyi sekali saja kalau pakai otomatis,, karena kalau di jalanan kn berisik, kadang orderan masuk kita tidak terdengar. Mohon segera di perbaiki.."
,"Setiap order dapat lokasi drivernya jauh, dan kadang posisi/lokasi driver ngelag sehingga yg seharusnya posisi driver sudah dekat namun karna ngelag jadi masih diposisi yg sama. Untuk promonya juga kurang bervariasi. Namun untuk fiturnya termasuk sangat lengkap."
,"Untuk developer aplikasi mohon diperhatikan menu bantuannya, saldo saya suka terpotong sendiri tapi saya tidak pernah melakukan pembelian/transaksi, saya sudah mencari cara atau metode lain tapi masih suka terpotong. Transaksinya bersangkutan dengan vuclips, saya baru saja mengisi saldo gopay dan malah tiba tiba terpotong, lalu transaksi nya tidak dapat dibatalkan, mohon pada para developer aplikasi untuk lebih diperhatikan keamanan aplikasi anda. Sekian"
,"Meribetkan kalau top up. Setiap ganti jaringan dari wifi rumah ke wifi kantor, pasti ditanya ""Apakah and masuk dari perangkat lain"" lalu suruh verifikasi lewat SMS yang BOROS PULSA. Begitu juga dari wifi ke data seluler. Padahal HP masih lama, cuma ganti jaringan, malah dikira pembobol make ditanyai ""masuk dari perangkat lain."" Kalau buru2 mau top up susah, apalagi gak ada pulsa Wajib ganti segera sistem verifikasinya!!!"
,"Tambahkan menu kotak saran untuk admin ataupun aplikasi agar lebih mudah memberikan masukan. Contoh : saya menyarankan untuk goride agar ditampilkan foto /jenis/merk kendaraannya, karena untuk para ibu-ibu lebih memilih motor matic atau bebek ketimbang motor besar. Jadi setiap nelpon terpaksa nanya dulu motornya apa...!!"
,"fiturnya bagus... mungkin yg perlu disederhanakan lagi tentang cara upgrade dan juga proses upgradenya dipercepat apakah gagal atau ada kesalahan data ataupun berhasil, sebab banyak org yg butuh upgrde tp mereka masih berada di daerah yg signal internetnya masih belum bagus, jadi mereka gk perlu mondar mandir."
,"Aplikasinya memuaskan,terima kasih untuk para pengembang. Namun ada masalah pada saat memilih lokasi,di lokasinya saat memilih sesuai alamat,tpi sekali dalam kasus jaraknya 300 meter dri lokasi asli yg ditentukan,tolong diperbaiki bugnya mas 🙏"
,"Positifnya : lumayan lebih murah beda 1.000- 2.000 kalau dikumpulkan bisa untuk perjalanan berikutnya. Gosend nya baik-baik. Kalau ga ketemu titik yg pas, mereka mau tetap bantuin & berkomunikasi dengan baik. Negatifnya : Entah kenapa map di saya ga akurat terus. Padahal pakai aplikasi ojol satunya ga masalah. Jadi aga ribet kalau buru-buru. Krn kendala titik penjemputan/titik pengantaran"
,"Aplikasi nya bagus banget pas buat yg mager :) cm skrang untuk melakukan pesanan khusus nya daerah teluk bentung bandar lampung kok agak susah. Banyak yg minta di cancel karena jarak yg terlalu jauh, dan terlalu lama mencari driver go food nya."
,Tolong UI nya gausah mempersulit costumer. Terlalu banyak animasi membuat banyak bug hingga akhirnya sering crash. Aplikasi nya sendiri sudah memakan storage yg besar. Stop melakukan hal yang tidak berguna dengan mengubah tampilan UI gojek tiap tahunnya.
,Titik antar selalu salah. Ketika sudah dibenarkan lalu salah lagi dan berubah dengan sendirinya. Saya kasian sama driver nya setiap kali saya go food jadi nyasar. Padahal memang dari aplikasi GO-JEK nya titik akses sering berubah sendiri
,Kenapa sekarang gopay tidak ada fitur tarik uang nya lagi. Ayolah segera perbaiki saya mau narek uang tidak bisa
,Lagi dan lagi Fix bugnya Mimin....utk pilihan pembayaran limit Gopaylater nya di Aplikasi kok tiba2 Hilang cuman ada Go Coin & Gopay..pada hal msh banyak limit..ada masalah apakah??..thx
,"Gopay suka eror, gak bisa dipakai untuk transaksi, alasannya internet ku tidak ada, padahal sinyal full, kuota banyak"
,"Mantap lah, kalau bisa harga lebih murah"
,"jangan gunakan gojek ,saran jangan pernah kirim uang lewat gopay , apa lagi keadaan urgent , saya sudah berkali kali eror di saat keadaan urgent , mendingan pakai opsi aplikasi lain ,(dana,link) yg sudah jelas"
,Sangat membantu dalam transfortasi
,"Terlalu banyak biaya layanan aplikasinya , dan mahal bgt klo d atas jm 9 mallam ordenya"
,"Semoga kedepan nya makin bagus, dan ga ribet ya hehe"
,Aplikasinya ny bagus sangat membantu saya sangat terbantu karena cepat
,Mempermudah jajan dan perjalanan
,"Kok gak bisa pake promo goride ya, mau dipake gak bisa, jadi cuma pajangan saja, biasanya bisa, ini sdh update apk sama jg"
,Udah bener² nomerku malah gk dapet kode otp nya aplikasi aneh
,Sangat tidak ada solusi.untuk aplikasi ini
,"Kirain cuma ak yg ngerasain ternyata di lihat dari ulasannya jg banyak yg terjadi kendala pada sistem aplikasi mulai dari blank, gak ada sinyal, sulit dibuka dll.. Pdhl tiap transaksi ada pembayaran ""aplikasi"" tapi tetap aja bukan main baik malah makin buruk."
,"Aplikasi aneh. Pesen gofood ga bisa dicancel, padahal driver nya yg bego nyuruh cancel dan mesen lagi, jd berputar terus ke driver2 berikutnya. Bikin pusing. Kalo kasus kayak gini gimana kalo ga bisa ngancel."
,Cepat dan pelayanannya memuaskan
,Sangat mengecewakan sekali gopay sama gofoodnya
,Biaya layanan sangat mahal.dibandikan aplikasi online sebelah .jarang kasih promo.mau nya untung Terus gojek
,"Setiap mau berangkat pagi pesen gocar selalu masuknya blue bird,dan mereka pasti gakan ambil jarak deket.maunya yg jauhhhhh..skalian dpt driver jemputnya jauh.ini gimana sih ya?????jd tambah susah klo pesen di pagi hari.makin menurun lho kualitas nya gojek nih"
,Sebaiknya gopay plus dihilangkan sehingga memudahkan transfer uang ke nomor tertentu
,Ini gimana sih minta cs gopay saldo saya gak tampil ada bnyak pula tolong
,Loading terus menerus sudah 1 harian begitu Ga bisa login Mohon bantuan dan solusi nya
,Selain memenuhi kebutuhan transportasi&yg lainnya saya juga driver gocar. Semoga gojek tetap berjaya dalam persaingan yang ketat dengan kompetitor. Terima kasih gojek Saya sangat terbantu👍👍🙏🙏
,"Tingkatkan lagi promonya ,jangan ngurusin sistem terus malah anjlok kalo ngurusi"
,Cukup puas dan mantap
,"Makin ke snih asli makin kurang bagus masa saldo gopay abis d isi blm masuk"" ..."
,"Sangat mengecewakan!!! saya menunggu lama sekali pengemudinya tidak bergerak dari posisi awal. Setelah bergerak malah mencari rute yang jauh ke posisi penjemputan. setelah menunggu lama malah di cancel tanpa kejelasan oleh pengemudinya, dan seperti itu sampai berkali-kali. Sampai saya merasa sangat kecewa saya cancel aja dan lebih memilih angkot. Kalau hal ini terjadi lagi saya uninstal aja"
,"Top up gopay banyak tapi ga masuk"" padahal udh bener nomernya sangat mengecewakan aplikasi ini"
,"Rese banget kalo servernya padat, nggak bisa ngapa-ngapain"
,"Notif transfer telat sering tidak muncul dan parahnya akun gopay saya di blokir, padahal tidak melanggar ketentuan!"
,"Ga jelas, pemakaian udah lebih 3 tahun (juragan) promo kau hilangkan semuanya. Ongkir makanan aja sampai 14k padahal jarak cuma 1 km lebih."
,"Udah pake data ,udah juga pake WiFi malah lemot cok"
,"aplikasi kalau dipake, minta diupgrade ke go-plus... tapi susah amat...untuk upgrade. kasi lah info yang jelas"
,"Gogames nya GK ad FF bikin dong untuk top up diamond, pasti banyak yg top up . terimakasih itu saran dari saya soal ny pengguna ff lebih banyak.yok bisa top up diamond"
,"Dulu gojek semua di permudah enak di gunakan, sekarang ribet, upgrade tiba"" di kembalikan ke semula tujuan nya apa??"
,Pada tgk 13 januari jam 7 mlm lewat melkukan pemesan goride akan tetapi di aplikasi mash muter muter mencari driver setelah kurang lbh 10 menit gx dpt dpt sy batalkan .setelah dibatalkan saldo gopay sy berkurang sesuai rupiah orderan .sebelum trx sy liat saldo .akan tetapi jawaban dr customer care tdk terpotong.biar fear tunjukin saldo sy sebelum trx yg dibatalkan i .bukan salah konsumen seolah sengaja batal akan tetapi aplikasi anda sedang eror
,Makin kesini makin mahal Bagi pengguna lama harus nya lebih banyak diskon atau apa gitu :) Suka gojek yg dlu
,"Lodingnya suka lama, mohon diperbaiki lagi"
,"sampe sekarang ga pernah kecewa pake gojek,masih yg paling TOP,drivernya ok2"
,"Layanan gosend makin ga jelas sampe beberapa kali ganti driver, di cancel Mulu heran.. tolong dong dipantau lagi para driver nya"
,Aplikasi nya bagus tapi kenapa terkadang error
,Woi aplikasi kalau potongan driver kira2 . Driver masih berjuang belum tentu keselamatan sampean potong suka2 15 keatas itu makan keringat orang tau hara.lm .. hari ini tagal 15-05-2023 total 15ribu drver di potong infonya 5500..
,Tarik tunai lewat bca sudah tidak bisa Kecewa sekali dengan apk ini.
,"sangat membantu perjlnan lbh baik dan nyaman,"
,Tidak ada tarik tunai setelah update.
,"Saya saran mind harus banyak kerjasama dengan aplikasi lain mind biar mau transaksi gampang dan mudah, jangan bisa transaksi di aplikasi itu aja"
,Aplikasi lemot jaringan bagus tapi muter terus
,Waktuny cepet sat set... Cari lokasi gampang... Barang aman sampe ke tuan nya
,Pke gocar udh dpt malah di btalin sepihak sma driverny pdhal udh dikit lagi smpai titik penjemputan.. Tolong driver klo ga mw ambil ordern dri awal udh tolak dong jgn udh smpai mlah di tolak
,Aplikasi map nya payah ... Kita sudah bergerak jalan kedepan. Aplikasi peta masih mandek di belakang .MMM 👎
,Kenapa apk tidak bisa di buka loading terus?
,"Sangat susah mencari driver, terutama Gofood"
,"Bilang nya sih bisa transfer ke semua bank kapanpun tp giliran mau kirim banyak banget kendalanya,,gk bisa karena ini lah karena itu lah ribet amat 😑"
,Biaya aplikasinya terlalu mahal go ride murah si kuning..
,"apk anjg!!!!gw login di hp baru gabisaaaaaaaaaaaaaaaaaa malahhh ""email sudah terdaftar"" GWSSSSSSS GOJEKKKK!!!!!"
,"Layanan cepat dan barang lengkap, driver sopan"
,Bagus membantu tp yg kurang skrang biaya layananya agak mahal
,Saya pengguna aplikasi ini sudah lama record riwayat pengunaan juga banyak tapi kenapa fitur paylaternya kok gak ada
,"Gojek tambah mahallll, biaya layanan bisa sampe 11rb, belom ongkirnya.. ampun dah.."
,"Ini kenapa si w mau liat paylater aja susah banget gak masuk2, tar w telat bayar malah kena denda lagi, payah"
,Bintang 1 aja dulu karna aplikasi ini makin lama makin gak jelas gak kayak pertama kali launching & semenjak di tinggal pemilik yang sah gojek makin gak konsisten dalam merekrut anggota karyawan baik itu sopir maupun soal harga makin amburadul gak jelas khususnya untuk bekerja sama dengan Bluebird di mana harga gak sama dengan yang ada di aplikasi ini karna masih Makai argo jadi kelihatan kecurangannya
,"Tidak pernah pakai Go bluebird tapi pas mau bayar tagihan Gopaylater ada tagihan Go bluebird pada tgl 4 januari 2 kali yakni jam 1.39 tagihanya 28500 dan jam 4.24 tagihanya 13000 maksutnya apa kak admin, sedangkan sya lihat di riwayat bulan ini juga nggak ada yg pake Go bluebird, kalau bunga 7000 saat mau bayar tagihan bulanan Go paylater saya masih maklumin, tolong penjelasanya kakk admin..😖😖"
,Cepat murah banyak promonya
,"Gofoodnya lama!!! Harus konfirmasi resto dulu baru dapat driver setelah dapat driver pas sampe resto malah makanan disiapin lagi . Jadi waktunya lama banget, 2 kali makanan disiapin, diawal pesan dan pas driver sampai . Waktunya terbuang padahal jaraknya kadang dekat nunggunya sampai 40 menit sendiri ."
,Ga aplikasi driver. Ga aplikasi customer.. enak awalnya aja... Sekarang mending pake aplikasi sebelah. Maaf gw hapus apikasinya
,Alhamdulillah.... lebih cepat dari estimasinya. Thx... Good jobs
,Udah ada yg dekat kenapa kok pas order dpt driver yg jauh? kalau buru2 kan gak bisa sat set Gojek yg dulu enak kok sekarang jadi seperti ini udah biaya aplikasi nya mahal. Kalau ngambil untung jangan banyak2 kasihan tuh drivernya. Kalau terus terusan seperti ini banyak customer yang pindah ke Maxim. Lebih murah potongan driver nya cuma 10persen gak seperti gojek bisa sampai 40/50 persen potongan driver nya Kapan gojek bisa kembali lagi seperti yang dulu lagi yang saling menguntungkan
,"Aplikasi menyiksa customer dan driver, ongkir mahal tpi buat driver kena komisi 80%, saya bayar ongkir 30.000 ternyata buat driver cumn 2500, kasian driver klo dpt orderan gabungan, saya di rugikan karna makanan dingin dan driver di rugikan karna ongkos untuk driver kurng"
,"Gojek serba mahal sekarang gak kayak dulu..kebanyakan biaya jasa ini itu masak parkir jg diikutkan kita,mending kalo pelayanannya bagus...pelayanannya jelek lama lelet drivernya bnyak yg ngawur ...mengecewakan"
,"Suka lag, nyari drivernya susah."
,Saya sudah lama pake gopaylater tiba tiba di blokir padahal aku sudah bayar tepat waktu dan gk pernah telat
,sekarang tarifnya mahal jarang ada promo juga
,Apsi pelit bngt nggk ngsih gratis ongkir giliran sekali ny dkasih malah 1rb ga tau lagi deh udh tau ongkir ny ska mahal kadang 9000 kadang 2000 pdhl dkt
,Buat daftar baru dan minta otp nya aja lama banget loading mulu .. Dr install sampe unsinstall lagi masih ada sama loading mulu ..
,"Bagus, tapi ko makin gede ya ongkirnya."
,Aplikasi gojek bagus dan membantu kemudahan setiap perjalanan
,aplikasi yang multi guna dan kekinian. Sangat bermanfaat dengan fitur-fitur yang mudah penggunaannya.
,"Ini kenapa akun gojek saya gabisa angkat tlvon dari driver ya? Padahal udah diupdate, diunistall terus install lagi tetep gabisa. Cuma bunyi2 doang tapi pas diangkat gabisa."
,Gk ada gratis ongkir mahal banget lagi biaya jasa aplikasinya
,"Semenjak update aplikasi jd ga bisa bayar pakai gopay dialfamar, kirim pengaduan pun ga ada penyelesaian, langkah2nya ga berguna.... Aplikasi busuk ini...."
,"Sangat membantu disaat kondisi darurat,tp kalo bs ongkirnya jangan terlalu mahal dan banyak diskon potongan ongkir yg ditawarkn.trima kasih 🙏"
,"aplikasi tolol, nyari driver lama betul drivernya juga tolol lewat"" aja tapi ga ada yang nerima pesanan goride nya ajg"
,Setelah update jadi gabisa kirim gopay dari history atau chat saya sebagai konter jadi sulit mengunakan gopay
,Mitra driver sendiri saja enggak bisa pake layanan gopay later permohonan ditolak sampai bulan juni wkwwkkw sementara disebelah langsung bisa itulah kenapa malas gojek selalu ketinggalan
,Tolong dong drivernya diseleksi Jangan muda dan tua dimasukin semua
,"Ga jelas tiba tiba gopay ga bisa di pakai, udah ngajuin laporan malah ga ada tanggepan tiba tiba di tutup gitu aja. Besok besok yang bener kalo bikin aplikasi. Itu uang orang bukan uang bapak lo"
,Parah driver go jekkk sudah nunggu tapi di cancel sama kurir tapi di aplikasi masih ada si kurir awal kalo begini mulu unistall
,"minimal sediakan fitur batalkan pesanan dengan cepat, ini apa apa udah diterima aja pesanan biar untung ya"
,"drivernya baik baik semua ,,,dan sopan dan ramah,,,"
,Keren deh buat fitur dan promonya
,Kenapa ya sekarang kalau pesan goride atau gocar susah dapat driver.
,"Dari duli suka bgt sama app ini, tapi makin kesini bukannya ada peningkatan malah penurunan. Kayak pesen belom di klik fix, malah otomatis terpesan. Padahal titiknya salah dan di buat tidak bisa di batalkan endingnya saya adu cekcok sama driver dan drive minta uang tambahan. Bad app 👎"
,"Tolong utk app nya diperbaiki, sering logout sndiri dn lemot... Pdhal sdh diupdate, tlng dibantu... Nb : lemot app, bukan krna HP🙏"
,"Ongkos gofood mahal, belum lagi biaya pengemasan, dll astagaa mau untung banyak caranya gini amat, jadi malas beli, padahal jaraknya deket ongkirnya selangit"
,"Tidak bisa melakukan pemesanan gofood padahal jarak resto 1,5km dgn alasan resto kejauhan, lucu"
,for close terus app nya ..mohon diperbaiki
,Muter2 terus gak bisa dibuka udah uninstall beberapa x masih aja
,"Asli sekarang lama lama males banget mesen makanan online di gojek, misalnya kita mesen menu yg harganya cuma 35 ribuan, nanti kita bayar bisa sampe 70 ribu lebih, kebanyakan biaya jasa dll nya, kemahalan itu biaya bungkusnya sama biaya jasanya, tolol"
,Ini Aplikasi bakal Hancur Dengan Sendirinya nanti . Dia merasa besar tapi lupa dia punya banyak saingan yang bakal menenggelamkan sistem nya .
,"Saya tinggal di Jogja dan Diberikan alamat Ke Semarang, mau pesan Makanan tidak bisa di batalkan dan otomatis Menyambung ke driver lain, sudah 3 driver yg terkena kesalahan lokasi pesanan saya. Saya merasa bersalah sekali 😔😔"
,"kadang map nya ngaco nih, perbaiki yaa"
,Percuma ada hemat klw driver ya jauh jauh...susah dpt driver ya lama.
,Semua makin mudah. Agak mahal sekarang tarif nya
,"Min ini gimana cara update gopay plus nya, saya ga bisa transfer dana dari gopay suruh update dulu"
,"bagus lah pokonya, ga lemot juga, banyak voucher.. tapi masa saya order di hp saya dan hp teman harga nya beda, padahal tujuan, waktu, semuanya sama.. sama"" udh di update juga aplikasi nya.. saya pernah pake voucher maupun tidak, harga nya tetap sama, tidak berkurang sama sekali, pernah juga pake voucher harga nya turun, tapi saat di order dan dapet driver, harga nya malah naik jd sama seperti tidak pakai voucher, merasa tertipu bgt sih .."
,sekarang sangat2 kecewa dgn rute perjalanan nya... contoh nya : ketika kita di simpang empat.. mestinya sudah sampai saat kita belok kanan.. tapi ini.. belok ke kiri dulu.. terus muter.. baru sampai ke tempat tujuan.. jdi ini kan merugikan customer... selain harga nya mahal karna jauh... perjalanan juga menjadi lama
,"Aplikasinya bagus,sangat membantu disaat membutuhkan bantuan jika lagi malas keluar rumah terutama mau pesan makanan...prosesnya cepat dan jarang sekali gangguan,tidak mendapat kesulitan apapun hanya saja jika pesan makan dihari ujan mungkin susah mencari driver motor karena faktor ujan tersebut,(dimaklumi)kedua yg kadang jengkel,driver awal suka berganti dengan driver baru..mohon ditertibkan driver yang seperti itu,itu saja masukannya...selebihnya Oke the best."
,"Sangat membantu, bisa ditingkatkan lagi layanannya Untuk gofood itu kan biasanya ada beberapa makanan yang memiliki level rasa ya, mungkin bisa diberi pilihan levelnya biar dari restonya pun lebih mudah & yang nganter pun gak perlu menanyakan kembali,"
,Saya kasih 4 bintang di dulu kelihatanya amplikasi ini gak ribet ribet banget mau top up pun mudah dan banyak opsinya kalo bisa tingkatkan lagi opsi pilihan top up lewat mini market /super market agar lebih mudah lagi saat top up. Jaga kualitas dan jaga pelayanan pelanggan jangan seperti Apk OVO.
,"Aplikasi Gojek LUAR BIASA BURUK SEKALI.. Saya SANGAT kecewa, sdh ke 2 kalinya KECEWA. 1. Masalah pembayaran Playlatter kendala Maintanace sedangkan Denda berjalan setiap hari 2. Sudah sering saya pesan goride, di map goride sudah jalan setelah mendekati titik tiba-tiba cancel, sering sekali seperti itu. 3. Sering pembaruan dan setiap buka Aplikasi Loadingnya luar biasa lamanya, kadang ngeclosed sendiri.. SUMPAH KECEWA BANGET.. Hapus Saja Aplikasinya.. PARAH"
,"Tolong dong tambahin fitur simpan alamat, berguna banget fitur itu karena nggak perlu atur ulang titik penjemputan dan titik tujuan, di map juga nggak semua tempat ada nama lokasinya jadi sangat merepotkan saat pemilihan titik tujuan/penjemputan. Terima kasih."
,"Aplikasi yang sangat membantu, tapi sangat mengecewakan juga karna banyak driver yg sering minta dicancel, susah dapet driver, dan kadang harga tidak sesuai aplikasi karna kondisi jalana n yg diluar dugaan, mohon tingkatkan lagi pelayanan agar sama sama nyaman dan saling menguntungkan"
,Ga bisa login ke akun gojek padahal sinyal oke dan full malah hadeh lemot banget
,"Saya barusan pesan kebab, harga di aplikasi dengan struk beda 3k, untuk ongkir sudah sesuai. Lalu tampilan sub total di aplikasi beberapa detik berubah setelah transaksi tunai. Kenapa yah kok seperti itu ?"
,Banyak layanan subscription berbayar yang tidak lengkap keterangannya. Ujung2nya sudah beli paket subscription tapi tidak bisa dipakai karena tdk memenuhi persyaratan term n condition..scamming namanya Juga deteksi lokasinya parah sekali. Lama menyesuaikan
,"Overall sangat membantu sy saat membutuhkan transportasi everywhere everytime, tp saya sedikit kecewa dengan gojek kenapa fitur chat nya suka ceklis satu dan lama sekali terkirim ke pengemudi, dan yang paling parah maps pengemudinya tidak sesuai dengan aplikasi sehingga yang terlihat dekat twenyata masih jauh. Tolong diperbaiki. Thx."
,"Pemilihan drivernya jelek banget, saat jalan 2 jalur, selalu dapat yg di seberang jalan, itu driver berbelok hingga sampai menjemput sangat jauh. Harusnya ada option dong om, posisi jalan arah mana, bukan hanya terdekat. Saat sudah diperbaiki, saya balikin ke bintang 5"
,Tambahkan fitur becak ride biar tambah rame dan kece
,"Knp selalu forced close yaa? Sdh di instal ulang masih saja sama, ga bisa akses sama sekali. Tolong perbaiki"
,Kasih bintang 1 payah trf dari gopay ke mandiri dari kmrn smpe skrng ga masuk juga dimandiri padahal saldo udh habis kepotong..udaj chat gojek suruh tunggu 3hri..kita lg butuh dananya padahal
,"Fitur udah bagus. Tapi tolong di bagian pesanan, sebelum pesanan dikirimkan ke restoran ditambahkan option seperti ""yakin pesan? Pesanan anda akan diteruskan ke resto. Habis ini tidak bisa dibatalkan"" tolong 😶 saya udah 2x belum siap pesan malah kepencet button pesan dan tidak ada pilihan batal. Kasian yang nganter diajak muter muter di jalan. Kasian juga saya nerima pesanan yang kurang diinginkan :( Sekian Nanti bintang diubah kalau aplikasi sudah berubah lebih baik :)"
,"Saya ingin verivikasi email gojek saya, nggak pernah bisa, yang perlu saya edit, tolong dibantu secepatnya ya!, Via jeklin juga nggak bisa. Terima kasih sebelumnya."
,"Komplain saya 2 bulan lebih hanya muter muter aja, gopaylater cicil masuk tagihan padahal transaksi batal. Malah dilempar le kredit pintar sama atome. Bukti udah jelas semua tp anehnya sesusah itu"
,"Sangat membanyu, cma udah ga ada promo beda kaya dulu"
,"Sedikit kecewa, dulunya bisa digabung dg 2 voucher sekarang ngga bisa Di maps juga titiknya ngga bisa pas. Dulu suka order""digojek sekarang ngga pernah sama sekali. menurutku jauh lebih unggul versi lama dari pada versi terbaru ini"
,"Hari ini di jam 13.00 WIB saya pesan di gopay, sistem pembayaran rusak parah sdh nunggu berapa menit tdk bisa juga. Kukira jaringanku yang rusak. Saat ganti WIFI sama saja.. Saran saya kalau mau perbarui aplikasi, tolong pastikan semua fitur berjalan lancar... Saya tahu kalau dalam masa penyesuaian ada waktunya tapi kalau sdh di tingkat tidak toleran juga bisa bikin emosi naik turun"
,Sy pesan food dapat driver jauh dan driver malah antar makanan punya pelanggan lain terlebih dahulu.sy tanya kedriver kemana dulu bang kata driver apk memberikan doubel order.jujur sy kasih bintang 1 kedriver.kita pesan food biar GK makan waktu.admind kalau perut sudah lapar tidak kompromi karena menunggu lama.tolong dipertimbang doubel order 1 driver 2 costumer kita butuh pelayanan terbaik apalagi. Food.
,Banyai promo bikin gojek jadi pilihan utama untuk kebutuhan apapun
,"Ada kesalahan dalam pembayaran di driver, dikira nya 1 lokasi total harga nya *****, jadi pas ke lokasi kedua bayar double, padahal niat hati mau bayar lebih buat fee drivernya. Nah di apk sudah total semuanya padahal. Setelah itu komplain di 'halaman bantuan' <2 jam saldo kelebihan di balikin. Terimakasih banyak atas pelayanannya!!!"
,"Sudah bagus,hanya kadang2 waktu mau up setelah bersama penumpang tidak bisa digeser/diklik. Saya shutdwon orderan malah tidak muncul,walau akhirnya bisa setelah sampai di tempat tujuan."
,Makin lama makin aneh nunggu driver lama akurat maps makin parah . Uang untuk aplikasi kemana setiap order harus bayar aplikasi namun makin parah k3marinya
,Ada apa dgn aplikasi gojek?? Semua orderan saya hari ini via top*d yg menggunakan gosend terhambat. Baik yg instant maupun yg sameday. Dr pihak toko jg mengeluhkan susah mendapatkan driver. Ini sdh hampir seminggu kejadian seperti ini.
,"Server sering error. Pesen gocar 20 menit ga dateng"" dan gabisa cek posisi driver dmn karena server payah. Cancel jg gabisa hadeh"
,Suka loading buat bikin pesanan...belom lagi kadang map gk bener
,"Lokasi saya di Tegal Kota, pesen goride sampe setengah jam blm ada yg nyamperin, padahal di map banyak driver standby, sampe ngulang berkali2. mohon maaf terpaksa saya pindah grab dan uninstall gojek."
,"Keterangan Kuota internet ga ada, tapi bisa yg lain bisa, mau buka aplikasi eror mulu,padahal kuota masih banyak"
,"stress,masa mau transfer saldo doang harus pake gopay plus,kan susah ,kalo blum cukup umur gimana,jadi developer ngotak dong"
,"Bagus sih to kapan itu sy menggunakan pembayaran menggunakan gopay di Alfamart dapatnya satu barang to bayarnya 2 saldo kepotong,tolong dong untuk pembuatan gopay di Alfamart untuk menggunakan Qris dan kode,masak bayar di Alfamart cuma bisanya pakem kode."
,"Gojek itu pembohong level ,perporma ,reting iru semua bohong ,saya sendiri yang merasakannya ,yg sudah hampir satu bulan yg hanya di kasih 5 order dari pagi sampai jam 12 malam,level gold tapi kalah sm level besic,gojek itu memang pintar dlm menipulasi, janji nya memang sedap yg katanya sejah tera bersama itu bohong,dan gojek tidak pernah melihat drever yg susah,mereka hanya melihat yg bikin pelanggaran itu baru gojek"
,kenapa pin saya tidak mau login selalu salah padahal pin sudah benar
,Bikin ribet daftar sama email nomee baru .ttep ga bisa katanya udah ke daftar. Gundulmu iku apk ribet. Padahal mau cpt
,"Saya adalah driver, sekaligus customer gojek, Aplikasinya sudah lengkap, cuma tolong dong perbaiki fitur pesannya, kadang ada bunyi, kadang tidak ada bunyi kalau ada pesan dari driver/customer, tolong diperbaiki bunyinya kalau ada notifikasi ya, dan tolong dikasih waktu beberapa lama untuk bisa menghubungi driver, via telphon setelah pesanan selesai karena mungkin ada barang/pesanan yg kurang, sedangkan kalau lewat chat kadang tidak dibaca driver, maksudnya biar kami tidak putus komunikasi, ty."
,"Sekarang harus update ke gopay plus, jadi gak bisa transaksi, verifi gagal...gara2 KTP udh rusak.kecewa dam kesal jadinya"
,Tolong di tambah fiturnya seperti memakai voucher lebih dari satu
,Bagus pemilihan maps juga gampang
,Saya sering pakai gojek untuk kirim2 barang . Sangat membantu dalam kelancaran jualan saya Tp hari ini saya sangat kecewa karena 3x order Semua drivernya malah membatalkan orderan tanpa sebab yg jelas . Tolong pihak gojek lebih selektif dalam merekrut driver . Agar tidak mengecewakan pelanggan
,"Semakin sering di pake semakin ga ada promonya, biaya layanan makin gede, harganya jadi ga ng0tk"
,"Kenapa sy kadih bintang satu karna kemari sy isi gopay coin, .. 50rb, tp karna ga ada untungnya buat sy sy , batalkan eh ter nyata saldo sy yg Rp 44000nya ga balik malah hangus, seharus nya ada oemberitahuan mau pengaduan di pitur nya ga ada oenjelasan trus sy harus mengadu kemana... Ga bener nih .."
,"Saya ga tega ke driver anda di lapangan , ada yang seharian hanya dapat 1 order dengan harga murah, ada yang seharian ga dapat order sama sekali, ada yang ga bisa beli beras, ada yang ga bisa bayar kontrakan rumah, ada yang ini dan itu karena jarangnya mereka mendapat orderan, saya bayar mahal entah itu tunai atau gopay tapi yang driver terima hanya sedikit karena potongannya terlalu besar dari gojek, alangkah baiknya gojek bisa mensejahterakan seluruh driver nya."
,"Nyaman, tepat waktu dan sangat ramah ... dan semoga harganya nyaman di kantong"
,"Swtelah update jadi tidak ada fitur tarik tunai,mohon di keluarkan lagi fitur tarik tunai nya min"
,"Gojejk sangat membantu, harga terjangkau, driver bagus, pelayanan cepat dan memuaskan"
,"Aduh kenapa biaya aplikasinya mahal bngt ya, ongkirnya ajah 11k masa iya biaya aplikasinya smpe 13k. Aduh makin gangotak sih ini gojek"
,"Contoh aplikasi yang ngga berkah ,,, Makin kesini bukan nya makin bagus malah banyak error'nya"
,"Saya turunin bintangnya. Voucher ongkir cuma 1rebu😀, biaya layanan 5rb, buat apa pdhl dpt nya standart plastik. Reward goclub gak guna, knp gak ada pilihan voucher gratis ongkir aja. Percuma ngumpulin XP sampe jd juragan😁😁"
,Biaya embel-embel nya ga ngotak. Beda banget sama Grab/Maxim ga ada biaya embel-embel. Rada kecewa sama gojek
,Sejauh ini oke hanya saja permasalahan nya di aplikasi yang kadang-kadang lag dan sinyal seperti tidak stabil padahal internet yang saya pakai kencang
,Konplin saya sama kayak yang lain vocer go-food yg sekarang ngak bisa di pakai sekali 2 kayak dlu. Harus pilih salah satu. Tapi jawaban pihak gojek pun akan menjadi perkembagan buat gojek. Tapi. Sampai hari ini realisasiny belum jalan. Hanya jawaban doang.... Ok fix kykny ngak bisa lagi gabung 2 vocer.. tingal jawab aja kyk gtu.. selesai masalahm dari pada memberi harapan palsu.... Masukan Bae cuma dag perna keluar buat apa?
,Untuk layanan gosend sangat membingungkan alamat titik dan no tlp sudah sesuai tapi setelah dapet driver jadi berubah ga sesuai titik.. akhirnya driver merasa di rugikan padahal order sudah benar semua... Perbaiki segera!!!
,"Aplikasi penindas Bukannya belajar menghargai orang yang ada di lapangan. Komen driver ngak ada tanggapan dan respon .apk lain di tanggapi. Kenapa iya GOJeK .maunya orang kantor di terening menjadi driver 1bulan aja biar tau rasanya ngimana menjadi manusia berotak,berakal.biar buat kebijakan tidak semena-mena"
,"Ini gimna gak bisa login, ko makin jelek aja aplikasi nya, dari dulu gak pernah pakai aplikasi lain, sekarang mau gak mau harus beralih ke aplikasi lain.. bye bye gojek 🙏🏻"
,bosku mengapa upgrade premium saya lama sekali mohon dibantu
,udah bagus sih menurut aku kurangnya dititik penjemputan yang selalu ngak tepat padahal udah dirinciin alamatnya tapi driver selalu kesasar kan jadi saya yang kena omel :V
,"Kenapa habis di upgrade jdi gk bisa masuk ?? Knpa jdi lemot gini, mau ngirim barang jdi gk bsa"", perbaiki itu"
,"So far oke, khusus buat penggunaan dalam hal mobilisasi sangat berguna"
,ini ada apa gojeekkkk? di pake transfer ke bank ga bisa2. udh berhari pula. apk udh di upgrade msh ttp aja ga bisa.
,"Dah.. update g ad di sini entah eror atau apa, promo g ad, tampilan g terupdate redem code g food g bisa sedangkan orang laen bs"
,"Untuk ongkir kenapa lebih mahal dari grab, klo ada promo baru ada potongan ongkir, itu pun masih murah grab"
,Membantu syekali aplikasi inii cuma entah knpa sekrng sering gak bergerak aja maps nya
,"Saya sudah lama menggunakan gojek, sebenarnya ingin memberikan bintang 4, tapi karna syarat pembayaran saya jadi beralih ke apps satunya. Untuk promo gofood dan layanan lain tolong jangan ada syarat menggunakan pembayaran tertentu, jadi bisa untuk semua pembayaran termasuk tunai, sehingga lebih memudahkan kami. Selain itu untuk promonya tolong ada tombol untuk bisa tidak memilih promo tersebut, karna kami hanya cari promo yang bisa untuk semua pembayaran"
,"Akun saya dibajak, penipu ganti nomor dan pin malah dikasih dari pihak gojek, akhirnya gopaylater saya dipakai penipuuuuuuu, kok tagihan ke saya, ya ke nomor penipunya lah, helloooo gojek. Lapor ke email juga sama aja gak ada bedanya"
,Kenapa No. Plat Kendaraan Driver berbeda dengan yg terdaftar di Applikasi. Bahkan Merk dan Type Kendaraan juga berbeda? Apakah tidak ada pengecekan berkala dari Official Gojek? Ini sangat berbahaya bagi keamanan dan kenyamanan customer.
,Aplikasi apa ini lama lama kok jadi mahal masa order 92 rb bgtu driver nya batalin ngoder lg jadi 157 rb edaaan ini harga terlalu nyekek leher mendingan uninstal aza lah
,Setiap kali dapet driver tapi tiba tiba batal dan gopay tidak kembali ANEEEEHHHH BANGET... Kalau batal gopey seharusnya tidak terpotong DOOONG!!!!!!
,"Setahun menggunakkan gopay, ada beberapa update yg membuat costumer tidak puas"
,"Sy kirim uang ke Bang Jago Indonesia dr jam 03.37 sampe skrg jam 03.59 status masih di proses Ngga ada kompensasi kaya apk Dana, di sana klo 5menit blm di kirim lsg dpt kompensasi dr apk Dana Lah ini pending sampe 20menitan. Lama bgt tf gopay ke Jago"
,"Pesan gofood driver kelewat terus, sistem maps nya kalah canggih sama si oranye mereka mah gak pernah nyasar, padahal udah di tap di maps tapi tetep aja ngikutin titik pengguna yang sangat tergantung sama kekuatan signal. Update dong sistem maps nya, kasian driver nyasar terus."
,"Saat mau topup gopay di driver, selalu ditolak dengan alasan tidak ada saldo, padahal itu bagian dari fasilitas untuk user gojek agar tidak ribet top up di tempat lain"
,Lelet dan lama banget driver sama aplikasi sama aja lelet
,Kok saya dipilihin drivernya selalu di tempat antah berantah padahal dekat loh
,Alhamdulilah bisa berangkat kerja lancar dan tidak telat
,"Sering bug, pas gofood seharusnya udah dijalan anter tapi keterangan masih diwarung, pas mas nya dah mau sampe 2 menit baru berubah notifikasi nya🗿🗿🗿"
,"Terimakasih, selalu di jemput dan di antar tepat waktu"
,"Lebih ditingkatkan lg pelayananny, dan discoublnt diperbanyak"
,Pelayan ramah dan cepat
,"kecewa dgn gojek gofood kmrin saya melakukan kesalahan order karena voucher yg gak otomatis terpasang. saya merasa dirugikan atas hal ini. sengaja saya gak angkat telpon karena gak mau ribut cuma masalah begini, sampe2 tetap saya tunggu orderan dan menunggu untuk sistem dari gofood itu sendiri. saya cuma mau sampaikan keluhan ini mohon untuk layanan yg terbaik karena hal2 seperti ini tdk harus mesti terjadi. best regards."
,"Aplikasi yang tidak berguna sama sekali, aplikasi eror dan tidak bisa di download selalu terhenti sendiri dan tidak bisa di intal"
,"Saya melanggar apa coba, sampe transfer antar akun gopay aja di blok/di non aktifkan.. Uninstall aja aplikasi kaya gini mah.. Pindah ke aplikasi lain aja yu si oren ga banyak neko2"
,"aplikasinya bagus, banyak promo juga 👍"
,"Tolong kepada direktur gojek, setiap driver motor nya dikasih jas hujan..hujan gerimis kecil aja susahnya minta ampun buat antar ibu saya..saya pakai aplikasi dari tahun 2016, baru kali ini dibuat kesel.minta di cancel lah kejauhan lah,..tolong diperhatikan."
,"Aplikasinya semakin lengkap, mw apapun dilayani oleh gojek. Good job💗💗💗"
,"Tranfer Saldo gopay ke rekening Bank, transaksi berhasil dan saldo Go pay langsung berkurang tp ga masuk.ke rek Bank, coba complain suruh nunggu 4 hari, setelah 4 hari saya cek blm juga masuk ke rekening Bank. Tranfer kok prosesnya lama banget, jadi males pakai Go Pay."
,"Parah ya skrg pakai aplikasi gofood blm apa"" pakai promo gk bisa,,dikit"" promo dibatalkan.sistemnya gmn sih kok skrg jadi gini.maaf ya kasih bintang 2 cz gk rekom kyk dlu."
,Praktis mumer and cepat saya suka
,"Udah langganan di gojek gara"" promo bisa digabung tapi sekarang sudah gabisa,percuma punya promo"
,Kalo bisa kasihan driver di kasih orderan banyak yg nongkrong drivernya
,"Aplikasi ini makin parah, saya ganti nomer baru, lalu setelah update harus masuk lagi pakai nomor lama, sedangkan nomor lama sudah gak saya pakai, kode OTP hanya bisa melalui SMS dan WA, gak ada melalui Email, otomatis saldo Gopay yg di nomor lama akun lama ya gak bisa kepake, malas lama lama pakai aplikasi ini, masih mending MAXIM atau GRAB."
,"Estimasi waktu baik, ramah, safety."
,"Beban layanan lebih dari 20%,konsumen bukannya untung tp malah buntung,layanan lebih buruk dari apk lain......mending pake grab,indriver,atau maxsim aja deh....rekomended"
,"Sebaiknya jangan hanya fitur masuk menggunakan nomor SIM saja tetapi melalui akun juga, untuk pemulihan akun yang sudah terkait nomor lama atau nomor hilang sangatlah susah, memang aplikasi bagus tapi ada beberapa kekurangan terutama di pemulihan akun agak susah, padahal aplikasinya cukup membantu untuk pesan berbagai jenis kebutuhan, di next update tolong tambahin fitur masuk Aplikasi GO-JEK menggunakan akun dan tolong cara pemulihan akunnya dipermudah. Terimakasih..."
,Bagus ramah enak bawanya
,"jujur aj gua suka bgt sm gofood nya cuman gua ga suka aja sm apk nya, gua topup satu juta eh ga masuk ke akun nya padahal nomor sma nama nya dh bnr trs jga ga di respon sama pihak gojek nya jd males lgi buat pake apk ini."
,"SERING kali dapat pengemudi minta nya offline melulu akir2 ini katanya biar gak dipotong jasa aplikator bayar nya sama,,,lalu untuk apa guna nya saya topup gopay,,, ada apa sii sebenernya digojek"
,Baru pertama kali menggunakan aplikasi ini ternyata sangat mudah dan membantu buat kita2 yg sedang mager mau keluar rumah. The best...👍👍
,"Masih sering dapat driver yang jauh dari lokasi dan buat menunggu lama juga tidak jelas...sering driver cancel karna kejauhan sama lokasi orderan,sering di abaikan/di diamkan saja... Konsumen kan pakai aplikasi,karna mau cepat dan simple...ini malah ribet... Tlp bantuan ke CS nya juga ribet dan juga pakai pulsa... Apakah tidak terfikir untuk yg ngekost/saat tanggung bulan blm isi pulsa... Lebih baik tlp/chat CS yg menggunakan kuota/data saja.... (Hanya saran) Tolong di perbaiki lagi...GOOD"
,"Pesan gocar 6km dibatalin mulu, ma driver Masalah nya kita udah nunggu, dibatalin pas udah dekat. Klo gojek nya Alhamdulillah lancar"
,"halo tim Gojek, saya mau komplen terkait apps gojek. 1. Beberapa hari yg lalu waktu mau pesen goRide tiba² apps loading tanpa henti & akhirnya apps not responding. karna kelamaan tak terbuka, akhirnya pindah apps sebelah. 2. Setelah dicoba beberapa kali, akhirnya uninstall. setelah dicoba & berusaha login pake account lama justru makin menjadi, sudah klik btn_lanjut malah loading terus tanpa henti gak masuk ke page berikutnya. padahal koneksi pake wifi. Tolong bantuannya ya, terima kasih."
,Aplikasinya suka balik ke menu utama sendiri pada saat mau beri penilaian jadinya kasian untuk drivernya baru kepencet satu dua bintang sudah balik ke menu utama. Saya sudah 2 x seperti itu padahal mau kasih bintang 5 karena tidak ada yg mengecewakan eh langsung hilang dan ga bisa dirubah.
,"overall aplikasi ini sudah bagus, cuma mau kasih masukan saja bila berkenan, ada baiknya ditambahkan tool lagi seperti ""my voucher"" di aplikasinya yang memungkinkan user utk lebih cepat mengechek status voucher / reward apa saja yang telah didapatkan/tersedia. karena, selama ini utk mengechek voucher sendiri harus melalui tools ""go point"" dan user juga harus mengklik lagi dibagian atas layar utk melihat status voucher yg dimiliki, yg menurut saya itu terlalu bertele-tele. terima kasih"
,"Punya diskon banyak, yang kepasang cuma satu. Mana yang paling kecil pula yang kepasang, katanya diskon yang paling oke yang terpasang. Padahal minimal order dan metode pembayaran untuk diskon yang lebih besar sudah terpenuhi. Itukah yang dibilang diskon paling oke? Gini terus uninstall ajadah. Intinya aplikasi ini sudah tidak direkomendasi alias mengecewakan."
,"Aplikasi ini jdi jelek, yng awal nya bagus bisa bersahabat dgn pengguna yng tdk bisa melihat, skrg malah kurang akses lg dgn pembaca layar, udh ukuran file nya terlalu besar, masuk ke aplikasi nya jg sangat lambat."
,"Waktu di buka aplikasinya lama nya minta ampun, yg muncul tulisan ""gojek"" aja langsung nutup lg.. Alhasil, gak bisa digunakan krn tidak muncul menunya/beranda.. Nyoba di up date: ada keterangan sdh terinstal.. Ajaib, sdh pasang aplikasi tp ga bs digunakan.."
,"sebenarnya sangat membantu,tapi ada ganjalan yg sangat mengganggu sekali....kenapa jarak yang seharusnya kisaran 1-2 km bisa menjadi 8-9 km di aplikasi...minta tlg direvisi untuk rute perjalanan,knp harus muter melingkar dr titik jemput ke titik tujuan..padahal realitanya driver juga menempuh jarak terdekat(1-2km) untuk mengantar"
,"Bagus sih, tapi jujur aja , yg spin tokennya agak kelihatan CURANG dan LICIK , misalnya: ada 2-3 kesempatan biasanya keluar dua digit(40 - 70+) tapi kalau misalnya kesempatan spinnya disimpan2 seperti 30 ataw 40an spin, angka yg di dapat Rata rata satu digit (1,2,3,4-9) atw kadamg kadang 2 digitnya jg cman 10-30,. Amgka2 besarnya cman numpang lewat doang tapi gak perna di dapat"
,"Jani begidi, kalau dirasa ada fitur yang kurang merepresentasikan mbok ya dihapus, bukan malah dibiarkan menjamur di aplikasi. Performa dan efisiensi berjalannya aplikasi sangat terganggu, belum lagi update yang sizenya tidak sedikit tapi tiada perubahan berarti. Ditingkatkan lagi itu bukan berarti menambah fitur, melainkan menjalankannya dengan efisien. Satu lagi, pas install bisa disambi nuntasin kasus Novel Baswedan!"
,"Pesanan gk lengkap,, menghubungi CS,, tapi tanggapan gk profesional... Padahal kesalahan ada di pihak Resto dan driver... Driver nya juga langsung tidak bisa dihubungi"
,"Jngan pake dompet digital ini!!! Saldo saya sudah hilang 2kali,, Dan ga ada pertangung jwaban dari pihak go pay,, jangan pakia apk ini!!"
,"Aplikasi nya dah bagus kak, saran aja buat yang komen....kadang kala hp sering error karena penggunaan yang kurang terawat dan penyimpanan yang melebihi kapasitas, sistem yang memproses jadi lemot atau tidak bisa jalan atau bahkan berjalan tanpa perintah... Akibatnya kalau lagi buka app gojek jadi ikutan error'. Tetep semangat gojek!! Tingkatkan pelayanan dan kemudahan juga bagi driver atau pegawai lapangan nya!!! Fighting!!!"
,Sekarang jadi gak enak kalo dulu mau tarik tunai gampang
,"Tolong, saya pesan go food knp tdk bisa di cancel? Aplikasi salah baca lokasi saya. Karena baca posisi saya sebelumnya. Padahal sudah aktifkan lokasi di hp. Saya coba telfon customer service nya katanya sibuk. Padahal makanan keburu disiapin penjual. Mohon ditanya dulu posisi sekarang, bukan hanya posisi tempat makan tujuan apabila aplikasi belum bisa baca lokasi pengguna. Atau kasih pop up untuk cek ulang alamat dan lainnya sebelum pesanan dikirim ke penjual."
,"Tingkatkan lagi aplikasinya, terkadang tidak bisa chat dengan driver terkadang yang muncul SMS biasa. Kalo bisa ada fitur seperti tetangga sebelah yang langsung mesan driver tanpa pesan seperti biasa biasanya."
,"Uang saya tidak bisa ditarik tapi masih bisa digunakan untuk bayar makanan di Alfamidi, beli pulsa dan paket data. Aneh padahal dulu saya bisa tarik saldo setelah upgrade jadi gopay plus tapi menunya gak ada setelah update. Saya juga gak bisa ganti password/pin dengan mudah seperti dulu lagi. Untungnya pernah saya catat di buku lama kalau gak ya tidak bisa pakai saldonya. Tolong lah dikembalikan fitur sebelum nya padahal sudah sangat bagus."
,"Notifikasi buat bikin PIN di halaman utama gamau hilang. Karna nomer yg lama udah mati jadi gabisa bikin PIN nya & gak ada alternatif semisal lewat Email/yg lainnya. Terpaksa stop pakai aplikasi ini karna kendala tersebut. Padahal sebenernya enak,& mudah pakai nya."
,"Ini kenapa susah banget upgrade nya ya? Pada saat foto selfie maupun ktp tidak bisa milih titik fokus, udah berkali"" nyoba tapi buram terus. Make device yg beda pun kadang"" ke kamera depan atau belakang."
,"So far ga ada masalah sama apl ini, cuman kalo bisa sediakan fitur pembayaran lebih awal di gopay pinjam dengan nominal berapa saja. Jadi lebih enak, kalo ada duit bayar dikit2..."
,"Parah, setelah diperbarui peta lokasi knp gk sama, drivernya udh nyampek tp maps nya msih d perjalanan. Dan peta lokasinya gak bisa diperbesar, beda sama versi sebelumnya petanya bisa diperbesar. Tolong diperbaiki lagi !!!"
,"Saya pengguna go-jek sudah lama, tapi kalau boleh saya nyaranin petanya yang lebih lengkap dong, seperti peta satelit pada Google Map yg lebih lengkap. Jadi nyari tujuannya lebih gampang, dan drivernya pun gak pusing-pusing nyariin yg pesan GO-JEK. Kalau petanya sudah lengkap, saya penuhin bintangnya jadi 5. Sukses buat GO-JEK!"
,Aplikasi GOBLOQUE! Emang GA BISA yaa? Kalo transfer ke nomor GoPay itu ga perlu sembunyikan sebagian karakter nomor HP dan nama user GoPay? Lagian itu transaksi cuma tersimpan di akun pribadi. Ngapain jg pake disamarkan nama dan no.hpnya? BAHAYA kalo seandainya lagi buru2 bisa2 salah nomor & nama penerima. Idiot banget...!
,Aplikasi TERBANGSAAAT saat ini Order go food padahal didekat resto banyak driver tapi resto mencari driver sampai 30 menit begitu pesanan sampai sudah dingin Untuk APLIKASI driver MALAH SISTEMNYA LEBIH BIADAB lagi Banyak driver yang nganggur ber jam2 tapi di sisi lain resto susah cari driver INILAH BUKTI NYATA BAHWA SISTEM GOJEK ITU BANGSAAAT dan BIADAB!!!!!!
,"Sebelum di update sudah ada ""BUG""nya, setelah di update malah tambah banyak!!! Mau logout malah tidak bisa, layar tertutup tulisan-tulisan TIDAK JELAS, tidak bisa di geser atau dipindah!!! Mana secara tampilan tidak ada perubahan, fungsi-fungsinya masih sama. Lama-lama aku UNINSTAL aplikasi ini!!!"
,"Ongkos terlalu besar beban customer,voucher juga semakin sedikit yg keluar, kasihan driver jarak jemput terlalu jauh dapat orderanya"
,"Kenapa promo di gofood saya hilang semua, masak iya semua resto gk ada promonya, masak hilang semua promonya bgtu saja stelah sya update."
,Lokasi sering tidak terdeteksi. Pengaturan lokasi dan izin lokasi sudah aktif tetapi kenapa selalu muncul notif dri aplikasi minta untuk mengaktifkan lokasi.. Setiap mau pesan pake gojek harus uninstall dan install lgi aplikasi nya baru mau mendeteksi lokasi. Padahal 2 apk ojol sebelah bisa mendeteksi lokasi saya. Bagaimana ini pengelola dan pengembangnya?? Tolong diperbaiki.
,Aplikasi gofood yang baru sekarang tidak bisa double promo seperti aplikasi versi 4. Jadi percuma ada promo gofood
,Ngasi promo flash sale tapi ga bs dipake.. offers eror.. ga niatt bgt
,"Tolong ongkir jangan terlalu sering berubah-ubah, mau pesan gofood awalnya ongkir 12rb begitu saya tunda untuk pesan karena cek wa, ongkir jadi naik 12.500. Saran saya jika ada kenaikan ongkir dikonfirmasi dulu ke customer"
,gojek kenapa semakin update semakin eror aja sistemnya setiap saya order saya selalu dapat yang jauh
,Mantep aplikasi nya sii tapi kok kadang suka terlambat ngrim cht nya
,"Update balance todak masuk2, admin nya di komplain, tutup permalasahan, tidak bertanggung jawab"
,maaf bintangnya saya kasih 3 karna kalo pesen makanan harga ongkirnya bisa 2x harga makananya
,Buat biaya lainnya itu ngotak dikit saos 1.000 kalau ditambah biaya lainnya jadi 10.000 lu niat ga si? Dear developer✈️😜
,Buset dah banyak bgt sih bug nya
,"Drivernya makin sengsara , enak kan kalo coment disini cepet ditanggapin , coba kalo buat driver boro2 ada yg nanggapin . Seharian driver gadapet order aja mana ada yg peduli pihal aplikator , taunya nyari untung doang ."
,Promo diakunku gada sama sekali
,Ongkir lebih mahal. Maps ngaco. Pengantaran bareng pesenan lain yg gak searah.
,Aplikasi versi yang sekarang sangat membingungkan. Mohon di rubah ke versi yang lebih baik
,Makin susah utk menentukan titik alamat tujuan tidak seperti dulu. Makin ribet. Jadi males mau pakai jasa goride/gocar.
,"Enak si , belum pernah nemuin kendala apapun, top up pulsa/paket data, voucher game masuk semua. Cuma habis update jadi rada bingung tampilan berubah penuh tapi ya bisa adaptasi si."
,Sangat membantu sekali dengan adanya aplikasi ini bagi saya dan keluarga
,kenapa upgrade gopay plus sudah 1*24 jam belum ke upgrade jga
,"Parahhh lagi buru buru, servernya malah nge lag"
,Sangat membantu. Tapi di daerah muncar banyuwangi susah sekali cari driver
,"pinjem gopay letter cuman 64rb tgl 24januari.. tiba tiba ditelepin hari ini tgl ( 3 februari), saya telat dan sudah kena denda 2 hari..... jiji banget ini sistem.. kok lbih2 dari pinjol ya jiji bgt.. kaget sumpah.. ga nyampe 2 minggi tuh.. saya mati-matian selalu menjaga baik nama saya di BI checking.. eh nanti rusak gara2 kejadian aneh gini.. buat siapapun yang baca .. mending jgn gunain paylatter gojek.. kasih tenor.. jgn ditentuin pinjem kapan saja harus byaar tgl 1.. saya laporkan sistem"
,Pelayanan sangat jelek top up saldo lewat minimarket sudah 2 hari tidak masuk
,Saya mendapat masalah gopay pada saat memilih metode pembayaran dan saya disuruh mengupdate gopay dan saldo saya cukup tapi masih tidak bisa
,Satu dulu karena transfer melalui scan QR selalu gojek terhenti....udah di laporin tapi masih gitu aja
,Main blokir gopeyleter padahal selalu di bayar.lebih baik tutup saja aplikasih nya.
,Aplikasi bisa jalan sendiri sebelum persetujuan search driver.. Dan ongkir jadi berkali2 lipat.. Telp ke CS jawabannya ketus dan tidak mau mendengarkan bug yg terjadi.. Sungguh keterlaluan dan terlalu memonopoli.. Kecewa sekali.. Lebih better GRAB meski tak ada promo2 tapi JUJUR... Udah gitu mau cancel ngk bisa padahal itu ongkir BUG dri sistem kalian.. ANEHHH....!!!!
,Sangat ramah dan sopan
,"Kenapa ya sudah banget buat upload foto ktp saat mau daftar gopaylater? Jadi setelah klik tanda ceklis, malah balik lagi ke menu awal. Sedangkan kalo mau upload foto selfie nya mudah. Langsung bisa keupload dan tetap di halaman itu. Bintang akan saya ganti kalau kendala saya sudah teratasi . Terimakasih"
,"Kemarin-kemarin bagus sopirnya, tapi malam ini ngeri naik goCar, Drivernya nyetir sambil telponan melulu, udah gitu gak pakai masker, jalannya muter-muter, duduk diDepan seatbelt tidak terpasang dengan benar katanya ""gak pp"". Parah bener... jadi ngeri-ngeri sedap naik goCar."
,Tolong aplikasi nya diperbaiki lagi supaya tidak gampang down!
,"Weh ini gojek kenapa dah, tiap hari ada tagihan 182 rb terus di jam sama jam 02:26 mau siang atau pun subuh selalu minta tagih padahal gk beli atau langganan apa apa tapi selalu minta tagih. Gojek makin sini makin gak jelas untung gk ada saldonya kalo ada tbtb ilang 182 rb mau nangis aku, sampe sekarang juga masih minta tagih, tolong dong pihak gojek ilangin permintaannya aku dah cek google email emg gk ada pembayaran apa apa tapi tetap ada tulisan pengiriman dana gagal ke google play, gk jelas"
,"Mohon bantuannya kenapa gopay saya tidak ada menu tarik tunai nya Saya kasih bintang 3 dulu,kalo dh bisa bintang 5 Mohon bantuannya terimakasih"
,"Tepat waktu,kebayakan ramah,sopan drivernya 👍"
,"Saya menggunakan gojek utk dompet digital sdh sejak beberapa tahun lalu, dan sdh upgrade ke gopay plus sdh 4 atau 5 tahunan lalu. Selama ini utk transaksi transfer ke bank ataupun belanja digital oke2 saja, walaupun terkadang ada sedikit kendala, tp itu tidak apa, Tp hari ini, saya mau transfer ke bank, situasi penting banget, aplikasi menolak dgn penjelasan spy upgrade dulu ke gopay plus, maksudnya apa?????, dan parahnya lg setelah beberapa kali di upgrade dgn foto e-ktp gagal trus."
,Saldo ditahan . Cs gak ada respon. Gak ada penyelesaian. Sangat menyepelekan customer. Bagi kalian mungkin uang segitu kecil ya sampe gampangin banget. LUAR BIASA. KEMBALIKAN UANG SAYA! Nb. Sudah laporang tidak ada respon yg membantu
,"Biaya jasa aplikasi membebankan kami buat mesan blom lagi di tambah biaya parkir, bisa bisa berpaling ke shopee food ni yg tidak ada biaya aplikasi nya"
,"Untuk masuk aplikasi terlalu ribet, katanya aplikasi anak bangsa, saya tidak bisa masuk akun saya padahal email sudah pernah daftar, kalau aplikasi sebelah meskipun email sudah pernah terdaftar masih bisa masuk padahal bukan punya anak bangsa... Saran: masuk akun di buat salah satu (email atau nomer HP) selanjutnya di perbaharui setelah masuk akun."
,"Setelah update aplikasi jadi error. Kadang muncul tombol eksplor kadang ilang jadi tombol 3 garis (lainnya). Dan tidak bisa transfer ketika ada tombol eksplor. Ketika login ulang, tombol eksplor menghilang jadi tombol 3 garis, tapi jadi bisa transfer. Setelah beberapa saat kemudian muncul tombol eksplor lagi, dan kembali tidak bisa transfer. 🥵🥵"
,"Biasanya saya pake go ride hemat ke kampus 8K sekarang naik jadi 10K, papan iklan dijalan juga bilang 8K bisa kemana mana, tapi malah gini. Monopoli perusahaan besar bisa gini juga ya hahahah"
,"Saya belum pernah isi data, tahu2 ada data yg tidak sesuai dengan data saya... Tidak bisa dirubah, CS juga slow respon... Jadi mitra koq dipersulit, tolong kalau beri peluang pekerjaan yg mudah di akses dan pasti2 aja... Thanks"
,Utk gofood sekarang terlalu banyak biaya. Harga makanan sudah di markup kena biaya layanan pula
,"Overall sangat bagus, UI nya jg rapi, keep up the goodwork, jgn pernah berhenti berinovasi"
,Halo saya adika gans nama asli adika britanto. Kenapa aplikasi nya bagus tapi Pas di buka jaringan otomatis mati dan keluar dari aplk nya padahal pas dah keluar dari apl. Langsung nyala lagi otomatis tolong update lebih bagus lagi supaya pemakaiyan lebih cepat dan bagu karena semua apl. Sama seperti ini tolong perbarui lebih lancar trima kasih!
,"apl nya bagus sayang drivernya banyak yg ga tau diri bentak2, dan ga sabaran lebih diseleksi lagi deh untuk drivernya lama2 juga males kalau ketemu driver kek gitu"
,Super ribet kalau mau pake promo gofood
,Sekarang promo go food untuk cash atau gopay nya sudah jarang ada promonya.. Promonya pakai coin saya kurang paham promo koin..sekali nya ada harus ada min. Ordernya .ribet deh.tolong Adain promo discon lagi dong yg tanpa min order thx
,"ngga suka klo semisal lagi kondisi darurat, bukannya klo aplikasi begini seharusnya bisa mengatasi, semisal aja hujan go ride ya mana ada yg mau, trus saya pernah pesan go car, saya ngga jadi pesan saya cancel, malah drivernya nge wa saya mbilangin saya ""asu"", klo kaya gitu kan bisa di cancel sendiri ngga perlu pakai cara kasar kecewa saya"
,"Saya mau ganti nomor karna nomor lama saya sudah tidak aktif dan email saya juga sudah tidak bisa dibuka karna gmail minta verifikasi lewat nomor lama dan saya baru ganti hape baru saya lupa untuk mengganti nomornya sebelum ganti hape, mohon bantuannya pihak gojek untuk mengganti nomor saya tanpa verifikasi email karna saya tidak bisa login ke email tersebut. Terima kasih."
,"Tarif gojek sekarang makin ngadi-ngadi, masa jarak gk sampe 1km lebih dari 30000. Tolong dong diperbaiki"
,"Selalu dapat driver yang jauh jauh banget. Untuk gofood, gocar, ataupun goride. Kasian drivernya jauh jauh jemputnya atau ke lokasi restonya, costumer pun jadi lama nunggunya!!!"
,Klo bisa semua drivernya harus pake jaket khusus gojek jgn ada yg pake jaket biasa trs juga kadang plat nomer beda jdi ragu .terima kasih
,"baik bagus ramah, apknya juga membantu"
,"Versi terbaru kenapa jaringan lemot sekali, mau pesan gofood aja muter2 terus ga jelas."
,"Aplikasi nya g jelek si tapi sumpeh ongkir makin mahal, nih kan lu dah naikin harga makanan masa ongkir nya gede banget g ngotak"
,Ini gimana mau bayar paylater -.- setiap buka aplikasi. Terus trussan nge close sendiri . Sinyal WiFi full. Di coba pake Kouta jaringan full . Sampe di coba hp di setelan pabrik. Masih aja forced close. Parahh . Jangan sampai pelanggan berpergian 😤
,"Fitur resto terdekat ga akurat,yang muncul yang jauh... Harus scroll buat cari jarak benar2 terdekat"
,"biaya layanan & lainnya kurangin, mahal bangeeettttt"
,"Gojek di hp gue gak tau fungsi y sekarang buat apa ,,,,tiap pesan gojek pasti sama driver y pada di batalkan alasan waktu jam sibuk begitu aja terus jd sekarang sering y balik lg pake jasa opang"
,"Sangat kecewat tidak ada solusi, selalu dijawan telat diselesaikan padahal tdka ada penyelesaian. Hrs bagaimana? Apalikasi yang tidak melindungi customer. Gojek Parah👎🏻👎🏻👎🏻👎🏻👎🏻👎🏻👎🏻👎🏻👎🏻👎🏻👎🏻👎🏻"
,"Ada berapa bagian aplikasi yang tidak bisa di buka, seperti ada kesalahan jaringan padahal buat nonton video lancar aja"
,"Jujur tampilan aplikasi penumpang sangat jelek. kenapa? Karena sulit (tidak mudah) mengisi lokasi penjemputan dan tujuan. Langkah-langkah memesan tidak sebaik awal, system aplikasi gojek sekarang sangat menjengkelkan. Penumpang di minta terus beradaptasi dengan pembaharuan padahal cara pemesanan lebih mudah seperti dulu. Saya berulangkali harus menentukan titik lokasi penjemputan secara manual maupun auto, map tidak bisa dipencet untuk di tentukan. Fitur alamat yang di save tidak jelas."
,Diskon resto 35% + cashback koin tiba-tiba menghilang. Semua resto tiba-tiba gk ada promo. Sangat rugi sekali sebagai pengguna setia gojek. Uninstall aja lah males sama gojek. Udah buat laporan tetep aja jawabannya gitu gitu aja. Gak ada penyelesaian.
,"Cukup membantu top up nya juga gampang, tapi klo di bandingin sama m*xim lebih murah itu tp lama nunggunya"
,Ini yang kedua kali transaksi pembelian pulsa kuota HP.. Gagal lagi.. Saldo terpotong..Kalo komplen yang jawab komputer.. Aplikasi sialan
,"Tarif baru terlalu mahal, biasa cm ngeluarin ongkos 4 rb untuk sekali pergi, sekarang jadi 9 rb. Pengeluaran buat ongkos doang meningkat 2x lipat. Padahal dulu pake aplikasi ini karena ngerasa bisa jd solusi buat ngehemat ongkos. Kecewa sih"
,"Ngetag blok/nomor perumahan selalu tidak pas, tdk sesuai titik. Padahal di aplikasi sblh bisa :("
,"Hampir semua harga makanan dinaikan oleh pihak Gojek dan naiknya terlalu banyak. Ongkir tinggi, harga tiba2 berubah. Yaa.. lumayan membantu untuk melihat menu makanan, tapi kita pesan dgn aplikasi lain. Jauh sekali perbedaan harga dan obgkirnya."
,Akun lama sy hilang no hp nya tpi blm terferikasi email apa bsa di aktipkan kembali. Hilang no nya udh lumayan lama 1thn lebih.
,"Maaf admin, kenapa kompensasinya gak sesuai dengan harga nya, malah lebih murah dr harga normal nya,"
,Perlu di tingkatkan penjemputan biar gk lama waktu tunggu
,Aplikasi nya setelah updet banyak konten gak jelas gak perlu .. sekarang saya klik pembayaran tapi menu nya gak muncul dan di cari kemana2 gak ketemu sekarang mau bayar tagihan seperti bpjs .listrik . Air . Pulsa jadi sulit .. kalah sama grab menu pembayaran nya mudah di gunakan
,Tarif semakin mahal ...dh gtu untuk gofood jg gak sepadan antara harga makanan sama ongkir gk seimbang
,"Dear gojek..pagi ini saya rcna akan pesan via gofood, total harga makanan Rp30.000, ongkir dan biaya app Rp 14.500. Stlh ity saya membeli LANGGANAN makan minum sepuasnya Rp 19.900. Saat saya kembali ke menu gofood untuk mlnjutkan order di wrg yg blm selesai tadi....kenapa harga ongkir dan biaya app yg tadinya Rp 14.500 bisa berubah mnjdi Rp 34.500??? Hanya dlm waktu bbrpa menit stlh saya membeli paket LANGGANAN? Artinya harga bisa BERBEDA....kali bgitu apa manfaatnya beli paket LANGGANAN??"
,Saya kasih 3 krn bagian chat error saya udh kirim tp ceklis 1 trus dan tdk terbaca oleh driver nya.. anehnya chat driver nyampe ke saya..
,"Mau tanya kenapa akun saya jarak dekat diminimalkan 15rb, ini selalu ya. Ga pernah dibawah 15rb. Sedangkan teman saya dekat minimal 10rb???"
,"Sangat membantu,bagi sy terutama paket pulsa dan data nya banyak diskon.ok dah pokoknya..."
,"Gopay later dari Findaya sama saja dengan pinjaman online yang lain dan sangat merugikan dan menjengkelkan. Alasan.. 1. Sejak terbaca bulan november 2022, akses findaya saya selalu ditolak dan baru bisa diakses hari ini saya tulis postingan ini. 2. Pemberian pinjaman terdahulu yang sama sekali tidak jelas dan tanpa informasi yang pasti. 3. Tidak adanya pemberitahuan biaya denda keterlambatan pembayaran. Saya hanya mau membayar jumlah pinjaman dasar tanpa biaya denda."
,"Fitur yang buruk. Salah 1 resto di gofood tiba2 menunya tidak ada, tapi sebelumnya saya sudah add 3 jenis makanan. App nya bilang katanya hapus dulu menu nya, tapi dipencet tanda minus gabisa meski waktu dipencet tombol lain bisa. Malah menyusahkan kalau mau order di resto lain."
,"Fitur baru driver bisa kirim 2 pesanan sangat buruk! Pesanan makin lama tiba karena harus mengirim 2 tujuan yg berbeda, fitur ini merugikan untuk pengiriman tujuan yg kedua! Hapuskan fitur ini👎"
,"setelah transaksi terakhir goride saya, saya tidak diberi kembalian oleh driver alasannya dicarikan tukeran uang ternyata ngga balik, setelah kejadian itu tiba"" apk gojek saya tidak bisa dibuka saya sudah uninstal dan coba instal lagi berulang kali tetap ngga bisa, selalu loading terus sampai sekarang. gajelas bgt!!"
,Ngebug riwayat lokasi sering tidak muncul
,"Bru pertama kali mau tarik di atm, malah ga bisa tarik tunai katanya. Lagi perlu bgt lagi duit mendesak, malah gini pelayanannya. 👎👎👎 Trpaksa cari cara lain yg ribet dan motong biaya admin bertubi2."
,"sangat mudah digunakan, sangat membantu"
,"semakin memburuk, semakin mahal semakin kayak gak jelas ☺ bonus d larikan ke gopay coin tapi ada batas atau tidak juga gak tau, cuman skrng tiba2 hilang ☺ sumpah semakin jelek"
,Lag pada aplikasi saat pemesanan dan tidak bisa mesan padahal masukan pin bener berulang kali dan log out sendiri
,"gajadi b5 . udah di up ke gopay plus kok tiba tiba reset sendiri ke gopay biasa lagi , pas waktu butuh butuhnya jadi nunggu 1 hari lagi untuk transaksi setelah acc . biaya admin layanan gofod tolong kondisikan."
,"Kenapa sekarang app gojek ga bisa di buka ya ? Udah saya coba uninstall lagi tapi ..masih ga bisa . Tolong segera di perbaiki, makasih"
,"Gojek sudah penah daftar ktp. Sekarang daftar ktp lagi. jangan keamanan data terjaga. Hilang karena tidak di backup atau hack oleh hacker. Apa tanggung jawab pihak gojek. Saya akan pakai gopay karena data ktp tidak di jaga ujung kita registrasi ktp lagi. Tingkat keamanan dan backup server buruk tak bermutu. Harus server perbanyak jangan iklan perbanyak. Sdm masih tak bermutu. Jangan bilang lagi sinkronisasi dengan Tokopedia, bank jago. Itu alas itu kalian tak bermutu menjaga data user."
,"Aplikasi ga jelas, akun sudah level juragan, kan otomatis dapat voucher go club pas dipakai buat top up game malah akun diblokir semua voucher hilang. kesalahannya dimana juga ga di beri tau sama cs nya. Bintang 1 saya rasa lebih dari cukup"
,"Saya ini akun dari mulai gojek ara di tahun 2015... Sudah upgrade juga ke premium.. Selama ini jarang sekali ada masalah... Tapi bulan lalu tiba tiba SEMUA VOUCHER yang saya punya bahkan diskon ONGKIR 4RB yang sudah biasanya ada OTOMATIS di GrabFood pun.. tiba tiba hilang.. Bahkan pernah add voucher GO-BOX.. sudah berhasil tapi di MY VOUCHER TIDAK ADA.. sudah KOMPLEN berkali kali dan menanyakan alasan soal masalah akun saya.. TAPI RESPON SANGAT AMAT BURUK, TIDAK ADA PENJELASAN..sangat kecewa"
,Waktu refresh untuk verifikasi nomor rekening terlalu lama
,"Min gmn cara agar login gojek biyar GK lewat link tapi lewat OTP ajja, soalnya nomer ada di hp jadul, GK bisa buat android, jadi GK bisa masuk 😭😭"
,"Makin ke sini ini aplikasi makin sering error. Pesanan makanan sudah masuk resto tinggal nunggu driver malah error fitur pesan-antar nya. Coba lagi harga sudah naik, error lagi, coba lagi naik lagi.. error lagi. Gitu aja terus karena strategi marketingnya kali ya.."
,Aplikasinya makin lama makin buruk Orderan sering ilang
,Aplikasi kurang stabil masa upgrade aja susah banget ....untung di saldo GO-PAY ada sedikit gimna ada banyak pasti hangus
,"Ini tolong lah masak iya ongkir 11k masih harus bayar biaya lainya juga 3k,padahal ga ada hujan juga ongkir tetep 14k terus Tolong lah di kurangin ongkirnya"
,Terimakasih selama ni selalu memuaskan ..sukses selalu buat aplikasi gojek
,"Mantap buat kebutuhan sehari-hari, dan gak ribet"
,"Cukup nyaman, apalagi kalau selalu update rute. Sehingga jarak tempuh bisa lebih singkat dan lebih cepat sampai dikantor. Saat ini rute lebih panjang dan berputar-putar padahal ada rute yang lebih pendek dan aksesnya mudah."
,"Apknya udh bagus sih... Tapi knp ya sekarang sy kalau mau pesan gocar/goride kaga bisa... Malah ngelag"" padahal koneksi sy bagus aja... Pas buka mapnya itu lho malah gambar mapnya gak gerak sama sekali! Malah diem aja gambar mapnya... Trs juga mapnya gak bisa digeser"" gk ky biasanya.... Memori sy padahal gak penuh lho,,, tolong ya developer diperbaiki apknya..."
,"Cepat, Tepat, dan Selamat"
,Padahal udah langganan bat dg apk ini. Tapi baru2 ini gofood nya gak bisa pakai 2 voucher. Padahal sebelum nya masih bisa dan sekarang harus pilih salah satu vocher aja. Dan titik antar nya selalu gak sesuai dan di set setiap saat. Trimakasih
,"Lebih praktis & mudah applikasi yang sebelum-sebelumnya jika ingin transfer ke applikasi gopay orang lain,.....applikasi gopay yang sekarang terlalu banyak konten & iklan, pilihan menu yang betele-tele / tidak praktis, malah menyulitkan penggunanya,...KEMBALIKAN APPLIKASI GOPAY VERSI YANG SEBELUM-SEBELUMNYA.....!!!!"
,Kak saya baru buka hari ini. Tp di go food ga ada kolom promo yg tersedia dimana2. Kemana ya kak. Biasanya ada kolom promo kita bisa pilih yg diskon cashback atau gratis ongkir dll
,"Membantu banget si gojek buat kaum mager kaya saya. Mau makan, mau pergi, tinggal klik doang. Tapi sekarang lumayan mahal ya tarifnya. Saya pribadi menganggapnya semoga aja itu demi kesejahteraan para driver, bukan kepentingan perusahaan semata. Terima kasih"
,"Tolong, kalau mau kasi promo, tolong diratakan, jangan dibeda bedakan"
,Masa saat ini semua alamat tujuan tidak ditemukan Tolong diperbaiki lagi
,"Gilaaa gojek ongkir nya mahal bngt jarak gak sampe 1kilo aja ongkir nya 13rb,trs gak ada promo sama sekaliiiiiii"
,kejadian untuk kedua kalinya saya bayar makanan pake barcode gopay tetapi belom masuk dan pihak resto komplain ke saya tetapi setelah saya email pihak gojek malah ribet dan tidak ada solusi padahal udah saya ss riwayat saya dan saldo gopay saya sudah terpotong malah banyak pertanyaan yg kgk masuk akal dan alesan pengembalian dana anda jjur saya kecewa kinerja kantor gojek pada ngapain tuh
,"bukan saya yang suka cancel, tp driver nya yang sering minta cancel karena kejauhan. trus salah siapa ini?"
,"pelayanan gopay sangat lama, transfer ke bank saldonya tidak masuk"
,"Aplikasi memeras anak bangsa semakin lama semakin mahal dan banyak beda sama aplikasi tetangga,.saat ny pindah ke aplikasi sebelah"
,"Buat driver; teliti keterangan di lokasi jemput biar ga nanya2 lagi.sudah dikasih note yg SUPER JELAS, masih nanya. PERLU TRAINING LANJUTAN RUPANYA. KHUSUS TTG LOKASI JEMPUT."
,Tdk bisa di gunakan sudah 2 hari padahal ada saldo 32.000 tp tdk bs transaksi 😭 Nyesel di Update ke premium malah eror terus
,"Makin kesini makin banyak menu2 yg ga penting dan justru malah bikin bingung, trus tampilannya keliatan penuh bgt kurang efisien ga kyk dlu. Beranda nya rame bgt kek pasar malem huhu. Kdg juga ribet mau pake voucher yg ada, ga langsung auto pakai. Pernah pesen pakai hrga normal padahal punya voucher discount krna ga tau ad voucher. Hrs rutin cek voucher. Lebih efisien lg dong menu2 nya kyk dlu pliss."
,Skrng dengan fitur baru knp malah susah di gunakan ..di tekan berkali2 lemot. Kirain sinyal hp saya yg eror .. ternyata aplikasi nya yg lemot. Msh lebih baik fitur yg lama lebih gampang di gunakan. Mohon diPERBARUI LAGI APLIKASI nya.
,Aplikasi nya tambah parah ancur.. TF aj mesti nunggu sampe Berjam jam blm juga masuk padhl bank online...
,"Aplikasi yang selalu bisa di andalkan di manapun dan kapanpun, sukses buat gojek yang selalu menjaga kualitas performa layanan dengan baik.. 👍"
,Saya mau berhenti pakai gopay later...limit nya kecil tiap bulan ada biaya admin .....limit nya nggak bisa dipakai buat belanja go food dll...
,sering2 promo ya... jangan mau kalah sama yang sebelah. yang sebelah banyak promonya
,"8mnt sampe di apps, mobil gk dtg2 stgh jam, apps goblookkk. Argo bluebird cuma belasan ribu, charge ke user 30rb, paraaahhh"
,Proses verifikasi terlalu lama. Akhirnya tidak bisa melakukan transaksi. Cuma proses verifikasi masa makan waktu 2-3hari????? Mohon verifikasi secepatnya 🙏🙏🙏.
,"Dapat driver selalu jauh dr titik order..yang nunggu manyun, kadang drivernya juga ngeluh..apa kantornya ngga pernah dapat keluhan drivernya?"
,kalau mau pesen makanan / buat perjalanan suka ngga ada promo padahal sering pakai :(
,Tetap di stu bntang karena jenis mobil untuk 3 penumpang dan 6 penumpang sama aja gak ada bedanya yg beda cuma taripnya saja
,Tolong perbaiki titik jemput customer .karna saat buat order tidak sesuai dengan tempat jemput yg sebenarnya .
,"Saya setiap mau transfer seseorang pasti pembayaran selalu gagal, apalagi sedang keadaan mendesak."
,Ini ada go coins tapi kenapa gabisa dipakai? Kalo ga bisa dipakai lebih baik ga perlu ada fitur go coins
,"Gopay makin ga real-time buat transfer, makin lama bukan makin bagus , malah makin amburadul gini sistem nya , perbaiki lah"
,"Sekarang pakai gofood ongkir nya mahal+biaya aplikasi dan harga makanan no jg mahal d aplikasi. Sekarang gojek gak bisa bersaing dengan yang lain, cuma modal jargon buatan anak bangsa aj tapi mencekik"
,Pengemudi ramah.penjemputan cepat.ketika ad jalan di tutup lanvsung bisa cari alternatif rute yg bagus n cepat
,"sekarang ongkirnya jadi mahal bgt padahal jarak dari lokasi di bawah 5km, masa ongkir bisa sampe 34rb"
,"Top up ngga bisa pakai M-banking, ribet harus ke indomaret tolong yaa Apalagi kalau lagi buru buru Ngga bisa juga buat bayar tije, adanya tiket buat kereta aja"
,"bagus aplikasinya, sedikit cerita, saya pernah buat laporan langsung diproses tidak pakai lama. terima kasih banyak gojek"
,"Telalu banyak biaya tambahan yang dibebani ke penumpang dan drivernya, bagus pindah keaplikator lain yang lebih murah dengan pelayanan yang sama"
,"Hati2 saya gojek masa vocher 100.000 yg masuk 10.000 tlpn CS nya g ada yg bisa ngasih penjelasan yg tepat malah suruh nyebutin belanjaannya apa aja,"
,Enak gojek sekarang pinter cari uang nya. Orang kantor mah enak kaya. Yang kaya makin kaya yang miskin . Makin miskin. 1. dapat biaya aplikasi dari costumer/pelangan la kalo pelangan pesan gored. gofood dll. Biaya aplikasi 4 ribu bahkan lebih 2. Potongan driver aja 20% . Bahkan bisa lebih Seandai nya 1 driver berkerja dari pagi sampe malam . Dapat 10 oderanan. 1 oderan potongan 20%. Di kali 10 oderanan. Di kali ribuan driver. Cakep banget keuntungan gojek 3. Potongan 1 menu di resto 20%.
,"Tidak jelas, masa saldo terpotong tapi layanan premium masih belum bisa di yt music"
,"Map yg di puter lebih jauh,,, ketimbang rute yg di lewati biasanya,,,,biaya aplikasih yg mahal,,,"
,"Aplikasi ini membantu kemudahan transportasi ketika kita butuh transportasi yang cepat, aman, nyaman"
,Saran agar tampilan interface di persimpel kembali agar segala kalangan bisa mudah menggunakan dompet digital
,Makin kecewa dengan aplikasi ini masa dia yg kasih vocer habis dipakai akun jadi ga bisa dapat vocer & cashback laporan belum selesai udah ditutup
,"Bermanfaat dan membantu untuk segala hal dalam waktu mendesak, banyak diskonnya dan jangka waktu lama"
,"Kenapa ga sistem terdekat saja?kenapa selalu dapat driver yg jauh blm macetnya,jadi lama padahal disekitar banyak sekali driver gojek"
,Maaf ya kesetiaanku sudah sampai pada ujungnya..berharap masalah dengan Findaya bisa segera selesai biar bisa cepet uninstal..manusia sabar ada batasnya.. Terima kasih untuk layanan yang dulu..mohon maaf saat ini saya sudah terlanjur kecewa..sudah tidak ingin pakai lagi..🙏
,Bug pesanan gak bisa di hapus auto install ulang aplikasi wkwkw
,"Drivernya ramah dan sopan, serta tidak pilih-pilih penumpang jarak dekat atau jauh"
,"Mau upgrade gopay plus selalu gagal dengan alasan data e-ktp tidak sesuai dukcapil, padahal data sudah sesuai dan sudah dikonfirmasi dukcapil"
,"Lag parahhh mau pesen makan aja lama banget loading nya ,padahal pake wifi lancar aja tuh buka apk yang lainn"
,Drivernya lelet bgt klw jemput. Banyak nongkrong gk jelasnya. Lelet bgt masak nunggu sama nganternya lama nunggunya.
,"Udah ga kaya sebelumnya, pelayanan, promo dan bonus level tiba tiba hilang begitu aja"
,"Untuk pelayanan gojek semakin bagus, apalagi di foodnya, klo ada komplen gampang bgd urusnyaa . Cuma 1 tolong diperbanyak diskonnya ngebantu bgd buat anak kosan yg harus irit !!!"
,Aplikasi yang selalu kasih solusi terbaik! Pertahankan dan tingkatkan lagi ya Go-Jek Team!
,Kualitas pelayanan paling oke walau tarif jarak dekat cukup mahal dibanding kompetitor
,"Semakin tidak jelas, mencari driver saja lama sekali, apakah efek pilih-pilih driver. Sistim gojek sudah tidak bagus lagi"
,"Gomart jadi membingungkan tidak ada pilihan Alfamart mana yang mau gue pilih. Terus urusan voucher juga tau aja gua sering transaksi gofood ma gomart, sehingga harta karun yang gua dapet seputar diskon nginep di hotel ma diskon tiket pesawat yang gak bisa gua manfaatin. Jadi laper lagi ni perut."
,Mau bayar gopaylater.. Menunya di klik blank.. Jadi gimana mau bayar.. Hub fitur bantuan ngga di balas.. Jadi gimana mau bayar☹️
,"Saya pesan gojek, saldo gopay sudah berkurang/terpotong 12.000 tapi dpt pemberitahuan klu ada masalah dan pesanan saya tidak keluar."
,"Ada promo tapi ada biaya layanan , sama aja bohong ! Pantes semua keluarga saya pindah aplikasi :( !!!"
,Terlalu lama mencari driver padahal driver banyak sistem nya tolong di perbaiki
,Pembayaran selalu eror gk bisa kalau sering di pakai.anehh.justru kalau swriy dipakai kan bagus
,"Upgrade kelamaan, di percepat apa nggak bisa ? Mau transaksi jadi susahh. Masak nunggu 1x24 jam keburu kagak bisa transaksi"
,Makin lama makin mahal dan gak ada promo-promo. Pindah ke platform sebelah.
,GOJEK aplikasi tambah kesini tambah rusak... Susah chat dengan CS... Dijawab sama robot... Lebih baik Grab.. lebih beradap dan fiturnya normal... Aplikasi gojek aplikasi sampah....
,"Di karenakan, yang mengantar makanan, mengganggu, saat buang air besar dan meninggalkan ibadah, tolong kalau 5 menit belum sampai resto, riting nya di kurang."
,"Gak aplikasi driver, gak aplikasi customer, nyusahin pengguna semua, ambil keuntungan jangan kanan kiri bosssssssss"
,"Apa coba, tiba tiba ga bisa dipake. Mana gitu keterangan update gajelas"
,"Aku ksh bintang 5 krn penglmn lbh baik dr aplikasi sebelah,aplikasi sebelah order sampai berjam jam apliksi ini lbh cepat."
,Gua order gomart. 64.000 pakai promo. Kenapa pas pesanan diproses. Ada tagih tunai 52000. Ditanya ke driver udah full gopay. Eh di selesaikan harga brubah. Nipu nih gojek. Ya minimal di aplikasi driver. Normal. Biar bisa cancel. Dan gua gak bayar52000. Brengsek
,"Terlalu sering apdet terbaru, tetapi SM juga isi menunya TDK ada perbedaan."
,"Pantes driver gojek pada ngeluh soal anyep ga dapet order .. apk costumer aja banyak yg bug , banyak teriakan costumer soal kualitas aplikasi ini , jelek buruk !!"
,"Ongkir+biaya pelayanan nya makin kesini makin mahal, jauh lebih murah GRAB, jadinya mahalan ongkirnya+biaya pelayanannya daripada makanannya."
,"Tolong kepada pihak gopay semakin lama semakin buruk kinerja nya ,! Ngirim ke bank jago dan bank bni butuh waktu 3x24 jam baru di proses ! Beda dengan dulu selalu cepat proses nya ! Kepada pihak gopay tolong di perbaiki lagi jangan buat kecewa pelanggan anda ,terima kasih"
,Baru ini telat satu hari di telpon mulu ngeri Katanya penangan 2 hari Sudah 2 hari belum ada hasil kemana uang top up. laporan tanggal 18 sampai tgl 21 belum ada kemajuan
,"Udh ngisi saldo 500rb tiba2 gak bisa di pake buat transfer sesama gopay,selesai saldonya habis langsung saya hapus aplikasi nya,menyusahkan"
,Sekarang gofood promonya jelek. Gak usah pasang voucher diskon kalau mmg tdk bisa digunakan. Dulu jg voucher bisa digabung skrg tdk lg.
,biaya layanan gofood jadi 20% total pesanan.. luar biasa.. makin males aja pake apk ini..
,"tolong banget untuk gojek, saya mewakili semua pengguna yg mengalami sama sprti saya. akun saya udah 2 kali ke block, dan saya tidak pernah melakukan penipuan dan sejenisnya. ini sangat merugikan sekali bagi sayaa🥹"
,"untuk para it tercanggih sealam dunia, tolong perhatikan mitra nya, sejahterakan orderannya,, aplikasi pajangan, buang buang kouta sama batre"
,"Jangan lagi mengunakan aplikasi ini apa lagi mengunakan, gopayLater, ada masalah sama paylater, pas lapor masalahnya tidak di atasi malah laporan di tutup terus, aplikasi yang sangat merugikan"
,"Terima kasih To Gojek dg adanya aplikasi ini mau kemana saja jadi mudah, dan ada rasa aman dan nyaman terima kasih salam sukses Selalu untuk semuany..."
,Drivernya gajelas semua pilih² orderan. Klo ga pilih² orderan hapus aja go ride atau carnya. Buat apa ada fitur gitu tp drivernya pilih²
,"Tolong bantuan nya admin. Pada hari jumat saya melakukan top up tapcash. Tapi sampai sekarang belum juga masuk ke kartu tap cash saya, mohon bantuannya untuk kendala yang saya alami. Terimakasih."
,Masi ada bug pada voucher yang tidak bisa di pakai dan aplikasi yang lemot
,"Udah top up tapi gak bisa buat pembayaran di mini market, ini gimana sih"
,"Makin mahal aja tarif gojek. Lama2 org bakal pindah, karna jauh banget beda tarif nya ama aplikasi sbelah yg jauh lebih murah.."
,Membantu sekali disaat lapar dan ingin berpergian ketika tidak ada kendaraan dirumah
,Buruk bgt cuma krn lupa pin dan ganti pin baru. Mau beli pulsa aja harus nunggu 30-60menit. Payah menyusahkan namanya. Kuota habis lagi buru² juga
,"Gajelas, akhir akhir ini susah banget dapetin driver. Ini bukti kalo apk sebelah lebih unggul🙃"
,bagus banget sesuai ekspetasi pokok nya harus download deh kalo gk bakal nyesel sih😌😌😌
,"Kalau ngasih layanan yang konsisten dong, sehari sebelumnya pesen goride langsung dateng, karena deket pangkalan, sekarang malah sepi, udah ditunggu 1 jam"
,"ko nambah bug si, kenaapaa gabsa tarik tunai dari seminggu yang lalu sampai sekarang"
,"Banyak cashback, promo dan banyak pilihan menu nya"
,Kenapa stiap pesan go foot untk nyari driverny aja bgitu lama.sungguh membosan kan.wktu itu bgitu pnting.tolong ubahlh sistimny siapa yg dkat dari tmpat pemsan itu yg didahulu kan.
,Keseringan update dah aplikasinya. Coba perbaikannya lebih mendalam gitu biar ga terlalu sering update²
,parah banget pesan goride lama banget dapetnya padahal driver banyak seliweran...
,Sangat Buruk Transfer Antar Bank sangat lama Status transfer masih menunggu bukannya di proses sangat buruk complain ke CS juga sama saja bukanlah di perjelas malah semakin dibuat kesal
,sengaja naro saldo ke gopay karna belum punya rekening bank. mau penarikan tunai aja sulit banget sekarang. bahkan opsi tarik tunai udah ga ada. aneh. nyusahin
,"Kalo dah kepesen ga bs di cancel, kalo kepencet udah ga bs cancel... Parah mempermudah penjual tapi menyulitkan pembeli. Gak kek dlu yg bs ngobrol sama cs nya trus langsung di bantuin cancel. Skrg tlp ke cs, cari di google, atau di app pasti suruh ke tombol bantuan yang ga memuaskan. Cuma pilih2 yang bikin nambah lama. Bot berkuasa."
,Duit nyangkut di gopay gak bisa di tarik gak bisa di transfer gak bisa juga buat bayar RUUSAAAKK!!!
,"Aplikasi ini sering terkena gangguan, Seperti pemberitahuan, internet tidak ada, padahal internet saya lancar2 saja."
,"Layanan gomart gak bisa ke buka padahal internet kenceng banget, mission juga gak dapet reward padahal dah sesuai snk laporan lama dibales terus tiba tiba ditutup sebelum di cek"
,"System semakin ngga jelas , yang dmn semakin menyiksa driver/mitra nya"
,"kadang aplikasi tidak update, contoh posisi mobil di map tidak bergerak sama sekali, tahu-tahu driver sudah sampai. Sehingga membingungkan kita, kadang sudah terlanjur dicancel dan manggil yg baru, tahu-tahu driver pertama muncul. Kalau tidak dicancel, pas beneran driver emang tidak bergerak. Terlanjur nunggu lama kemudian dicancel oleh driver. Gmn solusinya?"
,Kalo instan itu waktu picup y jagan di kasi lama.Kurang ajar driver nya. Klo di kasi waktu lama terlalu mengulur2 waktu.orderan d terima barang g d picup Sampe besok.Bwt apa ada instan klo picup nya sampai jam 9 malam.Pdahal orderan dari siang.Gila x
,"Kode OTP / Link tidak pernah muncul di nomor hp terdaftar. Sudah coba hapus canche & data, sudah coba install ulang. Dan hasil tetap (NOL) Perbaiki sistem kalian, ini e-wallet memudahkan pengguna transaksi, merasa malu sedikit dong klo kegunaan e-wallet gak sesuai dgn yg seharusnya"
,Jelek! Kalo udah lama ngga dipake harus update dulu baru bisa kebuka.. Mana updatenya harus sering lagi
,Sangat membantu memudahkan ketika dalam keadaan mepet
,Kenapa ya kalau aplikasi gojek Go selalu lemot dan harganya naik melulu Padahal saya makai go-jek dari pertama ada aplikasi ini loh
,Suruh update tapi malah gabisa di update
,"seneng banget sama gojek, tapi sedih dulu saya sering dapet voucher, skrng udah aktif make malah ga dapet dapet :("
,"Harga makanan sama ongkir mahalan ongkir, promonya pelit buat go food"
,harusny utk resto super tetap ada opsi utk penyesuaian order ketika ada sebagian item tdk sesuai dgn order/ pilihan pengganti tidak disukai pembeli. Tidak adanya option penyesuain spt memaksa kostumer utk membeli dan harus bayar full utk pesanan yg tidak sesuai dan selalu masuk driver baru secara otomatis ketika ada pembatalan dr driver/cs.
,"Tolong di perbaiki,, masa udah pesen berapa kali posisi driver gak gerak"" 😑"
,Sangat buruk.mencari drivernya lama.dan sering terhenti.harganya mahal
,"Saya agak kesal, kenapa terlalu suka mengubah2 antarmukanya. Yang ada hanya mengbingungkan. Barusan saya kira saya belum pesan, rupanya kotaknya kecil dibawah biasa ditengah2. Untuk sempat membatalkan."
,Ribet bangett mau ganti nomor telepon krrna udah gaaktif tunggu 30 jam.
,"Aplikaai yg tidak d sarankan untuk kalian semua,,, Pelayanan lambat, gopulsa slalu eror, jam 03,00 susah cari gojek,,"
,"-voucher hilang sebelum masa berlaku habis -go food ada label free-ongkir, saat masukan pesanan ke keranjang masih gratis, saat sudah klik pesan tiba2 muncul ongkir. -tampilan sekarang tidak user-friendly, too many content sampai ada berita, fokus saja agar pengguna mudah menemukan fitur2 yg dibutuhkan dan relevan. Orang2 buka gojek untuk layanan pengantaran, pemesanan makanan dan sejenisnya, bukan untuk baca berita atau gosip. fokus saja."
,"Aplikasi gak jelas. Masa tibatiba ngeklik sendiri pesen go food. Padahal gak pesen sama sekali. Udah gitu, pernah juga go car. Saya padahal udh turun dari go car. Masa tiba2 ada yg telp saya katanya dari driver go car. Padahal saya gak pesen dan baru turun dari gocar pertama. PARAH !!!!"
,"Apknya bagus mudah sekali untuk mengtransfer ke siapapun, apa lagi ga ada biaya admin plus bisa dapet promo:v"
,Sangattt kecewa tidak ada orderan masuk
,Sangat baik untuk pakai alat transaksi
,"Gopaylater saya suda diblokir, tapi knp malah gabisa apa2?, Mau lihat tagihan gabisa, mau bayar tagihannyapun gabisa, tapi dendanya jalan terus, gimana saya mau bayar kalo opsinya kgk ada?, Ini menjebak ya?"
,"Aplikasi tidak jelas, transfer uang masa harus nunggu 2/3 hari"
,"Aplikasi yang bikin sebal karena akurasi maps nya tidak tepat bahkan tidak pernah tepat. Jadi ketika digunakan untuk memesan makanan atau ingin berpergian sangat sulit menentukan lokasi antar, jemput, dan antar. Itu sangat menyebalkan"
,Sangat membantu saat butuh perjalanan pada saat jalana macet
,"Saya kecewa sm pelayanan gojek. Sdh 5 kali saya pesan sllu gagal,gimana yah sy mw kasih bintang 5 sdgkan pelayanan saja tdk terpenuhi."
,Lemot! Udah 30mnt lebih gak bisa masuk ke pesanan! Udah biaya aplikasi mahal malah makin buruk!
,"Sangat Bagus, membantu dalam segala hal, dan mempermudah urusan saya. Terus dijaga Prestasinya yah."
,"Tolong dong di perbaiki tunaii nya sudah saya kasih voucher malahh gak kurang, dan tolong tambahkan bayar nya pakai apk dana 🙏"
,Praktis dan lengkap....
,"Memudahkan saya KL lg laper trs ga masak,tinggal pesan langsung di antar bisa bayar di tempat lg masukan dikit nih KL bisa biaya penangan nya jgn gede² dong"
,"Semua fitur dalam aplikasi ini bagus, tapi tolong untuk fitur pengubahan destinasi, jangan hanya boleh digunakan sekali saja. Kalau bisa fitur ini digunakan minimal dua atau tiga kali supaya orang yang salah mengubah destinasi bisa memilih ulang."
,Aplikasinya jelek ga bisa d pakek sejak upgrade
,"Gojek makin kesini makin kesana nih ya. Udah nggk pernah ada promo, Sekarang ongkosnya mahal"". Setelah nggk di pegang pak Nadim sekarang kurang. Terlalu banyak mengambil keuntungan dari mitra maupun konsumen. Saya sebagai konsumen kecewa sangat sih"
,"Smakin kesini kok aplikasi smakin membagongkan ya, Sllu minta update,trus klo d update malah jdi lemot!!"
,"Go Transit belom mateng kok dirilis. Gua tap out di stasiun palangnya kagak mau muter, tulisan di layar ""SUDAH TAP OUT"", padahal QRCODE masih ada dan berlaku, giliran yg ke-10 kalinya gw coba scan malah ilang tuh QR. Trs customer mesti ngaso gitu di stasiun?"
,"Mau pesen GO-Box ajah dipersulit. Bilangnya jaringan tidak tersedia. Dicoba bolak-balik juga sama. Padahal Internet aktif dan baru isi paket data. Mana bisa pesen kalau gini terus. Diperbaiki Sistemnya, dan jangan persulit Customer."
,"sudah baik. tapi tolong ditambahkan fitur seperti memilih kapasitas orang untuk go car, saya terkadang membatalkan pesanan karena mobilnya tidak cukup untuk 5 orang atau lebih. diharapkan menambah fitur tsb untuk memudahkan custmr dan driver ya. trm kasihh 👌"
,"Aplikasi kenapa jadi makin gak enak begini ya. Dulu smooth banget. Mau pesen gofood gampang, liat drivernya gampang, intinya serba gampang lah. Sekarang jadi jelek banget. Dari gofood kalo mau pesen sering muter loading doang, trus driver gak keliatan. Arahnya malah makin jelek begini."
,Makin diupdate makin hancur. Waktu pilih tujuan lokasi jalanya dipilih kan yang muter nya kebangetan jauh. Jadi tambah mahal ongkosnya. Jelas2 ada jala raya dan semua driver nganter lewat situ. Tapi di aplikasi jalan nya dibikin muter2 lewat kampung2 dengan jarak tempuh 2 kali lipat dari jarak normal yang dilewati driver.
,"Awalnya mau aku upgrade, tapi kok malah jadi uninstal? Pas klik instal, malah sistem gak kebaca? Ini dibajak / gimana? Super duper lemot"
,Alat transportasi yang simple dan sangat dbutuhkan orang...
,"Aplikasi ini cukup membantu, tapi saya ada kecewa karena ada restoran cepat saji yg tidak bisa dibatalkan setelah membuat pesanan dalam sekian detik padahal itu terjadi tidak sengaja kepencet dan gojeknya pun belum jalan. Karena ini merugikan saya sebagai customer dan juga gojeknya yg harus tetap membeli pesanannya, alhasil saya harus tetep membeli pesanan meski tak sesuai dengan estimasi dan lokasinya yg berbeda. Mungkin bisa dibenahi untuk diberi waktu membatalkan sblum psanan dibeli. Thanks🙏"
,Ko ga bisa mesen katanya jaringan tidak ada nah jaringan bagus
,Dengan aplikasi ini lebih mudah dan lancar jaya
,"Coba deh utk dievaluasi lagi kinerja aplikasinya,,mulai dari maps yg kadang ga jalan padahal driver udh nyampe lokasi tapi di maps ga gerak, tarif yg berbeda dari rute yg sama tiap harinya mungkin karena sistem otomatis ngambil jalur yg beda lebih jauh dari biasanya, padahal driver ya lewatnya jalan yg sama tiap harinya dan yg paling cepat,,mohon ya tim di evaluasi lagi demi kenyamanan bersama, terimakasih 🙂"
,"Kenapa akhir² ini aplikasi gojek membuat kecewa Top up sya dari tadi MLM blm masuk ke saldo gopay saya dan transfer ke akun bank sudah mulai lama prosesnya,buat aplikasi gojek tolong di bagusin lagi Askes aplikasinya"
,"Kebanyakan layanan,tarif mahal banget.driver di korbankan , perusahaan ingin untung A sendiri.tidak memikirkan kesejahteraan para driver.a order food ongkos.a mahal.....masuk ke driver.a murah....."
,"Pesan go food, tertera dilayar server sedang sibuk, terus saldo kartu kredit saya malah berkurang.. padahal terbatalkan otomatis oleh aplikasi. Langsung terukurang 2kali loh, gimana ini.. kok ada masalah terus dalam aplikasinya. sudah menahan lapar, pesanan batal. eh uangnya ilang juga.. tolong di perbaiki lagi aplikasi sistem ini."
,Aplikasi yg menyenangkan. Namun perlu ada perbaikan pemetaan titik lokasi penjemputan agar lebih akurat.
,"saya ralat karena saldo gopay saya sudah kembali,,,semoga kedepanya bisa lebih baik lagi TERIMA KASIH"
,Matok keuntungan nya terlalu gede sehingga makanan yg harus nya murah jadi mahal belom lagi ongkir yg gila saya mah kasian Ama driver nya masa keuntunganya harus dibagi² Ama manajemen
,"Saya pesan pakai promo 50% diskon dah saya klik pesan, eh gataunya server bermasalah Malah voucher nya ikutan angus mana belum kepake lagi, sudah lapor CS malah disuruh screenshot voucher nya, Lah? Voucher nya aja ilang trus apa yang di screenshot? Masa gak bisa dilihat di tracking riwayat sih Parah kecewa"
,"Duh. Cinta BANGET sama aplikasi lokal. Gak mau beralih ke app lain. Soalnya pesen 1 gofood aja sampe 1 jam padahal jaraknya cuma 2km-an. Mana gak bisa di cancel, saldo udah kepotong. Udah telepon CS di halaman bantuan & ngabisin banyak pulsa buat cancel, pihak cs gojeknya cuma ""maaf"" doang & gak ada solusi lain selain nunggu. Benar² MEMBANTU. GOOD JOB PAKE BANGET."
,"sdh nggak kuat pake gofood, harga makanan 15rb, ongkir 14rb (padahal nggak jauh² amat), masih ketambahan biaya aplikasi & lainnya... berasa dirampok! 🤣🤣🤣"
,"dapat email dari gopaylater, silahkan daftar paylater, pas cek dapat ""hingga"" 300rb, nanti pas daftar cuma dapet 50rb, kalau mau kasih yg gedean dikit lah, 15jt/20jt.. Klo 300rb cuma nyampah utang aja, tanggung limit segitu.."
,"Hallo Dengan pihak GO-JEK Saya mengalami kendala saat transfer karena akses untuk mengirim uang telah diblokir karena tanpa ada alasan jelas dari pihak gopay,hingga sekarang saya tidak bisa berbisnis melalui gopay, padahal sudah mengirim laporan aju banding selalu ditolak, dimohon untuk kerjasama pihak gopay saya sudah mengirim bukti"" yang ada"
,"Tolong di perbaiki, 1 bulan lalu aplikasi gojek saya baik² saja, skrng saya ketika ingin pesan go food, go ride, go car, go send, lokasi selalu tidak terdeteksi, dan ketika di klik pilih lewat peta aplikasi selalu keluar sendiri, dan ketika klik promo, diskon, langganan, katanya server padat perayap/ada sedikit masalah/gambar jadi abu², padahal semua izin yang di minta saya setujui seperti layanan lokasi, koneksi dll, saya coba pakai wifi/data pun sama saja, di install ulang pun sama saja"
,Apaan si gojek ini.. Di suruh buat lapaoran.. Trus da buat laporan tetap aj gk ad solusi.. Ya di bilang akunya terdpt aktivitas yg tidak wajar lah... Jd tidak dapat di tindak lajunti.. Parah bener ni aplikasi.. Baut costmer kecewa.. Pada hal da brpa lama sya pake ini aplikasi.. Bahkan mau menuju juragan.. Masak sama s sekali gk ad solusi buat ngmbalikan akun seperti smula.. Dan aktivitas yg tidak wajar itu ap jelaskn?? Jd biar jelas keslahn sya itu ap jd sya tau... BYE LAH JEK..
,"SANGAT MENGECEWAKAN, Tidak bisa mengubah no lewat aplikasi sudah coba mengubah lewat aplikasi namun ketika perubahan tahap pertama dan kedua selesai, tahap ketiga yaitu ubah no baru selalu muncul notifikasi seperti ini ""Yah, ada sedikit masalah tenang, kami sedang cari solusinya, kok. Mohon ditunggu ya."" sudah dicoba beberapa kali masih seperti itu, mencoba melalui email CS tidak menyelesaikan masalah malah laporan diselesaikan sepihak tanpa solusi. Padahal email dan akun sudah terverifikasi."
,Mudah Cepat Akurat Tepat Murah
,"terlalu lama mendapatkan driver, sehingga saya telat untuk sampai tujuan"
,"Jadi sangat ribet ,setiap ganti hp mau masuk lagi susahnya setengah mati,padahal akunnya masih itu no hp nya masih sama ,,mohon maaf uninstall dulu ,mau nyoba aplikasi lain 🙏🙏"
,"Mau pake go ride ga bisa,,langsung go car terus Untuk food oke"
,Bagus.. Sangat membantu dalam menggunakan jasa antar jemput.
,"Semakin di-update aplikasi ini sepertinya semakin berat dan semakin lama loadingnya. Menjengkelkan apalagi saat jaringan lemot, bisa tunggu 5 menit baru terbuka. Beda dgn yg punya sebelah, terasa lebih ringan dan cepat 15 detik saja sdh terbuka. Baiknya dipikirkan bagaimana loading bisa lebih cepat , mudah dan senang2 buka aplikasinya. Kalau begini terus bakalan banyak yg tinggalkan."
,"Interface kurang simple, lebih mudah aplikasi sebelah. Mau ini itu harus masuk pencarian, ngx ada tombol instan di beranda. Salah pencarian ngx ketemu. Parah. Bintang 1 cocok buat aplikasi kayak gini"
,"Diskon gofood tidak bisa digunakan. Sudah pasang diskon, pilih metode gopay, waktu di klik buat pesanan, berubah menjadi bayar cash sehingga diskon tidak berlaku. Tidak bisa di cancel. Akhirnya bayar 2x lipat dr yg seharusnya. Akhirnya harus lari ke atm yg jauh karna gapunya uang cash sama sekali. Sangat mengecewakan. Jujur saya rindu sistem lama yg masih bisa cancel pesanan karena salah pesan atau alasan logis lainnya. Buat pengaduan juga tidak ada follow up. Mau coba telp CS, ga ada pulsa. :("
,Udah top up tapi saldo nya ga nambah
,"Apk udah gede driver nya pada males Dengan alasan males masuk gang, udah tau di gang saya bisa masuk mobil, malah di suruh keluar gang. Dan posisi hujan.. Mao bikin costumer lepek di dalem mobil Tolong pihak gojek di perhatikan lagi Terimakasih 🙏"
,sangat sangat susah menghubungi customer service care nya..agak sedikit kecewa
,"Gojek semakin hari tarif nya makin mahal, sangat menyedihkan ongkir nya, pesan makanan pun harga tak seberapa ongkir gojek nya mencapai 3 atau 4 kali lipat dari harga makanan yg dipesan, padahal tempat nya tdk terlalu jauh dari rumah / kantor kita tinggal dan bekerja"
,"Sejak ada updatean baru, opsi gofood resto di sekitar saya hilang. UI jadi tidam mempermudah.. banyak membingungkan. Improv UI menurut saya jelek sekali. Saya sudah 4 tahun menggunakan aplikasi ini baru kali ini saya di kecewakan dengan UI terbaru. Tolong hilangkan rasa kecewa saya."
,Aplikasi anak bangsa yg sangat mudah di operasikan
,"Mau pesen gofood malah sering server error, pesen goride sama gocar agak jauh sedikit minta tambahan uang yang lumayan besar. Jadi males lama-lama pake gojek."
,"Sering ga dapet driver, padahal banyak yg nongki2, sinyal bagus, lokasi jemput di rumah sakit,, Not really recommended"
,apk yg sangat membantu meski telat 3 hari tidak pernah rewel saya rekomendasikan untuk semua tp sayang limit yg di berikan rendah
,"Payah,, chat cs tdk bisa dihub,, barang ada yg tinggal dimobil bagaimana??? Versi sudah 4.65.2"
,"Ini kenapa setiap cari makanan atau pilih menu terdekat dan terlaris selalu balik lg ke beranda, saya lihat yg lain jg gt. Setelah update. Sehabis update ini saya jd males mau pesen gofood. Karena app nya ngeselin. Susah bt cari menu. Balikin ku dl. Di upgrade malah makin error. ... Perbaiki lah. Udah banyak yg komplaon tuh."
,"kalau nyari gocar pas hujan lama banget bisa sampe satu jam an lebih, trus harganya makin lama makin naik"
,"penjemputan cepat, armada ramah ,sopan ,dan tidak ugal ugalan"
,"Pesan goride dapet yang jauh terus, padahal yang deket ada ,perbaiki lagi sistemnya ."
,"Makasi banget udah mbantu aku dalam segala kebutuhan dan aktivitas ku. Untuk rekan2 user yg ada kendala tlg sampai kan saran dgn baik karena dalam praktek nya software digital ini juga gak gampang, pasti saat running program bisa aja ada error / gangguan macam2 ( bug, hacked, dll ) juga dari driver mungkin ada kendala - jangan langsung marah2 / uninstall karena kita pun klu jadi mereka bisa saja juga berbuat kesalahan serupa. Trmkasih."
,"Sebenarnya suka dan cocok bgt dgn aplikasi ini dibandingkan aplikasi sebelah. Sekian thn pakai tidak pernah kecewa, tp sudah sebulan ini sering bermasalah, titik antar/ titik jemput sering tidak sesuai. Jd bikin cekcok antara driver dan customer. Driver merasa dirugikan dan customer jg jd bingung, pesanan/jemputan sering salah alamat"
,"Aplikasi jelek cuma dalam kota aja cepat, giliran di luar kota minta bayr carter... Mending pake taxi gelap lebih nyaman dan murah"
,Terlalu banyak biaya embel embel yg menjadi tarif sangat mahal
,"Tolong bagi Pengguna Go Club Point Tinggi dikasih Voucher Makanan dong, Terus jangan yang serba mahal/tinggi banget minim pakai nya RUNGKAD Oiii !!!"
,Jelek banget orderan udah masuk tapi gabisa lacak driver atau apapun tapi saldo kepotong
,"Kenapa tidak ada menu ""TARIK TUNAI"" di Apk Go-Jek. Lama"" makin sedikit peminat yg pake Apk Go-Jek #kembalikanmenuTARIKTUNAI"
,"Sebelum pembaruan sistem, semua bagus. Sekarang, walau deiver tidak dapat dihubungi dan peaanan di cancel, ketika membuat pesanan baru akan dapat driver tsb (yg jauh dan nggak bisa dihubungi). Agak kecewa sih karena udah sering pakai."
,Kenapaa ya skrg gojek smakin menurun .. skrg sangat susah cari driver gofood .. Sering skrg ada tulisan tidak bisa pesan antar .. Ayok tolonglah di perbaiki .. dan knpa skrg gojek semakin mahal saja ?? Saya jadi beralih ke applikasi lain karena gojek sering bgini ..
,"Untuk coustemer terhormat dimana pun anda berada... Tolong banget nih kasih alamat paket itu kasih note RT/RW, nomor rumah dan telepon yang aktif... Saya sebagai driver atau driver lain balikin paket itu jatuh nya rugi ongkos kirim gak di tambah, waktu, bensin, dan pakiran. Untuk IT gojek please banget nih ya saran aja dari saya driver untuk paket kasih nomor telepon biasa atau wa jangan nomor di samarkan karena kalo driver sudah nyampe di titik lokasi di aplikasi susah di hubungi nya.🙏"
,"Aplikasi keren sangat membantu dan memudahkan, gojek mantap"
,"saya tau gojek berusaha memberikan pengalaman perjalanan yang nyaman,tapi tolong masih banyak rute yg lebih dekat dan lebih mudah dijangkau.. jangan sistem mengambil rute yang lebih jauh,otomatis harga lebih mahal dari rute biasanya.. contoh ada jalan yang macet,tentu masih ada jalan lain yg jaraknya sama jadi harganya tidak menguras dompet. atau tolong tambahkan fitur untuk pengguna memilih jalur,jangan otomatis sistem yang memilih jalur,berikan juga kepada pelanggan opsi. terimakasih."
,"tolong lah tambahkan fitur untuk memilih rute sendiri, karena rute yg dipilih aplikasi selalu konyol dan menambah waktu perjalanan. jika ingin mengikuti rute sendiri customer harus menjelaskan ke driver disetiap belokan, itu sangat tidak nyaman. oiya satu lagi jika ada keadaan darurat, sehingga tidak bisa melanjutkan perjalanan seperti ban bocor misalnya, ada solusi? saya sering mengalami, apakah hanya cancel caranya?, karena mengganti destinasi ke tempat keadaan darurat juga tidak bisa. thanks"
,Kalau dihitung2 versi sekarang ini seakan seperti memeras pelanggan. Level sudah di titik Bos lah kok gak ada bedanya sama sekali. Jarak 800 meter kena ongkir 11 ribu Masih dikena biaya aplikasi pula! Gunanya di beda2in apa yang kau maksud? Gak ada faedah sama sekali!
,"Proses transaksi nya lama, mau beli pulsa aja gk selesai selesai.. Dalam proses melulu"
,"Jek kasihan driver lo tuh anyeb seharian, anak istri butuh makan jg. Potongnnya terlalu besar"
,"Tolonglah tarifnya makin lama,tambah mahal aja.masa jam pagi sama jam 11 lebih mahal jam 11,apanya yg membantu sih ini.gila tarifnya."
,"Appnya bagus, cuma saya ada kendala gak bisa hubungkan gopay dengan google. Pada saat pengisian pin selesai malah balik lagi, dan kayak gitu terus. Selain itu, saya juga ada masalah untuk top up via unipin/codashop dimana saat proses transaksi selesai malah tulisannya bidang tidak boleh kosong jadinya transaksi gagal"
,"Dear gojek tolong ditambahkan opsi alasan lainnya di opsi alasan pembatalan pesanan,soalnya saya tidak menemukan alasan yang pas saat membatalkan pesanan"
,"Gojeekkkk benar benar benar pantas untuk dapat bintang satu. Mulai dari sistem lemot, driver gojeknya tidak responsif susahhhhhhh sekali mencari gojek yang responsif, suka sekali gagal mencari driver. Kalah jauhlah pokoknya dibanding grabbbb"
,"Gelar mah pada sarjana ngurusin rute aja ngga ada yang beres aplikasi elit dalem kusut,,, Kalian ngga malu sama gelar kalian apa,, masa iya ngurusin rute aja ngga ada yang becus,, Rute kalian tuh banyak yang ngga bisa di akses,,"
,"Begitu diupdate, dan saat itu dipake tanpa restart pasti hang. Pesanan diterima gak ada notifikasi suara. Yg ada hanya tulisan 'sedang tersambung'. Gak ada kata template dari driver krn mungkin hang. Di chat gk masuk, ditelpon gk dibalas. Posisi driver tampak di layar statis, tidak ada pergerakan ke arah penjemputan. Saya menunggu lama. Otomatis saya cari tombol cancel. Tapi gak ada. Saya chat saja ke driver klo saya batal. Ternyata datang juga."
,"Aplikasi sudah bagus... Hanya saja ketika saat gosend atau gojek terlalu banyak tanya drivernya. Padahal alamat sudah sesuai titik dan di tambah pula keterangan pada kolom chat nya... Terkadang kita sebagai costumer ada beberapa kendala untuk tidak bisa mengangkat telpon dari drivernya,, disitu saya jengkelnya,, mohon untuk di tingkatkan lagi... Supaya driver tidak banyak tanya.... Cukup sekali di jelaskan sudah langsung paham... Makasih"
,Mode hemat udah gk gratis lagi apaan
,"Sebelumnya ada langganan paket dengan masa aktif 7 hari,, setelah itu tidak ada lagi. Di keterangan katanya jika update aplikasi ada layanan paket berlangganan,, setelah di-update ZONK!! 🧐 Pengalaman pakai Go R*** kurang baik,, rute memutar-mutar terkesan sengaja agar jarak tempuh jauh,, padahal drivernya 99,99% lewat rute jalan raya yg lebih singkat.."
,"Selalu bisa buat penolong d saat sempit... driver juga oke2 semua, sopan dan tepat waktu"
,Sumpah ni aplikasi eror ngak jelas padahal jaringan bagus tapi GPS map ny ngk bisa nunjukin lokasi. Trus ngk bisa bayar pake gopay lagi
,"Smakin kesini smakin serakah aja nie yg punya aplkasi,,kbnyakan iklan ,hsilnya berak sekebon"
,selalu senang menggunakan aplikasi buatan anak bangsa👍🏼
,Aplikasi yang sangat memuaskan untuk yang mager keluar rumah
,"Dear gojek, Thx dah bantu banyak banget pake ++++.Tapi tambah lama gojek makin ga recommended untuk di gunakan 1. terutama (jujur) untuk penggunaan paylater paling ga recomended ( terutama system peminjaman pay later di awal bulan misal tanggal 1 tanggal 7 udah harus di bayar+ bunga sangat besar pake banget/hari 2k), Pay later yg lain ga seperti itu.(udah kapok saya pake gojek) 2.Sekarang vocer yg ada di GO-JEK juga useless+Ribet Itu aja thx, maaf bila kata"" saya kurang berkenan. Sukses selalu"
,Mantap jd srba praktis dan cepat
,"saya pake gojek hampir tiap hari, diskonnya ga bisa ada setiap hari juga yaa? saya butuhnya diskon goride aja sii, soalnyaa di satu bulan diskonnya kadanh kepake cuma 5 hari,banyak syarat dan ketentuannya juga. tolong ditingkatkan. yaaa. semangat"
,"Fitur sudah cukup lengkap, namun seringkali arahan maps di driver kurang sesuai. Penerapan go instant juga tidak sesuai karena kurang efisien dibandingkan pencocokan langsung dari sistem. Dan untuk promo nya menurut saya tidak sesuai dengan pengguna."
,"Team Development GoJEK, aplikasinya tolong diperbaiki/ditambah, Contoh bisa save alamat asal dan tujuan. (aplikasi yg satunya bisa) Jadi gak perlu ketik² cari alamat lagi. GPS maps yg digunakan GoJEK kurang akurat/tepat. Sekian terimakasih."
,"Gopay plus tiba2 tdk terdaftar. Mw upgrade ke gopay plus susah nya minta ampun, stlh update apk nya"
,Gojek ribet .. ganti nomer hp susah banget buat masuk lagi .. kenapa gak kaya grab langsung terhubung sama email atau facebook ..
,Top up gopay malah gak masuk aneh sekarang banyak bugnyaa
,"Hmm oke, ngga terlalu sering gw pake paling cuma gofood doang kalau lagi males keluar rumah buat makan"
,klo bisa histori trnsaksi atau bank nya bisa di hpus biar ga berat apk
,Kenapa kalo order pasti dapet drivernya jauh terus ya sampai di cencel trs sama drivernya
,Tolong perbaiki gitix saya. Ada bioskop cinemaplex di Kota Palopo. Tapi di akun saya tidak ada pemesanan bioskop di Kota Palopo. Sementara gojek kerja sama dengan cinemaplex untuk pemesanan online. Tolong update di akun dan perangkat saya. karena info yang saya dapat ada yang bisa pesan melalui gotix.
,"Ini ongkir kok mahal banget ya, tidak transparan ongkir nya"
,"Hampir setiap hari saya pake gojek bayar pake gopay, sayq pengguna gojek lama padahal tp fasilitas untuk paylatternya saya ga pernah dapet seperti pengguna² yg lainnya, bagaimana ini 🙂"
,"Gojek parah, kami pesan sedang ramai kami nunggu tidak dapet driver bukan nya dibantu dari sistem biar lebih cepat dapat driver malah pas tidak dapet driver order lagi harga tarif nya makin naik makin naik"
,"Aplikasih yg sudah lama sya gunakan, p sangat membantu"
,Lumayan kepake kalo lagi males keluar buat beli makanan
,Sekarang di gojek sudah kaya aplikasi pinjol . Mau narik saldo gopay aja harus pake ktp sama selvie. Malu maluin kalo depan orang banyak kaya mau minjem uang . Kecewaaa
,Membantu sekali dalam apapun. Dari penjemputan hingga pembayaran.
,"Jangan pernah aktifin fitur gopay later gaes,,,,lebih lebih dari rentenir,,,cicilan 130rb telat 2hari denda 50 rebu wooo amazing ya,pengen cepet kaya kayakny dia"
,Lama banget kalo top up malam masuk nya
,Sangat tidak puas mengecewakan pakai gopay transfer ke bank lendimgnya 1 malam sudah 2 kali terjadi
,Kenapa tidak bisa di upgrade jogek nya
,"Males banget pas dpt driver didouble orderannya sama sistem,,, mau makan jadi lama"
,agak mahal min tapi gapapa ada diskon banyak
,Makasih yah gojek khususnya gopay yg sudah ACC laporan data saya yg hilang walau harus lapor beberapa kali & juga tolong diperbaiki sistemnya
,"semenjak di tinggal pak nadiem,aplikasi gojek costumer sam gojek driver makin memburuk saja sistemnya sudah gak jelas,pesen goride sampai 3 kilo,otomatis telat kerja,,,menurut saya bagusan jamanya pak nadiem,daripada yang sekarang,,buruk, sistem buruk bngt"
,"Belum bisa jalan kendala mobilnya g,ada."
,Perjalanan yang cukup menarik
,Pelayanan cepat n wajar.
,Drivernya ramah dan tepat waktu
,"ka sy bisa bantu sy lupa sandi sy, sy coba buat pin baru , masalhbya kartuku daftr krgopay hlng, g.mna carabya bisa liat pasaword sy apk gopy ku ?"
,Akhir2 ini jelek banget akurasi map-nya buat track posisi. Makin ke sini makin parah
,Simple sangat membantu banget
,"kenapa skrng saya klo mesen dpt nya jauh2 mulu driver nya, tlng dong perbaikin jd ngabisin waktu, jngn sampe pd pindah ke sblh ."
,Penulisan alamat dan pencarian di perbaiki lg.
,Tolong untuk biaya adminya agak di kuragin dikit mana apknya lemot lagi
,semua voucher tdk bs dipakai..pdhal sudah memenuhi minimal order
,Tuk pemesan tolong bila mana d'chet/d'tlp driver tlg cpt respon agar driver g kena salah Ama kalian.ap lagi pemesan makanan tlg respon dengan cepat konfirmasi order food nya makasih
,Sangat nyaman dan selamat sampai tujuan
,Asu!Gua minta OTP lewat Wa tapi gak muncul².MAKIN KE SINI MAKIN BURUK PELAYANAN GOJEK.MANA ADA SALDO GUA DI AKUN GAK BISA MASUK KARENA KENDALA OTP.PADAHAL NO SAMA WA UDAH BENER.
,Sering2 bikin promo potongan harga biar lebih semangat nge go ride
,Makin hari promo nya semakin sedikit :(
,Paling bisa diandalin kalau lagi sakit. Mau makan/minum apa aja langsung pesan tunggu beberapa menit sampe deh
,bagus si bagus kalau siang kadang cepet tapi pas malam susahnya minta ampun
,Bagus bisa membantu kbutuhan mantap lah
,Transaksi cepat dan aman
,Kenapa fitur tarik tunai sudah tidak ada?
,Kecewa sering pake gosend pas udah mau sampe tiba2 cancell
,"Driver2 anda kalau mengantar makanan diam saja. Dibilang makasih pun diam saja. Mau makan pesanannya juga sudah tidak mood dengan pelayanan jutek seperti itu. Dan sudah kesekian kali seperti itu. Tolonglah hargai org lain kalau ingin dihargai. Yg dilayani oleh driver itu manusia, bukan robot. Bad service"
,"Makin lama makin amburadul, biaya penanganan makin naik, sangat jelek, pelan2 pelangganmu akan kabur"
,"Limit maks 40jt sebulan 😓 lbh dri itu ga bsa nerima alias overlimit,promo makin sedikit heran sama gojek"
,"Drivernya kejahuan , bikin telat, ga bagus"
,"apaaan baru daftar di langsung di blokir, ga jelas mending pakai dana apk no 1 indonesia🤭"
,Parah makin lama ini apk.. makin ribet makin banyak biaya.. Gk kaya dlu cukup pembayaran gopay or cash.. Jadi di bikin ribet SM promonya.. admin nya jg bisa copy paste aja.. lulusan minim D3 kerja kaya anak SD.. Terakhir menggunakan transaksi food di gopay.. beralih ke grab / ovo & shoppe food... Makin tinggi melangkah lupa ke bawah bakal langsung hancur ini perusahaan dan karyawannya pun jadi gembel
,mudah dan cepat. terimakasih🙏
,"katanya ngasih penawaran ,, tapi pas dicoba .. kaga bisa !"
,Kemudahan dalam layanan transportasi
,Trimakasih walaupun hujan tetap tepat waktu
,"Mantab. Sejauh ini fine2 ja. Praktis, murah, gampang, gak ribet kaya yg sebelah. Top up lewat ATM, m-banking jg sangat mudah, gak ribet kaya yg sebelah. Cara pesan apa aja mudah, bisa tulis alamat yang dituju atau cari by map gampang, gak ribet kaya yg sebelah. Pokoknya mudah murah praktis dah 👍👍"
,tolong kenapa gopaynya ga bisa diliat saldo saja masih ada 5jtan kenapa hilang
,titik lokasi belum lengkap
,Transportasi yg sangat membantu kpn sj kita perlukan.
,Perjalanan lebih mudah pake jojek
,Ongkir gofood bisa lebih mahal dari harga makanannya.
,"Murah,banyak potongan harga"
,"Tak kasih binyang 4 padahal kecewa karna upgred gopay plus gk pernah di acc, sudah brp kali coba gagal teus pdahl poto ktp sama selfi gmbar sangt jelas."
,"Sangat jelek, tdk bisa pesan sama sekqli bangke emang, perfom jelek parah, begoooooo ppaarrrrrrraaaahhhh"
,Driver ramah & komunikasi baik
,"Selalu terbaik ya,cmn kdang suka eror juga"
,Dari th 2018 pekerjan sy via online jdi pake gojek trus utk pp nya..jdi mudah dan cepat 👍👍👍
,"Mantaap,semua jd mudah dgn adanya aplikasi hojek(onlins)👍👍👍"
,"Saldo saya berkurang sendiri padahal saya tidk melakukan pembayaran ke GOOGLE PLAY ,GARENA Lama2 RUGI saya"
,Kalo bisa tolong di perbaiki attitude yg belom bagus para driver nya Kasian yg Uda bagus atitude nya jadi terbawa
,"Pokoknya mah, urusan jd mudah, selama masih bisa terhubung ma Gojek.. :)"
,Jek gojek ngekei promo sak upil ae kok syarat e sak kadang koplak. Niat ngekei promo kie nk iso syarat e 2 opo 3 kan ckup. Kie segala cara pembayaran ae d atur2. Nk wong e sg psen ky aq cm nduwe duit cash iso mati kaliren goro2 syarat mu kwi.
,Baguss sih tapi biaya tambahan ny mahalll
,"selalu kasih info setengah setangah,jd nya gopay sy hilang"
,"Kecewa banget gw, udhlah mahal, drivernya kgk ramah, scanning driver lama, mending tutup perusahaan aja"
,Suka dengan aplikasi nya sukses terus
,"Kok makin gk jelas antjaaaay, Apk udah make bertahun2, gopaylatter lancar tiap bulan, gitu ajuin Gopaypinjam di tolak mulu selama setahun tiap kali ajuin 🤣🤣🤣"
,"Aplikasi luar biasa, sangat membantu meringankan kerepotan kaum emak-emak 👍, makasih gojek, semoga makin berkembang lagi pelayanan nya"
,"bagus sih UI-nya, cuma lucu juga dan gk paham algoritmanya seperti apa 😁, ongkirnya mudah banget berubah setelah ganti menu (masih toko yg sama) atau memperbarui lokasi meski titik lokasi sama (buka map & keluar lagi). Tolonglah jangan gitu2 amat 🙏"
,"Seharusnya sebelum memesan harga udah tertera terlebih dahulu agar penumpang bisa menyesuaikan harga. Jadikan nggak usah repot membatalkan pesanan karena budget tidak sesuai. Satu lagi yang saya keluhkan perihal harga saat saya tekan set jemput disana tertera harga yang cukup melambung kontan saya batalkan kemudian saya jalan beberapa meter dan mulai memesan lagi harga mulai normal, kedepannya tolong perbaiki masalah harga yang tertera sebelum pesan yang seharusnya ada dan tolong stabilkan harga."
,Aplikasi kapitalis sistem nya udh tidak merata ke semua draver y
,Aplikasi yang sangat membantu saat dibutuhkan. Alhamdulillah sering pakai dan ga pernah mengecewakan. Tks .
,"Jelek bngt nih aplikasi udah lola sering bngt error lg, gk recommend sih sorry deh uninstall bye"
,"Mau gosend, cari driver nya 1-2 jam (sameday). Uda tunggu sampe 1 jam lebih, dengan se enak2 nya, cuma dapat ""Maaf driver terdekat tidak bisa menerima pesanan"". Tidak bertanggung jawab. Waktu tunggu 1 jam terbuang percuma. Padahal paket sedang ditunggu2."
,Kenapa sih gopay tidak bisa sambungkan ke prakerja ? Peningkatan fitur sambung .di perbaiki dong sebelum tanggal 10 ni
,"Hello Pihak Gojek, saya pemakai setia aplikasi ini. Jika dilihat dari segi tampilan pada aplikasi lebih menarik dan lebih mudah dibanding pihak sebelah, tapi cukup kecewa dgn adanya biaya tambahan. Memang tidak seberapa, tapi itu jg menambah biaya ongkosnya. Jg kenapa sekarang nyari driver tidak secepat dulu, tak jarang pesanan dibatalkan karena terlalu lama pencarian drivernya"
,"Tarif dan jarak tidak stabil. Meskipun jaraknya sama tp perhitungan tarifnya selisih. Akurasi titik masih belum bagus. Saya tidak menemukan icon point dan penukaran point, justru diganti icon voucher. Akan lebih baik kalau icon voucher dan poin warnanya dibedakan serta posisinya berbeda. Tolong dong diperketat juga, sering kali plat nomor sama orangnya beda."
,aplikasi gojek sangat membantu sekali tapi sesekali gps maps_nya tidak pas posisinya. Selain itu rute untuk sampai ke tujuan sebagian ada yang jauh padahal ada rute yang jarak tempuhnya lebik pendek (singkat) jalanya.Kalau bisa rute di aplikasinya jarak tempuhnya untuk sampai tujuan pilih jalur yang pendek . Trm kasih
,"Untuk sekarang performa gojek menurun drastis, sekarang saya tidak bisa pesan gojek, entah kenapa mapsnya ngga bisa set titik jemputan, padahal lokasi sudah aktif, titiknya jg sudah digeser, tetep aja ngga bisa. GOJEK GAGAL TOTAL SEKARANG"
,"bagus, membantu. apalagi ms ms ojolnya ramah sat set"
,"Aplikasi ini sifatnya membantu, belum ada kendala berarti selama memakai aplikasi ini. Kecuali saat driver akan pick up tapi tiba-tiba ikon driver di map tidak bergerak lalu susah dihubungi, sedangkan kalau menunggu driver lama dan harus cepat sampai. Lalu kalau dicancel kita dimaki maki driver. Lalu ketika driver banyak yang tidak hafal peta bandung lalu muter muter deh. Solusi training bagi agen, seleksi minimal bisa pakai map."
,"Aplikasi kurang memuaskan, tiba-tiba melog-outkan saya dari aplikasi tanpa alasan yg jelas padahal ada uang di aplikasi tsb. Saat saya loginkan kembali tidak bisa karena nomornya sudah mati tetapi ada gmail yg tertaut, malah dari aplikasinya menganggap gmailnya tidak tertaut. Aneh, padahal di gmail saya ada bukti-bukti kalau tertaut dengan gojek. Mengecewakan."
,Saya udah bayar gopay pinjam tapi kok gaada notifnya ya.. trus tagihannya tidak berkurang malah tetap segitu.. mohon bantuannya ya terima kasih
,"Sering updet tambah berat,gak jelas"
,Aplikasi untuk toup nya g bisa masuk padahal jaringan bagus
,"Masih sama untuk aplikasinya. Belum ada perubahan pada maps untuk daerah rancabungur setiap pesan selalu nyangkut sama driver di seberang sungai, kasian driver nya muter jauh, dan penumpang jadi menunggu lama. Fitur cancel ? berkali2 ngecancel ntar kena di reputasi baik penumpang maupun drivernya"
,"Menurut saya, di aplikasi gojek customer versi yang terbaru ini tidak seperti dulu. Lebih menyulitkan customer dalam order makanan atau Gofood. Karena kategori pencarian hanya muncul nama resto, padahal customer mencari itu lebih spesifik ke menu makanan yg akan di order.... Klo versi terdahulu customer bisa mencari berdasarkan kategori nama menu makanan yg akan di order, bukan nama resto. Tolong kiranya di perbarui seperti versi sebelumnya agar bisa mencari berdasarkan kategori menu makanan."
,Bayar tiket apk KAI pake saldo gopay bisa bayarnya tapi gak bisa buat beli tiket nya ga ada di apk KAI. Rugi banyak anjir. Bangsattt
,"Pernah sehari 3x pesan gojek, drivernya itu"" Juga. Trus pernah juga 2x sehari gofood, drivernya masih sama juga. Atuh gak berbagi dengan driver lain 🤣. Gpp sih selama drivernya ramah mah."
,"Sangat Membantu pendapatan Para masyarakat yg di mana bisa untuk kerja sambilan, dan atau pun penuh waktu. Satu2 karya anak bangsa Indonesia, tolong perhatikan kembali kesejahteraan Driver ya Para Pemimpin Gojek."
,"Hllo pihak gojek, dsni sy mau mmbrikn keluhan,sore tadi sy pesen gojek untuk berangkat ke stasiun kala itu sedang mepet bgt ngejar waktu. ketika sy mengorder pilihan pertama ternyata driver gojeknya ga Dateng setelah itu sy telpon, beliau menjawab ada orderan masuk tapi ga ada maps nya gitu apalah lupa lagi, makin panik kan. Kmdian sya mengorder driver kedua, beliau menjawab bisa nganter tapi bayarnya cash aja dan saya pun sepakat,nmn yang dirugikn sya saldo berkurang dari mengorder driver trsbt"
,Aplikasi nya parah hp jadi ngelag gak bisa pesan ojol
,"Menurut saya aplikasi ini membantu saya menjadi Resseler. Selama saya pakai gk ad masalah,namun kadang agak stak(lag)...Mungkin karna android saya...Namun jika bisa dibenari mohon di sempurnakan lagi...Saya gunakan aplikasi ini untuk berjualan(Resseler) Untuk fitur Gopulsa tolong nominal saldo pulsa di tambah yg 5k😁 di setiap kartu kalau bisa. Untuk Fitur lainnya belom tau. Sekian"
,"Instal pertama gagal, instal kedua berhasil, masuk terus login, tiba tiba keluar, saat data dimatikan bisa masuk ke apknya, tapi saat dinyalakan datanya malah keluar lagi, dan itu terus menerus, buat apa bisa masuk ke apknya kalau data keadaan mati"
,"Di aplikasi menunggu driver 3-5menit. Tetapi saya menunggu bisa 15menit. Naik ojek untuk mempersingkat waktu tiba di tujuan bukan memperlambat waktu. Driver nya lamban. Tolong dong, driver nya yg sudah ready di jln. Jgn yg masih stay di rumah"
,"1. Aplikasi terlalu lagging, dan animasi yang tidak diperlukan. 2. Sistem image terlalu HD untuk gambar yang hanya icon, membuat load terlalu lama. 3. Gofood sangat diperlukan label hallal pada setiap restoran yang dipilih. Serta filterisasi hallal pada pencarian. 4. Perlu adanya feedback/warning pada restoran jika tidak memberikan pesanan yang sesuai. Karena di dalam pick makanan ada custom"" yang berbayar yang terkadang tidak aware oleh restoran. 5. Perlu adanya personal blokir pada restoran"
,"Ada voucher goride, tapi g bisa dipakai, gimana sich, padahal aplikasinya sudah diupdate jg tetap g bisa"
,"Tolong diperbaiki, terutama titik penjemputan. Saya kesulitan dapat titik untuk dijemput sehingga pengemudi kadang lama datang juga aplikasi sangat lambat merespon/mobil pesanan saya sudah tiba tetapi dipeta masih diperjalanan. Terima kasih yah."
,"Kecewa berat sama aplikasi ini, sudah TopUp... Mau di transfer tapi ga bisa terus, harus upgrade lagi, dan lagi.. Padahal waktu itu sudah ada notifikasi sudah terdaftar sebagai GoPlay Plus 🤧🤦‍♂️ Dan tertahanlah saldo saya"
,"Update bukannya makin bagus makin lelet ancur, ayo diperbaiki, sama sistem order diperbaiki , kesian sama bpk2 yg kena order fiktif.."
,"Selama ini aku pakai Aplikasi Gojek ini, ok dan Driver nya juga baik sama ramah. Semoga Barokah buat aplikasi Gojek."
,"Sering terjadi kendala saat mau pesen makanan, terutama kendala masalah pesan antar,sering bgt ngalamin masalah itu"
,Saya ada tranferan dari pelanggan rp.50.000 belum masuk sudah 1 minggu kenapa? Mohon di perhatikan Jadi kalau pelanggan mau tranfer jadi takut ga nyampe nyangkut dimana?
,"nyuruh orang daftar gopaylater, giliran udah daftar dan berhasil malah dibilang belum bisa daftar, terus data foto sama KTP gw di apain , K*NT*L"
,"Order menggunakan paylater di tanggal 1, yang harusnya tenor sebulan eh malah disuruh bayar per tanggal 2. Bintang 1 dulu deh sampai bisa menyesuaikan tenor sesuai pembelian terakhir"
,"Tolong tingkatkan akurasi map-nya, ya. Kadang saya bingung, saya lihat di ponsel, driver-nya masih jauh, tapi tiba² udah sampe aja driver-nya. Entah karena signal, kurang tahu juga sih. Tapi di aplikasi sebelah engga gitu. Oh, ya, kalau bisa tambahin fitur traffic-nya, ya. Biar bisa tahu lokasi mana aja yang macet. 👍"
,"Saya kasih bintang 1 soalnya resto saya sering kena orderan piktif,soal ya sangat mudah orang daftar gojek saran saya untuk kedepannya kalau setiap orang daftar akun gojek harus pake KTP."
,"Sangat sangat sangat tidak memuaskan! Awalnya sangat membantu tapi sekarang sangat tidak membantu. Saya sampai uninstal dan download lagi karena saya pikir eror. Tapi ternyata memang aplikasi ini di hp saya tidak bisa di pake! Karena setiap kali saya mencoba untuk memilih tujuan pasti muncul tulisan ""tidak tertera pada peta"". Untuk order makanan pun tidak bisa, terus gimana coba?! Tolong perbaiki aplikasi ini seperti semula!"
,Ternyata semua jd lebih mudah terimakasih
,"Saya sangat kesal. Saat mau pesan gofood, awalnya biaya yg tertera 26.600, sempat mau tambah item tapi gak jadi, tiba2 biaya pesanan saya dengan menu yang sama berubah jadi 28.600, beda 1 menit doang langsung naik 2000. Yaudalah ya gpp, langsung order tu makanan, eh pas lihat total biayanya jadi 29.600 dong. Ngeselin banget sih, pengen batalin orderan tapi uda gak bisa. Otomatis uninstal ni aplikasi setelah pesananku nanti nyampe. BURUK!!"
,"Fitur gofood makin nggak jelas habis di upgrade, tadinya bisa enak cari referensi terdekat, promosi, dll sekarang cuma resto2 yg punya nama aja yg keliatan, resto2 kecil harus search dulu. Katanya misinya untuk mempermudah, membantu umkm maju, kok jd gini"
,"Gua mo daftar kaga dapt2 kode otp padahal no ny bner, ada WiFi tapi g masuk2 kode ny hadeuhh"
,Gojek tidak bisa membantu saat terjadi kesalahan nomor tlp saat kirim Gopay..600rb melayang begitu saja ke nomor yang tidak akrif/bisa di hubungi. Tidak butuh jawaban robot
,Tepat. Cepat dan aman!!
,"Tolong dong ga bisa upgrade gopay plus sudah 4 hari..., Report nih mau bayar gopaylater jadi susah, tar saya ga mau kena denda yeah..."
,Abang gojeknya baik dan ramah no.kendaraan sesuai aplikasi terima kasih
,Sangat membantu driver nya pun ramah ramah
,"Bintang 1 ah, tiap masukin pin keterangan nya tidak ada koneksi internet terus, males jadinya..."
,"Brp tahun saya pake apk ini,goclub ud gak berguna sekarang,embel embel cs proritas tp sama aja,cashback 100% ilang juga,promo jarang,sekalinya dpt voucher cashback gopay coin gak masuk voucher harta karun hilang hehehe,dellete soon"
,Kirim link buat masuk tapi ga bisa kebuka kan tolol mana saldo masih ada di dalem lagi
,"Terbantu sekali dengan adanya aplikasi ini, mau kmna aja dan mau makan apa aja jd lebih mudah"
,Cepat tepat dan akurat
,Gojek membantu sampai tujuan perjalanan yang menyenangkan walaupun jalan macet
,Dimudahkan dalam segala hal.. namun harus lebih banyak lg diskonan nya ya..
,Map suka eror tolong di perbaiki lagi.
,Tidak bisa top tap
,Mudah digunakan dan lancar.
,Promo nya bisa pake 2 vocer diskon kayak dulu
,"Aneh daftar,, ktp poto segala rupa,, low tau ditolak ogah daftar,,awas jgan salah gunakan data saya,,"
,Baik tapi harga suka berubah2 walaupun di tempat yang sama
,"Sperti biasa sy pesn gojeg 40 mnt lma sekali, bkn krna ttk jauh nya ya CS tp bnyk drver yg tdk ambil dgn alsan tertentu mknya saya ksh rating bntang 1, tolong dong ksh ketegasan buat drver nya , udh gojeg itu lumayan tp mahal tp pelayanan ke customer nya krg bgu"
,"Kecewa,, cari driver kok lama,, lalu dapat driver tapi titik drivernya juaaauuh malah di titik sampainya,,, bagaimana? Harus nunggu 2x waktu.. saya kecewa"
,biaya layanan terlalu mahal
,Aplikasi gojek rada gak jelas sekarang 3x gak dapet driver berturut turut padahal lokasi tujuan Deket banget
,"Harga lebih murah,cpt dpt drivernya,terima kasih 🙏"
,Pesen Goride drivernya kosong blong.. giliran cari ulang harganya makin naik terus....walah jek
,"Gojek ini baik bisa antar kuliner saya di tahun 2023 ini cuma kalau kalah saing sama shopee food dan Grab food dia bisa kasih voucher Gratis Ongkir Lebih Murah. Tetap Hanya Pengguna Baru ,"
,"Sistemnya gk jelas. Cari driver lama bgt, sekalinya dapet gajelas sampe restonya tutup. Pantes pada narik modal investornya"
,Makin lama makin parah Isi saldo sebesar 100rb udah 2hari tidak masuk padahal dikertas setruk tertulis berhasil
,"Bagus banget aplikasi ini wajib sih kalo kalian mau ngirim paket, pergi kemana², pesan minuman/makanan cepet buat kalian yang mau makan cepet pakai aja aplikasi ini worth it banget sih menurut aku kalian wajib pake aplikasi ini"
,"Sangat terbantu dengan aplikasi ini,trima kasih GOJEK🙏🙏🙏"
,Gimana ni gopay kok buat ngirim saldo ke mandiri pending terus mana uangnya keburu mau dipake lagi buat kebutuhan tolonglah sigap atasi keluhan penggunanya
,Cepat tepat dan akurat
,Tingkat kan lagi agar lebih mudah
,Ah...gak bisa dihubungi trus drivernya ....alasannya lg sibuk2 lama banget smpe 2jam nungguin gak dateng2
,Gak wajar harga nya naik.gak mikirin keadaan orang.bandingin sama aplikasi ojek online lainnya gojek paling mahal gak pake logika naik harganya apalagi kalau hujan cuih
,"Sangat buruk, kirim uang udah 3 hari menunggu terus gak ada kejelasan uang kembali ato tidak"
,Dua kali di surih cancel sama drivernya... Katanya jauh... Biar andalan kalau jauh jgn di kasi min... Kesal banget sumpah
,Sy pulang praktek di KF lelah pasien cukup byk..tp seketika hilang cape sy ngobrol ama driver ketawa ketiwi seneng..
,Baru download tp pas mo milih alamat tujuan malah kuar sendiri
,Aplikasi Sangat Bagus dan Cepat
,"Kenapa susah banget cari driver di desa, kan yang butuh bukan cuma kota aja.. Jengkel tau, udah siap2 mau berangkat nunggu dapetin drivernya ternyata ga ada😡"
,Aplikasinya mantap dan sangat bermanfaat.
,keren memudahkan pengguna nya untuk melakukan transaksi belanja dll
,Sangat membantu dalam perjalanan
,"Sekarang tidak pernah ada diskon yang saya terima, sehingga malas untuk memesan online."
,Pindahin gopay ke rekening lain lama biaya layanan doang gede tapi lama dahlog aplikasi
,Mohon aplikasi costumer bisa berbagi lokasi sama drivernya
,Alhamdulillah pelayanan nya sangat cepat
,"Gopay kepotonh karena pembatalan, pesanan terlalu lama"
,maaf ini baru kali ini seperti ini mau bayar tidak bisa pdahl saldo ada
,Mohon maaf ni ya saya baru aja abdet kok saya tulisan nya pesan makanan apa yg muncul apa Mohon maaf bantuan nya
,Lemot dan tidak akurat sama maps
,"Gopaylater nya aneh bulan kemaren bisa buat byar akulaku, sekarang tidak bisa"
,Menyenangkan dan fast respon
,Sistem pembagian orderan tolong dibuat merata
,"Udah 2x ni dikecewain sma gojek, 2x pesan mkanan slma ramadhan, jam 23.00 nunggu lebih dri 1 jam tp drivernya g da 😒😒, padahal saya pelanggan setia gofood, tp selama ramadhan ini 2x sya dikecewain😑😑"
,Selalu tepat waktu dan harga bersahabat
,uda upgrade gopay plus lama kenapa pas ngirim gopay ke teman cuma getar aja
,"Sangat membantu, langganan dr awal"
,Sangat memuaskan pakai aplikasi gojek semoga kedepannya lebih baik lagi
,pilih alamat kok tidak ada di peta terus jawaban nya. ga jelas
,"Sangat membantu pd saat2 dibutuhkan, thanks"
,0akai aplikasi ini gampang ga ribet jadi gampang klo mau pergi
,Aplikasi ribet dan error !!!!!!!!!!!!! 😘😘😘😘
,Baru ganti hp tapi nggak bisa login lagi pake email yg lama
,"Maaf min buat tranfer ke banknya coba betulin lagi, masa ga bisa terus,,, Sama buat dompet digitalnya min tolong diperbaiki...."
,makin jelek aja ini aplikasi....upgrade gopay yg gmn bikin bingung aja
,Gopay later hingga Tahuna bertahun limit ga pernah berubah tidak jelas aplikasi ni tidak ada kenaikan tidak ada tambahan apapun
,Pantas saja cs banyak pindah ke aplikasi lain. Biaya layanannya mencekik
,"apasi butut bgt, nyari driver aya lama bgttt :< pdhl lagi buru buru dan butuh bgt aduh"
,"Belakang ini aplikasi gojek susah untuk d gunakan,padahal selalu d perbarui.jd jarang dipakai padahal abis isi saldo gopay."
,Sekarang jarak terdekat nya mahal banget 17ribu sekarang aku beralih naik sepada
,Aplikasi gojek costumer sangat berguna dan bermanfaat sekali
,Aplikasi tolol pin udah bolak balik di rubah tetep ae ga bisa di pake anj blog ga jelas nih apl mnding make dana
,Transfer dari 4hari lalu belum juga selesay masih menunggu gimana sih
,"Sangat terbantu bgt,dengan jadwal dan pekerjaan saya yg padat"
,Mau upgrade aja susahe setengah mati.gak bisa
,Kenapa saldoku terpotong tiap Minggu krna berlangganan aplikasi gk pernah terpakai cara berhenti bahaimana
,Mudah dan praktis
,"Kebanyakan drever pilih2,tolong yang totalitas lah."
,Aplikasi sangat membantu sekali..tks kembangkan lg..
,Lagi lagi dapat driver yg jauh dari titik jemput
,oke tapi promonya kok hilang yah wkwk
,promo gofudnya kurang banyak dan makin banyak syarat
,Grab memang sangat membantu kebutuhan sehari-hari.terimakasih
,"Semuanya ok,moga selalu lancar kl di pake"
,Lbih sering pake gofood krna bnyak promo nya
,"Lama bgt,sy sudah menunggu sgt lama,tapi tak kunjung dtg"
,Sangat nyaman pas dibutuhkan
,Susah dapat Driver. Pelayanan tambah buruk. Sekalinya Dapet Jauh banget drivernya
,"Tolong promo nya diperbanyak, trimakasih"
,"Biaya jasa aplikasi sangat2 mahal , mending pakai aplikasi lain saja"
,Lebih bagus lagi kalau bisa tarik tunai
,"selalu setia menemani dan bisa di andalkan, walau kag nyasar"" dikit 😀✌️"
,"smoga lbih baik dan lbih lancar lg apk gojek/gopay ny ,mf ksih 3 bintang dlu krna msih suka lambat klo buka apk gojek/gopay ny"
,"Susah nyari driver lama gak dapet dapet,"
,ya buat aplikasi oke tapi penemuan alamat susah..
,"Pake aplikasi GO-JEK simpel bgtt, mw makan aja enak tinggal bayar doang.berguna bgtt makasih gojek😇"
,Driver sangat baik dan ramah
,"Sekarang driver gojek banyak yang masam raut wajahnya sama penumpang. 50: 50 lah sm yg ramah.. dinilai rendah, kasian ganggu rejeki orang. Tolong gojek kasih pelatihan atau gimana lah. Supaya lebih baik ke depan."
,Sangat membantu dan profesional
,Saya top up melalui rekening virtual tapi tidak masuk
,"Sangat membantu banget pas lagi lapar malam"""
,Mantap pengiriman cepatt
,Perlu bintang 5 bilang ke driver nya ajngggv jangan batalin pesanan orang lagi laper gimana sih apk ini ga bagus lagi
,Makanan lebih mahal dan biaya makin hari makin mahal
,"Lancar, tepat waktu"
,Oke lebih praktis untuk semua kebutuhan
,Selalu oke pake aplikasi gojek selama ini tidak pernah mengecewakan
,"Apk nya gini amat,sampe akun saya yg ada saldonya banyak pun diblokir,pdahal tidak melakukan trx ilegal"
,kenapa promo tidak bisa lg digunakan ketika pakai gopay coins
,"Aplikasi Transportasi simple,mudah dan kenyamanan saat berkendara sangat dirasakan oleh penumpang aplikasi ini👍"
,"Aplikasi ini mmbntu, tpi sayangnya untk fitur gofood yg sering saya gnakan, tidak ada opsi lain untuk cancel atau ubah orderan, fitur cancel yang disediakan tidak efektif dn efisien krna waktu yg diberikan hanya sbentar. Sebaiknya untk transaksi di gojek harus memasukkan PIN, apalagi warna klik untuk cek detail pesanan sama dgn warna klik untuk mulai order, SAMA - SAMA HIJAU. saya pribadi sring keliru akan hal ini, niat hati untuk cek detail orderan, ternyata malah langsung kebeli, alhsil rugi"
,𝚊𝚙𝚙𝚕𝚒𝚔𝚊𝚜𝚒 𝚐𝚊 𝚓𝚕𝚊𝚜 𝚝𝚒𝚋𝚊2 𝚕𝚘𝚊𝚍𝚒𝚗𝚐 𝚐𝚊 𝚋𝚒𝚜𝚊 𝚍𝚒 𝚋𝚞𝚔𝚊
,"Memudahkan sekali ya aplikasi ini, bisa pesan ini itu disaat kita lg butuh🤭"
,"Jika beberapa pelayanan sudah stabil, jangan terlalu berambisi untuk menambah banyak layanan sekaligus, karena kostumer yg kecewa karena satu layanan saja bisa bisa dia tidak memakai lagi aplikasi ini.. Penambahan satu layanan diselesaikan hingga benar benar stabil baru ditambah satu layanan lain distabil kan juga dengan benar benar, itu lebih efektif mempertahankan costumer"
,Makin parah IT nya Gambar motor driver hanya sedikit padahal yang online banyak Note nya Ada 3 driver di dekat anda Padahal nya mah yang di dekat saya Banyak driver yang online IT Noooob 🤦🤦🤦
,Lumayan membantu aplikasinya tapi skrg promonya dikit yaa
,"Dear pengembang, kuharap ada kolom penilaian berbeda antara resto dan driver seperti shopee jadi jika kesalahan resto bisa Ulas resto yg sesuai dan driver TDK kena imbas .."
,"Aplikasinya ribet, terlalu banyak menu dan info ga jelas. Segala macem go go betebaran dimenu. Terlalu ambisius, Cari riwayat perjalanan aja setengah mati muter2. Coba contoh grab. Aplikasinya simpel, mudah, jelas. To the point pada main bisnisnya."
,Tolong dong bug nya di perbaiki terutama dalam fitur upgrade akun gopay.. Setiap saya buka aplikasi kamera hp pada saat mau mengupload KTP dan selfie hasil gambar nya selalu gelap.. Flash kamera hp tidak bekerja sehingga gelap walaupun sudah dibawah sinar matahari/lampu.. Ini membuat akun saya di tolak terus dengan alasan Photo tidak terlihat.. Mohon solusi agar lebih baik.. HP saya XPERIA AQUA M4 dual SIM
,"untuk admin tolong kasih pembinaan kepada costumers terhadap para driver ketika memberikan bintang, bintang 5 dari costumers terhadap driver sangat berpengaruh dan membuat si driver menjadi semangat menjalankan hari harinya. mohon kepada costumers ketika memberikan bintang 3 ke bawah coba dipikirkan ulang karna itu membuat si driver menjadi patah semangat apalagi hanya mengasih bintang doang tanpa keterangan, klo driver salah tetap kasih bintang 5 dan kritik dia ketika salah."
,"Semakin hari, layanan gojeg semakin buruk... Terutama apabila menggunakan aplikasi di marketplace dengan layanan antar pakai gosend. Saya order barang di toped pagi hari jam.9 lewat menggunakan jasa pengiriman gosend INSTAN kurir dgn biaya 74rb dari Jakut ke Jatiwaringin, order sudah di konfirmasi seller, sampai ja.14.00 barang belum juga di pickup, nyesel pake layanan gojeg instan kurir berasa sameday, buat apa bayar mahal kalau layanan instan sama kaya sameday, mendingan next pindah ke kurir!"
,Bagus sih sudah tapi kalau lewati satu order dapat peringatan harusnya setiap layanan ada on off-nya kayak aplikasi sebelah...
,"E wallet yang satu ini sangat tidak rekomendasi, saran saya mending cari e wallet yang lain, thx"
,Blm pernah ada yg meleset dr pengiriman sampe jemput penumpang. Mantap..sukses terus..
,Semakin di update semakin jelek aja..coba kalian cek updatenya sebelum kalian buat updatenya ke play store.
,"Swipe gopoin hilang, sedangkan di situsnya masih ada penjelasannya. Padahal ada buanyak swipe gopoin yang belum dipakai. Saya beralih ke grab aja, yang bisnisnya benar, dan layanannya memuaskan dan benar2 berorientasi kepada customernya."
,"driver ramah dan baik,tidak kaku dan bisa diajak ngobrol,jd perjalanan terasa menyenangkan dn berasa keluargaan."
,"gopay transfer kalo udah transfer tapi gagal tidak segera dikembalikan nominalnya... pending dulu minimal 1x24 jam......pernah sampe 1 minggu emangnya gw top up bayarnya ntar ntaran atau nanti 1x24 jam... sue.... masih mending GRAB OVO Nya tokcer profesional kalopun gagal transfer saldo gk berkurang, GOPAY TIDAK PROFESIONAL, jadi males pake aplikasi nob gini"
,Tambahin produk yang bisa pembayaranya COD biar memudahkan tanpa harus tranfer
,"Gue kasih 3 soalnya kalo pesen gojek rute nya dapet driver yg jauh terus,sehingga driver nya sering batalin pemesanan.harusnya jangkau yg dekat jarak 10-20 menit mana mau driver nya ke lokasi penjemputan belum lagi anter ke lokasi rumah si pelanggan."
,terlalu banyak pembaruan yang tidak berkualitas ...
,Saya kecewa dengan fitur Gopay yang hanya bisa transfer uang apabila sudah diupgrade. Sangat membatasi dan tidak memberikan akses cukup luas pada pengguna. Saya juga tidak bisa membatalkan upgrade atau mengalihkannya ke akun lain. Sistemnya sangat buruk.
,Sangat membantu sekali untuk sehari-hari
,Banyar tagihan gopayleter nya per bulan apa perhari ? Masa baru kemarin pake Sekarang udah banyar Terus jatuh tempo lagi Mending tagihan per detik Begitu pake langsung jatuh tempo
,Kenapa aplikasi saya tidak bosa go send ya. Kemarin beberapa kali gosend masih bisa tapi asal lihat map driver sudah sampai mana aplikasi terhenti. Ini sekarang makin parah malah klik gosend langsung terhenti. Sudah install ulang juga begitu. Parah.
,"Bisa digunakan untuk memesan rangkap, tripel, bahkan lebih. Entah itu sama-sama memesan gofood ataupun transportasi. Selain itu, diskon yg diberikan seringkali tanpa minimal order, sangat ssuai dngan kondisi keuangan anak kos. Hanya saja ongkirnya terlalu mahal hehe. Makasih gojek."
,"terlalu banyak no tujuan yang dibloker jd bnyk no yg tidak bisa di transfer,jadi tidak bisa bnyk menghasil duit"
,"Aplikasi ini paling saya sering gunakan. Hampir sesuai dengan Google Map 1. Ke akuratan lokasi titik koordinat di mana saya berada 2. Lebih mudah menemukan tempat yg dituju 3. Driver gampang dimonitor 4. Sayang nya, setelah upgrade Aplikasi dan penyipanan mencapai 178 MB. Setiap membuka Aplikasi agak lama muncul layar HOME Gojek padahal pakai WI FI dan saat berada di luar pakai jaringan Telkomsel, kouta Data juga banyak. Apakah kebanyakan data yg tersimpan sehingga perlu kah INSTALL ULANG???"
,"sudah sangat bagus, drivernya juga tidak pada sombong, terkadang drivernya beda dengan di foto, terkadang plat nomor mobil driver beda dengan yg di infokan, terkadang itu bisa menjadi ketakutan bagi para penumpang, bisa tolong dipertimbangkan lagi:) satu lagi yang bagi saya sllu mengganggu, yaitu ketika kita ingin memesan gojek/gocar, eh ternyata apl ini harus di update dulu.. duhhh:("
,"Anggap aja aku ngerate bagian buruk buruknya aja, harga semakin mahal, tapi pelayanan semakin menurun, makin kesini makin kesana"
,"Untuk layanan tarik tunai saldo gopay tolong segera di hadirkan lagi,sejak tanggal 1februari layanan tarik tunai gopay gk bisa dipake pdhl itu sangat membantu"
,"Saya salah kirim saldo gopaayy ke rekening orang , seharus nya bisa di kembalikan . Malaah saldo hangussss Tidak bisa membantu banget dari pihak gojek parah"
,"Bintang 1 ini untuk cara komplen nya. Baru sekali komplen krn pesanan kurang..lsg kecewa deh, komplennya kayak dipersulit gitu, lambat lagi. Ga user friendly. Jadi hilang deh duit.padahal tinggal diterusin aja ke resto barangkali restonya nyadar memang ada yg kurang..Beda dg aplikasi sebelah berkalikali komplen selalu lancar."
,"Ini kenapa, habis update malah rusak nggak bisa di buka aplikasinya, ada peringatan aplikasi mengalami macet, menghubungi cs nya nggak ada solusi, masih saja macet, percuma topup di apk ini, saldo saya nggak bisa digunakan karena aplikasinya nggak bisa dibuka, nyesel gw, selama saya masih belum menemukan solusi, saya akan tetap menilai aplikasi ini bintang 1, sudah topup, malah nggak bisa di buka, saya update biar lancar, ehmalah nggak bisa dibuka, cepetan update lagi kasih solusi."
,"Akhir akhir ini harga ongkir semakin mahal, ditambah lagi dengan biaya aplikasi yang juga semakin bertambah, dan kenapa harus dibeban ke pembeli, percuma dikasi diskon toh ditambah biaya penangan ga ada beda nya. Pas awal - awal sangat nyaman go food sekarang tidak lagi, jadi mau pesan kudu mikir berkali kali lipat :("
,Keren drivernya sabar & ttp penuh smngat...
,"lebih banyakin voucher diskon buat go ride yang tunai ya? saya ga punya terlalu banyak uang buat gopay,ovo,dan dana makasih kalo memperhatikan"
,"Lama kali saya nunggu driver gaada yang mau ambil, kalo dapet di cancel terus padahal harganya uda naik"" terus 😇 abisin batre saya aja demi alek ☺ jalan-jalan ke kelapa gading, capek nunggunya kambing. Apakah saya perlu menunggu sampai subuh sampai hp saya meledak👩‍🦲"
,Sangat membantu jika mau kemana-mana dan kalau pesan makan selalu cepat... Sukses terus aplikasi gojek
,"GOJEK akhir akhir ini aneh sekali, saya termasuk orang yang rutinitas menggunakan moda transportasi online termasuk GOCAR,. Akhir akhir ini saya pesan gocar lwt aplikasi seperti biasa, tp mengapa yg datang selalu NEW Toyota Limo tdk ada nopol & keterangan foto driver. Pas saya lihat gataunya Bluebird, saya tdk suka seperti ini saya lebih nyaman menggunakan Taxi Online dgn mobil pribadi, bkn Taxi Plat Kuning! Tolong di perbaiki jika tidak banyak customer yg akan beralih ke GRABCAR"
,semoga gojeg tetap exis....tapi yang terpenting tarif nya kalo bisa turunin dikit gitu....jangan mahal mahal...
,"Kon loading banget ya, ngga bisa masuk"
,"Setiap transaksi malam, pasti selalu gangguan sampe laporan juga pasti lama banget sumpah aplikasi GO-JEK kalo gasanggup ngurusin gopay nya juga mending gausa daripada eror terus"
,"1. Kenapa promonya harus terpasang otomatis ya? Kalau mau pilih promo yang lain, atau saya gak mau pakai promo gimana? 2. Tolong di go food dipasang keterangan dong, resto mana yang halal mana yang nggak. 3. Tolong kasih spare waktu agar bisa kontak driver setelah driver kirim go food ataupun go send. Karena bisa jadi ada yang tidak sesuai, tapi jadi gak bisa kontak drivernya. Saya jadi harus telpon restonya langsung. Selebihnya aplikasi udah bagus, sangat membantu, mantap!"
,Dengan mode hemat saya tak perlu bayar ongkir kalo memesan.. Jadi beneran lebih hemat❤️
,"Kenapa setiap saya mau transfer saldo gopay ke Bank Mandiri selalu ""Yah rekening ga ketemu silahkan coba lagi"", Padahal no tujuan sudah benar, itu gimana si tolong penjelasannya min"
,Mantap dan cepat sekali prosesnya..
,"Saya dulu suka dg aplikasi Gojek... Tapi lama-lama kok ribet, terlalu banyak iklan.. Mau cari menu jadi terganggu dg banyak gambar2.. Gak simpel.. Kurang komunikatif untuk semua kalangan."
,"Aplikasi nya super mengecewakan. Internet lancar malah dibilang mati, padahal paket data baru diisi. Saking lemot ni aplikasi, batalin pesenan aja susah. Opsi alasan ga muncul muncul. Parahhh, mengecewakan."
,"Susah banget masuk nya.. padahal jadringan bagus.. pake wifi mau pake data sama aja.. muter"" aja"
,"Parah untuk gofoodnya, makin hari promo discount dikit dan potongan besar.. Dapet harta katun potongan 10k syarat belanja goofood sampai 200k? Miriss bgt keknya"
,"vouchernya sedikit banget👎🏻, kalah bagus sama aplikasi sebelah"
,"Kadang kadang servernya lemot. Kalo jam jam tertentu harganya bisa naik banyak banget, padahal macetnya juga ga di jam itu doang tapi berasa kayak di jam2 tertentu doang naiknya. Kadang juga kalo ke tempat tujuan harus muter dulu ke arah yang lebih jauh padahal ada jalur dekatnya. Maksimalin lagi dong"
,"Ga bisa mesen goride ini, mapsnya error terus"
,Apliksi gojek sekarang ongkir nya mahal ..padahal dulu murah ..jangan memanfaatkan keadaanya ya .pliss trus dinaikin ongkirnya . Dan itu juga biasanya ngetik jarak dihape mau lihat ongkir bisa jarak jauh sekarang gk bisa .lokasi tidak bisa mendeteksi dengan cepat bisanya deteksi jarak deket
,"Lokasi driver errorr, terdeteksi sangat jauh dari lokasi pemesanan, ketika dicancel, aplikasi driver gojeknya lambat merespon, walhasil ketika drivernya sampe baru tau kalo dia dicancel dan emosi pun bergejolak, saya pun minta maaf. (Terjadi 3 kali). Sebagai solusi akhirnya install aplikasi yang satu lagi. Semoga bug nya dpt diperbaiki."
,"Aku gopay saya saldonya ke blokir sudah ngajuin banding di tolak trus, apakah selamanya saldo saya terblokir? Apk transaksi tapi kebanyakan transaksi malah di blokir Jalan kluarnya gmna min? Harus ke pusat kah?"
,"driver komunikatif, barang yg dibeli sesuai pesanan, bisa memilih barang dg harga promo, pengiriman cepat"
,Mohon perbaikan fitur sistem diselesaikan.sudah 3 hari tidak bisa tersambung ke akun prakerja.dan saya sudah lapor berulang kali di pusat bantuan.tapi ti Tetap tdk bisa di sambungkan
,"Maaf saya kasih Bintang satu karena fitur chat yang disediakan sering tidak sampai ke driver. kedua, kalau menelepon harus pakai pulsa gak bisa dari aplikasi padahal aplikasi sebelah fitur chat dan fitur teleponnya cukup dari aplikasi. Ketiga, drivernya susah banget balas chat dan telepon dan gak ada konfirmasi apapun dah gitu datang pake kendaraan yang berbeda. Kalau gak promo gak bakal pake ini aplikasi. Go food jelas2 habis menunya, eh gak bisa dibatalkan dan SAYA HARUS BAYAR MAKANAN KOSONG"
,"Aplikasi bgs, sangat memudahkan dalam memesan makanan, mengantar barang, ataupun berpergian. Tp tolong mapsnya di perbaiki karna tidak jarang driver kesulitan menemukan alamat tujuannya melalui maps yg tersedia."
,"Untuk gopay, tolong berikan menu bar untuk melihat limit top up bulanan. Supaya batas top up bulanannya jelas & transparan, & tolong untuk laporan pemasukan(top up) & pengeluaran disediakan menunya melalui aplikasi, tidak hanya melalui email . Saya sangat mencintai Gojek dengan Gopaynya, top banget, pengalaman pembayaran yang next level, cepet, udah coba topup & tarik berkali kali berhasil dengan cepat tanpa kendala. Overall sukak"
,"Jalur yg di pilih ke tmpat tujuan selalu jalanan yang buruk oleh server, padahal ada jalur yg lbh baik dan tdk sejauh itu... Satu lagi di andro tidak bs lihat detail driver nya sdh brpa lama bekerja. Belum lagi sekarang banyak driver yang menolak mengantarkan dan server bisa menaikan tarif berkali lipat dengan alasan sibuk padahal cuma selang beberapa detik. Sangat memaklumi kok kan aplikasi dalam negeri ya kan ya."
,"Sekarang performa gojek makin memburuk, untuk klik pesanan aja lamanya bukan main. Padahal jaringan nya sudah saya pastikan cepet dan sinyal bagus tapi saat mau buka aplikasi dan melakukan pemesanan susah banget . Minta di perbaiki lagi dong sistemnya biar cepet dan mudah kek dulu. Terimakasih"
,apps paling bagus ini.good protection.bnyk promo nya trutama food nya.mantap lah
,"Blm sebulan naik versi sdh 3x tapi msh kurang perfect jg. Parah, vermuk susah, orderan sepi"
,Gw UD mlam pkai apk ini masa gw UD ganti pin terus ku masukin pin yg baru ku ganti masih salah lu serius doang klau mw bikin apk gw mw bayar susah amat hpos aj apknya
,Punya playlater nga bisa di gunakan untuk pulsa..perbaiki dunks
,"sangat membantu disaat gada kendaraan, dan disaat lapar. Banyak promonya juga. Tapi ada sedikit masalah. Ketika mau kasih rating untuk resto gofood. Ga bisa salah geser dikit, ga bisa salah klik atau kembali stelah isi ulasan. ratingnya langsung ketutup dan ilang. Padahal kan belum di kirim ratingnya. Kan lumayan untuk masukan resto dsb. Sering banget kejadian begini. Semoga aplikasi memperbaiki hal ini. Terimakasih. Semoga tulisan saya bisa dipahami mksd dan tujuannya ya. 🙏"
,"Aneh, pas saya mau klik tujuan di opsi tulisannya cuma 5km tapi setelah saya klik pas mau pesan tulisannya jadi 6km, kalau seperti itu kan merugikan pengguna harap diperbaiki, pas sudah sampai tujuan pun hanya 5 km tidak sampai 6 km"
,Sering bgt ngelag ni aplikasi sekarang mau pesen gocar atau goride susah bgt
,"Saya salah titik lokasi dan bersedia membayar penuh, tetapi driver malah mencaci maki saya dengan kata2 tidak pantas. Gimana gojek menyelesaikan masalah driver dengan attitude seperti ini? Cukup menjengkelkan dan ngajak ribut drivernya. Tolong lebih diperhatikan, driver dengan temperamen buruk begitu bikin mental sakit. Terimakasih."
,"Jangan menggunakan paylater, denda nya gila, udah ga ada promo nya gojek, di tambah denda paylater gila2 an, paylater 100 ganti jadi 140.000 Lebih baik menggunakan aplikasi GRAB & MAXIM yg banyak Promo Dan Murmer"
,Kecewa Level juragan ga ada benefitnya. Rugi ngumpulin XP. Bonus harta karun makin ga mutu. Mending kasih voucher gocar/goride daripada gosend gobox ga jelas. Ga pernah dipakai.
,"Goride banyakin promo nya jek.. jangan di banyakin EROR nya, tiap hari eror Mulu Payyahhh lah. Sitem ny ga jelas 'PU nya kejauhan"
,"tarif naik ga kira2, asal nya 4000,jadi 9000,kira2 dong, oke untuk menengah ke atas bukan suatu masalah besar, tpi maaf untuk menengah ke bawah ini sangat berat, ada yg bilang nanti bakalan terbiasa, bukan bakal terbiasa, tapi satu per satu bakal un instal nih apk dan di tinggalkan.!"
,Paling males dan menjengkelkan sdh order goride dan sdh dapat driver tapi di cancel sampai 3x😡.
,Bintang 5 jika harga ongkirnya diturunin lagi. Hehe
,"Aplikasi bagus, mudah digunakan dan banyak promo. Trus tingkatkan kualitas dan layanan agar lebih sukses."
,Saya sih ga ada masalah sama aplokasi'y... tapi saran aja buat developer.. kasihan juga para driver kalo tiba tiba di cancel makanan yang ga cuma 1.000 atau 10.000 (terutama GOFOOD) tolong di update lah itu rating untuk customer / atau semacam itu deh jd cstmr yg sering order fiktif agak berkurang.
,"hallo ada masalah di akunmu :v tpi gatau masalahnya apa ga dikasih tau, mesti tlp ribettt mana pake pulsa gbsa diajak krjsma klo lg urgent"
,"awalnya seneng bgt pake aplikasi ini, tp makin kesini, point yg dikumpulin jd ilang. pdhl salah satu fitur yg disukai adalah dapet point dan bisa tukar beberapa pilihan dari pulsa sampai bisa gratis umroh hanya dg tukar point. sengaja blm pernah ditukar tp hilang gitu aja.."
,"Selalu mantap, driver sopan,tepat waktu."
,"Dapet paket dari ruko textile mangga dua ke rukan sunter permai harga 18 ribu,di ruko textile parkir 2 ribu, di rukan sunter permai parkir 3 ribu, bersih pendapatan 13 ribu, walaupun gojek gak ganti uang parkir tapi tetap bersyukur"
,"Aplikasi sudah ok, tp jangan bikin driver bingung dengan sistem yang berubah ubah"
,Parah setelah update transaksi g bisa saldo juga ga ada dan ga bs dicek..padahal masih ada saldo...fitur transfer gopay ke gopay juga gak bisa...responnya jg g jls pdhl udah lapor
,"Letak lokasi masih acak, yg awalnya lokasi biasa saya untuk pesan gojek tiba tiba jadi hilang dan malah yg muncul lokasi hsrus muter muter untuk sampai ke tempat, padahal ada jalan yg lebih dekat tapi kenapa gojek lebih milih jalan yg jauh, yg biasa saya cuma 1.9 km tiba tiba berubah jadi 8.5 km, otomatis biaya lebih mahal dari biasanya karena di peta lokasi muter jalan terlalu jauh, dan waktu untuk ke kantor pun jadi makan waktu lebih banyak, yg harusnya cepat ini malah jadi lambat"
,"Barang saya ketinggalan di gocar, padahal jarak waktunya udah 1 mingguan untungnya barang saya masih ada dan dikembalikan dalam keadaan aman, salut bgt sama Driver Gocar dan gojek,, kerennnn"
,Tolong di perbaiki masalah pembayaran menggunakan go pay. Jangan pesan an dan kenyataan berbeda. Dari pesan an murah jadi setelah di antar jadi mahal dan go pay bisa ilang sendiri. Sebelum kita acc kan aneh. Uang pelanggan kok di curi.
,"dear Gojek , Makin kesini makin berat banget aplikasinya untuk spek hp kentang dah gak efektif bgt kalau mau dipake pas lagi buru2 . karna kelamaan stuck di loading + buka menu dll . tolong diperbaiki dong biar lebih enteng aplikasinya . blm lagi sering rasa nya mau uninstal sayang bgt . semoga direspon ."
,Sangat terbantu dng aplikasi ini...Untuk kedepannya mohon untuk pertimbangkan biaya2 yg muncul ketika akan antar ke area2 tertentu...Misalkan ke area Bandara....Akan ada biaya Parkir....Bagaimana caranya spy biaya tsb bisa masuk ke dlm pmbyarannya (Tidak spt tips hanya muncul dipembayaran mlainkan pd pelaporan ke email customer tidak muncul)
,"sudah saya bayar...saya sangat kecewa sekali...sudah biasa saya bayar telat berapapun dendanya saya bayar,di ancam-ancam trus..sangat malas dan kecewa"
,Kecewa banget si saldo tiba tiba ke blokir pas pertimbangan mala di tolak oleh gojek jangan pakai gojek saldo bisa ke blokir lebih baik pakai dana aman dan terpecaya.
,Ini bukan pengalaman tapi sebagai masukan aja..kalo bisa untuk orderan yg dapat yg paling terdekat sama konsumen..akun saya gagu..padahal setiap orderan masuk saya selalu ambil..meskipun jarak titik jemput agak jauh..klo bisa dikatakan jauh titik jemput dari pada titik antarnya..
,"Ongkir mahal biaya pesanan mahal, percuma pake vocer juga ga ngepek."
,"waktu masuk aplikasinya loading trs, sudah coba uninstall kemudian download lagi, setelah masukin nomor untuk login, malah cuman loading. Padahal biasanya langsung lancar² aja, ini udah saya coba berkali² untuk login dan di hari yang berbeda tetep gak bisa, padahal sinyalnya bagus"
,"Saya memberikan saran untuk gambar pada go food loadnya terlalu lama, user lama dalam proses memilih pesanan, karena bingung menentukan pilihan disebabkan lama dalam melihat bar, harusnya resolusi gambar di kecilkan lagi, atau size gambar <1 mb agar reloadnya cepat"
,Saya pengguna gojek dari awal ada. Tpi sayang makin kesini makin ribet tampilannya Tampilan yg baru membigungkan bnyak menu tpi fungainya kurang bisa di pahami dulu kalau mau beli pulsa gampang sekarang tempatnya tersembunyi bikin pusing susah nyarinya. Mohon diperbaiki lebih dipersimple tampilannya Terimakasih
,"harusnya pihak ojek online meniadakan fitur penolakan order pada pihak driver, krn driver gojek dengan seenaknya menolak pickup sebelum dtg menjemput. Padahal lokasi pengiriman tidak jauh dan barang tidak besar. Kalau harga ongkir murah driver gojek seenaknya aja nolak pickup, giliran harga ongkir besar walau jauh tetap dipickup. Sangat mengecewakan. Seharusnya gojek lebih selektif memperkerjakan mitra, supaya customer tdk kecewa. Krn walau ongkir murah, customer kan tetap membayar ongkir tsb"
,"Sy ksh bintang 2 dulu, soalnya sekarang gofood ga asik, pakai promo gofood diskon 10rb, tp ad biaya layanan & lainnya 9rb, sm ajah bohong, ga jelas skrg aplikasinya jd malas order makanan pake gofood"
,"Sekarang cari resto terdekat yang muncul 3km,cari pasti ada promo tetap yang muncul resto jarak di atas 3km...sungguh sistem sekarang buat susah pengguna mencari resto terdekat...karna semua di atas 3km terpaksa hentikan order gofood pindah ke aplikasi tetangga..."
,Kalau bisa promonya gak hanya pakai gopay aja banyakin yang cod juga Ding
,Dapat drivernya cepat dan mapsnya juga tepat.
,"Di tempat saya sih ya, gak ada gojek sama gofood. Tapi saya suka aplikasih ini karna lancar bertransaksih, semogga ke depan lebih baik lagi.."
,Maaf sy udh move on ke maxim jek. Terllau banyak biaya gk jelas. Biaya aplikasi+harga makanan di Up+ ongkirnya mahal. Maxim jg udh rame kok. Jadi cepet klo mau ngorder
,"Saya kasih bintang satu,karena saat mau masuk saya udah ikutin persyaratannya yaitu memasukkan no/nomor telepon/wa terus udah saya masukin tu noa/nomor wa/telpon nyya saya tunggulah tuh kode OTP nyya lewat dr SMS tp udah 1 menit saya nunggu ga ada juga kode OTP nyya masuk ke SMS nyya"
,"ketika saya mau cek harga saja utk hari lain,tiap waktu harga nya berubah,kadang malam bisa segini,pas besok udh segitu,jadi bimbang mau nentuin budget perjalanan,tolong di tentuin dong harga tetap utk rutw yg sama,jgn di ubah karena perbedaan waktu, terima kasih"
,"Aplikasinya ngelag kalo abis lama ngga di buka. Hp samsung A20S ram 3. Tiap buka gojek, aplikasi stuck ngga bisa di apa2in, ngga ada tanda2 loading apa pun, di pencet2 ngga bisa, akhirnya ada tulisan ""aplikasi tidak merespon"", harus di paksa berhenti dulu terus buka lagi baru lanjay. Nanti pas mau make lagi pasti ngelag lagi."
,"Bagus semua nya kecuali pengambilan driver, pernah dapat yang jauh sekali lamaaa nunggu berakhir telat, pikirku apa gada yg lebih dekat drivernya"
,"Aku tau kok kalo mau kemana2 bisa pesan goride. Tapi ada kejadian aneh sama aplikasimu. Aku berencana pesan goride, dan titik pemberhentianku sudah sesuai. Tapi kenapa sih, titik pemberhentiannya itu ada 2 dan itu diluar dari orderanku alias otomatis dari aplikasimu??? [example : berhenti di Gang XX (sesuai tag stop) tapi rutenya diperpanjang lagi ke Obyek Wisata yg tidak ada tag stopnya (isi otomatis dari aplikasinya)] Aku udah mengadukan masalah ini ke Gojek Indonesia via Instagram."
,Pelayanan bagus dan cpat
,Kalo lagi buru buru kenapa error terus sih ni gojek ngeselin banget!
,"Penjemputan tetap waktu, driver ramah"
,Bagus dan cepat
,Keren sih tpi blm sempurna Karna yang sempurna hanya Allah ta'ala
,"Sangat membantu, tapi sayang ko ga bisa keluar kota? Tujuannya"
,mau premium susah nya nak mampos
,"Aplikasi terlalu sering minta di upgrade, sedangkan yang berubah tidak begitu banyak bahkan tidak terlalu penting. Tolong dipertimbangkan utk pengelola aplikasinya krn setiap mau upgrade selalu butuh ruang yg cukup sedangkan memory saya sdh full. Saat ini saya lebih memilih menggunakan Grab."
,"Sering dapet driver yang udah hampir nyampe ke restonya.. tiba2 ganti driver yg makin jauh.. ini aplikasinya knpaa?? Tolong diperbaiki lagi.. sistemnya emng udh bagus di bagian driver yg ga gerak di maps,, langsung diganti.. tapi kalo driver nya udh gerak dan mau nyampe resto, trs diganti sih mksdnya apaa??.. makan waktu pas jam istirahat kerja saya."
,"Sejauh ini tidak ada kendala berarti, Namun terkadang saya harus jeli sebelum bertransaksi krn transaksi seblmnya saya sdh menggunakan GO-PAY tiba2 transaksi berikutnya saya main klik2 saja tahu2nya tunai 😭 dan cara kewalahan untuk bayarnya krn posisi pesan buat org lain. Karena si driver bilang ga punya rek atau no. GO-PAY eh ternyata drivernya beda orang/wajah sama yg tertera diaplikasi. Sepertinya drivernya pakai akun GO-JEK orang lain dan itu sdh bbrp x saya alami. Tolong ditindaklanjuti"
,Sudah instal tp belum pernah dipake krna dt4 q belum ada jd bintang 4 dlu y👍
,"Udah bagus fitur2nya hanya saja Aktivasi Gopay untuk upgradenya terlalu di persulit, gimana kita bisa gunakan secara maksimal fiturnya kalau mau meningkatkan kualitas pemakaian saja gak bisa, alasan penolakannya sangat tidak wajar dan tidak sesuai dengan kenyataan yg sebenar benarnya, di bilang ngambil fotonya keterangan, udah jelas dan normal sangat terbaca pun masih di bilang ID card rusak, di ganti dengan ID yg lainpun juga sama saja hasilnya..... terus foto seperti apa yang anda butuhkan??"
,"Mohon maaf.. Saya sudah dua kali dikecewakan, pas sebelum pemesanan gofood voucher terpasang dan tiba² setelah pesanan dibuat malah voucher tidak bisa digunakan. Orderan pertama tetap saya bayar normal, tapi ini pesan kedua malah terjadi lagi. Saya sudah komplen ke CS dan Aplikasi tapi hasilnya mengecewakan."
,Pesanan sering di batalin dan pencarian lama
,Sangat mudah untuk transaksi
,"Bagus, tapi kurang di update setiap harga makanan yang naik, jadi tidak sesuai dengan harga aplikasi dengan harga toko makanan"
,"Intinya jadi nyesel langganan Gojek, tier udah anak sultan setiap hari pake, katanya pesenan bakal prioritas mana? Apanya yg prioritas. Intinya menyesal!"
,Pelayanan sudah baik cuma perlu ditingkatkan lagi.👍👍
,Ni aplikasi bangke emang. Saldo mau ditarik tulisan internet mati mulu. Padahal buat buka youtube aja bisa 1080p
,"Top up gopay lama masuknya atau lemot sering gangguan, tak bisa diandalkan buat transaksi"
,Kadang drivernya ga mau ngambil pesanan kalau lokasinya agak jauh
,Aplikasi sangat membantu utk yg ga bawa kendaraan utk mencapai tujuan
,"gocar, gojek, gofood sudah jadi andalan semua orang. tapi bagi saya, gotransit yang paling bermanfaat. pilihan rute banyak dan akurat, ada informasi waktu perjalanan dan tarifnya juga, kalo mau dibandingin sama aplikasi serupa, jauh lebih bagus gotransit bagi saya karena bisa bener-bener ngebantu utk nyari moda transportasi umum dan rute yg harus diambil. moga fitur ini bakal ada terus dan bisa ekspansi ke kota lain juga selain Jabodetabek."
,"Driver itu mmg hrs nya simpatik thd kastemer, suportingnya perform ke daraan hrs dijaga. Kali ini kami bnrx nyaman Good luck for driver, success for you"
,"Tidak fleksibel up grade, di ulang-ulang tidak bisa juga padahal KTP dan foto sudah benar. Tidak ada layanan offline untuk upgrade jika ada kendala di online. Tidak ada email bantuan. Jadi pelan-pelan mulai bye.bye sama gojek, pindah ke Grab yang memudahkan konsumennya. Up grade cukup ke counter selesai, smua fasilitas bisa deh....."
,Saya kasih bintang 3 karena kalau lagi server bagus lancar semuanya. Kalau pas lagi error pesen gofood di aplikasinya nolak muluk gak ada driver yang mau nerima.. pas ada yang mau nerima akhirnya pesen.. tiba-tiba didepan rumah ada yang ngetok pintu ternyata ada 3 driver go jek yang sama nganter makanan.. yang awalnya cuma habis dikit jadi tombok 3x lipat.. mohon di perbaiki lagi sistemnya supaya tidak terjadi hal seperti ini lagi.
,Ngebantu banget untuk vocher2 nya apa lagi tuk anak pelajar
,"Tolong perbaikan untuk masalah di type perangkat/device RMX1811 (Realme C1 versi android 9). Semenjak update terakhir sering terjadi *force close/bug crash, tiba-tiba layar terhenti pada saat pengoperasian menu di aplikasi. Terima Kasih!"
,"Makin ga jelas...diskon masih mending ga bisa dobel. Ini diskon udah memenuhi syarat malah ga bisa d pilih, harganya ganti dll"
,"Memudahkan segala pembayaran, sering dpet promo 😭😭"
,Kenapa Gopaylater cicil gak aktif ya.. padahal yang lain masih pada aktif..aktifin lagi dong
,"Dulu pelayanan sama sistemnya bagus, serba aman dah.. tapi sekarang udah 2x update terakhir sistemnya error terus. Mulai dari GPS yang eror padahal jaringan aman lancar, sistem order perjalanan sama order makan juga susah terhubung ke driver. Berharap terus ada perbaikan 🙏 fitur boleh nambah tapi jangan lupakan kualitas pelayanan sebelumnya. Terima kasih."
,Makin lama makin mahal harga-harganya. Nggak masuk akal 👎
,Aplikasi GK bisa di Update go plus...... Telek telek
,"Sudah lumayan bagus update fitur aplikasinya.. Tinggal diperbaiki update Mapnya sesuai keadaan terbaru, karena terkadang masih ada jalan yg belum ada di Map.. Lalu sistem terkadang membuat tujuan yg seharusnya dapat ditempuh lewat jalan yg dekat, tp diputar kan ke jalan yg lebih jauh, alhasil biaya pun tambah tanpa kita bisa ganti alternatif jalannya.."
,kapan sih tarik tunai bisa digunain lagi
,"saya top up tp saldo ttp 0,debet berkurang gimana ni min"
,Aku udah sering tf dari gopay ke bank jago sebagai partner tetap gojek. Biasanya ga sampe 5 menit langsung masuk. Eh kali ini Nyangkut dong. Nominalnya lumayan loh untuk aku. Terus aku coba transaksi dari gopay ke jago bolak-balik dengan nominal kecil pada langsung masuk semua. Udah kirim laporan eh rulesnya nunggu sampe 3 hari. Ya mana tau lah kalo transfer harus sampe 3 hari. Biasanya langsung masuk Keburu uang mau kepake buat keperluan susu pempes anak. Parah sih kali ini kecewa berat.
,"Pemakaian paylater awal bulan januari,udah ditagih jatuh tempo. Bloon! Itu seharusnya awal bulan februari penagihannya!!!"
,"Potongannya kecil kecilan pdhl jaraknya Deket tpi ongkirnya mahal bnr🤡, setara harga mkanannya, semakin lama pake mulai sedikit promonya deh"
,"Jgn terlalu sering update, seandainya mau update buat opsi batalin dan masih bisa mesan, bagaimana kalo pake tidak cukup buat instal kalo dijalan, dan tiba-tiba butuh mesan . Tolong di pertimbangkan lagi, berulang-ulang kali saya merasakan bila update begini tak ada opsi buat batalin dan bisa masih bisa mesan."
,"Makin gk genahhh kasih tarif ongkos pesan makanan,pd hal jaraknya dekat naiknya 3x lipat smpai 16rbu hrus byr ongkir doang,udh kyk ongkos dri rmh ke supermarket dkt rmh. Gk masuk akal buat hrga ongkir. Blom lg knk hrga makanannya, blm lagi kenak bayar biaya aplikasi 4rbu. Hellloooo gojekkk kyk bgtukah..kalian mau kasih promo tpi tetap aja biaya tambahn ada jg kalian buat!!!"
,"Sebelumnya kalau update aplikasi selalu bisa terpasang langsung, tp ini sekalinya di update ke versi baru malah tidak bisa.. Dan anehnya yg OS nya 4.0 aja bisa instal gojek, sedangkan punya saya yg OS nya 5.0 malah tidak bisa di update / di instal ulang. Padahal saya sangat butuh sekali aplikasi ini, tapi kenapa semakin di perbaharui malah tidak bisa, saya sangat kecewa sekali.Sudah coba kirim email ke customer servisnya malah alamat email nya tidak diketahui.Tolong dong pihak gojek tanggapannya"
,Kesal sekali gojek ini selalu hilang timbul fitur tambah tujuannya Kadang ada kadang enggak Dan lebih parahnya ga ada button/tombol buat tambah tujuan sendiri tanpa harus nunggu dari app muncul nya fitur itu. Selalu begini sgt menyusahkan buat yg beberapa tujuan
,"Gojek gak jelas, masak pagi² jam 5 di bilang pesanan lagi ramai, padahal logika nya mana ada pesanan ramai jam segitu, voucher gk pernah ada, anj bgt"
,"2 bulan terakhir selalu ada kendala ketika memberikan rating kepada driver, saat memilih bintang selalu mncul pop up server sibuk/ jaringan terputus, secara koneksi dan kapasitas RAM hp tidak ada masalah, tpi selalu seperti itu"
,"maps nya selalu muter muter kejauhan nyari jalan, padahal ada jalam yg lenih dekat bisa di lalui, akibat tarif terlampau mahal. Aplikasinya jg Agak Ribet sih daripada aplikasi sebelah. Memindai lokasi suka lama dan salah mulu dan gambar"" mapsnya kurang jelas, akibatnya lokasi jadi ga pas terus. Tarif juga jauh lebih mahal sekarang. hehe"
,"Makin lama makin mahal, beli langsung di toko 20 ribu, kalau pakai gofood total bisa 50 ribu (jarak 1.4 km), aplikasi goblog tolol, udah mahal masih rugi aja nih aplikasi"
,Makin hari makin mahal Pesan udah nunggu lama ujung2nya tidak dpt dreverrr Muter2 gak jelas ini lama2 aplikasii Laper bukanya endingnya kenyang malah di bikin emosiii Goodbayy gojekk
,"Tolong dong, aplikasinya itu dibuat yg simple dg fitur rute tercepat. Rute yg ada diaplikasi selalu rute yg muternya jauh. Bayarnya jadi mahal. Pdhl ada rute tercepat yg mempersingkat waktu, biaya dan jalannya g usah muter2."
,"Desain aplikasi yg skrng terlalu ribet, menurut saya buat desain yang sederhana saja gak usah banyak gaya. Costumer itu pingin nya order mudah dan cepat dan driver nya juga cepat datang (cuma itu) Kalian itu mau pamer desain apa mau cari uang, pikirkan baik baik"
,"Lambat si, banyak alasan. Mending uninstall"
,"Awalnya pake gojek karena tarifnya lebih murah dibandingkan apk sebelah. Terus sekarang malah sma mahalnya dengan apk sebelah, mana voucher goridenya jarang ada, terus driver Gocar yg lama bgt tiba di lokasi penjemputan. Fyi untuk saat ini sya berdomisili di kota Mataram 🙏"
,Untuk user gopaylater yang tinggal di jateng sih kebanyakan gajian tanggal 5 ya. Kalo mau ikut pihak gojek ya gimana ya yang gajian tanggal segitu. Kena denda mulu. Atau apk ini hanya untuk yang gajian tanggal 1 kurang?
,Gak pernah dapat driver. Semua drivernya hanya nyari penumpang secara offline seputaran canggu seminyak petitenget semua pada ofline menggunakan seragam hijau gojek.
,"Makin gajelas pake diskon harga tetep sama, mode hemat ongkir atau ongkir biasa. Akumulasinya rusak"
,"Kecewa bgt, apalagi sama gopay. Awalnya promo pembayaran itu bisa dipakai, giliran udah top up dan menunggu transaksi tiba tiba di batalkan tanpa alasan yang jelas. Tarik tunai ke rekening bank aja biaya adminnya malah juga. Mending pakai dana"
,Aplikasinya sangat bagus bisa pesen go food dan driver dengan cepat sekali..
,"Sudah cukup baik. Masukan saya, pencarian driver sebaiknya berdasarkan jarak tempuh bukan jarak lokasi dengan costumer. Saya seringkali dpt driver yg jaraknya dekat tp terpisahkan oleh sungai sehingga driver harus memutar jauh sekali untuk tiba ke lokasi. Selain kasihan drivernya, waktu tunggu juga jauh lebih lama."
,"Terkadang mudah digunakan,sangat membantu,tapi terkadang susah saat sudah dapat orderan,drivernya nya tak mau antar go send,mgkin alasan harga saat itu sedikit murah,jadi alasan mereka banyak,bukan hanya ,2 org sj bahkan lebih,lalu tidak ada lagi yang jual untuk deposit/go pay"
,"Maps nya suka error sih, tapi ini membantu banget klo sy lagi pngn nyemil/lapar, ailopeeyu GO-JEK"
,"hampir semua ewallet saya punya dan itu premium semua proses upgradenya pun mudah dan tidak ribet, untuk yg ini minta ampun, sudah saya uninstal, tidak punya GOJEK kok dipikir malah ribet, untuk kedepannya perbaiki layanan proses upgrade mu, data buram bukan berarti data palsu, karena data itu terlalu lama tersimpan dan kita bawa kemanapun kita pergi, semoga GOJEK bisa bermanfaat untuk yg lain, saya rasa pegang 5 EWALLET PREMIUM DAN 3 ATM sudah cukup, TERIMA KASIH"
,Jek aplikasi nya semakin berat..ini fatal..gak semua konsumen punya hp spek tinggi.. Login terlalu ribet.. Dapet sms link buat masuk..tp link di sms nya gak bisa di klik..gak bisa otomatis ngeditek..piye mbunder gini aplikasi..itu IT dari microsof gimana kerja nya..malah makin ruwet..
,"SELAMAT SIANG . Ini knp si gojek , akun sy abis sy ganti kartu ke nomor baru . Dan ada teransferan masuk ternyata ke nomor saya yg lama , ketika saya mau login malah gak dpt dpt kode otp!!! Jelas jelas uangnya mau dipake . Mau ganti kartu lg hrs nunggu 30jam . Kecewa bgt si ama gojek"
,"Hmm kendala pada diskon ya semakin kecil,bisa bikin diskon besar besar"" an gak🤭😂"
,Hmm skrng mahh susah bangt buat ambil gojek mobil. Selalu di cancel..
,"Setiap saya buka aplikasi suruh update, tp ga pernah berhasil di update, jaringan ga ada masalah. Kadang bisa buka, tp begitu tutup aplikasi nti buka lg suruh update lg gmn sich, tolong dong di perbaiki jelek banget."
,Payah nih apk gojek skg mau login aja susahnya minta ampun..ditolak terus.. Padahal gw pengguna lama..
,"Bug banyak bgt, kadang driver udh cancel duit baliknya lama bgt sampe jalan kaki jadinya"
,Aplikasinya eror ya kok saya gk bisa masuk... Loading teruss gimana ini
,Gak selesai 2 lagi download lacar tapi gak bisa lagi
,"bilangin supir mu itu loh dek, kalo gak mau narik ya dimatiin fitur nya jangan malah bikin orang nunggu mau 1 jam gak jelas,"
,"Terimakasih banyak atas kerjasamanya... Paling seneng sama driver yg ramah, baik dan sopan Juga yg sllu menerima orderan sejauh apapun itu...untuk driver yang syka pilih pilih, rubah lagi sifatnya... karena rejeki jangan di tolak, klienpun tidak segan memberi tip bisa driver membuatnya nyaman, aman, dan cepat sampai tujuan.terimakasih deiver... terimakasih gocar...kalian telah membantu kami menyelesaikan masalah transportasi."
,"Terlalu banyak fitur. Overloaded app. Terlihat simple dengan 1 app dapat melakukan banyak hal. Tapi kalau dirasakan, bukankah terlalu banyak fitur membuat aplikasi itu sendiri kehilangan sentuhan dari aplikasi awal. Overcrowded app"
,"Mudah dan lancar pemakaian nya , yuks promo nya di tambahin lagi yaa untuk perjalanan ke luar jakarta . Terima kasih Gojek..."
,Setelah aplikasi diupdate pilihan supermarket/minimarket di gomart malah hilang tolong dong min pilihannya diadakan lagi seperti dulu
,"Saya pesan goride,sedang dlm proses mengantar,lalu saya buka aplikasi nggak bisa di buka,keterangan nya aplikasi sudah di nonaktifkan dan harus di perbarui,menurut saya itu mengganggu ya,harus di perbarui sementara status pesanan driver sedang mengantar pesanan.. misal pesan untuk orang lain kita ngga bisa pantau dan ngga tenang.. kecuali sudah selesai pesanan oke lah update ..saya benar2 merasa terganggu untuk ini mohon perbaiki sistem nya."
,"Terima Kasih, saldo saya sudah kembali setelah menunggu 1bulan dari awal transaksi."
,"Saya tidak bisa mendaftar, dan katanya cek WiFi atau koneksi internet, padahal saya pakai WiFi, tapi ga bisa dan loading nya sangat lama?Itu mengapa!! Saya hanya membuang² waktu hanya karena loading!! Saya tidak suka ya! Padahal saya pakai WiFi, dan baik² saja tapi di apk goojek katanya koneksi Internet/WiFi buruk?? Kenapa seperti itu sih!! Saya harap kedepanya lebih baik!! Buat apk yg benar² sedikit dong!! Terimakasih!!!"
,"Lokasi titik selalu tidak pas, itu sangat menggangu baik mitra/customer, mohon di perbaiki lg, dan kalo bisa dibuatkan fitur untuk mengubah lokasi/titik saat setelah terlanjur memesan. Terimakasih."
,"Aplikasinya sekarang lebih ribet. Tampilannya membingungkan, ga simple. Bayar paylater juga susah banget ya, error terus. Harus berkali2 baru bisa. Menghabiskan waktu. Lainnya cukup membantu asal sabar. Tolong diperbaiki ya"
,"Biaya trnsportasi lumayan murah dibanding yg lain,, driver nya juga cpt sm ramah.."
,"Mana ordreran sudah on hampir lebih 8 jam .jam on bid konsisten tapi mana lebih sari 5bjam on belum si kasih order masuk .parah ,"
,Pertahankan kualitas pelayanan mantap
,"Segala fitur yg dikasih saat ini sudah cukup baik, cuma masih ada yg kurang kalau menurut saya, yaitu mengenai sistem pengiriman kode otp, yg masih menggunakan metode lewat sms, yg dimana ini sangat menyulitkan kepada saya, yg nomor nya sudah tidak aktif/tidak bisa menerima sms lagi, Saya berharap GOJEK segera menambah opsi kode otp lewat WhatsApp, dengan begitu kode otp tetap bisa masuk walaupun nomor nya sudah tidak aktif lagi. Terimakasih."
,"Seandainya gak ada bug sama aplikasinya, bakalan ngasih bintang 5. Aplikasi suka keluar sendiri, kadang juga suka membuka sendiri. Padahal saya sama sekali tidak membuka aplikasi gojek. Kadang-kadang, saat memesan gofood, aplikasi menjadi freeze dan pesanan saya pun ditolak. Yang lebih sering, driver sama sekali tidak jalan di dalam peta padahal driver sudah jalan sedari tadi. Untuk developer, tolong diperbaiki semua masalahnya"
,"saya suka dengan aplikasi ini , cuma terkadang yg bikin risih ada driver* yg menyimpan nomer kita / bahkan ada yg sampai lanjut ke wa juga.. jd menurut saya perlu di perbaiki lagi sikap* driver yg seperti ini agar pelayanan juga lebih bagus dan maksimal tanpa membuat kita merasa kurang nyaman/risih 🙏"
,Semakin lama semakin ngk jelas pembagian order nyq
,"Tolong untuk update selanjutnya diberi fitur chat dengan Toko yang berjualan lewat GO-FOOD agar bisa konfirmasi menu yg ada atau tidak. Karena saat saya memesan makanan yang ada di tampilan menu ada, tetapi ternyata tidak ada sehingga tidak bisa dicancel dan harus mengganti menu sebesar harga yg dipesan tadi."
,Senang pakai gojek tapi sayangnya drivernya kadang kurang rapi terutama helpmnya tks 🙏
,"Desain UI yg baru jelek, di bagian go food, customer cuma bisa buka satu pesanan, kalo bikin pesanan baru, pesanan yg pertama gak bisa di klik lagi, pecat aja yg bikin UI nya, sok sok an bikin bagus tapi fungsinya buluk, bagusan yg lama. Terus apa apaan coba , masa fitur utama kaya go food, gocar dll ditaro di floating bar, ganggu bener sumpah, taro aja di paling atas, udah bener dah itu"
,"Untk sementara ya, aku setuju ksih bintang 3 tp knp untk masa berlaku promo tdk ada pemberitahuan malah masa berlaku msih ada tp sllu d klaim promo tdk berlaku, Aneh deh Gojek ..."
,"Saya pernah to up tapi ngak masuk saldo,pengiriman laporan sukses,cek saldo 0 bos,jadi kapok mau to up lagi."
,"Kalo buat pesan makanan, worth it bgt. Promonya banyak. Dan sering banyak mission dengan bermacam hadiah. Jadi setiap order pasti ada rewardnya walaupun cuma berupa exp, tapi kalo mencapai target exp kita dapat reward"
,"Buat scan kok aplikasi keluar sendiri, makin hari makin ada ada aja nih gojek"
,"Tolong dong maps nya kasih jalan kejauahan, kasian kan drivernya muter muter. Malah nyalahin customer dibilang ga sesuai. Payah!"
,"lemot bgt aplikasinyaa, hapus ajaa mending nie apk ga jelas"
,"aplikasi ga jelas,makin lama makin jelek nunggu transferan dri gopay ke jago udh 4 hari blum msuk jg"
,"Dear gojek ini kenapa ya kok pas saya masukin Email ke daftar nya kok malah ada tulisan""Email anda sudah terdaftar""pas nyoba mau klik simpan malah gak bisa mohon dibantu dari pihak gojek nya"
,Karena gosen semua aman cepat dan nyaman terkendali
,Ini Go paylater nya gmana sih??? Masa gue udh bayar tagihan d tgl 1 tapi tgl 2 nya udh minta bayar lgi???
,Kok saya gabisa log in trus ya min ? Sudah di upgrade tp ttep gabisa masuk min ? Itu kenapa ya min ?
,Cepat dan tepat sesuai pesanan
,Sangat membantu dlm bertransportasi. dan ada promo juga 😉👍
,"Parah sih, makin kesini makin banyak masalah, driver gaptek + ngotot pulak.👎👎👎"
,"Coba di poin gofoodnya sedikit dipermudah seperti bagai mana caranya ketika pelanggan klik resto food yang ternyata banyak cabangnya seperti misal saya mau order mcdonald, bagaimana caranya supaya resto yang pertama mucul di app di urut berdasarkan jarak antara resto dengan pelanggan bukan berdasarkan rating restonya sehingga lebih memudahkan semuanya selain lebih cepat dari segi pengantaran juga."
,hadeh di update malah jdi naik hrga nya ga kaya biasa
,makin lama makin ngawuuuurrr..... ambil orderan gofood bisa 2 orderan sekalian.. 👎👎👎
,Aplikasi andalan banget di segala cuaca dan suasana
,"Aplikasi nya sangat bermanfaat bagi kehidupan dunia,."
,Aplikasi GOJEG nya gangguan terus knpa yah
,Makin kesini makin jelek Upgrade GoPay Plus sering di tolak terus dan sulit untuk menyelesaikan masalah.
,"Aplikasi ini sangat bagus di era yg serba canggih dan modern ini, memper mudah apa yg kita mau... Dalam pesan antar atau apapun itu. Saya ngasih bintang 5 karna saya pemula dan belum tau ke depanya gimana dengan aplikasi ini nanti saya bisa turunin lagi bintangnya klo pelayananya kurang baik dan bagus. :👍👍👍"
,Sampai stress cari menu tarik tunai
,"Di app nya ada fitur pemulihan akun, tapi dicoba beberapa kali susah gabisa, sedang terjadi masalah terus. Di ulang ulang malah limit, suruh tunggu 30menit, pas udah 30 menit dicoba lagi terjadi masalah lgi.. Aneh bnget, mnding di hapus itu fitur klo ga ke urus bro."
,"Permintaan upgrade gopay lama banget. Ongkir gofood juga gaada tulisannya langsung, bikin bingung. Selain itu ongkirnya juga mahal, minimal 9k kalau pakai tunai. Mana promonya juga dikit banget. Mending pake app sebelah, banyak promo, ongkos murah, dan nggak ribet."
,"bberapa kali harga di aplikasi gak cocok sama di resto, tolong di perbaiki, terimakasih"
,"Bagus! Tapi aku sarankan Di perbaiki Bug nya ya kaka apk nya udah bagus cuma bug nya,"
,"Ada alamat2 yg sebenarnya ada di map (peta) tapi saat diketik ga bisa muncul, klik langsung di map juga ga bisa seperti jl sampit III , kramat pela.. kluarnya sampit residence terus... seperti jl lontar barat, tanjung duren.. kluarnya jl lontar raya terus.. agak repot jadinya... padahal dulu jl sampit III, kramat pela ada pilihannya trus bisa diklik juga termasuk bisa diklik di map... sekarang ga bisa... jadi lebih repot... kalau mau pesan jadi harus pilih sampit residence dulu lalu harus kasih keterangan tambahan ke drivernya.. trus kalau dicancel drivernya... harus begitu lagi..."
,berguna banget klo lagi mau keluar tp ga ada kendaran cocok bgt si
,"Tiket bantuan ga guna, sampai sekarang no respon. Ini kalau ada kendala, harus kemana sih?"
,"Aplikasi lemot, suka error"
,"Kenapa sekarang susah ngasih vocher untuk pelanggan jadi dampaknya ke driver yang susah sekali dapat orderan,tolong lah sejahterakan driver"
,cacat gasuka selalu ga mau ambil kalo mobil
,Keterbatasan jarak di setiap layanan memang sy gak mampu bayar
,ga sesuai koordinat titik rumahku nyebelin padahal dah q atur sesuai denah
,Selalu update ga jelas changelognya
,Dobel order bikin lama pesanan datang kasihan drivernya juga cuman dapat tambahan 2rb
,Sangat mengecewakan sekali saya mau bayar ke rek BRI dari kemarin sampe hari ini blum masuk masuk pekerjaan sangat tidak frofesional padah no rek saya masih aktif tidak ada kendala
,"Tolong perbaiki dong, masa pin gopay saya salah terus pdhl udh bnr, udh ganti beberapa kali masih tetep salah"
,Apaansi buka gofood aja gak keluar keluar menunya.
,"Saya kasih bintang 3 dulu karna , tarik tunai tidak bisa lagi di gunakan ."
,Tidak bisa mengirim link login!!
,"Mantap, Cepat dan tepat"
,Sangat memuaskan layanan y
,"Tolong dong Gojek, Drivernya di ajarin baca Maps, dan di kasih faham No telpon yang di samarkan antara pelangan dab Driver masa iya harus kasih tau hal hal semacam ini 😭😭😭😭😭"
,Sangat mudah dan membantu sekali.... terimakasih
,Sangat bermanfaat. Cepat dan tepat. Ok
,Loding² padahal udah sampe di download ulang masih aja gitu
,Aplikasi keluar trus bikin pusing pesenan jd ada 2 driver
,Mantab sekali sangat membantu mobilitas
,Kenapa tidak bisa scan QR saat di pakai untu pembayaran gopay ??
,Susah upgrade gopay plus..Pasang foto profil saja gagal terus..app payah
,Error' mlu aplikasi heran banyak yg pindah ke sebelah dah
,"3 dulu aja bintang nya,,maps suka error"
,pelayanan bagus..sering ad promo disc
,"aplikasi gak jelas, akun gw yang tadi udh premium diturunin, nyari cs juga susah"
,"Driver selalu mencari yg jauh, kenapa tidak mengambil driver yg terdekat ?"
,Tolong buat lagi menu tarik tunai nya!!!!!
,"Awalnya senang pk gojek lama2 kesel..... Iy sich d kasih promo2 cashback, tpitu cashbacknya ga bisa dpake buat apapun....ribett mending ga usah coin2 klu blm siap"
,Tolong kenapa setelah update gak bisa transfer dan tarik uang di BCA?
,Kenapa ongkir nya berubah-ubah dalam hitungan menit? Awalnya ongkir 19.000 beberapa menit kemudian jadi 13.000.
,suka eror...masih milih tujuan tiba2 sdh pesan...dan susah cancelnya
,"Promo gofood sudah nggak bisa dipakai dobel kayak dulu. Jadi males beli gofood sekarang. Saya bukan protes. Cuman menyampaikan pandangan saya sebagai konsumen gofood. Tambahan: saya turunin bintang lagi karena apa? Karena biaya layanan di gofood sekarang udah nggak ngotak bosss,, mana ada beli americano 17 ribu, biaya layanannya 11,5ribu itu belum ongkir kan jadi males beli di gofood. Bye gofood saya ke Shopee food aja sekarang. Mereka lebih rasional kalau ngasih biaya layanan,, Tengkyu!!!"
,"Aplikasi mudah bukak nya,, ber manfaat,, bagus"
,Layanan semakin edan klu buat persen goffod skrng gojeg..masa biaya layanan skrng semakin mahal bisa hampir 9 ribu..blm ongkir muhala pisan Udah ga bisa di andalkan gojeg skrng🙃🙃
,"Drivernya servicenya mengutamakan Kenyamanan pelanggan, hanya management Gojeknya yang memasang tarif terlalu mahal dan yang diterima drivernya perbedaannya lumayan jauh."
,"Saya punya pertanyaan,bukankah sebelumnya ada GoGames buat top up dlm layanannya bukan?kok sdh TDK ada"
,"payment gopay sering limit atau gabisa dipakai transaksi antar temen suruh laporan trus tapi udah laporan tetep gada perubahannya,pdhl gopay udah gopay plus udah verifikasi udah makai lamaa, trus gapernah buat transaksi tf antar temen ± 1bulan mau tf lagi udh gabisa suruh laporan"
,"Sangat membantu dan sangat memudahkan saya, untuk mendukung aktifitas saya, terima kasih"
,Ribet banget kalo mo bayar/tf ke orang atau sesuatu harus upgrade ke gopay plus jd males
,Sekarang driver gojek.kalau mau cancel..gak cepat cancelnya. Buang waktu!!!
,Ada profil layanan di aplikasi gopartner malah bikin driver sengsara sudah onbid dari gelap sampe gelap cuma dikasih 3 orderan.orderannya cuma buat level gold dan platinum.#semakin sengsara
,Praktis dan cepat
,"Good job, kedepan semoga driver penjemputan nya tdk kejauhan Krn klo jam kerja bisa telat"
,Sangat mudah untuk di pakai aplikasi nya
,"Dear Gojek, saya mohon untuk ditambahkan fitur ""blokir"" baik bagi konsumen ataupun bagi driver, karena kadang ada konsumen/driver yang suka playing victim dan merasa paling dirugikan jika ada kejadian. Baiknya diblokir agar si konsumen dan si driver gak ketemu lagi serta bisa jadi acuan kalo yang paling banyak diblokir ternyata yang banyak kasus. Disertakan juga alasan/kronologi pemblokiran tersebut. Semoga dapat menjadi perhatian. Terima kasih."
,"Makin mecekik ongkirnya, tidak ada diskon atau promo seperti dulu padahal sdh jadi Go Club Sultan, dpt voucher pun hanya dari harta karun, mna potongan 10rb tapi minimal pemesanan 100rb sm aj boong, mari kita uninstall berjamaah pindah ke sebelah by Gojek auto delete😒"
,"Ok,kesan pertama sangat baik.. Selanjutnya pertahankan dalam pelayanan terbaik..😇"
,Pesanan cepat.driver ramah dan jujur
,Gimana ini disuruh updet udah tadisiang masa stelah itu ngk bisa digunakan katanya Lagi memproses ferifikasi terus dari tadisiang gimana ini
,"Belum di coba, nnt setelah di coba dan bagus tambah 1 bintang 👍💯Ter-Baik"
,"Gatau kenapa, saya gabisa pesen gojek udah lama, mau gojek atau gocar, suka bingung,,, semoga bisa dibantu, mohon bantuannya makasihh"
,Kecewa karena krn akun selalu di ombang ambing keadaannya...jgn tebang pilih dong jek....
,Aplikasi penjaja d indonesia. Kasihan kerja kaya romusa jaman dlu. Kerja keras upah murah
,Lama banget nyari driver nya. Agak males kalo lagi buru-buru.
,Waduh kasian buat driver ini ngebug mungkin sistem... Sya order udh 1 jam gx dpt .. sibuk aja
,Menyenangkan rasanya seperti naik pesawat terbang
,Lebih cepat pelayanan nya
,"Saya tf gopay pending berhari"" padahal saldo mau dipakek penting eh malah pending gak ada kejelesan sampai sekarang"
,"Buset dah ini gojek np error mulu dah, gw mau pesen makan buat buka juga"
,Bagus sih tp kl bs biaya penanganan ditiadakan sprt dl alias gk ada😉
,"Gk ada fitur tarik tunai, padahal sebelumnya ada."
,Saya kecewa sama gojek pesan gojek lama bgt hampir setengah jam menunggu dan keselnya lagi saldo gopay udah main potong aja dan kecewa lagi ga bisa dibatalin.tolong donk buat team gojek perbaiki sistemnya.menghabiskan waktu saya aja menunggu terlalu lama
,Mantap..meringkas waktu dan pekerjaan
,"Alamat favorit nya gak bener, bukanya mempermudah malah mempersulit"
,Saya kasih bintang 3 karna gopay tidak bisa narik tunai biasanya bisa
,"gak ada customer service padahal aplikasi lu banyak kendala, dongo"
,"fitur gosend kirim makanan pake perlindungan ekstra atau tidak cara driver bawah makanannya sama aja, nyampe ke pelanggan rusak semua, tolong diperbaiki"
,"Sangat mbantu buat saya yg kerja nya sopir truk , ngga pusing nyari mkan"
,"Susah dapat driver kle goshoop klw goseng sangat mudah,jd gak membantu untuk online shop"
,"Ga bisa masuk, ga bisa di update,"
,Naik versi makin berat orderan nya on dari pagi di kasih 1 orderan
,"Ampun deh gojek sekarang, reward nya juragan dr casbck 50rb jadi 30rb n skrg jd gak dapet sm sekali 🥱, skrg gk perlu deh prthanin reward juragan gk dapet apa"" 🥱"
,Pay latter ga jelas tiba tiba suka jatuh tempo blm ada 1 minggu parah
